Traceback (most recent call last):
  File "/home/user22303471/.conda/envs/active-h-emv/lib/python3.10/runpy.py", line 196, in _run_module_as_main
    return _run_code(code, main_globals, None,
  File "/home/user22303471/.conda/envs/active-h-emv/lib/python3.10/runpy.py", line 86, in _run_code
    exec(code, run_globals)
  File "/home/user22303471/Project/Active-H-EMV/llm_emv/eval/__main__.py", line 467, in <module>
    main()
  File "/home/user22303471/Project/Active-H-EMV/llm_emv/eval/__main__.py", line 311, in main
    raise FileExistsError(
FileExistsError: experiments/results/teach/forgetting/h50_forget_graph_n20_probe.json already exists. Use --resume to continue/retry, or choose a new output path.
ERROR conda.cli.main_run:execute(127): `conda run python -m llm_emv.eval --cfg teach/simplified/full_graph_aug_zs_fast_forget --dataset teach-dechant --teach-base dataset/TEACh --qa-file data/teach/test_set_50.pkl --output experiments/results/teach/forgetting/h50_forget_graph_n20_probe.json --n-samples 20 --require-history-cache --max-prompt-tokens-per-sample 12000 --max-average-prompt-tokens-per-sample 5000 --max-seconds-per-sample 240` failed. (See above for error)

History cache audit
Selected histories: 2
Cached histories: 2
Missing histories: 0
00 cached qa_start=0 qa_count=10 episodes=50 dataset/TEACh/preprocessed_histories/valid_unseen-multi/50ep-8ff5291f2e02216cc14877f3841c5033.pkl
01 cached qa_start=10 qa_count=10 episodes=50 dataset/TEACh/preprocessed_histories/valid_unseen-multi/50ep-c179436351ca12d6ac19176f5d3e1acb.pkl
[Checkpoint] loaded 2 result(s) from experiments/results/teach/forgetting/h50_forget_graph_n20_probe.jsonl / experiments/results/teach/forgetting/h50_forget_graph_n20_probe.json
[Checkpoint] retrying 0 previous error/empty result(s)
[Checkpoint] skip completed sample 6c24abb778c24a7c_704a-977b52faf01e6c05_d71f-01c1b8aa1820aa0b_adaf-32918ea00b69d9fe_38ff-cdf30defa61245ba_5590-2513b9a8d8ae5129_ab38-7337be5c30b1b5d1_874c-57862376ad3394a1_c9dc-32fe2fa7cc43fbc3_b8f3-0de4b62afcd06138_45f2-a966ba0c6e0d463d_ce88-25ef88cce38adfbc_1740-7504548a0dd7baf8_b148-064a69cb5d40b41f_9c2e-a690a35743c855aa_4c00-4b813e7c9bc088d0_1ce1-e4909f617bc99db4_4ab8-03379f213dfbda39_79a2-c49a96282ec09e90_5bfa-a2d31b84a569e568_fb03-88ddc0cbf1a23687_43ea-b36a8d73976068a3_6afd-c02445dd7a5b6f26_d92a-a76099fbab67c9da_4d48-c6c5c151b7b8e770_38db-60d26ec0f9c4757e_425d-9539c0004762d6a8_2eee-b2fde7ee4eb1c40f_1f95-c2ffd6a81bfe2613_f91c-81b10da74f7ac9ff_15c8-6ccc8b815fbc093a_e921-5aa3cbd322d4f163_402a-52e190f2e5f3b790_edbb-71392179ff5e728f_d7fe-4e893adaff5699af_ab4f-6f4aca312776de7b_97f3-4e88e46c6584bd85_21d2-eef61c8f3cdd8280_c537-bfb3e4eaf7ba458f_81db-af3fc77ab8313235_5b72-dbb41344c474217f_ee0e-498d06abfb7e9487_5c19-36492265af47de94_a352-9c97a83f60095487_02d9-0d1a67f82b3b5854_d74d-2f8d482d22e56fdd_410e-5c12b219bbb5bc07_6008-4aafdc038df138e8_58f0-474a8460bc35eb12_20d0-0f0664338151d4ac_5c06-0-sequence_of_task_descs
[Checkpoint] skip completed sample 6c24abb778c24a7c_704a-977b52faf01e6c05_d71f-01c1b8aa1820aa0b_adaf-32918ea00b69d9fe_38ff-cdf30defa61245ba_5590-2513b9a8d8ae5129_ab38-7337be5c30b1b5d1_874c-57862376ad3394a1_c9dc-32fe2fa7cc43fbc3_b8f3-0de4b62afcd06138_45f2-a966ba0c6e0d463d_ce88-25ef88cce38adfbc_1740-7504548a0dd7baf8_b148-064a69cb5d40b41f_9c2e-a690a35743c855aa_4c00-4b813e7c9bc088d0_1ce1-e4909f617bc99db4_4ab8-03379f213dfbda39_79a2-c49a96282ec09e90_5bfa-a2d31b84a569e568_fb03-88ddc0cbf1a23687_43ea-b36a8d73976068a3_6afd-c02445dd7a5b6f26_d92a-a76099fbab67c9da_4d48-c6c5c151b7b8e770_38db-60d26ec0f9c4757e_425d-9539c0004762d6a8_2eee-b2fde7ee4eb1c40f_1f95-c2ffd6a81bfe2613_f91c-81b10da74f7ac9ff_15c8-6ccc8b815fbc093a_e921-5aa3cbd322d4f163_402a-52e190f2e5f3b790_edbb-71392179ff5e728f_d7fe-4e893adaff5699af_ab4f-6f4aca312776de7b_97f3-4e88e46c6584bd85_21d2-eef61c8f3cdd8280_c537-bfb3e4eaf7ba458f_81db-af3fc77ab8313235_5b72-dbb41344c474217f_ee0e-498d06abfb7e9487_5c19-36492265af47de94_a352-9c97a83f60095487_02d9-0d1a67f82b3b5854_d74d-2f8d482d22e56fdd_410e-5c12b219bbb5bc07_6008-4aafdc038df138e8_58f0-474a8460bc35eb12_20d0-0f0664338151d4ac_5c06-0-seq_specific_shortened_low_actions
Evaluating sample 6c24abb778c24a7c_704a-977b52faf01e6c05_d71f-01c1b8aa1820aa0b_adaf-32918ea00b69d9fe_38ff-cdf30defa61245ba_5590-2513b9a8d8ae5129_ab38-7337be5c30b1b5d1_874c-57862376ad3394a1_c9dc-32fe2fa7cc43fbc3_b8f3-0de4b62afcd06138_45f2-a966ba0c6e0d463d_ce88-25ef88cce38adfbc_1740-7504548a0dd7baf8_b148-064a69cb5d40b41f_9c2e-a690a35743c855aa_4c00-4b813e7c9bc088d0_1ce1-e4909f617bc99db4_4ab8-03379f213dfbda39_79a2-c49a96282ec09e90_5bfa-a2d31b84a569e568_fb03-88ddc0cbf1a23687_43ea-b36a8d73976068a3_6afd-c02445dd7a5b6f26_d92a-a76099fbab67c9da_4d48-c6c5c151b7b8e770_38db-60d26ec0f9c4757e_425d-9539c0004762d6a8_2eee-b2fde7ee4eb1c40f_1f95-c2ffd6a81bfe2613_f91c-81b10da74f7ac9ff_15c8-6ccc8b815fbc093a_e921-5aa3cbd322d4f163_402a-52e190f2e5f3b790_edbb-71392179ff5e728f_d7fe-4e893adaff5699af_ab4f-6f4aca312776de7b_97f3-4e88e46c6584bd85_21d2-eef61c8f3cdd8280_c537-bfb3e4eaf7ba458f_81db-af3fc77ab8313235_5b72-dbb41344c474217f_ee0e-498d06abfb7e9487_5c19-36492265af47de94_a352-9c97a83f60095487_02d9-0d1a67f82b3b5854_d74d-2f8d482d22e56fdd_410e-5c12b219bbb5bc07_6008-4aafdc038df138e8_58f0-474a8460bc35eb12_20d0-0f0664338151d4ac_5c06-0-seq_right_after_questions
Loading weights:   0%|          | 0/199 [00:00<?, ?it/s]Loading weights: 100%|██████████| 199/199 [00:00<00:00, 5215.52it/s]
[1mMPNetModel LOAD REPORT[0m from: sentence-transformers/all-mpnet-base-v2
Key                     | Status     |  | 
------------------------+------------+--+-
embeddings.position_ids | UNEXPECTED |  | 

Notes:
- UNEXPECTED:	can be ignored when loading from different task/architecture; not ok if you expect identical arch.
[配置] 启用 FAISS 加速，索引类型: flat
[Forgetting] 解析遗忘配置...
[Forgetting] 开始记忆巩固...
[Forgetting] 收集到 4933 个事件节点
[Forgetting] 构建临时轻量图计算度中心性...
[Forgetting] 临时图度中心性: max_degree=88, 有连接的节点数=4686
[Forgetting] 计算节点 embeddings...
[Forgetting] 安全下限触发: θ₁ 从 0.500 下调到 0.234
[Forgetting] 巩固完成: 完整保留=1490 (30.2%), 去细节化=3443 (69.8%), 摘要保留=0 (0.0%), 豁免=578
[Forgetting] 统计: {'total': 4933, 'level_0_full_retain': 1490, 'level_1_detail_removed': 3443, 'level_2_summary_only': 0, 'immune_count': 578, 'effective_theta_1': 0.2339117072143465, 'effective_theta_2': 0.0935646828857386, 'retain_ratio': 0.3020474356375431, 'forgetting_ratio': 0.6979525643624569}
[GraphAug] 开始构建记忆图...
[MemoryGraph] 收集到 4933 个事件节点
[MemoryGraph] 时间相邻边: 3925
[MemoryGraph] 共享物体边: 10978
[MemoryGraph] 唯一动作数: 395, 相似动作对: 786
[MemoryGraph] 相似动作边: 1527
[MemoryGraph] 图构建完成: {'num_nodes': 4933, 'num_edges': 16430, 'edges_temporal_adjacent': 3925, 'edges_co_object': 10978, 'edges_similar_action': 1527}
[GraphAug] 记忆图构建完成
Got 0 examples


 ============================== 


eval temporal_neighbor('put all book on any bed', direction='after')
Updated/Defined variables after execution: {}

**SystemMessage**:
"""You are a smart humanoid robot answering user question about your past actions.
The history object contains information on what you did in the past, represented as a tree.
Use the method expand to look at details of a node.
Make sure to use collapse_all_but(idx) when you expanded irrelevant nodes, in order to keep the tree compact.
Enter Python expressions into the console to see the value and decide for the next command based on that result.
Answer concisely by calling answer("...") when you gathered enough information to answer the question.
Generate syntactically correct python console statements only, no explanations or other natural language statements.
IMPORTANT: If search() returns "No relevant records found", your next command MUST be answer("I have no record of that."). Do not search synonyms, do not expand further, and do not call vqa.
IMPORTANT: If you get "Nothing changed" twice, answer honestly that you have no record. Do NOT keep searching repeatedly. For just-before/just-after questions, first try one broader target search or inspect another relevant top-level time block before giving up.
For object yes/no questions, first use object_lookup("object name"). If it reports no matching summary, answer "No, I have no record of that." Do not call vqa unless you already have a directly relevant leaf image.
For task-list questions such as "List the tasks you performed", first use task_list(). Prefer its Recommended answer and chronological candidates instead of manually expanding the whole tree. For long histories, do not copy every task candidate verbatim unless the user explicitly asks for an exhaustive transcript.
For low-level action questions such as "what task did you perform when you toggle/open/pick up/place X", first use action_lookup("full low-level action"), for example action_lookup("open the drawer"). Do not call task_lookup first for these low-level action questions.
For task-description questions such as "describe what you did when you X", first use task_lookup("X"). Prefer its matching task candidates instead of manually expanding the whole tree. This does not apply to low-level action questions covered by action_lookup.
For exact date/time questions or "N days ago" questions asking what happened, first use date_lookup(question). Prefer its Recommended answer when it is confident instead of manually expanding by date.
For "How many days ago did you X?" or "When did you X?" questions, first use event_date_lookup(question). If it lists multiple days, include all of them in the final answer instead of only the most recent match.
For just-before or just-after questions, first use temporal_neighbor(target_task, direction="before" or "after") if a candidate is not already shown. Prefer the returned Recommended answer when it is confident. Only then inspect adjacent sibling or temporal nodes. Avoid expanding to raw leaf observations unless the summary is insufficient.
Do not call vqa for time, date, task-list, before/after, or yes/no object-existence questions when textual summaries already answer the question. Use vqa only for explicit visual appearance questions such as color, visible state, or what something looks like.
Never output bare parameters such as reasoning="..." answer="...". Always call answer("..."). You may call answer(reasoning="...", answer="...") only when a short reason is necessary.
Keep answer() short: answer under 60 words, and do not use markdown or backticks inside answer()."""

**HumanMessage**:
"""
def action_lookup(query: str, max_matches: int = 6) -> str # For low-level action questions, map raw leaf actions back to task-sized summaries
def answer(reasoning: str = None, answer: str = Ellipsis)
def ask(question: str)
def date_lookup(query: str, max_matches: int = 8) -> str # For exact date/time or N-days-ago questions, list matching history summaries directly
def event_date_lookup(query: str, max_matches: int = 12) -> str # For "how many days ago did you X" questions, find all matching event dates directly
def now() -> datetime.datetime
def object_lookup(object_name: str, max_matches: int = 8) -> str # For object yes/no questions, check whether task summaries mention the object
def task_list(max_tasks: int = 30) -> str # For task-list questions, list task-sized history summaries in chronological order
def task_lookup(query: str, max_matches: int = 8) -> str # For task-description questions, list task-sized summaries matching a query
def temporal_neighbor(target_task: str, direction: str = 'before', max_candidates: int = 6) -> str # For just-before/just-after questions, find the target task and return adjacent task candidates
def vqa(question: str, *images: PIL.Image.Image)
"""

**HumanMessage**:
"""Usage examples:
>>> history.expand()  # Shows the history tree with all child nodes expanded
>>> history.expand(date(2021, 12, 20))  # Expand the children that overlap with the given day
>>> history.expand(now() - timedelta(hours=6), now() - timedelta(hours=4))  # Expand all children that overlap with the given range (in this example "about 5 hours ago")
>>> history.expand((now() - timedelta(days=2)).date())  # Expand all children that overlap with the day before yesterday
>>> history.expand(0)  # Shows child node 0
>>> history[0].expand()  # Expands all child nodes of node 0 (node 0 must be expanded already to see them)
>>> history[5][2].expand()  # Shows child node 2 of child node 5 with all its child nodes expanded
>>> history.search("green cup") # Semantic index search. Expands the most relevant children according to similarity of the natural language query and the node's (recursively defined) index content.
>>> history[1][42].search("bicycle") # Semantic index search on some node further down the tree. Expands the children of node 1.42 most relevant to the search term
>>> history[3].collapse_all_but(1); history[3][1].expand()  # Zooms into details of child node 3.1 while collapsing all other childs of node 3
>>> vqa("What color is the ... in this image?",
...     history[2][4][-1][0].image)  # Invoke a model to answer a visual question about image(s) of some leaf (!) node(s)

# After gathering the relevant information, answer the question:
# Use a short final answer. Optionally provide a brief reasoning only when needed.
>>> answer("...")"""

**HumanMessage**:
"""User question: What task did you do just after put all book on any bed?"""

**AIMessage**:
"""temporal_neighbor('put all book on any bed', direction='after')"""

**HumanMessage**:
""""Temporal neighbor candidates for target='put all book on any bed', direction='after':\n1. score=0.71; target=2023/07/28 12:26:43 - 12:27:56: I placed a book on the bed as instructed and received confirmation from the user that the task was complete.; after=2023/07/29 14:40 - 14:44: I received an instruction to boil a potato. I retrieved a pot from the fridge, emptied it, and then got the potato from the microwave, placing it inside the pot. I also cleared som...\n2. score=0.64; target=2023/07/28 12:26:43 - 12:27:45: I was instructed to put the book on the bed, so I picked it up from the desk and placed it on the bed.; after=2023/07/29 14:40 - 14:44: I received an instruction to boil a potato. I retrieved a pot from the fridge, emptied it, and then got the potato from the microwave, placing it inside the pot. I also cleared som...\n3. score=0.50; target=2023/07/28 12:26:43 - 12:27:56: On July 28th, I placed a book on the bed.; after=2023/07/29 14:40 - 17:22: On July 29th, I boiled a potato, prepared a salad with lettuce and tomato, and gathered three pencils onto the bed.\nRecommended answer: I received an instruction to boil a potato. I retrieved a pot from the fridge, emptied it, and then got the potato from the microwave, placing it inside the pot. I also cleared som...""""

**HumanMessage**:
"""Current state:
2023/07/13 - 2023/08/04: "From July 13th to August 4th, I consistently performed a variety of daily kitchen and household tasks, including preparing diverse meals like toast, sandwiches, cooked potatoes, salads, and coffee, along with routine activities such as watering houseplants, cleaning dishes, and organizing various items including credit cards, remotes, tissue boxes, pencils, newspapers, and watches."  
  ..."""
{}
command: answer("I received an instruction to boil a potato. I retrieved a pot from the fridge, emptied it, and then got the potato from the microwave, placing it inside the pot. I also cleared some items.")
expected output: 


 ============================== 


eval answer("I received an instruction to boil a potato. I retrieved a pot from the fridge, emptied it, and then got the potato from the microwave, placing it inside the pot. I also cleared some items.")
Answering I received an instruction to boil a potato. I retrieved a pot from the fridge, emptied it, and then got the potato from the microwave, placing it inside the pot. I also cleared some items.  with reason: None
Tokens Used: 2364
	Prompt Tokens: 2061
	Completion Tokens: 303
Successful Requests: 1
Total Cost (USD): $0.0
Evaluating sample 6c24abb778c24a7c_704a-977b52faf01e6c05_d71f-01c1b8aa1820aa0b_adaf-32918ea00b69d9fe_38ff-cdf30defa61245ba_5590-2513b9a8d8ae5129_ab38-7337be5c30b1b5d1_874c-57862376ad3394a1_c9dc-32fe2fa7cc43fbc3_b8f3-0de4b62afcd06138_45f2-a966ba0c6e0d463d_ce88-25ef88cce38adfbc_1740-7504548a0dd7baf8_b148-064a69cb5d40b41f_9c2e-a690a35743c855aa_4c00-4b813e7c9bc088d0_1ce1-e4909f617bc99db4_4ab8-03379f213dfbda39_79a2-c49a96282ec09e90_5bfa-a2d31b84a569e568_fb03-88ddc0cbf1a23687_43ea-b36a8d73976068a3_6afd-c02445dd7a5b6f26_d92a-a76099fbab67c9da_4d48-c6c5c151b7b8e770_38db-60d26ec0f9c4757e_425d-9539c0004762d6a8_2eee-b2fde7ee4eb1c40f_1f95-c2ffd6a81bfe2613_f91c-81b10da74f7ac9ff_15c8-6ccc8b815fbc093a_e921-5aa3cbd322d4f163_402a-52e190f2e5f3b790_edbb-71392179ff5e728f_d7fe-4e893adaff5699af_ab4f-6f4aca312776de7b_97f3-4e88e46c6584bd85_21d2-eef61c8f3cdd8280_c537-bfb3e4eaf7ba458f_81db-af3fc77ab8313235_5b72-dbb41344c474217f_ee0e-498d06abfb7e9487_5c19-36492265af47de94_a352-9c97a83f60095487_02d9-0d1a67f82b3b5854_d74d-2f8d482d22e56fdd_410e-5c12b219bbb5bc07_6008-4aafdc038df138e8_58f0-474a8460bc35eb12_20d0-0f0664338151d4ac_5c06-0-seq_right_before_questions
[配置] 启用 FAISS 加速，索引类型: flat
[Forgetting] 命中缓存
[GraphAug] 命中图缓存 (nodes=4933, edges=16430)
Got 0 examples


 ============================== 


eval temporal_neighbor('put all newspaper on one armchair', direction='before')
Updated/Defined variables after execution: {}

**SystemMessage**:
"""You are a smart humanoid robot answering user question about your past actions.
The history object contains information on what you did in the past, represented as a tree.
Use the method expand to look at details of a node.
Make sure to use collapse_all_but(idx) when you expanded irrelevant nodes, in order to keep the tree compact.
Enter Python expressions into the console to see the value and decide for the next command based on that result.
Answer concisely by calling answer("...") when you gathered enough information to answer the question.
Generate syntactically correct python console statements only, no explanations or other natural language statements.
IMPORTANT: If search() returns "No relevant records found", your next command MUST be answer("I have no record of that."). Do not search synonyms, do not expand further, and do not call vqa.
IMPORTANT: If you get "Nothing changed" twice, answer honestly that you have no record. Do NOT keep searching repeatedly. For just-before/just-after questions, first try one broader target search or inspect another relevant top-level time block before giving up.
For object yes/no questions, first use object_lookup("object name"). If it reports no matching summary, answer "No, I have no record of that." Do not call vqa unless you already have a directly relevant leaf image.
For task-list questions such as "List the tasks you performed", first use task_list(). Prefer its Recommended answer and chronological candidates instead of manually expanding the whole tree. For long histories, do not copy every task candidate verbatim unless the user explicitly asks for an exhaustive transcript.
For low-level action questions such as "what task did you perform when you toggle/open/pick up/place X", first use action_lookup("full low-level action"), for example action_lookup("open the drawer"). Do not call task_lookup first for these low-level action questions.
For task-description questions such as "describe what you did when you X", first use task_lookup("X"). Prefer its matching task candidates instead of manually expanding the whole tree. This does not apply to low-level action questions covered by action_lookup.
For exact date/time questions or "N days ago" questions asking what happened, first use date_lookup(question). Prefer its Recommended answer when it is confident instead of manually expanding by date.
For "How many days ago did you X?" or "When did you X?" questions, first use event_date_lookup(question). If it lists multiple days, include all of them in the final answer instead of only the most recent match.
For just-before or just-after questions, first use temporal_neighbor(target_task, direction="before" or "after") if a candidate is not already shown. Prefer the returned Recommended answer when it is confident. Only then inspect adjacent sibling or temporal nodes. Avoid expanding to raw leaf observations unless the summary is insufficient.
Do not call vqa for time, date, task-list, before/after, or yes/no object-existence questions when textual summaries already answer the question. Use vqa only for explicit visual appearance questions such as color, visible state, or what something looks like.
Never output bare parameters such as reasoning="..." answer="...". Always call answer("..."). You may call answer(reasoning="...", answer="...") only when a short reason is necessary.
Keep answer() short: answer under 60 words, and do not use markdown or backticks inside answer()."""

**HumanMessage**:
"""
def action_lookup(query: str, max_matches: int = 6) -> str # For low-level action questions, map raw leaf actions back to task-sized summaries
def answer(reasoning: str = None, answer: str = Ellipsis)
def ask(question: str)
def date_lookup(query: str, max_matches: int = 8) -> str # For exact date/time or N-days-ago questions, list matching history summaries directly
def event_date_lookup(query: str, max_matches: int = 12) -> str # For "how many days ago did you X" questions, find all matching event dates directly
def now() -> datetime.datetime
def object_lookup(object_name: str, max_matches: int = 8) -> str # For object yes/no questions, check whether task summaries mention the object
def task_list(max_tasks: int = 30) -> str # For task-list questions, list task-sized history summaries in chronological order
def task_lookup(query: str, max_matches: int = 8) -> str # For task-description questions, list task-sized summaries matching a query
def temporal_neighbor(target_task: str, direction: str = 'before', max_candidates: int = 6) -> str # For just-before/just-after questions, find the target task and return adjacent task candidates
def vqa(question: str, *images: PIL.Image.Image)
"""

**HumanMessage**:
"""Usage examples:
>>> history.expand()  # Shows the history tree with all child nodes expanded
>>> history.expand(date(2021, 12, 20))  # Expand the children that overlap with the given day
>>> history.expand(now() - timedelta(hours=6), now() - timedelta(hours=4))  # Expand all children that overlap with the given range (in this example "about 5 hours ago")
>>> history.expand((now() - timedelta(days=2)).date())  # Expand all children that overlap with the day before yesterday
>>> history.expand(0)  # Shows child node 0
>>> history[0].expand()  # Expands all child nodes of node 0 (node 0 must be expanded already to see them)
>>> history[5][2].expand()  # Shows child node 2 of child node 5 with all its child nodes expanded
>>> history.search("green cup") # Semantic index search. Expands the most relevant children according to similarity of the natural language query and the node's (recursively defined) index content.
>>> history[1][42].search("bicycle") # Semantic index search on some node further down the tree. Expands the children of node 1.42 most relevant to the search term
>>> history[3].collapse_all_but(1); history[3][1].expand()  # Zooms into details of child node 3.1 while collapsing all other childs of node 3
>>> vqa("What color is the ... in this image?",
...     history[2][4][-1][0].image)  # Invoke a model to answer a visual question about image(s) of some leaf (!) node(s)

# After gathering the relevant information, answer the question:
# Use a short final answer. Optionally provide a brief reasoning only when needed.
>>> answer("...")"""

**HumanMessage**:
"""User question: What task did you do just before put all newspaper on one armchair?"""

**AIMessage**:
"""temporal_neighbor('put all newspaper on one armchair', direction='before')"""

**HumanMessage**:
""""Temporal neighbor candidates for target='put all newspaper on one armchair', direction='before':\n1. score=0.83; target=2023/07/31 11:39:16 - 11:41:13: I started by picking up a newspaper from the dresser and placing it on an armchair, following the instruction to gather all newspapers on one armchair.; before=2023/07/31 08:25:31 - 08:27:46: Upon receiving the user's request to serve two slices of tomato, I first picked up a tomato and a plate and placed them on the countertop. Afterwards, I grabbed a knife and sliced...\n2. score=0.67; target=2023/07/31 11:39 - 11:45: As instructed, I began gathering newspapers onto an armchair. I moved one newspaper from the dresser to the armchair, and to clear space, I relocated a cellphone from the armchair...; before=2023/07/31 08:25:31 - 08:27:46: Upon receiving the user's request to serve two slices of tomato, I first picked up a tomato and a plate and placed them on the countertop. Afterwards, I grabbed a knife and sliced...\n3. score=0.62; target=2023/07/31 08:25 - 18:43: On July 31st, I served two slices of tomato, gathered newspapers onto an armchair, and prepared a dish with sliced lettuce, tomato, and a cooked potato.; before=2023/07/30 10:01 - 13:33: On July 30th, I made coffee, sliced and cooked potato pieces on the stove, and prepared sliced tomato in a bowl.\n4. score=0.62; target=2023/07/31 11:41:26 - 11:43:11: I then searched for another newspaper by opening and closing various drawers and cabinets (Drawer_4, Drawer_2, Cabinet_2). Upon finding a second newspaper, I picked it up and place...; before=2023/07/31 11:39:16 - 11:41:13: I started by picking up a newspaper from the dresser and placing it on an armchair, following the instruction to gather all newspapers on one armchair.\nRecommended answer: Upon receiving the user's request to serve two slices of tomato, I first picked up a tomato and a plate and placed them on the countertop. Afterwards, I grabbed a knife and sliced...""""

**HumanMessage**:
"""Current state:
2023/07/13 - 2023/08/04: "From July 13th to August 4th, I consistently performed a variety of daily kitchen and household tasks, including preparing diverse meals like toast, sandwiches, cooked potatoes, salads, and coffee, along with routine activities such as watering houseplants, cleaning dishes, and organizing various items including credit cards, remotes, tissue boxes, pencils, newspapers, and watches."  
  ..."""
{}
command: answer("Upon receiving the user's request to serve two slices of tomato, I first picked up a tomato and a plate and placed them on the countertop. Afterwards, I grabbed a knife and sliced the tomato.")
expected output: 


 ============================== 


eval answer("Upon receiving the user's request to serve two slices of tomato, I first picked up a tomato and a plate and placed them on the countertop. Afterwards, I grabbed a knife and sliced the tomato.")
Answering Upon receiving the user's request to serve two slices of tomato, I first picked up a tomato and a plate and placed them on the countertop. Afterwards, I grabbed a knife and sliced the tomato.  with reason: None
Tokens Used: 2979
	Prompt Tokens: 2238
	Completion Tokens: 741
Successful Requests: 1
Total Cost (USD): $0.0
Evaluating sample 6c24abb778c24a7c_704a-977b52faf01e6c05_d71f-01c1b8aa1820aa0b_adaf-32918ea00b69d9fe_38ff-cdf30defa61245ba_5590-2513b9a8d8ae5129_ab38-7337be5c30b1b5d1_874c-57862376ad3394a1_c9dc-32fe2fa7cc43fbc3_b8f3-0de4b62afcd06138_45f2-a966ba0c6e0d463d_ce88-25ef88cce38adfbc_1740-7504548a0dd7baf8_b148-064a69cb5d40b41f_9c2e-a690a35743c855aa_4c00-4b813e7c9bc088d0_1ce1-e4909f617bc99db4_4ab8-03379f213dfbda39_79a2-c49a96282ec09e90_5bfa-a2d31b84a569e568_fb03-88ddc0cbf1a23687_43ea-b36a8d73976068a3_6afd-c02445dd7a5b6f26_d92a-a76099fbab67c9da_4d48-c6c5c151b7b8e770_38db-60d26ec0f9c4757e_425d-9539c0004762d6a8_2eee-b2fde7ee4eb1c40f_1f95-c2ffd6a81bfe2613_f91c-81b10da74f7ac9ff_15c8-6ccc8b815fbc093a_e921-5aa3cbd322d4f163_402a-52e190f2e5f3b790_edbb-71392179ff5e728f_d7fe-4e893adaff5699af_ab4f-6f4aca312776de7b_97f3-4e88e46c6584bd85_21d2-eef61c8f3cdd8280_c537-bfb3e4eaf7ba458f_81db-af3fc77ab8313235_5b72-dbb41344c474217f_ee0e-498d06abfb7e9487_5c19-36492265af47de94_a352-9c97a83f60095487_02d9-0d1a67f82b3b5854_d74d-2f8d482d22e56fdd_410e-5c12b219bbb5bc07_6008-4aafdc038df138e8_58f0-474a8460bc35eb12_20d0-0f0664338151d4ac_5c06-0-seq_simple_object_yes_no
[配置] 启用 FAISS 加速，索引类型: flat
[Forgetting] 命中缓存
[GraphAug] 命中图缓存 (nodes=4933, edges=16430)
Got 0 examples


 ============================== 


eval object_lookup('baseball bat')
Updated/Defined variables after execution: {}

**SystemMessage**:
"""You are a smart humanoid robot answering user question about your past actions.
The history object contains information on what you did in the past, represented as a tree.
Use the method expand to look at details of a node.
Make sure to use collapse_all_but(idx) when you expanded irrelevant nodes, in order to keep the tree compact.
Enter Python expressions into the console to see the value and decide for the next command based on that result.
Answer concisely by calling answer("...") when you gathered enough information to answer the question.
Generate syntactically correct python console statements only, no explanations or other natural language statements.
IMPORTANT: If search() returns "No relevant records found", your next command MUST be answer("I have no record of that."). Do not search synonyms, do not expand further, and do not call vqa.
IMPORTANT: If you get "Nothing changed" twice, answer honestly that you have no record. Do NOT keep searching repeatedly. For just-before/just-after questions, first try one broader target search or inspect another relevant top-level time block before giving up.
For object yes/no questions, first use object_lookup("object name"). If it reports no matching summary, answer "No, I have no record of that." Do not call vqa unless you already have a directly relevant leaf image.
For task-list questions such as "List the tasks you performed", first use task_list(). Prefer its Recommended answer and chronological candidates instead of manually expanding the whole tree. For long histories, do not copy every task candidate verbatim unless the user explicitly asks for an exhaustive transcript.
For low-level action questions such as "what task did you perform when you toggle/open/pick up/place X", first use action_lookup("full low-level action"), for example action_lookup("open the drawer"). Do not call task_lookup first for these low-level action questions.
For task-description questions such as "describe what you did when you X", first use task_lookup("X"). Prefer its matching task candidates instead of manually expanding the whole tree. This does not apply to low-level action questions covered by action_lookup.
For exact date/time questions or "N days ago" questions asking what happened, first use date_lookup(question). Prefer its Recommended answer when it is confident instead of manually expanding by date.
For "How many days ago did you X?" or "When did you X?" questions, first use event_date_lookup(question). If it lists multiple days, include all of them in the final answer instead of only the most recent match.
For just-before or just-after questions, first use temporal_neighbor(target_task, direction="before" or "after") if a candidate is not already shown. Prefer the returned Recommended answer when it is confident. Only then inspect adjacent sibling or temporal nodes. Avoid expanding to raw leaf observations unless the summary is insufficient.
Do not call vqa for time, date, task-list, before/after, or yes/no object-existence questions when textual summaries already answer the question. Use vqa only for explicit visual appearance questions such as color, visible state, or what something looks like.
Never output bare parameters such as reasoning="..." answer="...". Always call answer("..."). You may call answer(reasoning="...", answer="...") only when a short reason is necessary.
Keep answer() short: answer under 60 words, and do not use markdown or backticks inside answer()."""

**HumanMessage**:
"""
def action_lookup(query: str, max_matches: int = 6) -> str # For low-level action questions, map raw leaf actions back to task-sized summaries
def answer(reasoning: str = None, answer: str = Ellipsis)
def ask(question: str)
def date_lookup(query: str, max_matches: int = 8) -> str # For exact date/time or N-days-ago questions, list matching history summaries directly
def event_date_lookup(query: str, max_matches: int = 12) -> str # For "how many days ago did you X" questions, find all matching event dates directly
def now() -> datetime.datetime
def object_lookup(object_name: str, max_matches: int = 8) -> str # For object yes/no questions, check whether task summaries mention the object
def task_list(max_tasks: int = 30) -> str # For task-list questions, list task-sized history summaries in chronological order
def task_lookup(query: str, max_matches: int = 8) -> str # For task-description questions, list task-sized summaries matching a query
def temporal_neighbor(target_task: str, direction: str = 'before', max_candidates: int = 6) -> str # For just-before/just-after questions, find the target task and return adjacent task candidates
def vqa(question: str, *images: PIL.Image.Image)
"""

**HumanMessage**:
"""Usage examples:
>>> history.expand()  # Shows the history tree with all child nodes expanded
>>> history.expand(date(2021, 12, 20))  # Expand the children that overlap with the given day
>>> history.expand(now() - timedelta(hours=6), now() - timedelta(hours=4))  # Expand all children that overlap with the given range (in this example "about 5 hours ago")
>>> history.expand((now() - timedelta(days=2)).date())  # Expand all children that overlap with the day before yesterday
>>> history.expand(0)  # Shows child node 0
>>> history[0].expand()  # Expands all child nodes of node 0 (node 0 must be expanded already to see them)
>>> history[5][2].expand()  # Shows child node 2 of child node 5 with all its child nodes expanded
>>> history.search("green cup") # Semantic index search. Expands the most relevant children according to similarity of the natural language query and the node's (recursively defined) index content.
>>> history[1][42].search("bicycle") # Semantic index search on some node further down the tree. Expands the children of node 1.42 most relevant to the search term
>>> history[3].collapse_all_but(1); history[3][1].expand()  # Zooms into details of child node 3.1 while collapsing all other childs of node 3
>>> vqa("What color is the ... in this image?",
...     history[2][4][-1][0].image)  # Invoke a model to answer a visual question about image(s) of some leaf (!) node(s)

# After gathering the relevant information, answer the question:
# Use a short final answer. Optionally provide a brief reasoning only when needed.
>>> answer("...")"""

**HumanMessage**:
"""User question: Was there a baseball bat ?"""

**AIMessage**:
"""object_lookup('baseball bat')"""

**HumanMessage**:
""""Object lookup for object='baseball bat':\nNo task-sized summaries mention this object.\nRecommended answer: No, I have no record of that.""""

**HumanMessage**:
"""Current state:
2023/07/13 - 2023/08/04: "From July 13th to August 4th, I consistently performed a variety of daily kitchen and household tasks, including preparing diverse meals like toast, sandwiches, cooked potatoes, salads, and coffee, along with routine activities such as watering houseplants, cleaning dishes, and organizing various items including credit cards, remotes, tissue boxes, pencils, newspapers, and watches."  
  ..."""
{}
command: answer("No, I have no record of that.")
expected output: 


 ============================== 


eval answer("No, I have no record of that.")
Answering No, I have no record of that.  with reason: None
Tokens Used: 1891
	Prompt Tokens: 1641
	Completion Tokens: 250
Successful Requests: 1
Total Cost (USD): $0.0
Evaluating sample 6c24abb778c24a7c_704a-977b52faf01e6c05_d71f-01c1b8aa1820aa0b_adaf-32918ea00b69d9fe_38ff-cdf30defa61245ba_5590-2513b9a8d8ae5129_ab38-7337be5c30b1b5d1_874c-57862376ad3394a1_c9dc-32fe2fa7cc43fbc3_b8f3-0de4b62afcd06138_45f2-a966ba0c6e0d463d_ce88-25ef88cce38adfbc_1740-7504548a0dd7baf8_b148-064a69cb5d40b41f_9c2e-a690a35743c855aa_4c00-4b813e7c9bc088d0_1ce1-e4909f617bc99db4_4ab8-03379f213dfbda39_79a2-c49a96282ec09e90_5bfa-a2d31b84a569e568_fb03-88ddc0cbf1a23687_43ea-b36a8d73976068a3_6afd-c02445dd7a5b6f26_d92a-a76099fbab67c9da_4d48-c6c5c151b7b8e770_38db-60d26ec0f9c4757e_425d-9539c0004762d6a8_2eee-b2fde7ee4eb1c40f_1f95-c2ffd6a81bfe2613_f91c-81b10da74f7ac9ff_15c8-6ccc8b815fbc093a_e921-5aa3cbd322d4f163_402a-52e190f2e5f3b790_edbb-71392179ff5e728f_d7fe-4e893adaff5699af_ab4f-6f4aca312776de7b_97f3-4e88e46c6584bd85_21d2-eef61c8f3cdd8280_c537-bfb3e4eaf7ba458f_81db-af3fc77ab8313235_5b72-dbb41344c474217f_ee0e-498d06abfb7e9487_5c19-36492265af47de94_a352-9c97a83f60095487_02d9-0d1a67f82b3b5854_d74d-2f8d482d22e56fdd_410e-5c12b219bbb5bc07_6008-4aafdc038df138e8_58f0-474a8460bc35eb12_20d0-0f0664338151d4ac_5c06-0-seq_low_actions_to_episode_task_descs
[配置] 启用 FAISS 加速，索引类型: flat
[Forgetting] 命中缓存
[GraphAug] 命中图缓存 (nodes=4933, edges=16430)
Got 0 examples


 ============================== 


eval task_lookup('place the mug on the coffeemachine')
Updated/Defined variables after execution: {}
[结构化直答] low-action task lookup matched; returning Recommended answer directly
Tokens Used: 0
	Prompt Tokens: 0
	Completion Tokens: 0
Successful Requests: 0
Total Cost (USD): $0.0
Evaluating sample 6c24abb778c24a7c_704a-977b52faf01e6c05_d71f-01c1b8aa1820aa0b_adaf-32918ea00b69d9fe_38ff-cdf30defa61245ba_5590-2513b9a8d8ae5129_ab38-7337be5c30b1b5d1_874c-57862376ad3394a1_c9dc-32fe2fa7cc43fbc3_b8f3-0de4b62afcd06138_45f2-a966ba0c6e0d463d_ce88-25ef88cce38adfbc_1740-7504548a0dd7baf8_b148-064a69cb5d40b41f_9c2e-a690a35743c855aa_4c00-4b813e7c9bc088d0_1ce1-e4909f617bc99db4_4ab8-03379f213dfbda39_79a2-c49a96282ec09e90_5bfa-a2d31b84a569e568_fb03-88ddc0cbf1a23687_43ea-b36a8d73976068a3_6afd-c02445dd7a5b6f26_d92a-a76099fbab67c9da_4d48-c6c5c151b7b8e770_38db-60d26ec0f9c4757e_425d-9539c0004762d6a8_2eee-b2fde7ee4eb1c40f_1f95-c2ffd6a81bfe2613_f91c-81b10da74f7ac9ff_15c8-6ccc8b815fbc093a_e921-5aa3cbd322d4f163_402a-52e190f2e5f3b790_edbb-71392179ff5e728f_d7fe-4e893adaff5699af_ab4f-6f4aca312776de7b_97f3-4e88e46c6584bd85_21d2-eef61c8f3cdd8280_c537-bfb3e4eaf7ba458f_81db-af3fc77ab8313235_5b72-dbb41344c474217f_ee0e-498d06abfb7e9487_5c19-36492265af47de94_a352-9c97a83f60095487_02d9-0d1a67f82b3b5854_d74d-2f8d482d22e56fdd_410e-5c12b219bbb5bc07_6008-4aafdc038df138e8_58f0-474a8460bc35eb12_20d0-0f0664338151d4ac_5c06-0-exact_time_to_episode
[配置] 启用 FAISS 加速，索引类型: flat
[Forgetting] 命中缓存
[GraphAug] 命中图缓存 (nodes=4933, edges=16430)
Got 0 examples


 ============================== 


eval date_lookup('what did you do on Jul 24, 2023 at 04:12 PM?')
Updated/Defined variables after execution: {}

**SystemMessage**:
"""You are a smart humanoid robot answering user question about your past actions.
The history object contains information on what you did in the past, represented as a tree.
Use the method expand to look at details of a node.
Make sure to use collapse_all_but(idx) when you expanded irrelevant nodes, in order to keep the tree compact.
Enter Python expressions into the console to see the value and decide for the next command based on that result.
Answer concisely by calling answer("...") when you gathered enough information to answer the question.
Generate syntactically correct python console statements only, no explanations or other natural language statements.
IMPORTANT: If search() returns "No relevant records found", your next command MUST be answer("I have no record of that."). Do not search synonyms, do not expand further, and do not call vqa.
IMPORTANT: If you get "Nothing changed" twice, answer honestly that you have no record. Do NOT keep searching repeatedly. For just-before/just-after questions, first try one broader target search or inspect another relevant top-level time block before giving up.
For object yes/no questions, first use object_lookup("object name"). If it reports no matching summary, answer "No, I have no record of that." Do not call vqa unless you already have a directly relevant leaf image.
For task-list questions such as "List the tasks you performed", first use task_list(). Prefer its Recommended answer and chronological candidates instead of manually expanding the whole tree. For long histories, do not copy every task candidate verbatim unless the user explicitly asks for an exhaustive transcript.
For low-level action questions such as "what task did you perform when you toggle/open/pick up/place X", first use action_lookup("full low-level action"), for example action_lookup("open the drawer"). Do not call task_lookup first for these low-level action questions.
For task-description questions such as "describe what you did when you X", first use task_lookup("X"). Prefer its matching task candidates instead of manually expanding the whole tree. This does not apply to low-level action questions covered by action_lookup.
For exact date/time questions or "N days ago" questions asking what happened, first use date_lookup(question). Prefer its Recommended answer when it is confident instead of manually expanding by date.
For "How many days ago did you X?" or "When did you X?" questions, first use event_date_lookup(question). If it lists multiple days, include all of them in the final answer instead of only the most recent match.
For just-before or just-after questions, first use temporal_neighbor(target_task, direction="before" or "after") if a candidate is not already shown. Prefer the returned Recommended answer when it is confident. Only then inspect adjacent sibling or temporal nodes. Avoid expanding to raw leaf observations unless the summary is insufficient.
Do not call vqa for time, date, task-list, before/after, or yes/no object-existence questions when textual summaries already answer the question. Use vqa only for explicit visual appearance questions such as color, visible state, or what something looks like.
Never output bare parameters such as reasoning="..." answer="...". Always call answer("..."). You may call answer(reasoning="...", answer="...") only when a short reason is necessary.
Keep answer() short: answer under 60 words, and do not use markdown or backticks inside answer()."""

**HumanMessage**:
"""
def action_lookup(query: str, max_matches: int = 6) -> str # For low-level action questions, map raw leaf actions back to task-sized summaries
def answer(reasoning: str = None, answer: str = Ellipsis)
def ask(question: str)
def date_lookup(query: str, max_matches: int = 8) -> str # For exact date/time or N-days-ago questions, list matching history summaries directly
def event_date_lookup(query: str, max_matches: int = 12) -> str # For "how many days ago did you X" questions, find all matching event dates directly
def now() -> datetime.datetime
def object_lookup(object_name: str, max_matches: int = 8) -> str # For object yes/no questions, check whether task summaries mention the object
def task_list(max_tasks: int = 30) -> str # For task-list questions, list task-sized history summaries in chronological order
def task_lookup(query: str, max_matches: int = 8) -> str # For task-description questions, list task-sized summaries matching a query
def temporal_neighbor(target_task: str, direction: str = 'before', max_candidates: int = 6) -> str # For just-before/just-after questions, find the target task and return adjacent task candidates
def vqa(question: str, *images: PIL.Image.Image)
"""

**HumanMessage**:
"""Usage examples:
>>> history.expand()  # Shows the history tree with all child nodes expanded
>>> history.expand(date(2021, 12, 20))  # Expand the children that overlap with the given day
>>> history.expand(now() - timedelta(hours=6), now() - timedelta(hours=4))  # Expand all children that overlap with the given range (in this example "about 5 hours ago")
>>> history.expand((now() - timedelta(days=2)).date())  # Expand all children that overlap with the day before yesterday
>>> history.expand(0)  # Shows child node 0
>>> history[0].expand()  # Expands all child nodes of node 0 (node 0 must be expanded already to see them)
>>> history[5][2].expand()  # Shows child node 2 of child node 5 with all its child nodes expanded
>>> history.search("green cup") # Semantic index search. Expands the most relevant children according to similarity of the natural language query and the node's (recursively defined) index content.
>>> history[1][42].search("bicycle") # Semantic index search on some node further down the tree. Expands the children of node 1.42 most relevant to the search term
>>> history[3].collapse_all_but(1); history[3][1].expand()  # Zooms into details of child node 3.1 while collapsing all other childs of node 3
>>> vqa("What color is the ... in this image?",
...     history[2][4][-1][0].image)  # Invoke a model to answer a visual question about image(s) of some leaf (!) node(s)

# After gathering the relevant information, answer the question:
# Use a short final answer. Optionally provide a brief reasoning only when needed.
>>> answer("...")"""

**HumanMessage**:
"""User question: what did you do on Jul 24, 2023 at 04:12 PM?"""

**AIMessage**:
"""date_lookup('what did you do on Jul 24, 2023 at 04:12 PM?')"""

**HumanMessage**:
""""Date lookup for query='what did you do on Jul 24, 2023 at 04:12 PM?': resolved=2023/07/24 16:12:00.\n1. score=0.98; 2023/07/24 16:12 - 16:15: I retrieved a dirty plate from a chair and prepared the sink for washing by moving a soap bottle and an egg out of the basin. I also moved a potato to the countertop before washing the plate and declaring it clean.\n2. score=0.91; 2023/07/24 16:12:01 - 16:14:01: I retrieved a dirty plate from the chair and placed it on the countertop.\n3. score=0.76; 2023/07/24 16:12:01 - 16:12:49: Goal: Pickup(Plate_2) Visual observation: Plate_2 [dirty], Potato_1, CounterTop_0, Spoon_0, Chair_0 Speech: 2023-07-24 16:12:11.322343: hi 2023-07-24 16:12:19.796754: let's clean a plate in water 2023-07-24 16:12:46.7259...\n4. score=0.76; 2023/07/24 16:12:52 - 16:14:01: Goal: Place(CounterTop_1) Visual observation: Plate_2 [dirty], Potato_1, Cabinet_0, Drawer_0, CounterTop_1, Drawer_1, Drawer_2, Cabinet_4, Cabinet_5, Statue, Toaster, Spatula, Fridge, Bowl [dirty], agent hand Plate_2 is...\n5. score=0.36; 2023/07/24 15:07 - 2023/07/25 12:11: On July 24th and 25th, I cleaned drinkware (a cup and a mug), cleaned a dirty plate after clearing the sink, and retrieved two remote controls from the safe to place on an armchair.\n6. score=0.25; 2023/07/22 - 2023/07/25: From July 22nd to 25th, I prepared a salad with cooked potato, made coffee, collected remote controls (including one from a safe), placed two tissue boxes on side tables, cleaned drinkware (a cup and a mug), and retrieve...\n7. score=0.16; 2023/07/22 - 2023/07/31: From July 22nd to July 31st, I focused on more complex meal preparation involving salads and coffee, while also tidying the house by organizing remote controls, tissue boxes, pencils, and newspapers. I also continued rou...\n8. score=0.08; 2023/07/13 - 2023/08/04: From July 13th to August 4th, I consistently performed a variety of daily kitchen and household tasks, including preparing diverse meals like toast, sandwiches, cooked potatoes, salads, and coffee, along with routine act...\nRecommended answer: I retrieved a dirty plate from a chair and prepared the sink for washing by moving a soap bottle and an egg out of the basin. I also moved a potato to the countertop before washing the plate and declaring it clean.""""

**HumanMessage**:
"""Current state:
2023/07/13 - 2023/08/04: "From July 13th to August 4th, I consistently performed a variety of daily kitchen and household tasks, including preparing diverse meals like toast, sandwiches, cooked potatoes, salads, and coffee, along with routine activities such as watering houseplants, cleaning dishes, and organizing various items including credit cards, remotes, tissue boxes, pencils, newspapers, and watches."  
  ..."""
{}
command: answer("I retrieved a dirty plate from a chair and prepared the sink for washing by moving a soap bottle and an egg out of the basin. I also moved a potato to the countertop before washing the plate and declaring it clean.")
expected output: 


 ============================== 


eval answer("I retrieved a dirty plate from a chair and prepared the sink for washing by moving a soap bottle and an egg out of the basin. I also moved a potato to the countertop before washing the plate and declaring it clean.")
Answering I retrieved a dirty plate from a chair and prepared the sink for washing by moving a soap bottle and an egg out of the basin. I also moved a potato to the countertop before washing the plate and declaring it clean.  with reason: None
Tokens Used: 3078
	Prompt Tokens: 2507
	Completion Tokens: 571
Successful Requests: 1
Total Cost (USD): $0.0
Evaluating sample 6c24abb778c24a7c_704a-977b52faf01e6c05_d71f-01c1b8aa1820aa0b_adaf-32918ea00b69d9fe_38ff-cdf30defa61245ba_5590-2513b9a8d8ae5129_ab38-7337be5c30b1b5d1_874c-57862376ad3394a1_c9dc-32fe2fa7cc43fbc3_b8f3-0de4b62afcd06138_45f2-a966ba0c6e0d463d_ce88-25ef88cce38adfbc_1740-7504548a0dd7baf8_b148-064a69cb5d40b41f_9c2e-a690a35743c855aa_4c00-4b813e7c9bc088d0_1ce1-e4909f617bc99db4_4ab8-03379f213dfbda39_79a2-c49a96282ec09e90_5bfa-a2d31b84a569e568_fb03-88ddc0cbf1a23687_43ea-b36a8d73976068a3_6afd-c02445dd7a5b6f26_d92a-a76099fbab67c9da_4d48-c6c5c151b7b8e770_38db-60d26ec0f9c4757e_425d-9539c0004762d6a8_2eee-b2fde7ee4eb1c40f_1f95-c2ffd6a81bfe2613_f91c-81b10da74f7ac9ff_15c8-6ccc8b815fbc093a_e921-5aa3cbd322d4f163_402a-52e190f2e5f3b790_edbb-71392179ff5e728f_d7fe-4e893adaff5699af_ab4f-6f4aca312776de7b_97f3-4e88e46c6584bd85_21d2-eef61c8f3cdd8280_c537-bfb3e4eaf7ba458f_81db-af3fc77ab8313235_5b72-dbb41344c474217f_ee0e-498d06abfb7e9487_5c19-36492265af47de94_a352-9c97a83f60095487_02d9-0d1a67f82b3b5854_d74d-2f8d482d22e56fdd_410e-5c12b219bbb5bc07_6008-4aafdc038df138e8_58f0-474a8460bc35eb12_20d0-0f0664338151d4ac_5c06-0-tasks_to_exact_times
[配置] 启用 FAISS 加速，索引类型: flat
[Forgetting] 命中缓存
[GraphAug] 命中图缓存 (nodes=4933, edges=16430)
Got 0 examples


 ============================== 


eval event_date_lookup('When did you make a sandwich?')
Updated/Defined variables after execution: {}

**SystemMessage**:
"""You are a smart humanoid robot answering user question about your past actions.
The history object contains information on what you did in the past, represented as a tree.
Use the method expand to look at details of a node.
Make sure to use collapse_all_but(idx) when you expanded irrelevant nodes, in order to keep the tree compact.
Enter Python expressions into the console to see the value and decide for the next command based on that result.
Answer concisely by calling answer("...") when you gathered enough information to answer the question.
Generate syntactically correct python console statements only, no explanations or other natural language statements.
IMPORTANT: If search() returns "No relevant records found", your next command MUST be answer("I have no record of that."). Do not search synonyms, do not expand further, and do not call vqa.
IMPORTANT: If you get "Nothing changed" twice, answer honestly that you have no record. Do NOT keep searching repeatedly. For just-before/just-after questions, first try one broader target search or inspect another relevant top-level time block before giving up.
For object yes/no questions, first use object_lookup("object name"). If it reports no matching summary, answer "No, I have no record of that." Do not call vqa unless you already have a directly relevant leaf image.
For task-list questions such as "List the tasks you performed", first use task_list(). Prefer its Recommended answer and chronological candidates instead of manually expanding the whole tree. For long histories, do not copy every task candidate verbatim unless the user explicitly asks for an exhaustive transcript.
For low-level action questions such as "what task did you perform when you toggle/open/pick up/place X", first use action_lookup("full low-level action"), for example action_lookup("open the drawer"). Do not call task_lookup first for these low-level action questions.
For task-description questions such as "describe what you did when you X", first use task_lookup("X"). Prefer its matching task candidates instead of manually expanding the whole tree. This does not apply to low-level action questions covered by action_lookup.
For exact date/time questions or "N days ago" questions asking what happened, first use date_lookup(question). Prefer its Recommended answer when it is confident instead of manually expanding by date.
For "How many days ago did you X?" or "When did you X?" questions, first use event_date_lookup(question). If it lists multiple days, include all of them in the final answer instead of only the most recent match.
For just-before or just-after questions, first use temporal_neighbor(target_task, direction="before" or "after") if a candidate is not already shown. Prefer the returned Recommended answer when it is confident. Only then inspect adjacent sibling or temporal nodes. Avoid expanding to raw leaf observations unless the summary is insufficient.
Do not call vqa for time, date, task-list, before/after, or yes/no object-existence questions when textual summaries already answer the question. Use vqa only for explicit visual appearance questions such as color, visible state, or what something looks like.
Never output bare parameters such as reasoning="..." answer="...". Always call answer("..."). You may call answer(reasoning="...", answer="...") only when a short reason is necessary.
Keep answer() short: answer under 60 words, and do not use markdown or backticks inside answer()."""

**HumanMessage**:
"""
def action_lookup(query: str, max_matches: int = 6) -> str # For low-level action questions, map raw leaf actions back to task-sized summaries
def answer(reasoning: str = None, answer: str = Ellipsis)
def ask(question: str)
def date_lookup(query: str, max_matches: int = 8) -> str # For exact date/time or N-days-ago questions, list matching history summaries directly
def event_date_lookup(query: str, max_matches: int = 12) -> str # For "how many days ago did you X" questions, find all matching event dates directly
def now() -> datetime.datetime
def object_lookup(object_name: str, max_matches: int = 8) -> str # For object yes/no questions, check whether task summaries mention the object
def task_list(max_tasks: int = 30) -> str # For task-list questions, list task-sized history summaries in chronological order
def task_lookup(query: str, max_matches: int = 8) -> str # For task-description questions, list task-sized summaries matching a query
def temporal_neighbor(target_task: str, direction: str = 'before', max_candidates: int = 6) -> str # For just-before/just-after questions, find the target task and return adjacent task candidates
def vqa(question: str, *images: PIL.Image.Image)
"""

**HumanMessage**:
"""Usage examples:
>>> history.expand()  # Shows the history tree with all child nodes expanded
>>> history.expand(date(2021, 12, 20))  # Expand the children that overlap with the given day
>>> history.expand(now() - timedelta(hours=6), now() - timedelta(hours=4))  # Expand all children that overlap with the given range (in this example "about 5 hours ago")
>>> history.expand((now() - timedelta(days=2)).date())  # Expand all children that overlap with the day before yesterday
>>> history.expand(0)  # Shows child node 0
>>> history[0].expand()  # Expands all child nodes of node 0 (node 0 must be expanded already to see them)
>>> history[5][2].expand()  # Shows child node 2 of child node 5 with all its child nodes expanded
>>> history.search("green cup") # Semantic index search. Expands the most relevant children according to similarity of the natural language query and the node's (recursively defined) index content.
>>> history[1][42].search("bicycle") # Semantic index search on some node further down the tree. Expands the children of node 1.42 most relevant to the search term
>>> history[3].collapse_all_but(1); history[3][1].expand()  # Zooms into details of child node 3.1 while collapsing all other childs of node 3
>>> vqa("What color is the ... in this image?",
...     history[2][4][-1][0].image)  # Invoke a model to answer a visual question about image(s) of some leaf (!) node(s)

# After gathering the relevant information, answer the question:
# Use a short final answer. Optionally provide a brief reasoning only when needed.
>>> answer("...")"""

**HumanMessage**:
"""User question: When did you make a sandwich?"""

**AIMessage**:
"""event_date_lookup('When did you make a sandwich?')"""

**HumanMessage**:
""""Event date lookup for query='When did you make a sandwich?': event='make a sandwich', today=2023/08/04.\n1. score=0.81; days_ago=20; 2023/07/15 09:29 - 09:38: Upon receiving the instruction to make a sandwich, I first prepared the bread by slicing and toasting it. I then prepared the other ingredients by slicing lettuce and a tomato. After washing a plate, I assembled the sand...\n2. score=0.72; days_ago=17; 2023/07/18 13:37 - 13:42: I prepared a sandwich by slicing bread, toasting two slices, and then slicing a tomato. I then assembled the sandwich by placing the toasted bread and tomato slices onto a plate, completing the user's request.\n3. score=0.85; days_ago=16; 2023/07/19 08:45:16 - 08:47:27: I picked up the bread from the chair and placed it on the countertop, receiving instructions to make a sandwich and slice the bread.\n4. score=0.68; days_ago=14; 2023/07/21 09:16 - 09:22: I prepared ingredients for a sandwich by slicing and toasting two slices of bread, and then slicing lettuce and a tomato.\nRecommended answer: on 2023/07/15, 2023/07/18, 2023/07/19, and 2023/07/21""""

**HumanMessage**:
"""Current state:
2023/07/13 - 2023/08/04: "From July 13th to August 4th, I consistently performed a variety of daily kitchen and household tasks, including preparing diverse meals like toast, sandwiches, cooked potatoes, salads, and coffee, along with routine activities such as watering houseplants, cleaning dishes, and organizing various items including credit cards, remotes, tissue boxes, pencils, newspapers, and watches."  
  ..."""
{}
command: answer("I have records of making a sandwich on July 15th, 18th, 19th, and 21st, 2023.")
expected output: 


 ============================== 


eval answer("I have records of making a sandwich on July 15th, 18th, 19th, and 21st, 2023.")
Answering I have records of making a sandwich on July 15th, 18th, 19th, and 21st, 2023.  with reason: None
Tokens Used: 2415
	Prompt Tokens: 2014
	Completion Tokens: 401
Successful Requests: 1
Total Cost (USD): $0.0
Evaluating sample 6c24abb778c24a7c_704a-977b52faf01e6c05_d71f-01c1b8aa1820aa0b_adaf-32918ea00b69d9fe_38ff-cdf30defa61245ba_5590-2513b9a8d8ae5129_ab38-7337be5c30b1b5d1_874c-57862376ad3394a1_c9dc-32fe2fa7cc43fbc3_b8f3-0de4b62afcd06138_45f2-a966ba0c6e0d463d_ce88-25ef88cce38adfbc_1740-7504548a0dd7baf8_b148-064a69cb5d40b41f_9c2e-a690a35743c855aa_4c00-4b813e7c9bc088d0_1ce1-e4909f617bc99db4_4ab8-03379f213dfbda39_79a2-c49a96282ec09e90_5bfa-a2d31b84a569e568_fb03-88ddc0cbf1a23687_43ea-b36a8d73976068a3_6afd-c02445dd7a5b6f26_d92a-a76099fbab67c9da_4d48-c6c5c151b7b8e770_38db-60d26ec0f9c4757e_425d-9539c0004762d6a8_2eee-b2fde7ee4eb1c40f_1f95-c2ffd6a81bfe2613_f91c-81b10da74f7ac9ff_15c8-6ccc8b815fbc093a_e921-5aa3cbd322d4f163_402a-52e190f2e5f3b790_edbb-71392179ff5e728f_d7fe-4e893adaff5699af_ab4f-6f4aca312776de7b_97f3-4e88e46c6584bd85_21d2-eef61c8f3cdd8280_c537-bfb3e4eaf7ba458f_81db-af3fc77ab8313235_5b72-dbb41344c474217f_ee0e-498d06abfb7e9487_5c19-36492265af47de94_a352-9c97a83f60095487_02d9-0d1a67f82b3b5854_d74d-2f8d482d22e56fdd_410e-5c12b219bbb5bc07_6008-4aafdc038df138e8_58f0-474a8460bc35eb12_20d0-0f0664338151d4ac_5c06-0-tasks_to_days_ago
[配置] 启用 FAISS 加速，索引类型: flat
[Forgetting] 命中缓存
[GraphAug] 命中图缓存 (nodes=4933, edges=16430)
Got 0 examples


 ============================== 


eval event_date_lookup('Today is Aug 04, 2023 at 03:24 PM. How many days ago did you clean all the cups?')
Updated/Defined variables after execution: {}

**SystemMessage**:
"""You are a smart humanoid robot answering user question about your past actions.
The history object contains information on what you did in the past, represented as a tree.
Use the method expand to look at details of a node.
Make sure to use collapse_all_but(idx) when you expanded irrelevant nodes, in order to keep the tree compact.
Enter Python expressions into the console to see the value and decide for the next command based on that result.
Answer concisely by calling answer("...") when you gathered enough information to answer the question.
Generate syntactically correct python console statements only, no explanations or other natural language statements.
IMPORTANT: If search() returns "No relevant records found", your next command MUST be answer("I have no record of that."). Do not search synonyms, do not expand further, and do not call vqa.
IMPORTANT: If you get "Nothing changed" twice, answer honestly that you have no record. Do NOT keep searching repeatedly. For just-before/just-after questions, first try one broader target search or inspect another relevant top-level time block before giving up.
For object yes/no questions, first use object_lookup("object name"). If it reports no matching summary, answer "No, I have no record of that." Do not call vqa unless you already have a directly relevant leaf image.
For task-list questions such as "List the tasks you performed", first use task_list(). Prefer its Recommended answer and chronological candidates instead of manually expanding the whole tree. For long histories, do not copy every task candidate verbatim unless the user explicitly asks for an exhaustive transcript.
For low-level action questions such as "what task did you perform when you toggle/open/pick up/place X", first use action_lookup("full low-level action"), for example action_lookup("open the drawer"). Do not call task_lookup first for these low-level action questions.
For task-description questions such as "describe what you did when you X", first use task_lookup("X"). Prefer its matching task candidates instead of manually expanding the whole tree. This does not apply to low-level action questions covered by action_lookup.
For exact date/time questions or "N days ago" questions asking what happened, first use date_lookup(question). Prefer its Recommended answer when it is confident instead of manually expanding by date.
For "How many days ago did you X?" or "When did you X?" questions, first use event_date_lookup(question). If it lists multiple days, include all of them in the final answer instead of only the most recent match.
For just-before or just-after questions, first use temporal_neighbor(target_task, direction="before" or "after") if a candidate is not already shown. Prefer the returned Recommended answer when it is confident. Only then inspect adjacent sibling or temporal nodes. Avoid expanding to raw leaf observations unless the summary is insufficient.
Do not call vqa for time, date, task-list, before/after, or yes/no object-existence questions when textual summaries already answer the question. Use vqa only for explicit visual appearance questions such as color, visible state, or what something looks like.
Never output bare parameters such as reasoning="..." answer="...". Always call answer("..."). You may call answer(reasoning="...", answer="...") only when a short reason is necessary.
Keep answer() short: answer under 60 words, and do not use markdown or backticks inside answer()."""

**HumanMessage**:
"""
def action_lookup(query: str, max_matches: int = 6) -> str # For low-level action questions, map raw leaf actions back to task-sized summaries
def answer(reasoning: str = None, answer: str = Ellipsis)
def ask(question: str)
def date_lookup(query: str, max_matches: int = 8) -> str # For exact date/time or N-days-ago questions, list matching history summaries directly
def event_date_lookup(query: str, max_matches: int = 12) -> str # For "how many days ago did you X" questions, find all matching event dates directly
def now() -> datetime.datetime
def object_lookup(object_name: str, max_matches: int = 8) -> str # For object yes/no questions, check whether task summaries mention the object
def task_list(max_tasks: int = 30) -> str # For task-list questions, list task-sized history summaries in chronological order
def task_lookup(query: str, max_matches: int = 8) -> str # For task-description questions, list task-sized summaries matching a query
def temporal_neighbor(target_task: str, direction: str = 'before', max_candidates: int = 6) -> str # For just-before/just-after questions, find the target task and return adjacent task candidates
def vqa(question: str, *images: PIL.Image.Image)
"""

**HumanMessage**:
"""Usage examples:
>>> history.expand()  # Shows the history tree with all child nodes expanded
>>> history.expand(date(2021, 12, 20))  # Expand the children that overlap with the given day
>>> history.expand(now() - timedelta(hours=6), now() - timedelta(hours=4))  # Expand all children that overlap with the given range (in this example "about 5 hours ago")
>>> history.expand((now() - timedelta(days=2)).date())  # Expand all children that overlap with the day before yesterday
>>> history.expand(0)  # Shows child node 0
>>> history[0].expand()  # Expands all child nodes of node 0 (node 0 must be expanded already to see them)
>>> history[5][2].expand()  # Shows child node 2 of child node 5 with all its child nodes expanded
>>> history.search("green cup") # Semantic index search. Expands the most relevant children according to similarity of the natural language query and the node's (recursively defined) index content.
>>> history[1][42].search("bicycle") # Semantic index search on some node further down the tree. Expands the children of node 1.42 most relevant to the search term
>>> history[3].collapse_all_but(1); history[3][1].expand()  # Zooms into details of child node 3.1 while collapsing all other childs of node 3
>>> vqa("What color is the ... in this image?",
...     history[2][4][-1][0].image)  # Invoke a model to answer a visual question about image(s) of some leaf (!) node(s)

# After gathering the relevant information, answer the question:
# Use a short final answer. Optionally provide a brief reasoning only when needed.
>>> answer("...")"""

**HumanMessage**:
"""User question: Today is Aug 04, 2023 at 03:24 PM. How many days ago did you clean all the cups?"""

**AIMessage**:
"""event_date_lookup('Today is Aug 04, 2023 at 03:24 PM. How many days ago did you clean all the cups?')"""

**HumanMessage**:
""""Event date lookup for query='Today is Aug 04, 2023 at 03:24 PM. How many days ago did you clean all the cups?': event='clean all the cups', today=2023/08/04.\n1. score=0.84; days_ago=16; 2023/07/19 17:03 - 17:09: I was instructed to clean the mugs. I picked up a dirty cup, placed it in the sink, then took a filled mug, emptied it, placed it in the coffee machine, and turned the machine on to make coffee.\n2. score=0.71; days_ago=15; 2023/07/20 13:09:48 - 13:09:54: I picked up the dirty mug, emptied its contents into the sink basin, and placed it in the sink to be cleaned.\n3. score=0.50; days_ago=12; 2023/07/23 08:00 - 08:04: I was asked to rinse a dirty mug and make coffee. I picked up the mug, placed it in the sink, turned the faucet on and off to rinse it, then placed it in the coffee machine and toggled the machine to brew the coffee.\n4. score=0.83; days_ago=11; 2023/07/24 15:07 - 15:11: I was instructed to clean the drinkware. I picked up a dirty cup from the counter, brought it to the sink, and placed it in the basin. I then retrieved a dirty mug from the counter and also placed it in the sink. Finally...\n5. score=0.62; days_ago=9; 2023/07/26 19:01:51 - 19:03:08: I started by turning off the faucet and then moved a filled mug from the sink to the countertop, as instructed to clean all plates.\n6. score=0.69; days_ago=5; 2023/07/30 10:02:58 - 10:03:09: I then proceeded to clean the mug by turning the faucet on and off, filling it with water, and then pouring the water out.\n7. score=0.67; days_ago=2; 2023/08/02 10:58 - 11:05: Following the user's instruction to make two cups of coffee, I washed two dirty mugs and used the coffee machine to prepare them.\n8. score=0.67; days_ago=1; 2023/08/03 16:21 - 16:27: I was instructed to rinse a dirty mug and make coffee. I initially made a mistake by attempting to use a clean mug, but then correctly identified and used the dirty mug. I rinsed it, placed it in the coffee machine, and...\nRecommended answer: 16 days ago and 15 days ago and 11 days ago and 9 days ago and 5 days ago and 2 days ago and 1 day ago""""

**HumanMessage**:
"""Current state:
2023/07/13 - 2023/08/04: "From July 13th to August 4th, I consistently performed a variety of daily kitchen and household tasks, including preparing diverse meals like toast, sandwiches, cooked potatoes, salads, and coffee, along with routine activities such as watering houseplants, cleaning dishes, and organizing various items including credit cards, remotes, tissue boxes, pencils, newspapers, and watches."  
  ..."""
{}
command: answer("I have records of cleaning cups or mugs on several occasions. The most recent instances were 1, 2, 5, and
expected output: 


 ============================== 


eval answer("I have records of cleaning cups or mugs on several occasions. The most recent instances were 1, 2, 5, and


 ============================== 


eval answer("I have records of cleaning cups or mugs on several occasions. The most recent instances were 1, 2, 5, and


 ============================== 




answer("I have records of cleaning cups or mugs on several occasions. The most recent instances were 1, 2, 5, and

[结构化回退] answer(...) 语法错误，返回结构化推荐答案
Tokens Used: 3183
	Prompt Tokens: 2419
	Completion Tokens: 764
Successful Requests: 1
Total Cost (USD): $0.0
Evaluating sample 6c24abb778c24a7c_704a-977b52faf01e6c05_d71f-01c1b8aa1820aa0b_adaf-32918ea00b69d9fe_38ff-cdf30defa61245ba_5590-2513b9a8d8ae5129_ab38-7337be5c30b1b5d1_874c-57862376ad3394a1_c9dc-32fe2fa7cc43fbc3_b8f3-0de4b62afcd06138_45f2-a966ba0c6e0d463d_ce88-25ef88cce38adfbc_1740-7504548a0dd7baf8_b148-064a69cb5d40b41f_9c2e-a690a35743c855aa_4c00-4b813e7c9bc088d0_1ce1-e4909f617bc99db4_4ab8-03379f213dfbda39_79a2-c49a96282ec09e90_5bfa-a2d31b84a569e568_fb03-88ddc0cbf1a23687_43ea-b36a8d73976068a3_6afd-c02445dd7a5b6f26_d92a-a76099fbab67c9da_4d48-c6c5c151b7b8e770_38db-60d26ec0f9c4757e_425d-9539c0004762d6a8_2eee-b2fde7ee4eb1c40f_1f95-c2ffd6a81bfe2613_f91c-81b10da74f7ac9ff_15c8-6ccc8b815fbc093a_e921-5aa3cbd322d4f163_402a-52e190f2e5f3b790_edbb-71392179ff5e728f_d7fe-4e893adaff5699af_ab4f-6f4aca312776de7b_97f3-4e88e46c6584bd85_21d2-eef61c8f3cdd8280_c537-bfb3e4eaf7ba458f_81db-af3fc77ab8313235_5b72-dbb41344c474217f_ee0e-498d06abfb7e9487_5c19-36492265af47de94_a352-9c97a83f60095487_02d9-0d1a67f82b3b5854_d74d-2f8d482d22e56fdd_410e-5c12b219bbb5bc07_6008-4aafdc038df138e8_58f0-474a8460bc35eb12_20d0-0f0664338151d4ac_5c06-0-days_ago_to_episode
[配置] 启用 FAISS 加速，索引类型: flat
[Forgetting] 命中缓存
[GraphAug] 命中图缓存 (nodes=4933, edges=16430)
Got 0 examples


 ============================== 


eval date_lookup('Today is Aug 04, 2023 at 03:24 PM. What did you do 4 days ago?')
Updated/Defined variables after execution: {}

**SystemMessage**:
"""You are a smart humanoid robot answering user question about your past actions.
The history object contains information on what you did in the past, represented as a tree.
Use the method expand to look at details of a node.
Make sure to use collapse_all_but(idx) when you expanded irrelevant nodes, in order to keep the tree compact.
Enter Python expressions into the console to see the value and decide for the next command based on that result.
Answer concisely by calling answer("...") when you gathered enough information to answer the question.
Generate syntactically correct python console statements only, no explanations or other natural language statements.
IMPORTANT: If search() returns "No relevant records found", your next command MUST be answer("I have no record of that."). Do not search synonyms, do not expand further, and do not call vqa.
IMPORTANT: If you get "Nothing changed" twice, answer honestly that you have no record. Do NOT keep searching repeatedly. For just-before/just-after questions, first try one broader target search or inspect another relevant top-level time block before giving up.
For object yes/no questions, first use object_lookup("object name"). If it reports no matching summary, answer "No, I have no record of that." Do not call vqa unless you already have a directly relevant leaf image.
For task-list questions such as "List the tasks you performed", first use task_list(). Prefer its Recommended answer and chronological candidates instead of manually expanding the whole tree. For long histories, do not copy every task candidate verbatim unless the user explicitly asks for an exhaustive transcript.
For low-level action questions such as "what task did you perform when you toggle/open/pick up/place X", first use action_lookup("full low-level action"), for example action_lookup("open the drawer"). Do not call task_lookup first for these low-level action questions.
For task-description questions such as "describe what you did when you X", first use task_lookup("X"). Prefer its matching task candidates instead of manually expanding the whole tree. This does not apply to low-level action questions covered by action_lookup.
For exact date/time questions or "N days ago" questions asking what happened, first use date_lookup(question). Prefer its Recommended answer when it is confident instead of manually expanding by date.
For "How many days ago did you X?" or "When did you X?" questions, first use event_date_lookup(question). If it lists multiple days, include all of them in the final answer instead of only the most recent match.
For just-before or just-after questions, first use temporal_neighbor(target_task, direction="before" or "after") if a candidate is not already shown. Prefer the returned Recommended answer when it is confident. Only then inspect adjacent sibling or temporal nodes. Avoid expanding to raw leaf observations unless the summary is insufficient.
Do not call vqa for time, date, task-list, before/after, or yes/no object-existence questions when textual summaries already answer the question. Use vqa only for explicit visual appearance questions such as color, visible state, or what something looks like.
Never output bare parameters such as reasoning="..." answer="...". Always call answer("..."). You may call answer(reasoning="...", answer="...") only when a short reason is necessary.
Keep answer() short: answer under 60 words, and do not use markdown or backticks inside answer()."""

**HumanMessage**:
"""
def action_lookup(query: str, max_matches: int = 6) -> str # For low-level action questions, map raw leaf actions back to task-sized summaries
def answer(reasoning: str = None, answer: str = Ellipsis)
def ask(question: str)
def date_lookup(query: str, max_matches: int = 8) -> str # For exact date/time or N-days-ago questions, list matching history summaries directly
def event_date_lookup(query: str, max_matches: int = 12) -> str # For "how many days ago did you X" questions, find all matching event dates directly
def now() -> datetime.datetime
def object_lookup(object_name: str, max_matches: int = 8) -> str # For object yes/no questions, check whether task summaries mention the object
def task_list(max_tasks: int = 30) -> str # For task-list questions, list task-sized history summaries in chronological order
def task_lookup(query: str, max_matches: int = 8) -> str # For task-description questions, list task-sized summaries matching a query
def temporal_neighbor(target_task: str, direction: str = 'before', max_candidates: int = 6) -> str # For just-before/just-after questions, find the target task and return adjacent task candidates
def vqa(question: str, *images: PIL.Image.Image)
"""

**HumanMessage**:
"""Usage examples:
>>> history.expand()  # Shows the history tree with all child nodes expanded
>>> history.expand(date(2021, 12, 20))  # Expand the children that overlap with the given day
>>> history.expand(now() - timedelta(hours=6), now() - timedelta(hours=4))  # Expand all children that overlap with the given range (in this example "about 5 hours ago")
>>> history.expand((now() - timedelta(days=2)).date())  # Expand all children that overlap with the day before yesterday
>>> history.expand(0)  # Shows child node 0
>>> history[0].expand()  # Expands all child nodes of node 0 (node 0 must be expanded already to see them)
>>> history[5][2].expand()  # Shows child node 2 of child node 5 with all its child nodes expanded
>>> history.search("green cup") # Semantic index search. Expands the most relevant children according to similarity of the natural language query and the node's (recursively defined) index content.
>>> history[1][42].search("bicycle") # Semantic index search on some node further down the tree. Expands the children of node 1.42 most relevant to the search term
>>> history[3].collapse_all_but(1); history[3][1].expand()  # Zooms into details of child node 3.1 while collapsing all other childs of node 3
>>> vqa("What color is the ... in this image?",
...     history[2][4][-1][0].image)  # Invoke a model to answer a visual question about image(s) of some leaf (!) node(s)

# After gathering the relevant information, answer the question:
# Use a short final answer. Optionally provide a brief reasoning only when needed.
>>> answer("...")"""

**HumanMessage**:
"""User question: Today is Aug 04, 2023 at 03:24 PM. What did you do 4 days ago?"""

**AIMessage**:
"""date_lookup('Today is Aug 04, 2023 at 03:24 PM. What did you do 4 days ago?')"""

**HumanMessage**:
""""Date lookup for query='Today is Aug 04, 2023 at 03:24 PM. What did you do 4 days ago?': resolved=2023/07/31.\n1. score=0.87; 2023/07/31 08:25 - 18:43: On July 31st, I served two slices of tomato, gathered newspapers onto an armchair, and prepared a dish with sliced lettuce, tomato, and a cooked potato.\n2. score=0.85; 2023/07/31 18:36 - 18:43: I prepared a dish by slicing lettuce, a tomato, and a potato. I then cooked the potato slice in a pan, retrieved a plate, and assembled the dish by placing the cooked potato, tomato slices, and lettuce onto the plate bef...\n3. score=0.85; 2023/07/31 11:39 - 11:45: As instructed, I began gathering newspapers onto an armchair. I moved one newspaper from the dresser to the armchair, and to clear space, I relocated a cellphone from the armchair to the dresser. I then searched various...\n4. score=0.85; 2023/07/31 08:25:31 - 08:28:29: In response to a request to serve two slices of tomato, I sliced a tomato, placed two slices on a plate, and then asked the user for confirmation that the task was complete.\n5. score=0.78; 2023/07/31 08:25:31 - 08:27:46: Upon receiving the user's request to serve two slices of tomato, I first picked up a tomato and a plate and placed them on the countertop. Afterwards, I grabbed a knife and sliced the tomato.\n6. score=0.78; 2023/07/31 18:40:47 - 18:43:01: I picked up a sliced lettuce piece and placed it on the plate. I then picked up another tomato slice and placed it on the plate.\n7. score=0.78; 2023/07/31 11:39:16 - 11:41:13: I started by picking up a newspaper from the dresser and placing it on an armchair, following the instruction to gather all newspapers on one armchair.\n8. score=0.78; 2023/07/31 11:41:26 - 11:43:11: I then searched for another newspaper by opening and closing various drawers and cabinets (Drawer_4, Drawer_2, Cabinet_2). Upon finding a second newspaper, I picked it up and placed it on the same armchair.\nRecommended answer: On July 31st, I served two slices of tomato, gathered newspapers onto an armchair, and prepared a dish with sliced lettuce, tomato, and a cooked potato. I prepared a dish by slicing lettuce, a tomato, and a potato. I then cooked the potato slice in a pan, retrieved a plate, and assembled the dish by placing the cooked potato, tomato slices, and lettuce onto the plate bef... As instructed, I began gathering newspapers onto an armchair. I moved one newspaper from the dresser to the armchair, and to clear space, I relocated a cellphone from the armchair to the dresser. I then searched various... In response to a request to serve two slices of tomato, I sliced a tomato, placed two slices on a plate, and then asked the user for confirmation that the task was complete.""""

**HumanMessage**:
"""Current state:
2023/07/13 - 2023/08/04: "From July 13th to August 4th, I consistently performed a variety of daily kitchen and household tasks, including preparing diverse meals like toast, sandwiches, cooked potatoes, salads, and coffee, along with routine activities such as watering houseplants, cleaning dishes, and organizing various items including credit cards, remotes, tissue boxes, pencils, newspapers, and watches."  
  ..."""
{}
command: answer("On July 31st, I served two slices of tomato, gathered newspapers onto an armchair, and prepared a dish with sliced lettuce, tomato, and a cooked potato.")
expected output: 


 ============================== 


eval answer("On July 31st, I served two slices of tomato, gathered newspapers onto an armchair, and prepared a dish with sliced lettuce, tomato, and a cooked potato.")
Answering On July 31st, I served two slices of tomato, gathered newspapers onto an armchair, and prepared a dish with sliced lettuce, tomato, and a cooked potato.  with reason: None
Tokens Used: 3102
	Prompt Tokens: 2493
	Completion Tokens: 609
Successful Requests: 1
Total Cost (USD): $0.0
Evaluating sample e336199e4aca573c_4d32-85ec788c6b00fb0d_14d1-ad2e4eb0b24a5940_9c9d-50bc3abf986ccabb_7071-915fdf90f4bc33cd_6c72-1fd74046ded8f9d1_42a3-cb0e41e1b364ad27_9a72-4b7b1a5b7f3d19ae_1413-cce21676357b2d20_b27c-01c1b8aa1820aa0b_adaf-b8f22271faff678f_dce6-4fc54b735d3f45a6_b7b4-e8f7cd03e3683657_4d70-84d6411d0710d918_5b3c-04ae108b77699c0f_2453-b53c115c99ca34dd_5e2b-b63078c7b3e28f59_355d-c6f7828bc5640531_1604-c7cc40993ef8468b_3e7b-0b161c6f709cde89_4c30-fef7c3fc3990d2e8_518b-e85d1457c7af9ad4_4960-9e23434a16a146b5_7f9a-41b067f2ce6f3fef_8ee6-9539c0004762d6a8_fe91-a2b0269334c60e48_2cb5-464fb2558d308797_4110-d8034826803791df_10bf-88f8ad0d2d356270_bb95-491169530040eb68_c8b0-e035a44ebae9d3fd_c842-c02445dd7a5b6f26_86bd-8150a936da2df63d_2451-3ebbcf3c3aed7c9e_5813-1e8fb21f2b41b0b0_db8b-a451af83aeece675_117b-140e54aadad74d20_222f-e455dbf27ecaf413_8484-c6c5c151b7b8e770_38db-18f6da623ba658a2_aa07-612f99763b6978b6_0c1a-09d537bcc73a42fc_52e8-5ab41ea72487ce0f_e5be-0d1a67f82b3b5854_d74d-0d600126a7947365_cac4-2b5a33d4908ee77d_20f6-a82cd949493bada0_ffe5-b2815444299854b0_d30e-5026400c43e20c2d_d3fc-85ec788c6b00fb0d_49ba-0-sequence_of_task_descs
[配置] 启用 FAISS 加速，索引类型: flat
[Forgetting] 解析遗忘配置...
[Forgetting] 开始记忆巩固...
[Forgetting] 收集到 5612 个事件节点
[Forgetting] 构建临时轻量图计算度中心性...
[Forgetting] 临时图度中心性: max_degree=68, 有连接的节点数=5388
[Forgetting] 计算节点 embeddings...
Embedding 3491 , new: 3265
[Forgetting] 安全下限触发: θ₁ 从 0.500 下调到 0.238
[Forgetting] 巩固完成: 完整保留=1739 (31.0%), 去细节化=3873 (69.0%), 摘要保留=0 (0.0%), 豁免=652
[Forgetting] 统计: {'total': 5612, 'level_0_full_retain': 1739, 'level_1_detail_removed': 3873, 'level_2_summary_only': 0, 'immune_count': 652, 'effective_theta_1': 0.23751200355903615, 'effective_theta_2': 0.09500480142361446, 'retain_ratio': 0.309871703492516, 'forgetting_ratio': 0.690128296507484}
[GraphAug] 开始构建记忆图...
[MemoryGraph] 收集到 5612 个事件节点
[MemoryGraph] 时间相邻边: 4545
[MemoryGraph] 共享物体边: 12247
[MemoryGraph] 唯一动作数: 372, 相似动作对: 802
[MemoryGraph] 相似动作边: 1599
[MemoryGraph] 图构建完成: {'num_nodes': 5612, 'num_edges': 18391, 'edges_temporal_adjacent': 4545, 'edges_co_object': 12247, 'edges_similar_action': 1599}
[GraphAug] 记忆图构建完成
Got 0 examples


 ============================== 


eval task_list()
Updated/Defined variables after execution: {}

**SystemMessage**:
"""You are a smart humanoid robot answering user question about your past actions.
The history object contains information on what you did in the past, represented as a tree.
Use the method expand to look at details of a node.
Make sure to use collapse_all_but(idx) when you expanded irrelevant nodes, in order to keep the tree compact.
Enter Python expressions into the console to see the value and decide for the next command based on that result.
Answer concisely by calling answer("...") when you gathered enough information to answer the question.
Generate syntactically correct python console statements only, no explanations or other natural language statements.
IMPORTANT: If search() returns "No relevant records found", your next command MUST be answer("I have no record of that."). Do not search synonyms, do not expand further, and do not call vqa.
IMPORTANT: If you get "Nothing changed" twice, answer honestly that you have no record. Do NOT keep searching repeatedly. For just-before/just-after questions, first try one broader target search or inspect another relevant top-level time block before giving up.
For object yes/no questions, first use object_lookup("object name"). If it reports no matching summary, answer "No, I have no record of that." Do not call vqa unless you already have a directly relevant leaf image.
For task-list questions such as "List the tasks you performed", first use task_list(). Prefer its Recommended answer and chronological candidates instead of manually expanding the whole tree. For long histories, do not copy every task candidate verbatim unless the user explicitly asks for an exhaustive transcript.
For low-level action questions such as "what task did you perform when you toggle/open/pick up/place X", first use action_lookup("full low-level action"), for example action_lookup("open the drawer"). Do not call task_lookup first for these low-level action questions.
For task-description questions such as "describe what you did when you X", first use task_lookup("X"). Prefer its matching task candidates instead of manually expanding the whole tree. This does not apply to low-level action questions covered by action_lookup.
For exact date/time questions or "N days ago" questions asking what happened, first use date_lookup(question). Prefer its Recommended answer when it is confident instead of manually expanding by date.
For "How many days ago did you X?" or "When did you X?" questions, first use event_date_lookup(question). If it lists multiple days, include all of them in the final answer instead of only the most recent match.
For just-before or just-after questions, first use temporal_neighbor(target_task, direction="before" or "after") if a candidate is not already shown. Prefer the returned Recommended answer when it is confident. Only then inspect adjacent sibling or temporal nodes. Avoid expanding to raw leaf observations unless the summary is insufficient.
Do not call vqa for time, date, task-list, before/after, or yes/no object-existence questions when textual summaries already answer the question. Use vqa only for explicit visual appearance questions such as color, visible state, or what something looks like.
Never output bare parameters such as reasoning="..." answer="...". Always call answer("..."). You may call answer(reasoning="...", answer="...") only when a short reason is necessary.
Keep answer() short: answer under 60 words, and do not use markdown or backticks inside answer()."""

**HumanMessage**:
"""
def action_lookup(query: str, max_matches: int = 6) -> str # For low-level action questions, map raw leaf actions back to task-sized summaries
def answer(reasoning: str = None, answer: str = Ellipsis)
def ask(question: str)
def date_lookup(query: str, max_matches: int = 8) -> str # For exact date/time or N-days-ago questions, list matching history summaries directly
def event_date_lookup(query: str, max_matches: int = 12) -> str # For "how many days ago did you X" questions, find all matching event dates directly
def now() -> datetime.datetime
def object_lookup(object_name: str, max_matches: int = 8) -> str # For object yes/no questions, check whether task summaries mention the object
def task_list(max_tasks: int = 30) -> str # For task-list questions, list task-sized history summaries in chronological order
def task_lookup(query: str, max_matches: int = 8) -> str # For task-description questions, list task-sized summaries matching a query
def temporal_neighbor(target_task: str, direction: str = 'before', max_candidates: int = 6) -> str # For just-before/just-after questions, find the target task and return adjacent task candidates
def vqa(question: str, *images: PIL.Image.Image)
"""

**HumanMessage**:
"""Usage examples:
>>> history.expand()  # Shows the history tree with all child nodes expanded
>>> history.expand(date(2021, 12, 20))  # Expand the children that overlap with the given day
>>> history.expand(now() - timedelta(hours=6), now() - timedelta(hours=4))  # Expand all children that overlap with the given range (in this example "about 5 hours ago")
>>> history.expand((now() - timedelta(days=2)).date())  # Expand all children that overlap with the day before yesterday
>>> history.expand(0)  # Shows child node 0
>>> history[0].expand()  # Expands all child nodes of node 0 (node 0 must be expanded already to see them)
>>> history[5][2].expand()  # Shows child node 2 of child node 5 with all its child nodes expanded
>>> history.search("green cup") # Semantic index search. Expands the most relevant children according to similarity of the natural language query and the node's (recursively defined) index content.
>>> history[1][42].search("bicycle") # Semantic index search on some node further down the tree. Expands the children of node 1.42 most relevant to the search term
>>> history[3].collapse_all_but(1); history[3][1].expand()  # Zooms into details of child node 3.1 while collapsing all other childs of node 3
>>> vqa("What color is the ... in this image?",
...     history[2][4][-1][0].image)  # Invoke a model to answer a visual question about image(s) of some leaf (!) node(s)

# After gathering the relevant information, answer the question:
# Use a short final answer. Optionally provide a brief reasoning only when needed.
>>> answer("...")"""

**HumanMessage**:
"""User question: List the tasks you performed."""

**AIMessage**:
"""task_list()"""

**HumanMessage**:
""""Task list candidates in chronological order:\nUse these as evidence. If there are many candidates, do not copy every candidate verbatim; use the Recommended answer unless the user explicitly asks for an exhaustive transcript.\n1. 2023/11/24 17:48 - 17:53: I picked up a fork and placed it in an open cabinet as instructed.\n2. 2023/11/25 19:48 - 19:53: I received instructions to slice and cook three potato slices. I brought a potato to the countertop, sliced it, and cooked three pieces in the microwave after clearing some space, then placed the cooked slices back on the countertop.\n3. 2023/11/26 08:09 - 08:15: I started by picking up a pepper shaker and placing it on the countertop, then turning off the faucet. During this time, I received instructions to clean a dirty plate located next to the sink.\n4. 2023/11/26 15:12 - 15:25: I was instructed to boil a potato. I prepared and cleaned a pot, filled it with water, placed it on the stove, added potatoes, and boiled them. After cooking, I emptied the pot and placed a cooked potato on the countertop.\n5. 2023/11/28 16:00:20 - 16:03:06: I sliced and toasted two pieces of bread and cleaned a dirty plate to serve them on.\n6. 2023/11/30 10:43 - 10:47: I opened the cabinet to retrieve the bread and then placed it on the countertop.\n7. 2023/11/30 10:50 - 10:55: I picked up the toasted bread slice, opened the cabinet where the user said the plate was, and placed the toasted bread on the countertop.\n8. 2023/11/30 15:07 - 15:10: I received the task to serve one slice of tomato in a bowl. I first located a tomato and a knife, then sliced the tomato on the countertop.\n9. 2023/11/30 15:12 - 15:15: Despite my first attempt, the user indicated the task was incomplete and suggested cleaning another bowl. I took a second bowl, rinsed it at the sink, and placed a different tomato slice into it.\n10. 2023/11/30 15:17:23 - 15:20:16: Still trying to satisfy the request, I found a third bowl, cleaned it at the sink, and placed a tomato slice in it. I then thanked the user for their help, although the user still seemed uncertain about the completion.\n11. 2023/12/01 16:19:12 - 16:21:52: I sliced a potato on the countertop and cooked two of the slices in the microwave.\n12. 2023/12/02 08:52 - 09:02: I retrieved and sliced lettuce, then proceeded to retrieve and slice a potato. After clearing some space, I cooked two potato slices in the microwave and placed them on the countertop.\n13. 2023/12/02 09:02 - 09:07: I retrieved a dirty plate from the fridge, cleared the sink to wash it, and placed the clean plate on the countertop. Finally, I assembled the requested items by placing the cooked potato slices and lettuce onto the clean plate.\n14. 2023/12/04 13:29 - 13:33: I then searched for more items to clean, finding a dirty cup in a cabinet. I brought the cup to the sink, rinsed it, poured out the water, and placed it with the other cleaned drinkware on the countertop, concluding the cleaning task.\n15. 2023/12/05 12:23 - 12:29: I picked up a knife, sliced a tomato, and placed the sliced tomato pieces on the countertop.\n16. 2023/12/05 14:17 - 14:21: I located a tomato on a chair as requested and moved it to the countertop.\n17. 2023/12/06 15:00 - 15:04: I picked up a butter knife and used it to slice the lettuce and bread, following the user's instructions.\n18. 2023/12/06 15:08 - 15:11: I picked up two slices of lettuce and added them to the plate with the first piece of toast.\n19. 2023/12/07 18:49 - 18:53: I picked up the pillow from the dresser and placed it on the armchair as requested.\n20. 2023/12/08 13:24:33 - 13:27:13: I retrieved a head of lettuce from the shelf, brought it to the countertop, and sliced it with a knife.\n21. 2023/12/08 13:32:32 - 13:35:18: I toasted another slice of bread and added it to the plate to complete the lettuce sandwich, finishing the task as requested.\n22. 2023/12/09 17:57 - 18:00: I sliced the potato, lettuce, and tomato, then cleaned a dirty plate and assembled the salad to complete the task.\n23. 2023/12/09 19:02 - 19:08: I picked up a tomato as instructed by the user and placed it on the countertop.\n24. 2023/12/09 19:09 - 19:12: I opened two cabinets to find a plate and then placed the plate on the countertop.\n25. 2023/12/10 13:32 - 13:36: I received instructions to process a potato, so I picked up a knife, placed it on the countertop, then picked up and put down the potato. I then used the knife to slice the potato and returned the knife to the countertop.\n26. 2023/12/10 13:36 - 13:42: I placed three potato slices into the microwave, cooked them, and then retrieved all three cooked slices, placing them onto a plate on the countertop.\n27. 2023/12/10 14:13 - 14:16: The user requested to water a plant and suggested I use a green cup. I picked up the green cup and placed it on the countertop.\n28. 2023/12/12 15:18 - 15:26: Upon the user's request for a salad, I prepared the ingredients at the kitchen island by slicing lettuce, retrieving a tomato slice, and slicing and cooking potato slices in the microwave.\n29. 2023/12/14 11:14 - 11:20: I prepared the potatoes by placing them in a pot with liquid, moving the pot between countertops and the stove to cook them, and finally returning the pot to a countertop once the potatoes were ready.\n30. 2023/12/14 11:20 - 11:30: After being instructed to make toast, I found a knife in a cabinet, sliced the bread, and toasted it in the toaster.\nRecommended answer: From 2023/11/24 to 2023/12/14, I performed 30 recorded task groups, including bread, toast, and sandwich preparation; potato cooking and slicing; salad, lettuce, and tomato preparation; coffee and drinkware tasks; dish, plate, bowl, and pan cleaning; household organization tasks; plant watering.""""

**HumanMessage**:
"""Current state:
2023/11/23 - 2023/12/14: "From November 23rd to December 14th, I performed a consistent routine of household maintenance and meal preparation. This included preparing various meals such as toast, sandwiches, and salads, boiling potatoes, making coffee, washing dishes, watering houseplants, and organizing common household items like remotes, newspapers, and pillows."  
  ..."""
{}
command: answer("From 2023/11/24 to 2023/12/14, I performed 30 recorded task groups, including bread, toast, and sandwich preparation; potato cooking and slicing; salad, lettuce, and tomato preparation; coffee and drinkware tasks; dish, plate, bowl, and pan cleaning; household organization tasks; and plant watering.")
expected output: 


 ============================== 


eval answer("From 2023/11/24 to 2023/12/14, I performed 30 recorded task groups, including bread, toast, and sandwich preparation; potato cooking and slicing; salad, lettuce, and tomato preparation; coffee and drinkware tasks; dish, plate, bowl, and pan cleaning; household organization tasks; and plant watering.")
Answering From 2023/11/24 to 2023/12/14, I performed 30 recorded task groups, including bread, toast, and sandwich preparation; potato cooking and slicing; salad, lettuce, and tomato preparation; coffee and drinkware tasks; dish, plate, bowl, and pan cleaning; household organization tasks; and plant watering.  with reason: None
Tokens Used: 3763
	Prompt Tokens: 3491
	Completion Tokens: 272
Successful Requests: 1
Total Cost (USD): $0.0
Evaluating sample e336199e4aca573c_4d32-85ec788c6b00fb0d_14d1-ad2e4eb0b24a5940_9c9d-50bc3abf986ccabb_7071-915fdf90f4bc33cd_6c72-1fd74046ded8f9d1_42a3-cb0e41e1b364ad27_9a72-4b7b1a5b7f3d19ae_1413-cce21676357b2d20_b27c-01c1b8aa1820aa0b_adaf-b8f22271faff678f_dce6-4fc54b735d3f45a6_b7b4-e8f7cd03e3683657_4d70-84d6411d0710d918_5b3c-04ae108b77699c0f_2453-b53c115c99ca34dd_5e2b-b63078c7b3e28f59_355d-c6f7828bc5640531_1604-c7cc40993ef8468b_3e7b-0b161c6f709cde89_4c30-fef7c3fc3990d2e8_518b-e85d1457c7af9ad4_4960-9e23434a16a146b5_7f9a-41b067f2ce6f3fef_8ee6-9539c0004762d6a8_fe91-a2b0269334c60e48_2cb5-464fb2558d308797_4110-d8034826803791df_10bf-88f8ad0d2d356270_bb95-491169530040eb68_c8b0-e035a44ebae9d3fd_c842-c02445dd7a5b6f26_86bd-8150a936da2df63d_2451-3ebbcf3c3aed7c9e_5813-1e8fb21f2b41b0b0_db8b-a451af83aeece675_117b-140e54aadad74d20_222f-e455dbf27ecaf413_8484-c6c5c151b7b8e770_38db-18f6da623ba658a2_aa07-612f99763b6978b6_0c1a-09d537bcc73a42fc_52e8-5ab41ea72487ce0f_e5be-0d1a67f82b3b5854_d74d-0d600126a7947365_cac4-2b5a33d4908ee77d_20f6-a82cd949493bada0_ffe5-b2815444299854b0_d30e-5026400c43e20c2d_d3fc-85ec788c6b00fb0d_49ba-0-seq_specific_shortened_low_actions
[配置] 启用 FAISS 加速，索引类型: flat
[Forgetting] 命中缓存
[GraphAug] 命中图缓存 (nodes=5612, edges=18391)
Got 0 examples


 ============================== 


eval task_lookup('clean all the mugs')
Updated/Defined variables after execution: {}

**SystemMessage**:
"""You are a smart humanoid robot answering user question about your past actions.
The history object contains information on what you did in the past, represented as a tree.
Use the method expand to look at details of a node.
Make sure to use collapse_all_but(idx) when you expanded irrelevant nodes, in order to keep the tree compact.
Enter Python expressions into the console to see the value and decide for the next command based on that result.
Answer concisely by calling answer("...") when you gathered enough information to answer the question.
Generate syntactically correct python console statements only, no explanations or other natural language statements.
IMPORTANT: If search() returns "No relevant records found", your next command MUST be answer("I have no record of that."). Do not search synonyms, do not expand further, and do not call vqa.
IMPORTANT: If you get "Nothing changed" twice, answer honestly that you have no record. Do NOT keep searching repeatedly. For just-before/just-after questions, first try one broader target search or inspect another relevant top-level time block before giving up.
For object yes/no questions, first use object_lookup("object name"). If it reports no matching summary, answer "No, I have no record of that." Do not call vqa unless you already have a directly relevant leaf image.
For task-list questions such as "List the tasks you performed", first use task_list(). Prefer its Recommended answer and chronological candidates instead of manually expanding the whole tree. For long histories, do not copy every task candidate verbatim unless the user explicitly asks for an exhaustive transcript.
For low-level action questions such as "what task did you perform when you toggle/open/pick up/place X", first use action_lookup("full low-level action"), for example action_lookup("open the drawer"). Do not call task_lookup first for these low-level action questions.
For task-description questions such as "describe what you did when you X", first use task_lookup("X"). Prefer its matching task candidates instead of manually expanding the whole tree. This does not apply to low-level action questions covered by action_lookup.
For exact date/time questions or "N days ago" questions asking what happened, first use date_lookup(question). Prefer its Recommended answer when it is confident instead of manually expanding by date.
For "How many days ago did you X?" or "When did you X?" questions, first use event_date_lookup(question). If it lists multiple days, include all of them in the final answer instead of only the most recent match.
For just-before or just-after questions, first use temporal_neighbor(target_task, direction="before" or "after") if a candidate is not already shown. Prefer the returned Recommended answer when it is confident. Only then inspect adjacent sibling or temporal nodes. Avoid expanding to raw leaf observations unless the summary is insufficient.
Do not call vqa for time, date, task-list, before/after, or yes/no object-existence questions when textual summaries already answer the question. Use vqa only for explicit visual appearance questions such as color, visible state, or what something looks like.
Never output bare parameters such as reasoning="..." answer="...". Always call answer("..."). You may call answer(reasoning="...", answer="...") only when a short reason is necessary.
Keep answer() short: answer under 60 words, and do not use markdown or backticks inside answer()."""

**HumanMessage**:
"""
def action_lookup(query: str, max_matches: int = 6) -> str # For low-level action questions, map raw leaf actions back to task-sized summaries
def answer(reasoning: str = None, answer: str = Ellipsis)
def ask(question: str)
def date_lookup(query: str, max_matches: int = 8) -> str # For exact date/time or N-days-ago questions, list matching history summaries directly
def event_date_lookup(query: str, max_matches: int = 12) -> str # For "how many days ago did you X" questions, find all matching event dates directly
def now() -> datetime.datetime
def object_lookup(object_name: str, max_matches: int = 8) -> str # For object yes/no questions, check whether task summaries mention the object
def task_list(max_tasks: int = 30) -> str # For task-list questions, list task-sized history summaries in chronological order
def task_lookup(query: str, max_matches: int = 8) -> str # For task-description questions, list task-sized summaries matching a query
def temporal_neighbor(target_task: str, direction: str = 'before', max_candidates: int = 6) -> str # For just-before/just-after questions, find the target task and return adjacent task candidates
def vqa(question: str, *images: PIL.Image.Image)
"""

**HumanMessage**:
"""Usage examples:
>>> history.expand()  # Shows the history tree with all child nodes expanded
>>> history.expand(date(2021, 12, 20))  # Expand the children that overlap with the given day
>>> history.expand(now() - timedelta(hours=6), now() - timedelta(hours=4))  # Expand all children that overlap with the given range (in this example "about 5 hours ago")
>>> history.expand((now() - timedelta(days=2)).date())  # Expand all children that overlap with the day before yesterday
>>> history.expand(0)  # Shows child node 0
>>> history[0].expand()  # Expands all child nodes of node 0 (node 0 must be expanded already to see them)
>>> history[5][2].expand()  # Shows child node 2 of child node 5 with all its child nodes expanded
>>> history.search("green cup") # Semantic index search. Expands the most relevant children according to similarity of the natural language query and the node's (recursively defined) index content.
>>> history[1][42].search("bicycle") # Semantic index search on some node further down the tree. Expands the children of node 1.42 most relevant to the search term
>>> history[3].collapse_all_but(1); history[3][1].expand()  # Zooms into details of child node 3.1 while collapsing all other childs of node 3
>>> vqa("What color is the ... in this image?",
...     history[2][4][-1][0].image)  # Invoke a model to answer a visual question about image(s) of some leaf (!) node(s)

# After gathering the relevant information, answer the question:
# Use a short final answer. Optionally provide a brief reasoning only when needed.
>>> answer("...")"""

**HumanMessage**:
"""User question: describe what you did when you clean all the mugs."""

**AIMessage**:
"""task_lookup('clean all the mugs')"""

**HumanMessage**:
""""Task lookup candidates for query='clean all the mugs':\n1. score=0.91; 2023/12/03 08:38:19 - 08:38:55: I waited for the coffee machine to finish brewing and received confirmation that the task was complete.\n2. score=0.86; 2023/12/04 13:29 - 13:33: I then searched for more items to clean, finding a dirty cup in a cabinet. I brought the cup to the sink, rinsed it, poured out the water, and placed it with the other cleaned drinkware on the countertop, concluding the cleaning task.\n3. score=0.86; 2023/11/25 10:28 - 10:32: I received a request to clean all the plates. To do this, I cleared the sink basin of various items, retrieved dirty plates from the fridge and a cabinet, washed them in the sink, and notified the user once the task was complete.\n4. score=0.84; 2023/12/07 18:24:52 - 18:25:25: I brought the mug to the sink to clean it. I placed it on the countertop, turned off the faucet, then moved the mug into the sink basin. I turned the faucet on and off to rinse it, picked it up, and emptied it.\n5. score=0.84; 2023/12/07 10:11 - 10:14: I cleaned a dirty mug by rinsing it in the sink and then used it to make coffee with the coffee machine, fulfilling the user's request.\n6. score=0.83; 2023/12/11 08:27 - 09:14: On December 11th, I cleaned three dirty plates from various locations. Later, I boiled a potato by gathering a pot and potato, filling the pot with water, and placing it on the stove.\n7. score=0.82; 2023/12/04 13:27 - 19:21: On December 4th, I cleaned two mugs and a cup by rinsing them in the sink, then retrieved, sliced, and toasted bread, serving it on a plate from the trash can.\n8. score=0.81; 2023/12/07 10:11:18 - 10:13:42: I started by cleaning a dirty mug. I picked it up, placed it in the sink, rinsed it by toggling the faucet on and off, and then poured out the water to prepare it for use.\nRecommended answer: I waited for the coffee machine to finish brewing and received confirmation that the task was complete.; I then searched for more items to clean, finding a dirty cup in a cabinet. I brought the cup to the sink, rinsed it...; I received a request to clean all the plates. To do this, I cleared the sink basin of various items...""""

**HumanMessage**:
"""Current state:
2023/11/23 - 2023/12/14: "From November 23rd to December 14th, I performed a consistent routine of household maintenance and meal preparation. This included preparing various meals such as toast, sandwiches, and salads, boiling potatoes, making coffee, washing dishes, watering houseplants, and organizing common household items like remotes, newspapers, and pillows."  
  ..."""
{}
command: answer("On December 4th, I cleaned two mugs and a cup by rinsing them in the sink.")
expected output: 


 ============================== 


eval answer("On December 4th, I cleaned two mugs and a cup by rinsing them in the sink.")
Answering On December 4th, I cleaned two mugs and a cup by rinsing them in the sink.  with reason: None
Tokens Used: 2912
	Prompt Tokens: 2313
	Completion Tokens: 599
Successful Requests: 1
Total Cost (USD): $0.0
Evaluating sample e336199e4aca573c_4d32-85ec788c6b00fb0d_14d1-ad2e4eb0b24a5940_9c9d-50bc3abf986ccabb_7071-915fdf90f4bc33cd_6c72-1fd74046ded8f9d1_42a3-cb0e41e1b364ad27_9a72-4b7b1a5b7f3d19ae_1413-cce21676357b2d20_b27c-01c1b8aa1820aa0b_adaf-b8f22271faff678f_dce6-4fc54b735d3f45a6_b7b4-e8f7cd03e3683657_4d70-84d6411d0710d918_5b3c-04ae108b77699c0f_2453-b53c115c99ca34dd_5e2b-b63078c7b3e28f59_355d-c6f7828bc5640531_1604-c7cc40993ef8468b_3e7b-0b161c6f709cde89_4c30-fef7c3fc3990d2e8_518b-e85d1457c7af9ad4_4960-9e23434a16a146b5_7f9a-41b067f2ce6f3fef_8ee6-9539c0004762d6a8_fe91-a2b0269334c60e48_2cb5-464fb2558d308797_4110-d8034826803791df_10bf-88f8ad0d2d356270_bb95-491169530040eb68_c8b0-e035a44ebae9d3fd_c842-c02445dd7a5b6f26_86bd-8150a936da2df63d_2451-3ebbcf3c3aed7c9e_5813-1e8fb21f2b41b0b0_db8b-a451af83aeece675_117b-140e54aadad74d20_222f-e455dbf27ecaf413_8484-c6c5c151b7b8e770_38db-18f6da623ba658a2_aa07-612f99763b6978b6_0c1a-09d537bcc73a42fc_52e8-5ab41ea72487ce0f_e5be-0d1a67f82b3b5854_d74d-0d600126a7947365_cac4-2b5a33d4908ee77d_20f6-a82cd949493bada0_ffe5-b2815444299854b0_d30e-5026400c43e20c2d_d3fc-85ec788c6b00fb0d_49ba-0-seq_right_after_questions
[配置] 启用 FAISS 加速，索引类型: flat
[Forgetting] 命中缓存
[GraphAug] 命中图缓存 (nodes=5612, edges=18391)
Got 0 examples


 ============================== 


eval temporal_neighbor('put all newspaper on any chairs', direction='after')
Updated/Defined variables after execution: {}

**SystemMessage**:
"""You are a smart humanoid robot answering user question about your past actions.
The history object contains information on what you did in the past, represented as a tree.
Use the method expand to look at details of a node.
Make sure to use collapse_all_but(idx) when you expanded irrelevant nodes, in order to keep the tree compact.
Enter Python expressions into the console to see the value and decide for the next command based on that result.
Answer concisely by calling answer("...") when you gathered enough information to answer the question.
Generate syntactically correct python console statements only, no explanations or other natural language statements.
IMPORTANT: If search() returns "No relevant records found", your next command MUST be answer("I have no record of that."). Do not search synonyms, do not expand further, and do not call vqa.
IMPORTANT: If you get "Nothing changed" twice, answer honestly that you have no record. Do NOT keep searching repeatedly. For just-before/just-after questions, first try one broader target search or inspect another relevant top-level time block before giving up.
For object yes/no questions, first use object_lookup("object name"). If it reports no matching summary, answer "No, I have no record of that." Do not call vqa unless you already have a directly relevant leaf image.
For task-list questions such as "List the tasks you performed", first use task_list(). Prefer its Recommended answer and chronological candidates instead of manually expanding the whole tree. For long histories, do not copy every task candidate verbatim unless the user explicitly asks for an exhaustive transcript.
For low-level action questions such as "what task did you perform when you toggle/open/pick up/place X", first use action_lookup("full low-level action"), for example action_lookup("open the drawer"). Do not call task_lookup first for these low-level action questions.
For task-description questions such as "describe what you did when you X", first use task_lookup("X"). Prefer its matching task candidates instead of manually expanding the whole tree. This does not apply to low-level action questions covered by action_lookup.
For exact date/time questions or "N days ago" questions asking what happened, first use date_lookup(question). Prefer its Recommended answer when it is confident instead of manually expanding by date.
For "How many days ago did you X?" or "When did you X?" questions, first use event_date_lookup(question). If it lists multiple days, include all of them in the final answer instead of only the most recent match.
For just-before or just-after questions, first use temporal_neighbor(target_task, direction="before" or "after") if a candidate is not already shown. Prefer the returned Recommended answer when it is confident. Only then inspect adjacent sibling or temporal nodes. Avoid expanding to raw leaf observations unless the summary is insufficient.
Do not call vqa for time, date, task-list, before/after, or yes/no object-existence questions when textual summaries already answer the question. Use vqa only for explicit visual appearance questions such as color, visible state, or what something looks like.
Never output bare parameters such as reasoning="..." answer="...". Always call answer("..."). You may call answer(reasoning="...", answer="...") only when a short reason is necessary.
Keep answer() short: answer under 60 words, and do not use markdown or backticks inside answer()."""

**HumanMessage**:
"""
def action_lookup(query: str, max_matches: int = 6) -> str # For low-level action questions, map raw leaf actions back to task-sized summaries
def answer(reasoning: str = None, answer: str = Ellipsis)
def ask(question: str)
def date_lookup(query: str, max_matches: int = 8) -> str # For exact date/time or N-days-ago questions, list matching history summaries directly
def event_date_lookup(query: str, max_matches: int = 12) -> str # For "how many days ago did you X" questions, find all matching event dates directly
def now() -> datetime.datetime
def object_lookup(object_name: str, max_matches: int = 8) -> str # For object yes/no questions, check whether task summaries mention the object
def task_list(max_tasks: int = 30) -> str # For task-list questions, list task-sized history summaries in chronological order
def task_lookup(query: str, max_matches: int = 8) -> str # For task-description questions, list task-sized summaries matching a query
def temporal_neighbor(target_task: str, direction: str = 'before', max_candidates: int = 6) -> str # For just-before/just-after questions, find the target task and return adjacent task candidates
def vqa(question: str, *images: PIL.Image.Image)
"""

**HumanMessage**:
"""Usage examples:
>>> history.expand()  # Shows the history tree with all child nodes expanded
>>> history.expand(date(2021, 12, 20))  # Expand the children that overlap with the given day
>>> history.expand(now() - timedelta(hours=6), now() - timedelta(hours=4))  # Expand all children that overlap with the given range (in this example "about 5 hours ago")
>>> history.expand((now() - timedelta(days=2)).date())  # Expand all children that overlap with the day before yesterday
>>> history.expand(0)  # Shows child node 0
>>> history[0].expand()  # Expands all child nodes of node 0 (node 0 must be expanded already to see them)
>>> history[5][2].expand()  # Shows child node 2 of child node 5 with all its child nodes expanded
>>> history.search("green cup") # Semantic index search. Expands the most relevant children according to similarity of the natural language query and the node's (recursively defined) index content.
>>> history[1][42].search("bicycle") # Semantic index search on some node further down the tree. Expands the children of node 1.42 most relevant to the search term
>>> history[3].collapse_all_but(1); history[3][1].expand()  # Zooms into details of child node 3.1 while collapsing all other childs of node 3
>>> vqa("What color is the ... in this image?",
...     history[2][4][-1][0].image)  # Invoke a model to answer a visual question about image(s) of some leaf (!) node(s)

# After gathering the relevant information, answer the question:
# Use a short final answer. Optionally provide a brief reasoning only when needed.
>>> answer("...")"""

**HumanMessage**:
"""User question: What task did you do just after put all newspaper on any chairs?"""

**AIMessage**:
"""temporal_neighbor('put all newspaper on any chairs', direction='after')"""

**HumanMessage**:
""""Temporal neighbor candidates for target='put all newspaper on any chairs', direction='after':\n1. score=0.81; target=2023/12/06 13:03 - 13:07: I collected three newspapers from different locations—the floor, a dresser, and inside a cabinet—and placed them all on the armchair as requested, finally confirming the task's com...; after=2023/12/06 15:00 - 15:12: I prepared a lettuce sandwich by slicing the bread and lettuce, toasting the bread slices, and then assembling the sandwich on a plate before signaling for a final check.\n2. score=0.75; target=2023/12/06 13:06:59 - 13:07:22: I informed the user that I had successfully placed all three newspapers on the armchair as requested.; after=2023/12/06 15:00 - 15:04: I picked up a butter knife and used it to slice the lettuce and bread, following the user's instructions.\n3. score=0.72; target=2023/12/06 13:03 - 15:12: On December 6th, I collected three newspapers from various locations and placed them on an armchair. Later, I prepared a lettuce sandwich by slicing bread and lettuce, toasting the...; after=2023/12/07 10:11:18 - 10:13:42: I started by cleaning a dirty mug. I picked it up, placed it in the sink, rinsed it by toggling the faucet on and off, and then poured out the water to prepare it for use.\n4. score=0.55; target=2023/12/06 13:03:54 - 13:04:37: I started by picking up the first newspaper from the floor and placing it on the armchair.; after=2023/12/06 13:04:40 - 13:05:20: I picked up a tissue box and moved it to the sofa to clear space on the dresser. Then, I picked up the second newspaper from the dresser and placed it on the armchair.\n5. score=0.42; target=2023/12/06 13:04:40 - 13:05:20: I picked up a tissue box and moved it to the sofa to clear space on the dresser. Then, I picked up the second newspaper from the dresser and placed it on the armchair.; after=2023/12/06 13:05:27 - 13:06:55: I searched for the third newspaper. After opening a cabinet, I found it inside a box on the floor. I picked up the third newspaper and placed it on the armchair with the others.\n6. score=0.40; target=2023/12/06 13:05:27 - 13:06:55: I searched for the third newspaper. After opening a cabinet, I found it inside a box on the floor. I picked up the third newspaper and placed it on the armchair with the others.; after=2023/12/06 13:06:59 - 13:07:22: I informed the user that I had successfully placed all three newspapers on the armchair as requested.\nRecommended answer: I prepared a lettuce sandwich by slicing the bread and lettuce, toasting the bread slices, and then assembling the sandwich on a plate before signaling for a final check.""""

**HumanMessage**:
"""Current state:
2023/11/23 - 2023/12/14: "From November 23rd to December 14th, I performed a consistent routine of household maintenance and meal preparation. This included preparing various meals such as toast, sandwiches, and salads, boiling potatoes, making coffee, washing dishes, watering houseplants, and organizing common household items like remotes, newspapers, and pillows."  
  ..."""
{}
command: answer("I prepared a lettuce sandwich by slicing the bread and lettuce, toasting the bread slices, and then assembling the sandwich on a plate before signaling for a final check.")
expected output: 


 ============================== 


eval answer("I prepared a lettuce sandwich by slicing the bread and lettuce, toasting the bread slices, and then assembling the sandwich on a plate before signaling for a final check.")
Answering I prepared a lettuce sandwich by slicing the bread and lettuce, toasting the bread slices, and then assembling the sandwich on a plate before signaling for a final check.  with reason: None
Tokens Used: 2976
	Prompt Tokens: 2469
	Completion Tokens: 507
Successful Requests: 1
Total Cost (USD): $0.0
Evaluating sample e336199e4aca573c_4d32-85ec788c6b00fb0d_14d1-ad2e4eb0b24a5940_9c9d-50bc3abf986ccabb_7071-915fdf90f4bc33cd_6c72-1fd74046ded8f9d1_42a3-cb0e41e1b364ad27_9a72-4b7b1a5b7f3d19ae_1413-cce21676357b2d20_b27c-01c1b8aa1820aa0b_adaf-b8f22271faff678f_dce6-4fc54b735d3f45a6_b7b4-e8f7cd03e3683657_4d70-84d6411d0710d918_5b3c-04ae108b77699c0f_2453-b53c115c99ca34dd_5e2b-b63078c7b3e28f59_355d-c6f7828bc5640531_1604-c7cc40993ef8468b_3e7b-0b161c6f709cde89_4c30-fef7c3fc3990d2e8_518b-e85d1457c7af9ad4_4960-9e23434a16a146b5_7f9a-41b067f2ce6f3fef_8ee6-9539c0004762d6a8_fe91-a2b0269334c60e48_2cb5-464fb2558d308797_4110-d8034826803791df_10bf-88f8ad0d2d356270_bb95-491169530040eb68_c8b0-e035a44ebae9d3fd_c842-c02445dd7a5b6f26_86bd-8150a936da2df63d_2451-3ebbcf3c3aed7c9e_5813-1e8fb21f2b41b0b0_db8b-a451af83aeece675_117b-140e54aadad74d20_222f-e455dbf27ecaf413_8484-c6c5c151b7b8e770_38db-18f6da623ba658a2_aa07-612f99763b6978b6_0c1a-09d537bcc73a42fc_52e8-5ab41ea72487ce0f_e5be-0d1a67f82b3b5854_d74d-0d600126a7947365_cac4-2b5a33d4908ee77d_20f6-a82cd949493bada0_ffe5-b2815444299854b0_d30e-5026400c43e20c2d_d3fc-85ec788c6b00fb0d_49ba-0-seq_right_before_questions
[配置] 启用 FAISS 加速，索引类型: flat
[Forgetting] 命中缓存
[GraphAug] 命中图缓存 (nodes=5612, edges=18391)
Got 0 examples


 ============================== 


eval temporal_neighbor('clean all the mugs', direction='before')
Updated/Defined variables after execution: {}

**SystemMessage**:
"""You are a smart humanoid robot answering user question about your past actions.
The history object contains information on what you did in the past, represented as a tree.
Use the method expand to look at details of a node.
Make sure to use collapse_all_but(idx) when you expanded irrelevant nodes, in order to keep the tree compact.
Enter Python expressions into the console to see the value and decide for the next command based on that result.
Answer concisely by calling answer("...") when you gathered enough information to answer the question.
Generate syntactically correct python console statements only, no explanations or other natural language statements.
IMPORTANT: If search() returns "No relevant records found", your next command MUST be answer("I have no record of that."). Do not search synonyms, do not expand further, and do not call vqa.
IMPORTANT: If you get "Nothing changed" twice, answer honestly that you have no record. Do NOT keep searching repeatedly. For just-before/just-after questions, first try one broader target search or inspect another relevant top-level time block before giving up.
For object yes/no questions, first use object_lookup("object name"). If it reports no matching summary, answer "No, I have no record of that." Do not call vqa unless you already have a directly relevant leaf image.
For task-list questions such as "List the tasks you performed", first use task_list(). Prefer its Recommended answer and chronological candidates instead of manually expanding the whole tree. For long histories, do not copy every task candidate verbatim unless the user explicitly asks for an exhaustive transcript.
For low-level action questions such as "what task did you perform when you toggle/open/pick up/place X", first use action_lookup("full low-level action"), for example action_lookup("open the drawer"). Do not call task_lookup first for these low-level action questions.
For task-description questions such as "describe what you did when you X", first use task_lookup("X"). Prefer its matching task candidates instead of manually expanding the whole tree. This does not apply to low-level action questions covered by action_lookup.
For exact date/time questions or "N days ago" questions asking what happened, first use date_lookup(question). Prefer its Recommended answer when it is confident instead of manually expanding by date.
For "How many days ago did you X?" or "When did you X?" questions, first use event_date_lookup(question). If it lists multiple days, include all of them in the final answer instead of only the most recent match.
For just-before or just-after questions, first use temporal_neighbor(target_task, direction="before" or "after") if a candidate is not already shown. Prefer the returned Recommended answer when it is confident. Only then inspect adjacent sibling or temporal nodes. Avoid expanding to raw leaf observations unless the summary is insufficient.
Do not call vqa for time, date, task-list, before/after, or yes/no object-existence questions when textual summaries already answer the question. Use vqa only for explicit visual appearance questions such as color, visible state, or what something looks like.
Never output bare parameters such as reasoning="..." answer="...". Always call answer("..."). You may call answer(reasoning="...", answer="...") only when a short reason is necessary.
Keep answer() short: answer under 60 words, and do not use markdown or backticks inside answer()."""

**HumanMessage**:
"""
def action_lookup(query: str, max_matches: int = 6) -> str # For low-level action questions, map raw leaf actions back to task-sized summaries
def answer(reasoning: str = None, answer: str = Ellipsis)
def ask(question: str)
def date_lookup(query: str, max_matches: int = 8) -> str # For exact date/time or N-days-ago questions, list matching history summaries directly
def event_date_lookup(query: str, max_matches: int = 12) -> str # For "how many days ago did you X" questions, find all matching event dates directly
def now() -> datetime.datetime
def object_lookup(object_name: str, max_matches: int = 8) -> str # For object yes/no questions, check whether task summaries mention the object
def task_list(max_tasks: int = 30) -> str # For task-list questions, list task-sized history summaries in chronological order
def task_lookup(query: str, max_matches: int = 8) -> str # For task-description questions, list task-sized summaries matching a query
def temporal_neighbor(target_task: str, direction: str = 'before', max_candidates: int = 6) -> str # For just-before/just-after questions, find the target task and return adjacent task candidates
def vqa(question: str, *images: PIL.Image.Image)
"""

**HumanMessage**:
"""Usage examples:
>>> history.expand()  # Shows the history tree with all child nodes expanded
>>> history.expand(date(2021, 12, 20))  # Expand the children that overlap with the given day
>>> history.expand(now() - timedelta(hours=6), now() - timedelta(hours=4))  # Expand all children that overlap with the given range (in this example "about 5 hours ago")
>>> history.expand((now() - timedelta(days=2)).date())  # Expand all children that overlap with the day before yesterday
>>> history.expand(0)  # Shows child node 0
>>> history[0].expand()  # Expands all child nodes of node 0 (node 0 must be expanded already to see them)
>>> history[5][2].expand()  # Shows child node 2 of child node 5 with all its child nodes expanded
>>> history.search("green cup") # Semantic index search. Expands the most relevant children according to similarity of the natural language query and the node's (recursively defined) index content.
>>> history[1][42].search("bicycle") # Semantic index search on some node further down the tree. Expands the children of node 1.42 most relevant to the search term
>>> history[3].collapse_all_but(1); history[3][1].expand()  # Zooms into details of child node 3.1 while collapsing all other childs of node 3
>>> vqa("What color is the ... in this image?",
...     history[2][4][-1][0].image)  # Invoke a model to answer a visual question about image(s) of some leaf (!) node(s)

# After gathering the relevant information, answer the question:
# Use a short final answer. Optionally provide a brief reasoning only when needed.
>>> answer("...")"""

**HumanMessage**:
"""User question: What task did you do just before clean all the mugs?"""

**AIMessage**:
"""temporal_neighbor('clean all the mugs', direction='before')"""

**HumanMessage**:
""""Temporal neighbor candidates for target='clean all the mugs', direction='before':\n1. score=0.91; target=2023/12/04 13:29 - 13:33: I then searched for more items to clean, finding a dirty cup in a cabinet. I brought the cup to the sink, rinsed it, poured out the water, and placed it with the other cleaned drin...; before=2023/12/04 13:27:12 - 13:29:27: I started by locating two mugs, placing them in the sink, rinsing them by turning the faucet on and off, and then pouring out the water and placing the cleaned mugs on the countert...\n2. score=0.89; target=2023/12/07 18:24:52 - 18:25:25: I brought the mug to the sink to clean it. I placed it on the countertop, turned off the faucet, then moved the mug into the sink basin. I turned the faucet on and off to rinse it,...; before=2023/12/07 18:23:20 - 18:24:48: I received a request to make coffee and was told the mug is in the fridge. I opened the fridge, retrieved the mug, and closed the fridge.\n3. score=0.87; target=2023/12/04 13:29:11 - 13:29:27: I picked up each mug individually, poured out the water, and placed them cleaned on the countertop.; before=2023/12/04 13:28:48 - 13:29:07: I found a second mug, placed both mugs in the sink, and turned the faucet on and off to rinse them.\n4. score=0.86; target=2023/12/07 10:11:18 - 10:13:42: I started by cleaning a dirty mug. I picked it up, placed it in the sink, rinsed it by toggling the faucet on and off, and then poured out the water to prepare it for use.; before=2023/12/06 15:11:23 - 15:12:04: I added the second toasted bread slice to the plate, completing the assembly of two toast slices and two lettuce slices as requested, and then signaled for a check.\n5. score=0.85; target=2023/12/13 12:38:40 - 12:38:58: I then washed the mug by toggling the faucet on and off, then picked it up again, poured out any remaining water, and placed the clean mug on the countertop.; before=2023/12/13 12:37:24 - 12:38:37: I began cleaning the first mug by picking it up, pouring its contents into the sink, and placing it in the sink basin.\n6. score=0.83; target=2023/12/07 10:11 - 10:14: I cleaned a dirty mug by rinsing it in the sink and then used it to make coffee with the coffee machine, fulfilling the user's request.; before=2023/12/06 15:11:23 - 15:12:04: I added the second toasted bread slice to the plate, completing the assembly of two toast slices and two lettuce slices as requested, and then signaled for a check.\nRecommended answer: I added the second toasted bread slice to the plate, completing the assembly of two toast slices and two lettuce slices as requested, and then signaled for a check.""""

**HumanMessage**:
"""Current state:
2023/11/23 - 2023/12/14: "From November 23rd to December 14th, I performed a consistent routine of household maintenance and meal preparation. This included preparing various meals such as toast, sandwiches, and salads, boiling potatoes, making coffee, washing dishes, watering houseplants, and organizing common household items like remotes, newspapers, and pillows."  
  ..."""
{}
command: answer("I added the second toasted bread slice to the plate, completing the assembly of two toast slices and two lettuce slices as requested, and then signaled for a check.")
expected output: 


 ============================== 


eval answer("I added the second toasted bread slice to the plate, completing the assembly of two toast slices and two lettuce slices as requested, and then signaled for a check.")
Answering I added the second toasted bread slice to the plate, completing the assembly of two toast slices and two lettuce slices as requested, and then signaled for a check.  with reason: None
Tokens Used: 2891
	Prompt Tokens: 2494
	Completion Tokens: 397
Successful Requests: 1
Total Cost (USD): $0.0
Evaluating sample e336199e4aca573c_4d32-85ec788c6b00fb0d_14d1-ad2e4eb0b24a5940_9c9d-50bc3abf986ccabb_7071-915fdf90f4bc33cd_6c72-1fd74046ded8f9d1_42a3-cb0e41e1b364ad27_9a72-4b7b1a5b7f3d19ae_1413-cce21676357b2d20_b27c-01c1b8aa1820aa0b_adaf-b8f22271faff678f_dce6-4fc54b735d3f45a6_b7b4-e8f7cd03e3683657_4d70-84d6411d0710d918_5b3c-04ae108b77699c0f_2453-b53c115c99ca34dd_5e2b-b63078c7b3e28f59_355d-c6f7828bc5640531_1604-c7cc40993ef8468b_3e7b-0b161c6f709cde89_4c30-fef7c3fc3990d2e8_518b-e85d1457c7af9ad4_4960-9e23434a16a146b5_7f9a-41b067f2ce6f3fef_8ee6-9539c0004762d6a8_fe91-a2b0269334c60e48_2cb5-464fb2558d308797_4110-d8034826803791df_10bf-88f8ad0d2d356270_bb95-491169530040eb68_c8b0-e035a44ebae9d3fd_c842-c02445dd7a5b6f26_86bd-8150a936da2df63d_2451-3ebbcf3c3aed7c9e_5813-1e8fb21f2b41b0b0_db8b-a451af83aeece675_117b-140e54aadad74d20_222f-e455dbf27ecaf413_8484-c6c5c151b7b8e770_38db-18f6da623ba658a2_aa07-612f99763b6978b6_0c1a-09d537bcc73a42fc_52e8-5ab41ea72487ce0f_e5be-0d1a67f82b3b5854_d74d-0d600126a7947365_cac4-2b5a33d4908ee77d_20f6-a82cd949493bada0_ffe5-b2815444299854b0_d30e-5026400c43e20c2d_d3fc-85ec788c6b00fb0d_49ba-0-seq_simple_object_yes_no
[配置] 启用 FAISS 加速，索引类型: flat
[Forgetting] 命中缓存
[GraphAug] 命中图缓存 (nodes=5612, edges=18391)
Got 0 examples


 ============================== 


eval object_lookup('blinds')
Updated/Defined variables after execution: {}

**SystemMessage**:
"""You are a smart humanoid robot answering user question about your past actions.
The history object contains information on what you did in the past, represented as a tree.
Use the method expand to look at details of a node.
Make sure to use collapse_all_but(idx) when you expanded irrelevant nodes, in order to keep the tree compact.
Enter Python expressions into the console to see the value and decide for the next command based on that result.
Answer concisely by calling answer("...") when you gathered enough information to answer the question.
Generate syntactically correct python console statements only, no explanations or other natural language statements.
IMPORTANT: If search() returns "No relevant records found", your next command MUST be answer("I have no record of that."). Do not search synonyms, do not expand further, and do not call vqa.
IMPORTANT: If you get "Nothing changed" twice, answer honestly that you have no record. Do NOT keep searching repeatedly. For just-before/just-after questions, first try one broader target search or inspect another relevant top-level time block before giving up.
For object yes/no questions, first use object_lookup("object name"). If it reports no matching summary, answer "No, I have no record of that." Do not call vqa unless you already have a directly relevant leaf image.
For task-list questions such as "List the tasks you performed", first use task_list(). Prefer its Recommended answer and chronological candidates instead of manually expanding the whole tree. For long histories, do not copy every task candidate verbatim unless the user explicitly asks for an exhaustive transcript.
For low-level action questions such as "what task did you perform when you toggle/open/pick up/place X", first use action_lookup("full low-level action"), for example action_lookup("open the drawer"). Do not call task_lookup first for these low-level action questions.
For task-description questions such as "describe what you did when you X", first use task_lookup("X"). Prefer its matching task candidates instead of manually expanding the whole tree. This does not apply to low-level action questions covered by action_lookup.
For exact date/time questions or "N days ago" questions asking what happened, first use date_lookup(question). Prefer its Recommended answer when it is confident instead of manually expanding by date.
For "How many days ago did you X?" or "When did you X?" questions, first use event_date_lookup(question). If it lists multiple days, include all of them in the final answer instead of only the most recent match.
For just-before or just-after questions, first use temporal_neighbor(target_task, direction="before" or "after") if a candidate is not already shown. Prefer the returned Recommended answer when it is confident. Only then inspect adjacent sibling or temporal nodes. Avoid expanding to raw leaf observations unless the summary is insufficient.
Do not call vqa for time, date, task-list, before/after, or yes/no object-existence questions when textual summaries already answer the question. Use vqa only for explicit visual appearance questions such as color, visible state, or what something looks like.
Never output bare parameters such as reasoning="..." answer="...". Always call answer("..."). You may call answer(reasoning="...", answer="...") only when a short reason is necessary.
Keep answer() short: answer under 60 words, and do not use markdown or backticks inside answer()."""

**HumanMessage**:
"""
def action_lookup(query: str, max_matches: int = 6) -> str # For low-level action questions, map raw leaf actions back to task-sized summaries
def answer(reasoning: str = None, answer: str = Ellipsis)
def ask(question: str)
def date_lookup(query: str, max_matches: int = 8) -> str # For exact date/time or N-days-ago questions, list matching history summaries directly
def event_date_lookup(query: str, max_matches: int = 12) -> str # For "how many days ago did you X" questions, find all matching event dates directly
def now() -> datetime.datetime
def object_lookup(object_name: str, max_matches: int = 8) -> str # For object yes/no questions, check whether task summaries mention the object
def task_list(max_tasks: int = 30) -> str # For task-list questions, list task-sized history summaries in chronological order
def task_lookup(query: str, max_matches: int = 8) -> str # For task-description questions, list task-sized summaries matching a query
def temporal_neighbor(target_task: str, direction: str = 'before', max_candidates: int = 6) -> str # For just-before/just-after questions, find the target task and return adjacent task candidates
def vqa(question: str, *images: PIL.Image.Image)
"""

**HumanMessage**:
"""Usage examples:
>>> history.expand()  # Shows the history tree with all child nodes expanded
>>> history.expand(date(2021, 12, 20))  # Expand the children that overlap with the given day
>>> history.expand(now() - timedelta(hours=6), now() - timedelta(hours=4))  # Expand all children that overlap with the given range (in this example "about 5 hours ago")
>>> history.expand((now() - timedelta(days=2)).date())  # Expand all children that overlap with the day before yesterday
>>> history.expand(0)  # Shows child node 0
>>> history[0].expand()  # Expands all child nodes of node 0 (node 0 must be expanded already to see them)
>>> history[5][2].expand()  # Shows child node 2 of child node 5 with all its child nodes expanded
>>> history.search("green cup") # Semantic index search. Expands the most relevant children according to similarity of the natural language query and the node's (recursively defined) index content.
>>> history[1][42].search("bicycle") # Semantic index search on some node further down the tree. Expands the children of node 1.42 most relevant to the search term
>>> history[3].collapse_all_but(1); history[3][1].expand()  # Zooms into details of child node 3.1 while collapsing all other childs of node 3
>>> vqa("What color is the ... in this image?",
...     history[2][4][-1][0].image)  # Invoke a model to answer a visual question about image(s) of some leaf (!) node(s)

# After gathering the relevant information, answer the question:
# Use a short final answer. Optionally provide a brief reasoning only when needed.
>>> answer("...")"""

**HumanMessage**:
"""User question: Was there a blinds ?"""

**AIMessage**:
"""object_lookup('blinds')"""

**HumanMessage**:
""""Object lookup for object='blinds':\nNo task-sized summaries mention this object.\nRecommended answer: No, I have no record of that.""""

**HumanMessage**:
"""Current state:
2023/11/23 - 2023/12/14: "From November 23rd to December 14th, I performed a consistent routine of household maintenance and meal preparation. This included preparing various meals such as toast, sandwiches, and salads, boiling potatoes, making coffee, washing dishes, watering houseplants, and organizing common household items like remotes, newspapers, and pillows."  
  ..."""
{}
command: answer("No, I have no record of that.")
expected output: 


 ============================== 


eval answer("No, I have no record of that.")
Answering No, I have no record of that.  with reason: None
Tokens Used: 1965
	Prompt Tokens: 1631
	Completion Tokens: 334
Successful Requests: 1
Total Cost (USD): $0.0
Evaluating sample e336199e4aca573c_4d32-85ec788c6b00fb0d_14d1-ad2e4eb0b24a5940_9c9d-50bc3abf986ccabb_7071-915fdf90f4bc33cd_6c72-1fd74046ded8f9d1_42a3-cb0e41e1b364ad27_9a72-4b7b1a5b7f3d19ae_1413-cce21676357b2d20_b27c-01c1b8aa1820aa0b_adaf-b8f22271faff678f_dce6-4fc54b735d3f45a6_b7b4-e8f7cd03e3683657_4d70-84d6411d0710d918_5b3c-04ae108b77699c0f_2453-b53c115c99ca34dd_5e2b-b63078c7b3e28f59_355d-c6f7828bc5640531_1604-c7cc40993ef8468b_3e7b-0b161c6f709cde89_4c30-fef7c3fc3990d2e8_518b-e85d1457c7af9ad4_4960-9e23434a16a146b5_7f9a-41b067f2ce6f3fef_8ee6-9539c0004762d6a8_fe91-a2b0269334c60e48_2cb5-464fb2558d308797_4110-d8034826803791df_10bf-88f8ad0d2d356270_bb95-491169530040eb68_c8b0-e035a44ebae9d3fd_c842-c02445dd7a5b6f26_86bd-8150a936da2df63d_2451-3ebbcf3c3aed7c9e_5813-1e8fb21f2b41b0b0_db8b-a451af83aeece675_117b-140e54aadad74d20_222f-e455dbf27ecaf413_8484-c6c5c151b7b8e770_38db-18f6da623ba658a2_aa07-612f99763b6978b6_0c1a-09d537bcc73a42fc_52e8-5ab41ea72487ce0f_e5be-0d1a67f82b3b5854_d74d-0d600126a7947365_cac4-2b5a33d4908ee77d_20f6-a82cd949493bada0_ffe5-b2815444299854b0_d30e-5026400c43e20c2d_d3fc-85ec788c6b00fb0d_49ba-0-seq_low_actions_to_episode_task_descs
[配置] 启用 FAISS 加速，索引类型: flat
[Forgetting] 命中缓存
[GraphAug] 命中图缓存 (nodes=5612, edges=18391)
Got 0 examples


 ============================== 


eval task_lookup('toggle on the faucet')
Updated/Defined variables after execution: {}
[结构化直答] low-action task lookup matched; returning Recommended answer directly
Tokens Used: 0
	Prompt Tokens: 0
	Completion Tokens: 0
Successful Requests: 0
Total Cost (USD): $0.0
Evaluating sample e336199e4aca573c_4d32-85ec788c6b00fb0d_14d1-ad2e4eb0b24a5940_9c9d-50bc3abf986ccabb_7071-915fdf90f4bc33cd_6c72-1fd74046ded8f9d1_42a3-cb0e41e1b364ad27_9a72-4b7b1a5b7f3d19ae_1413-cce21676357b2d20_b27c-01c1b8aa1820aa0b_adaf-b8f22271faff678f_dce6-4fc54b735d3f45a6_b7b4-e8f7cd03e3683657_4d70-84d6411d0710d918_5b3c-04ae108b77699c0f_2453-b53c115c99ca34dd_5e2b-b63078c7b3e28f59_355d-c6f7828bc5640531_1604-c7cc40993ef8468b_3e7b-0b161c6f709cde89_4c30-fef7c3fc3990d2e8_518b-e85d1457c7af9ad4_4960-9e23434a16a146b5_7f9a-41b067f2ce6f3fef_8ee6-9539c0004762d6a8_fe91-a2b0269334c60e48_2cb5-464fb2558d308797_4110-d8034826803791df_10bf-88f8ad0d2d356270_bb95-491169530040eb68_c8b0-e035a44ebae9d3fd_c842-c02445dd7a5b6f26_86bd-8150a936da2df63d_2451-3ebbcf3c3aed7c9e_5813-1e8fb21f2b41b0b0_db8b-a451af83aeece675_117b-140e54aadad74d20_222f-e455dbf27ecaf413_8484-c6c5c151b7b8e770_38db-18f6da623ba658a2_aa07-612f99763b6978b6_0c1a-09d537bcc73a42fc_52e8-5ab41ea72487ce0f_e5be-0d1a67f82b3b5854_d74d-0d600126a7947365_cac4-2b5a33d4908ee77d_20f6-a82cd949493bada0_ffe5-b2815444299854b0_d30e-5026400c43e20c2d_d3fc-85ec788c6b00fb0d_49ba-0-exact_time_to_episode
[配置] 启用 FAISS 加速，索引类型: flat
[Forgetting] 命中缓存
[GraphAug] 命中图缓存 (nodes=5612, edges=18391)
Got 0 examples


 ============================== 


eval date_lookup('what did you do on Nov 24, 2023 at 09:56 AM?')
Updated/Defined variables after execution: {}

**SystemMessage**:
"""You are a smart humanoid robot answering user question about your past actions.
The history object contains information on what you did in the past, represented as a tree.
Use the method expand to look at details of a node.
Make sure to use collapse_all_but(idx) when you expanded irrelevant nodes, in order to keep the tree compact.
Enter Python expressions into the console to see the value and decide for the next command based on that result.
Answer concisely by calling answer("...") when you gathered enough information to answer the question.
Generate syntactically correct python console statements only, no explanations or other natural language statements.
IMPORTANT: If search() returns "No relevant records found", your next command MUST be answer("I have no record of that."). Do not search synonyms, do not expand further, and do not call vqa.
IMPORTANT: If you get "Nothing changed" twice, answer honestly that you have no record. Do NOT keep searching repeatedly. For just-before/just-after questions, first try one broader target search or inspect another relevant top-level time block before giving up.
For object yes/no questions, first use object_lookup("object name"). If it reports no matching summary, answer "No, I have no record of that." Do not call vqa unless you already have a directly relevant leaf image.
For task-list questions such as "List the tasks you performed", first use task_list(). Prefer its Recommended answer and chronological candidates instead of manually expanding the whole tree. For long histories, do not copy every task candidate verbatim unless the user explicitly asks for an exhaustive transcript.
For low-level action questions such as "what task did you perform when you toggle/open/pick up/place X", first use action_lookup("full low-level action"), for example action_lookup("open the drawer"). Do not call task_lookup first for these low-level action questions.
For task-description questions such as "describe what you did when you X", first use task_lookup("X"). Prefer its matching task candidates instead of manually expanding the whole tree. This does not apply to low-level action questions covered by action_lookup.
For exact date/time questions or "N days ago" questions asking what happened, first use date_lookup(question). Prefer its Recommended answer when it is confident instead of manually expanding by date.
For "How many days ago did you X?" or "When did you X?" questions, first use event_date_lookup(question). If it lists multiple days, include all of them in the final answer instead of only the most recent match.
For just-before or just-after questions, first use temporal_neighbor(target_task, direction="before" or "after") if a candidate is not already shown. Prefer the returned Recommended answer when it is confident. Only then inspect adjacent sibling or temporal nodes. Avoid expanding to raw leaf observations unless the summary is insufficient.
Do not call vqa for time, date, task-list, before/after, or yes/no object-existence questions when textual summaries already answer the question. Use vqa only for explicit visual appearance questions such as color, visible state, or what something looks like.
Never output bare parameters such as reasoning="..." answer="...". Always call answer("..."). You may call answer(reasoning="...", answer="...") only when a short reason is necessary.
Keep answer() short: answer under 60 words, and do not use markdown or backticks inside answer()."""

**HumanMessage**:
"""
def action_lookup(query: str, max_matches: int = 6) -> str # For low-level action questions, map raw leaf actions back to task-sized summaries
def answer(reasoning: str = None, answer: str = Ellipsis)
def ask(question: str)
def date_lookup(query: str, max_matches: int = 8) -> str # For exact date/time or N-days-ago questions, list matching history summaries directly
def event_date_lookup(query: str, max_matches: int = 12) -> str # For "how many days ago did you X" questions, find all matching event dates directly
def now() -> datetime.datetime
def object_lookup(object_name: str, max_matches: int = 8) -> str # For object yes/no questions, check whether task summaries mention the object
def task_list(max_tasks: int = 30) -> str # For task-list questions, list task-sized history summaries in chronological order
def task_lookup(query: str, max_matches: int = 8) -> str # For task-description questions, list task-sized summaries matching a query
def temporal_neighbor(target_task: str, direction: str = 'before', max_candidates: int = 6) -> str # For just-before/just-after questions, find the target task and return adjacent task candidates
def vqa(question: str, *images: PIL.Image.Image)
"""

**HumanMessage**:
"""Usage examples:
>>> history.expand()  # Shows the history tree with all child nodes expanded
>>> history.expand(date(2021, 12, 20))  # Expand the children that overlap with the given day
>>> history.expand(now() - timedelta(hours=6), now() - timedelta(hours=4))  # Expand all children that overlap with the given range (in this example "about 5 hours ago")
>>> history.expand((now() - timedelta(days=2)).date())  # Expand all children that overlap with the day before yesterday
>>> history.expand(0)  # Shows child node 0
>>> history[0].expand()  # Expands all child nodes of node 0 (node 0 must be expanded already to see them)
>>> history[5][2].expand()  # Shows child node 2 of child node 5 with all its child nodes expanded
>>> history.search("green cup") # Semantic index search. Expands the most relevant children according to similarity of the natural language query and the node's (recursively defined) index content.
>>> history[1][42].search("bicycle") # Semantic index search on some node further down the tree. Expands the children of node 1.42 most relevant to the search term
>>> history[3].collapse_all_but(1); history[3][1].expand()  # Zooms into details of child node 3.1 while collapsing all other childs of node 3
>>> vqa("What color is the ... in this image?",
...     history[2][4][-1][0].image)  # Invoke a model to answer a visual question about image(s) of some leaf (!) node(s)

# After gathering the relevant information, answer the question:
# Use a short final answer. Optionally provide a brief reasoning only when needed.
>>> answer("...")"""

**HumanMessage**:
"""User question: what did you do on Nov 24, 2023 at 09:56 AM?"""

**AIMessage**:
"""date_lookup('what did you do on Nov 24, 2023 at 09:56 AM?')"""

**HumanMessage**:
""""Date lookup for query='what did you do on Nov 24, 2023 at 09:56 AM?': resolved=2023/11/24 09:56:00.\n1. score=0.99; 2023/11/24 09:56:51 - 09:57:32: I picked up a dirty, filled mug and used its contents to water a houseplant, as instructed.\n2. score=0.92; 2023/11/24 09:56:51 - 09:57:44: I followed the instruction to water a houseplant using the contents of a mug and then confirmed the task was completed.\n3. score=0.84; 2023/11/24 09:56:51 - 09:57:16: Goal: Pickup(Mug_1) Visual observation: Mug_1 [dirty, filled], StoveBurner_2, Cabinet_1, Cabinet_2, CounterTop_2, StoveKnob_1, Window_0, CoffeeMachine [toggled] Mug_1, CoffeeMachine are in/on CounterTop_2 Speech: 2023-11...\n4. score=0.35; 2023/11/24 09:56 - 17:55: On November 24th, I watered a houseplant, then prepared a salad by slicing lettuce and tomato onto a plate, and later placed two forks into a cabinet.\n5. score=0.17; 2023/11/23 - 2023/11/27: From November 23rd to 27th, I performed various kitchen tasks and plant care, including washing plates, making toast and salads, boiling potatoes, and watering houseplants.\n6. score=0.08; 2023/11/23 - 2023/12/14: From November 23rd to December 14th, I performed a consistent routine of household maintenance and meal preparation. This included preparing various meals such as toast, sandwiches, and salads, boiling potatoes, making c...\nRecommended answer: I picked up a dirty, filled mug and used its contents to water a houseplant, as instructed.""""

**HumanMessage**:
"""Current state:
2023/11/23 - 2023/12/14: "From November 23rd to December 14th, I performed a consistent routine of household maintenance and meal preparation. This included preparing various meals such as toast, sandwiches, and salads, boiling potatoes, making coffee, washing dishes, watering houseplants, and organizing common household items like remotes, newspapers, and pillows."  
  ..."""
{}
command: answer("I picked up a dirty, filled mug and used its contents to water a houseplant, as instructed.")
expected output: 


 ============================== 


eval answer("I picked up a dirty, filled mug and used its contents to water a houseplant, as instructed.")
Answering I picked up a dirty, filled mug and used its contents to water a houseplant, as instructed.  with reason: None
Tokens Used: 2709
	Prompt Tokens: 2183
	Completion Tokens: 526
Successful Requests: 1
Total Cost (USD): $0.0
Evaluating sample e336199e4aca573c_4d32-85ec788c6b00fb0d_14d1-ad2e4eb0b24a5940_9c9d-50bc3abf986ccabb_7071-915fdf90f4bc33cd_6c72-1fd74046ded8f9d1_42a3-cb0e41e1b364ad27_9a72-4b7b1a5b7f3d19ae_1413-cce21676357b2d20_b27c-01c1b8aa1820aa0b_adaf-b8f22271faff678f_dce6-4fc54b735d3f45a6_b7b4-e8f7cd03e3683657_4d70-84d6411d0710d918_5b3c-04ae108b77699c0f_2453-b53c115c99ca34dd_5e2b-b63078c7b3e28f59_355d-c6f7828bc5640531_1604-c7cc40993ef8468b_3e7b-0b161c6f709cde89_4c30-fef7c3fc3990d2e8_518b-e85d1457c7af9ad4_4960-9e23434a16a146b5_7f9a-41b067f2ce6f3fef_8ee6-9539c0004762d6a8_fe91-a2b0269334c60e48_2cb5-464fb2558d308797_4110-d8034826803791df_10bf-88f8ad0d2d356270_bb95-491169530040eb68_c8b0-e035a44ebae9d3fd_c842-c02445dd7a5b6f26_86bd-8150a936da2df63d_2451-3ebbcf3c3aed7c9e_5813-1e8fb21f2b41b0b0_db8b-a451af83aeece675_117b-140e54aadad74d20_222f-e455dbf27ecaf413_8484-c6c5c151b7b8e770_38db-18f6da623ba658a2_aa07-612f99763b6978b6_0c1a-09d537bcc73a42fc_52e8-5ab41ea72487ce0f_e5be-0d1a67f82b3b5854_d74d-0d600126a7947365_cac4-2b5a33d4908ee77d_20f6-a82cd949493bada0_ffe5-b2815444299854b0_d30e-5026400c43e20c2d_d3fc-85ec788c6b00fb0d_49ba-0-tasks_to_exact_times
[配置] 启用 FAISS 加速，索引类型: flat
[Forgetting] 命中缓存
[GraphAug] 命中图缓存 (nodes=5612, edges=18391)
Got 0 examples


 ============================== 


eval event_date_lookup('When did you cook 3 slice(s) of potato and serve on a plate?')
Updated/Defined variables after execution: {}

**SystemMessage**:
"""You are a smart humanoid robot answering user question about your past actions.
The history object contains information on what you did in the past, represented as a tree.
Use the method expand to look at details of a node.
Make sure to use collapse_all_but(idx) when you expanded irrelevant nodes, in order to keep the tree compact.
Enter Python expressions into the console to see the value and decide for the next command based on that result.
Answer concisely by calling answer("...") when you gathered enough information to answer the question.
Generate syntactically correct python console statements only, no explanations or other natural language statements.
IMPORTANT: If search() returns "No relevant records found", your next command MUST be answer("I have no record of that."). Do not search synonyms, do not expand further, and do not call vqa.
IMPORTANT: If you get "Nothing changed" twice, answer honestly that you have no record. Do NOT keep searching repeatedly. For just-before/just-after questions, first try one broader target search or inspect another relevant top-level time block before giving up.
For object yes/no questions, first use object_lookup("object name"). If it reports no matching summary, answer "No, I have no record of that." Do not call vqa unless you already have a directly relevant leaf image.
For task-list questions such as "List the tasks you performed", first use task_list(). Prefer its Recommended answer and chronological candidates instead of manually expanding the whole tree. For long histories, do not copy every task candidate verbatim unless the user explicitly asks for an exhaustive transcript.
For low-level action questions such as "what task did you perform when you toggle/open/pick up/place X", first use action_lookup("full low-level action"), for example action_lookup("open the drawer"). Do not call task_lookup first for these low-level action questions.
For task-description questions such as "describe what you did when you X", first use task_lookup("X"). Prefer its matching task candidates instead of manually expanding the whole tree. This does not apply to low-level action questions covered by action_lookup.
For exact date/time questions or "N days ago" questions asking what happened, first use date_lookup(question). Prefer its Recommended answer when it is confident instead of manually expanding by date.
For "How many days ago did you X?" or "When did you X?" questions, first use event_date_lookup(question). If it lists multiple days, include all of them in the final answer instead of only the most recent match.
For just-before or just-after questions, first use temporal_neighbor(target_task, direction="before" or "after") if a candidate is not already shown. Prefer the returned Recommended answer when it is confident. Only then inspect adjacent sibling or temporal nodes. Avoid expanding to raw leaf observations unless the summary is insufficient.
Do not call vqa for time, date, task-list, before/after, or yes/no object-existence questions when textual summaries already answer the question. Use vqa only for explicit visual appearance questions such as color, visible state, or what something looks like.
Never output bare parameters such as reasoning="..." answer="...". Always call answer("..."). You may call answer(reasoning="...", answer="...") only when a short reason is necessary.
Keep answer() short: answer under 60 words, and do not use markdown or backticks inside answer()."""

**HumanMessage**:
"""
def action_lookup(query: str, max_matches: int = 6) -> str # For low-level action questions, map raw leaf actions back to task-sized summaries
def answer(reasoning: str = None, answer: str = Ellipsis)
def ask(question: str)
def date_lookup(query: str, max_matches: int = 8) -> str # For exact date/time or N-days-ago questions, list matching history summaries directly
def event_date_lookup(query: str, max_matches: int = 12) -> str # For "how many days ago did you X" questions, find all matching event dates directly
def now() -> datetime.datetime
def object_lookup(object_name: str, max_matches: int = 8) -> str # For object yes/no questions, check whether task summaries mention the object
def task_list(max_tasks: int = 30) -> str # For task-list questions, list task-sized history summaries in chronological order
def task_lookup(query: str, max_matches: int = 8) -> str # For task-description questions, list task-sized summaries matching a query
def temporal_neighbor(target_task: str, direction: str = 'before', max_candidates: int = 6) -> str # For just-before/just-after questions, find the target task and return adjacent task candidates
def vqa(question: str, *images: PIL.Image.Image)
"""

**HumanMessage**:
"""Usage examples:
>>> history.expand()  # Shows the history tree with all child nodes expanded
>>> history.expand(date(2021, 12, 20))  # Expand the children that overlap with the given day
>>> history.expand(now() - timedelta(hours=6), now() - timedelta(hours=4))  # Expand all children that overlap with the given range (in this example "about 5 hours ago")
>>> history.expand((now() - timedelta(days=2)).date())  # Expand all children that overlap with the day before yesterday
>>> history.expand(0)  # Shows child node 0
>>> history[0].expand()  # Expands all child nodes of node 0 (node 0 must be expanded already to see them)
>>> history[5][2].expand()  # Shows child node 2 of child node 5 with all its child nodes expanded
>>> history.search("green cup") # Semantic index search. Expands the most relevant children according to similarity of the natural language query and the node's (recursively defined) index content.
>>> history[1][42].search("bicycle") # Semantic index search on some node further down the tree. Expands the children of node 1.42 most relevant to the search term
>>> history[3].collapse_all_but(1); history[3][1].expand()  # Zooms into details of child node 3.1 while collapsing all other childs of node 3
>>> vqa("What color is the ... in this image?",
...     history[2][4][-1][0].image)  # Invoke a model to answer a visual question about image(s) of some leaf (!) node(s)

# After gathering the relevant information, answer the question:
# Use a short final answer. Optionally provide a brief reasoning only when needed.
>>> answer("...")"""

**HumanMessage**:
"""User question: When did you cook 3 slice(s) of potato and serve on a plate?"""

**AIMessage**:
"""event_date_lookup('When did you cook 3 slice(s) of potato and serve on a plate?')"""

**HumanMessage**:
""""Event date lookup for query='When did you cook 3 slice(s) of potato and serve on a plate?': event='cook 3 slice(s) of potato and serve on a plate', today=2023/12/14.\n1. score=0.60; days_ago=19; 2023/11/25 19:54:53 - 19:56:09: I picked up each of the three cooked potato slices one by one and placed them onto the plate. The user then confirmed the task was well done.\n2. score=0.67; days_ago=12; 2023/12/02 09:05:34 - 09:07:02: Finally, I assembled the requested items by placing two cooked potato slices and a slice of lettuce onto the clean plate. The user thanked me for completing the task.\n3. score=0.59; days_ago=5; 2023/12/09 17:59:09 - 18:00:35: I assembled the salad by placing one slice of cooked potato, two slices of lettuce, and one slice of tomato onto the clean plate. The user thanked me upon completion.\n4. score=0.63; days_ago=4; 2023/12/10 13:40:29 - 13:42:02: I retrieved all three cooked potato slices from the microwave, placing them on a plate and then on the countertop.\n5. score=0.64; days_ago=2; 2023/12/12 15:28:07 - 15:28:41: I cleared a spoon from the microwave, then added the second cooked potato slice to the plate to finish the salad. The user thanked me for completing the task.\n6. score=0.58; days_ago=0; 2023/12/14 11:21:30 - 11:21:42: I picked up one of the sliced cooked potato pieces and placed it on a plate. The user then instructed me to pick a clean bowl from the fridge.\nRecommended answer: on 2023/11/25, 2023/12/02, 2023/12/09, 2023/12/10, 2023/12/12, and 2023/12/14""""

**HumanMessage**:
"""Current state:
2023/11/23 - 2023/12/14: "From November 23rd to December 14th, I performed a consistent routine of household maintenance and meal preparation. This included preparing various meals such as toast, sandwiches, and salads, boiling potatoes, making coffee, washing dishes, watering houseplants, and organizing common household items like remotes, newspapers, and pillows."  
  ..."""
{}
command: answer("I have records of placing three slices of cooked potato on a plate on November 25, 2023, and December 10, 2023.")
expected output: 


 ============================== 


eval answer("I have records of placing three slices of cooked potato on a plate on November 25, 2023, and December 10, 2023.")
Answering I have records of placing three slices of cooked potato on a plate on November 25, 2023, and December 10, 2023.  with reason: None
Tokens Used: 2918
	Prompt Tokens: 2227
	Completion Tokens: 691
Successful Requests: 1
Total Cost (USD): $0.0
Evaluating sample e336199e4aca573c_4d32-85ec788c6b00fb0d_14d1-ad2e4eb0b24a5940_9c9d-50bc3abf986ccabb_7071-915fdf90f4bc33cd_6c72-1fd74046ded8f9d1_42a3-cb0e41e1b364ad27_9a72-4b7b1a5b7f3d19ae_1413-cce21676357b2d20_b27c-01c1b8aa1820aa0b_adaf-b8f22271faff678f_dce6-4fc54b735d3f45a6_b7b4-e8f7cd03e3683657_4d70-84d6411d0710d918_5b3c-04ae108b77699c0f_2453-b53c115c99ca34dd_5e2b-b63078c7b3e28f59_355d-c6f7828bc5640531_1604-c7cc40993ef8468b_3e7b-0b161c6f709cde89_4c30-fef7c3fc3990d2e8_518b-e85d1457c7af9ad4_4960-9e23434a16a146b5_7f9a-41b067f2ce6f3fef_8ee6-9539c0004762d6a8_fe91-a2b0269334c60e48_2cb5-464fb2558d308797_4110-d8034826803791df_10bf-88f8ad0d2d356270_bb95-491169530040eb68_c8b0-e035a44ebae9d3fd_c842-c02445dd7a5b6f26_86bd-8150a936da2df63d_2451-3ebbcf3c3aed7c9e_5813-1e8fb21f2b41b0b0_db8b-a451af83aeece675_117b-140e54aadad74d20_222f-e455dbf27ecaf413_8484-c6c5c151b7b8e770_38db-18f6da623ba658a2_aa07-612f99763b6978b6_0c1a-09d537bcc73a42fc_52e8-5ab41ea72487ce0f_e5be-0d1a67f82b3b5854_d74d-0d600126a7947365_cac4-2b5a33d4908ee77d_20f6-a82cd949493bada0_ffe5-b2815444299854b0_d30e-5026400c43e20c2d_d3fc-85ec788c6b00fb0d_49ba-0-tasks_to_days_ago
[配置] 启用 FAISS 加速，索引类型: flat
[Forgetting] 命中缓存
[GraphAug] 命中图缓存 (nodes=5612, edges=18391)
Got 0 examples


 ============================== 


eval event_date_lookup('Today is Dec 14, 2023 at 06:25 PM. How many days ago did you serve 1 slice(s) of tomato in a bowl?')
Updated/Defined variables after execution: {}

**SystemMessage**:
"""You are a smart humanoid robot answering user question about your past actions.
The history object contains information on what you did in the past, represented as a tree.
Use the method expand to look at details of a node.
Make sure to use collapse_all_but(idx) when you expanded irrelevant nodes, in order to keep the tree compact.
Enter Python expressions into the console to see the value and decide for the next command based on that result.
Answer concisely by calling answer("...") when you gathered enough information to answer the question.
Generate syntactically correct python console statements only, no explanations or other natural language statements.
IMPORTANT: If search() returns "No relevant records found", your next command MUST be answer("I have no record of that."). Do not search synonyms, do not expand further, and do not call vqa.
IMPORTANT: If you get "Nothing changed" twice, answer honestly that you have no record. Do NOT keep searching repeatedly. For just-before/just-after questions, first try one broader target search or inspect another relevant top-level time block before giving up.
For object yes/no questions, first use object_lookup("object name"). If it reports no matching summary, answer "No, I have no record of that." Do not call vqa unless you already have a directly relevant leaf image.
For task-list questions such as "List the tasks you performed", first use task_list(). Prefer its Recommended answer and chronological candidates instead of manually expanding the whole tree. For long histories, do not copy every task candidate verbatim unless the user explicitly asks for an exhaustive transcript.
For low-level action questions such as "what task did you perform when you toggle/open/pick up/place X", first use action_lookup("full low-level action"), for example action_lookup("open the drawer"). Do not call task_lookup first for these low-level action questions.
For task-description questions such as "describe what you did when you X", first use task_lookup("X"). Prefer its matching task candidates instead of manually expanding the whole tree. This does not apply to low-level action questions covered by action_lookup.
For exact date/time questions or "N days ago" questions asking what happened, first use date_lookup(question). Prefer its Recommended answer when it is confident instead of manually expanding by date.
For "How many days ago did you X?" or "When did you X?" questions, first use event_date_lookup(question). If it lists multiple days, include all of them in the final answer instead of only the most recent match.
For just-before or just-after questions, first use temporal_neighbor(target_task, direction="before" or "after") if a candidate is not already shown. Prefer the returned Recommended answer when it is confident. Only then inspect adjacent sibling or temporal nodes. Avoid expanding to raw leaf observations unless the summary is insufficient.
Do not call vqa for time, date, task-list, before/after, or yes/no object-existence questions when textual summaries already answer the question. Use vqa only for explicit visual appearance questions such as color, visible state, or what something looks like.
Never output bare parameters such as reasoning="..." answer="...". Always call answer("..."). You may call answer(reasoning="...", answer="...") only when a short reason is necessary.
Keep answer() short: answer under 60 words, and do not use markdown or backticks inside answer()."""

**HumanMessage**:
"""
def action_lookup(query: str, max_matches: int = 6) -> str # For low-level action questions, map raw leaf actions back to task-sized summaries
def answer(reasoning: str = None, answer: str = Ellipsis)
def ask(question: str)
def date_lookup(query: str, max_matches: int = 8) -> str # For exact date/time or N-days-ago questions, list matching history summaries directly
def event_date_lookup(query: str, max_matches: int = 12) -> str # For "how many days ago did you X" questions, find all matching event dates directly
def now() -> datetime.datetime
def object_lookup(object_name: str, max_matches: int = 8) -> str # For object yes/no questions, check whether task summaries mention the object
def task_list(max_tasks: int = 30) -> str # For task-list questions, list task-sized history summaries in chronological order
def task_lookup(query: str, max_matches: int = 8) -> str # For task-description questions, list task-sized summaries matching a query
def temporal_neighbor(target_task: str, direction: str = 'before', max_candidates: int = 6) -> str # For just-before/just-after questions, find the target task and return adjacent task candidates
def vqa(question: str, *images: PIL.Image.Image)
"""

**HumanMessage**:
"""Usage examples:
>>> history.expand()  # Shows the history tree with all child nodes expanded
>>> history.expand(date(2021, 12, 20))  # Expand the children that overlap with the given day
>>> history.expand(now() - timedelta(hours=6), now() - timedelta(hours=4))  # Expand all children that overlap with the given range (in this example "about 5 hours ago")
>>> history.expand((now() - timedelta(days=2)).date())  # Expand all children that overlap with the day before yesterday
>>> history.expand(0)  # Shows child node 0
>>> history[0].expand()  # Expands all child nodes of node 0 (node 0 must be expanded already to see them)
>>> history[5][2].expand()  # Shows child node 2 of child node 5 with all its child nodes expanded
>>> history.search("green cup") # Semantic index search. Expands the most relevant children according to similarity of the natural language query and the node's (recursively defined) index content.
>>> history[1][42].search("bicycle") # Semantic index search on some node further down the tree. Expands the children of node 1.42 most relevant to the search term
>>> history[3].collapse_all_but(1); history[3][1].expand()  # Zooms into details of child node 3.1 while collapsing all other childs of node 3
>>> vqa("What color is the ... in this image?",
...     history[2][4][-1][0].image)  # Invoke a model to answer a visual question about image(s) of some leaf (!) node(s)

# After gathering the relevant information, answer the question:
# Use a short final answer. Optionally provide a brief reasoning only when needed.
>>> answer("...")"""

**HumanMessage**:
"""User question: Today is Dec 14, 2023 at 06:25 PM. How many days ago did you serve 1 slice(s) of tomato in a bowl?"""

**AIMessage**:
"""event_date_lookup('Today is Dec 14, 2023 at 06:25 PM. How many days ago did you serve 1 slice(s) of tomato in a bowl?')"""

**HumanMessage**:
""""Event date lookup for query='Today is Dec 14, 2023 at 06:25 PM. How many days ago did you serve 1 slice(s) of tomato in a bowl?': event='serve 1 slice(s) of tomato in a bowl', today=2023/12/14.\n1. score=0.64; days_ago=14; 2023/11/30 15:07 - 15:10: I received the task to serve one slice of tomato in a bowl. I first located a tomato and a knife, then sliced the tomato on the countertop.\n2. score=0.61; days_ago=9; 2023/12/05 14:23:24 - 14:24:18: I picked up two slices of the tomato and placed them into a bowl on the counter as instructed.\n3. score=0.62; days_ago=6; 2023/12/08 10:10:29 - 10:10:46: I picked up a tomato slice and placed it into the cleaned bowl, confirming completion of the task.\nRecommended answer: 14 days ago and 6 days ago""""

**HumanMessage**:
"""Current state:
2023/11/23 - 2023/12/14: "From November 23rd to December 14th, I performed a consistent routine of household maintenance and meal preparation. This included preparing various meals such as toast, sandwiches, and salads, boiling potatoes, making coffee, washing dishes, watering houseplants, and organizing common household items like remotes, newspapers, and pillows."  
  ..."""
{}
command: answer("I served one slice of tomato in a bowl 14 days ago and 6 days ago.")
expected output: 


 ============================== 


eval answer("I served one slice of tomato in a bowl 14 days ago and 6 days ago.")
Answering I served one slice of tomato in a bowl 14 days ago and 6 days ago.  with reason: None
Tokens Used: 2366
	Prompt Tokens: 1970
	Completion Tokens: 396
Successful Requests: 1
Total Cost (USD): $0.0
Evaluating sample e336199e4aca573c_4d32-85ec788c6b00fb0d_14d1-ad2e4eb0b24a5940_9c9d-50bc3abf986ccabb_7071-915fdf90f4bc33cd_6c72-1fd74046ded8f9d1_42a3-cb0e41e1b364ad27_9a72-4b7b1a5b7f3d19ae_1413-cce21676357b2d20_b27c-01c1b8aa1820aa0b_adaf-b8f22271faff678f_dce6-4fc54b735d3f45a6_b7b4-e8f7cd03e3683657_4d70-84d6411d0710d918_5b3c-04ae108b77699c0f_2453-b53c115c99ca34dd_5e2b-b63078c7b3e28f59_355d-c6f7828bc5640531_1604-c7cc40993ef8468b_3e7b-0b161c6f709cde89_4c30-fef7c3fc3990d2e8_518b-e85d1457c7af9ad4_4960-9e23434a16a146b5_7f9a-41b067f2ce6f3fef_8ee6-9539c0004762d6a8_fe91-a2b0269334c60e48_2cb5-464fb2558d308797_4110-d8034826803791df_10bf-88f8ad0d2d356270_bb95-491169530040eb68_c8b0-e035a44ebae9d3fd_c842-c02445dd7a5b6f26_86bd-8150a936da2df63d_2451-3ebbcf3c3aed7c9e_5813-1e8fb21f2b41b0b0_db8b-a451af83aeece675_117b-140e54aadad74d20_222f-e455dbf27ecaf413_8484-c6c5c151b7b8e770_38db-18f6da623ba658a2_aa07-612f99763b6978b6_0c1a-09d537bcc73a42fc_52e8-5ab41ea72487ce0f_e5be-0d1a67f82b3b5854_d74d-0d600126a7947365_cac4-2b5a33d4908ee77d_20f6-a82cd949493bada0_ffe5-b2815444299854b0_d30e-5026400c43e20c2d_d3fc-85ec788c6b00fb0d_49ba-0-days_ago_to_episode
[配置] 启用 FAISS 加速，索引类型: flat
[Forgetting] 命中缓存
[GraphAug] 命中图缓存 (nodes=5612, edges=18391)
Got 0 examples


 ============================== 


eval date_lookup('Today is Dec 14, 2023 at 06:25 PM. What did you do 21 days ago?')
Updated/Defined variables after execution: {}

**SystemMessage**:
"""You are a smart humanoid robot answering user question about your past actions.
The history object contains information on what you did in the past, represented as a tree.
Use the method expand to look at details of a node.
Make sure to use collapse_all_but(idx) when you expanded irrelevant nodes, in order to keep the tree compact.
Enter Python expressions into the console to see the value and decide for the next command based on that result.
Answer concisely by calling answer("...") when you gathered enough information to answer the question.
Generate syntactically correct python console statements only, no explanations or other natural language statements.
IMPORTANT: If search() returns "No relevant records found", your next command MUST be answer("I have no record of that."). Do not search synonyms, do not expand further, and do not call vqa.
IMPORTANT: If you get "Nothing changed" twice, answer honestly that you have no record. Do NOT keep searching repeatedly. For just-before/just-after questions, first try one broader target search or inspect another relevant top-level time block before giving up.
For object yes/no questions, first use object_lookup("object name"). If it reports no matching summary, answer "No, I have no record of that." Do not call vqa unless you already have a directly relevant leaf image.
For task-list questions such as "List the tasks you performed", first use task_list(). Prefer its Recommended answer and chronological candidates instead of manually expanding the whole tree. For long histories, do not copy every task candidate verbatim unless the user explicitly asks for an exhaustive transcript.
For low-level action questions such as "what task did you perform when you toggle/open/pick up/place X", first use action_lookup("full low-level action"), for example action_lookup("open the drawer"). Do not call task_lookup first for these low-level action questions.
For task-description questions such as "describe what you did when you X", first use task_lookup("X"). Prefer its matching task candidates instead of manually expanding the whole tree. This does not apply to low-level action questions covered by action_lookup.
For exact date/time questions or "N days ago" questions asking what happened, first use date_lookup(question). Prefer its Recommended answer when it is confident instead of manually expanding by date.
For "How many days ago did you X?" or "When did you X?" questions, first use event_date_lookup(question). If it lists multiple days, include all of them in the final answer instead of only the most recent match.
For just-before or just-after questions, first use temporal_neighbor(target_task, direction="before" or "after") if a candidate is not already shown. Prefer the returned Recommended answer when it is confident. Only then inspect adjacent sibling or temporal nodes. Avoid expanding to raw leaf observations unless the summary is insufficient.
Do not call vqa for time, date, task-list, before/after, or yes/no object-existence questions when textual summaries already answer the question. Use vqa only for explicit visual appearance questions such as color, visible state, or what something looks like.
Never output bare parameters such as reasoning="..." answer="...". Always call answer("..."). You may call answer(reasoning="...", answer="...") only when a short reason is necessary.
Keep answer() short: answer under 60 words, and do not use markdown or backticks inside answer()."""

**HumanMessage**:
"""
def action_lookup(query: str, max_matches: int = 6) -> str # For low-level action questions, map raw leaf actions back to task-sized summaries
def answer(reasoning: str = None, answer: str = Ellipsis)
def ask(question: str)
def date_lookup(query: str, max_matches: int = 8) -> str # For exact date/time or N-days-ago questions, list matching history summaries directly
def event_date_lookup(query: str, max_matches: int = 12) -> str # For "how many days ago did you X" questions, find all matching event dates directly
def now() -> datetime.datetime
def object_lookup(object_name: str, max_matches: int = 8) -> str # For object yes/no questions, check whether task summaries mention the object
def task_list(max_tasks: int = 30) -> str # For task-list questions, list task-sized history summaries in chronological order
def task_lookup(query: str, max_matches: int = 8) -> str # For task-description questions, list task-sized summaries matching a query
def temporal_neighbor(target_task: str, direction: str = 'before', max_candidates: int = 6) -> str # For just-before/just-after questions, find the target task and return adjacent task candidates
def vqa(question: str, *images: PIL.Image.Image)
"""

**HumanMessage**:
"""Usage examples:
>>> history.expand()  # Shows the history tree with all child nodes expanded
>>> history.expand(date(2021, 12, 20))  # Expand the children that overlap with the given day
>>> history.expand(now() - timedelta(hours=6), now() - timedelta(hours=4))  # Expand all children that overlap with the given range (in this example "about 5 hours ago")
>>> history.expand((now() - timedelta(days=2)).date())  # Expand all children that overlap with the day before yesterday
>>> history.expand(0)  # Shows child node 0
>>> history[0].expand()  # Expands all child nodes of node 0 (node 0 must be expanded already to see them)
>>> history[5][2].expand()  # Shows child node 2 of child node 5 with all its child nodes expanded
>>> history.search("green cup") # Semantic index search. Expands the most relevant children according to similarity of the natural language query and the node's (recursively defined) index content.
>>> history[1][42].search("bicycle") # Semantic index search on some node further down the tree. Expands the children of node 1.42 most relevant to the search term
>>> history[3].collapse_all_but(1); history[3][1].expand()  # Zooms into details of child node 3.1 while collapsing all other childs of node 3
>>> vqa("What color is the ... in this image?",
...     history[2][4][-1][0].image)  # Invoke a model to answer a visual question about image(s) of some leaf (!) node(s)

# After gathering the relevant information, answer the question:
# Use a short final answer. Optionally provide a brief reasoning only when needed.
>>> answer("...")"""

**HumanMessage**:
"""User question: Today is Dec 14, 2023 at 06:25 PM. What did you do 21 days ago?"""

**AIMessage**:
"""date_lookup('Today is Dec 14, 2023 at 06:25 PM. What did you do 21 days ago?')"""

**HumanMessage**:
""""Date lookup for query='Today is Dec 14, 2023 at 06:25 PM. What did you do 21 days ago?': resolved=2023/11/23.\n1. score=0.85; 2023/11/23 14:22 - 14:26: I made toast by retrieving bread from a bin, slicing it with a knife, and toasting two slices. I then cleaned a plate, placed it on the countertop, and put the toast on the plate. The user confirmed the completion of the...\n2. score=0.85; 2023/11/23 13:28:24 - 13:31:22: I retrieved a dirty plate from the fridge, cleared the sink area, and washed the plate as requested.\n3. score=0.79; 2023/11/23 13:28 - 14:26: On November 23rd, I washed a dirty plate and later made toast by slicing bread, toasting it, and serving it on a clean plate.\n4. score=0.78; 2023/11/23 13:28:24 - 13:30:11: I received a request to wash a plate from the fridge. I opened the fridge, retrieved the dirty plate, and placed it on the countertop.\n5. score=0.78; 2023/11/23 14:22:47 - 14:24:14: I began the task of making toast by first turning off the faucet and then retrieving a loaf of bread from the black bin (garbage can) and placing it on the countertop.\n6. score=0.78; 2023/11/23 13:30:14 - 13:30:36: I cleared the countertop and sink area to make space for washing, moving items like a credit card and an egg from the sink basin to the countertop.\n7. score=0.78; 2023/11/23 13:30:41 - 13:31:22: I placed the dirty plate into the sink basin, toggled the faucet on and off to wash it, and then picked up the now clean plate.\n8. score=0.78; 2023/11/23 14:24:16 - 14:25:16: I located a knife in the cabinet above the toaster, used it to slice the bread, and then placed the sliced bread and knife back on the countertop.\nRecommended answer: I made toast by retrieving bread from a bin, slicing it with a knife, and toasting two slices. I then cleaned a plate, placed it on the countertop, and put the toast on the plate. The user confirmed the completion of the... I retrieved a dirty plate from the fridge, cleared the sink area, and washed the plate as requested. On November 23rd, I washed a dirty plate and later made toast by slicing bread, toasting it, and serving it on a clean plate. I received a request to wash a plate from the fridge. I opened the fridge, retrieved the dirty plate, and placed it on the countertop.""""

**HumanMessage**:
"""Current state:
2023/11/23 - 2023/12/14: "From November 23rd to December 14th, I performed a consistent routine of household maintenance and meal preparation. This included preparing various meals such as toast, sandwiches, and salads, boiling potatoes, making coffee, washing dishes, watering houseplants, and organizing common household items like remotes, newspapers, and pillows."  
  ..."""
{}
command: answer("On November 23, 2023, I washed a dirty plate that I got from the fridge. I also made toast by slicing bread, toasting it, and putting it on a clean plate.")
expected output: 


 ============================== 


eval answer("On November 23, 2023, I washed a dirty plate that I got from the fridge. I also made toast by slicing bread, toasting it, and putting it on a clean plate.")
Answering On November 23, 2023, I washed a dirty plate that I got from the fridge. I also made toast by slicing bread, toasting it, and putting it on a clean plate.  with reason: None
Tokens Used: 2891
	Prompt Tokens: 2413
	Completion Tokens: 478
Successful Requests: 1
Total Cost (USD): $0.0
