
History cache audit
Selected histories: 10
Cached histories: 10
Missing histories: 0
00 cached qa_start=0 qa_count=10 episodes=50 dataset/TEACh/preprocessed_histories/valid_unseen-multi/50ep-8ff5291f2e02216cc14877f3841c5033.pkl
01 cached qa_start=10 qa_count=10 episodes=50 dataset/TEACh/preprocessed_histories/valid_unseen-multi/50ep-c179436351ca12d6ac19176f5d3e1acb.pkl
02 cached qa_start=20 qa_count=10 episodes=50 dataset/TEACh/preprocessed_histories/valid_unseen-multi/50ep-e3690f2c5e5ccdb053803f54500075bb.pkl
03 cached qa_start=30 qa_count=10 episodes=50 dataset/TEACh/preprocessed_histories/valid_unseen-multi/50ep-04ad61ab48c59b07c35386471dcf5ca3.pkl
04 cached qa_start=40 qa_count=10 episodes=50 dataset/TEACh/preprocessed_histories/valid_unseen-multi/50ep-3d63ba57cb354836d8ed6bed04265fa7.pkl
05 cached qa_start=50 qa_count=10 episodes=50 dataset/TEACh/preprocessed_histories/valid_unseen-multi/50ep-625de9fae87195f5f218342280d85ecd.pkl
06 cached qa_start=60 qa_count=10 episodes=50 dataset/TEACh/preprocessed_histories/valid_unseen-multi/50ep-47a8c61383e68fd6a6ca43358e91f8ad.pkl
07 cached qa_start=70 qa_count=10 episodes=50 dataset/TEACh/preprocessed_histories/valid_unseen-multi/50ep-8cb46e784373c9630889c61e6a40f2a6.pkl
08 cached qa_start=80 qa_count=10 episodes=50 dataset/TEACh/preprocessed_histories/valid_unseen-multi/50ep-0550c6e1de6881c5c839c8b6d648950a.pkl
09 cached qa_start=90 qa_count=10 episodes=50 dataset/TEACh/preprocessed_histories/valid_unseen-multi/50ep-ad353a35bd81e8d6f7a1c09be05d1a0f.pkl
[Checkpoint] loaded 0 result(s) from experiments/results/teach/forgetting/h50_forget_graph_n100_fullqa.jsonl / experiments/results/teach/forgetting/h50_forget_graph_n100_fullqa.json
[Checkpoint] retrying 0 previous error/empty result(s)
Evaluating sample 6c24abb778c24a7c_704a-977b52faf01e6c05_d71f-01c1b8aa1820aa0b_adaf-32918ea00b69d9fe_38ff-cdf30defa61245ba_5590-2513b9a8d8ae5129_ab38-7337be5c30b1b5d1_874c-57862376ad3394a1_c9dc-32fe2fa7cc43fbc3_b8f3-0de4b62afcd06138_45f2-a966ba0c6e0d463d_ce88-25ef88cce38adfbc_1740-7504548a0dd7baf8_b148-064a69cb5d40b41f_9c2e-a690a35743c855aa_4c00-4b813e7c9bc088d0_1ce1-e4909f617bc99db4_4ab8-03379f213dfbda39_79a2-c49a96282ec09e90_5bfa-a2d31b84a569e568_fb03-88ddc0cbf1a23687_43ea-b36a8d73976068a3_6afd-c02445dd7a5b6f26_d92a-a76099fbab67c9da_4d48-c6c5c151b7b8e770_38db-60d26ec0f9c4757e_425d-9539c0004762d6a8_2eee-b2fde7ee4eb1c40f_1f95-c2ffd6a81bfe2613_f91c-81b10da74f7ac9ff_15c8-6ccc8b815fbc093a_e921-5aa3cbd322d4f163_402a-52e190f2e5f3b790_edbb-71392179ff5e728f_d7fe-4e893adaff5699af_ab4f-6f4aca312776de7b_97f3-4e88e46c6584bd85_21d2-eef61c8f3cdd8280_c537-bfb3e4eaf7ba458f_81db-af3fc77ab8313235_5b72-dbb41344c474217f_ee0e-498d06abfb7e9487_5c19-36492265af47de94_a352-9c97a83f60095487_02d9-0d1a67f82b3b5854_d74d-2f8d482d22e56fdd_410e-5c12b219bbb5bc07_6008-4aafdc038df138e8_58f0-474a8460bc35eb12_20d0-0f0664338151d4ac_5c06-0-sequence_of_task_descs
Loading weights:   0%|          | 0/199 [00:00<?, ?it/s]Loading weights: 100%|██████████| 199/199 [00:00<00:00, 5952.63it/s]
[1mMPNetModel LOAD REPORT[0m from: sentence-transformers/all-mpnet-base-v2
Key                     | Status     |  | 
------------------------+------------+--+-
embeddings.position_ids | UNEXPECTED |  | 

Notes:
- UNEXPECTED:	can be ignored when loading from different task/architecture; not ok if you expect identical arch.
[配置] 启用 FAISS 加速，索引类型: flat
[Forgetting] 解析遗忘配置...
[Forgetting] 开始记忆巩固...
[Forgetting] 收集到 4933 个事件节点
[Forgetting] 构建临时轻量图计算度中心性...
[Forgetting] 临时图度中心性: max_degree=88, 有连接的节点数=4686
[Forgetting] 计算节点 embeddings...
[Forgetting] 安全下限触发: θ₁ 从 0.500 下调到 0.234
[Forgetting] 巩固完成: 完整保留=1490 (30.2%), 去细节化=3443 (69.8%), 摘要保留=0 (0.0%), 豁免=578
[Forgetting] 统计: {'total': 4933, 'level_0_full_retain': 1490, 'level_1_detail_removed': 3443, 'level_2_summary_only': 0, 'immune_count': 578, 'effective_theta_1': 0.2339117072143465, 'effective_theta_2': 0.0935646828857386, 'retain_ratio': 0.3020474356375431, 'forgetting_ratio': 0.6979525643624569}
[GraphAug] 开始构建记忆图...
[MemoryGraph] 收集到 4933 个事件节点
[MemoryGraph] 时间相邻边: 3925
[MemoryGraph] 共享物体边: 10981
[MemoryGraph] 唯一动作数: 395, 相似动作对: 786
[MemoryGraph] 相似动作边: 1527
[MemoryGraph] 图构建完成: {'num_nodes': 4933, 'num_edges': 16433, 'edges_temporal_adjacent': 3925, 'edges_co_object': 10981, 'edges_similar_action': 1527}
[GraphAug] 记忆图构建完成
Got 0 examples


 ============================== 


eval task_list()
Updated/Defined variables after execution: {}

**SystemMessage**:
"""You are a smart humanoid robot answering user question about your past actions.
The history object contains information on what you did in the past, represented as a tree.
Use the method expand to look at details of a node.
Make sure to use collapse_all_but(idx) when you expanded irrelevant nodes, in order to keep the tree compact.
Enter Python expressions into the console to see the value and decide for the next command based on that result.
Answer concisely by calling answer("...") when you gathered enough information to answer the question.
Generate syntactically correct python console statements only, no explanations or other natural language statements.
IMPORTANT: If search() returns "No relevant records found", your next command MUST be answer("I have no record of that."). Do not search synonyms, do not expand further, and do not call vqa.
IMPORTANT: If you get "Nothing changed" twice, answer honestly that you have no record. Do NOT keep searching repeatedly. For just-before/just-after questions, first try one broader target search or inspect another relevant top-level time block before giving up.
For object yes/no questions, first use object_lookup("object name"). If it reports no matching summary, answer "No, I have no record of that." Do not call vqa unless you already have a directly relevant leaf image.
For task-list questions such as "List the tasks you performed", first use task_list(). Prefer its Recommended answer and chronological candidates instead of manually expanding the whole tree. For long histories, do not copy every task candidate verbatim unless the user explicitly asks for an exhaustive transcript.
For low-level action questions such as "what task did you perform when you toggle/open/pick up/place X", first use action_lookup("full low-level action"), for example action_lookup("open the drawer"). Do not call task_lookup first for these low-level action questions.
For task-description questions such as "describe what you did when you X", first use task_lookup("X"). Prefer its matching task candidates instead of manually expanding the whole tree. This does not apply to low-level action questions covered by action_lookup.
For exact date/time questions or "N days ago" questions asking what happened, first use date_lookup(question). Prefer its Recommended answer when it is confident instead of manually expanding by date.
For "How many days ago did you X?" or "When did you X?" questions, first use event_date_lookup(question). If it lists multiple days, include all of them in the final answer instead of only the most recent match.
For just-before or just-after questions, first use temporal_neighbor(target_task, direction="before" or "after") if a candidate is not already shown. Prefer the returned Recommended answer when it is confident. Only then inspect adjacent sibling or temporal nodes. Avoid expanding to raw leaf observations unless the summary is insufficient.
Do not call vqa for time, date, task-list, before/after, or yes/no object-existence questions when textual summaries already answer the question. Use vqa only for explicit visual appearance questions such as color, visible state, or what something looks like.
Never output bare parameters such as reasoning="..." answer="...". Always call answer("..."). You may call answer(reasoning="...", answer="...") only when a short reason is necessary.
Keep answer() short: answer under 60 words, and do not use markdown or backticks inside answer()."""

**HumanMessage**:
"""
def action_lookup(query: str, max_matches: int = 6) -> str # For low-level action questions, map raw leaf actions back to task-sized summaries
def answer(reasoning: str = None, answer: str = Ellipsis)
def ask(question: str)
def date_lookup(query: str, max_matches: int = 8) -> str # For exact date/time or N-days-ago questions, list matching history summaries directly
def event_date_lookup(query: str, max_matches: int = 12) -> str # For "how many days ago did you X" questions, find all matching event dates directly
def now() -> datetime.datetime
def object_lookup(object_name: str, max_matches: int = 8) -> str # For object yes/no questions, check whether task summaries mention the object
def task_list(max_tasks: int = 30) -> str # For task-list questions, list task-sized history summaries in chronological order
def task_lookup(query: str, max_matches: int = 8) -> str # For task-description questions, list task-sized summaries matching a query
def temporal_neighbor(target_task: str, direction: str = 'before', max_candidates: int = 6) -> str # For just-before/just-after questions, find the target task and return adjacent task candidates
def vqa(question: str, *images: PIL.Image.Image)
"""

**HumanMessage**:
"""Usage examples:
>>> history.expand()  # Shows the history tree with all child nodes expanded
>>> history.expand(date(2021, 12, 20))  # Expand the children that overlap with the given day
>>> history.expand(now() - timedelta(hours=6), now() - timedelta(hours=4))  # Expand all children that overlap with the given range (in this example "about 5 hours ago")
>>> history.expand((now() - timedelta(days=2)).date())  # Expand all children that overlap with the day before yesterday
>>> history.expand(0)  # Shows child node 0
>>> history[0].expand()  # Expands all child nodes of node 0 (node 0 must be expanded already to see them)
>>> history[5][2].expand()  # Shows child node 2 of child node 5 with all its child nodes expanded
>>> history.search("green cup") # Semantic index search. Expands the most relevant children according to similarity of the natural language query and the node's (recursively defined) index content.
>>> history[1][42].search("bicycle") # Semantic index search on some node further down the tree. Expands the children of node 1.42 most relevant to the search term
>>> history[3].collapse_all_but(1); history[3][1].expand()  # Zooms into details of child node 3.1 while collapsing all other childs of node 3
>>> vqa("What color is the ... in this image?",
...     history[2][4][-1][0].image)  # Invoke a model to answer a visual question about image(s) of some leaf (!) node(s)

# After gathering the relevant information, answer the question:
# Use a short final answer. Optionally provide a brief reasoning only when needed.
>>> answer("...")"""

**HumanMessage**:
"""User question: List the tasks you performed."""

**AIMessage**:
"""task_list()"""

**HumanMessage**:
""""Task list candidates in chronological order:\nUse these as evidence. If there are many candidates, do not copy every candidate verbatim; use the Recommended answer unless the user explicitly asks for an exhaustive transcript.\n1. 2023/07/13 10:37 - 10:40: I located and retrieved a loaf of bread from the lower cabinet and placed it on the countertop.\n2. 2023/07/13 14:04 - 14:08: In response to an instruction to microwave a potato, I first moved an egg out of the way, then retrieved a potato from the sink, cooked it in the microwave, and placed it on the countertop.\n3. 2023/07/13 14:08 - 14:11: Following a new instruction to prepare potato slices, I retrieved a knife from a garbage can to slice the cooked potato. I then emptied a bowl and placed two potato slices into it, completing the task.\n4. 2023/07/16 12:06 - 12:09: I began preparing to clean two dirty plates by clearing the sink, moving a bowl to the countertop. I then retrieved a second dirty plate from a cabinet and placed it on the countertop.\n5. 2023/07/17 08:11 - 08:17: Following the user's instruction to microwave a potato, I picked one up from a shelf. I then cleared the microwave by removing an apple and a salt shaker, placed the potato inside, cooked it, and finally placed the cooked potato on the coun...\n6. 2023/07/17 14:26 - 14:29: I started making toast by retrieving bread and a knife from the fridge, slicing the bread, and then toasting one slice as per user clarification.\n7. 2023/07/17 14:29 - 14:32: I prepared to serve the toast by getting a plate from the fridge, then finding another plate in the upper cabinets after a user prompt. I then toasted a second slice of bread, placed the finished toast on the first plate, and announced task...\n8. 2023/07/18 13:37 - 13:42: I prepared a sandwich by slicing bread, toasting two slices, and then slicing a tomato. I then assembled the sandwich by placing the toasted bread and tomato slices onto a plate, completing the user's request.\n9. 2023/07/18 17:38 - 17:48: Upon being instructed to cook five potato slices, I first searched for a knife, which I then used to slice a potato. I proceeded to cook the five slices in a pan on the stove. Finally, I moved the cooked potato slices to a plate and confirm...\n10. 2023/07/19 08:45 - 09:00: I prepared a sandwich by picking up bread, finding a knife, slicing and toasting the bread. I then cleared the sink, washed a dirty plate, and placed the toasted bread on it, completing the sandwich preparation as confirmed by the user.\n11. 2023/07/19 17:03 - 17:09: I was instructed to clean mugs and make coffee. I picked up a dirty cup and placed it in the sink, then took a filled mug, emptied it, and started the coffee machine. While the coffee brewed, I rinsed the dirty cup in the sink and emptied a...\n12. 2023/07/21 09:16 - 09:22: I prepared ingredients for a sandwich by slicing and toasting two slices of bread, and then slicing lettuce and a tomato.\n13. 2023/07/21 09:22 - 09:32: I cleaned a plate, and then began assembling the sandwich by placing toast, lettuce, and tomato on the plate. After a correction, I reorganized the ingredients and added a newly toasted slice of bread to complete the sandwich on the plate.\n14. 2023/07/21 15:56 - 16:00: I picked up the butter knife again and used it to slice lettuce and tomato, placing all the sliced items on the countertop.\n15. 2023/07/22 19:24 - 19:32: The user instructed me to prepare a salad with lettuce, tomato, and potato. I searched for ingredients, then used a knife to slice lettuce, tomato, and potato. I cooked the potato slices in a pan and assembled all ingredients on a plate, co...\n16. 2023/07/23 08:00 - 08:06: I was asked to make coffee. I first rinsed a dirty mug in the sink. Following a series of user instructions, I operated the coffee machine three times to fill the mug, correcting a mistake where I briefly placed the mug on the counter befor...\n17. 2023/07/23 19:49 - 19:54: I was asked to place the tissue boxes on the side tables. I picked up the first tissue box and placed it on one side table, then picked up the second tissue box and placed it on another side table to complete the task.\n18. 2023/07/24 15:07 - 15:11: I was instructed to clean the drinkware. I picked up a dirty cup from the counter, brought it to the sink, and placed it in the basin. I then retrieved a dirty mug from the counter and also placed it in the sink. Finally, I turned the fauce...\n19. 2023/07/24 16:12 - 16:15: I retrieved a dirty plate from a chair and prepared the sink for washing by moving a soap bottle and an egg out of the basin. I also moved a potato to the countertop before washing the plate and declaring it clean.\n20. 2023/07/25 16:32 - 16:36: I picked up a knife and then boiled a potato as instructed, placing it in a pot on the stove and turning it on. After cooking, I placed the pot back on the stove and asked the user if they wanted another potato boiled.\n21. 2023/07/25 18:42 - 18:49: Following the instruction to cook a potato, I retrieved it from a bookshelf, cooked it on the stove, and sliced it. Afterwards, I got a plate from the fridge and placed the potato slices on it.\n22. 2023/07/26 18:10 - 18:14: I retrieved a tomato from the fridge/cabinet, sliced it, and placed a slice on a plate as instructed by the user.\n23. 2023/07/29 14:40 - 14:44: I received an instruction to boil a potato. I retrieved a pot from the fridge, emptied it, and then got the potato from the microwave, placing it inside the pot. I also cleared some items from the countertop to make space.\n24. 2023/07/29 14:44 - 14:47: I filled the pot with water at the sink, moved it to the countertop, and cleared other items like a dirty pot and a dirty pan from the stove. After briefly adjusting the water level, I placed the pot on the stove burner to boil the potato a...\n25. 2023/07/29 16:06 - 16:09: Following the user's instructions, I retrieved a knife from a shelf, took lettuce out of the fridge, and sliced it on the countertop.\n26. 2023/07/30 11:05 - 11:09: I prepared for the task by retrieving a potato and a knife, slicing the potato, and placing three slices onto a plate.\n27. 2023/07/30 11:09 - 11:15: Since the microwave was occupied, I cleaned a pan and used the stove to cook the three potato slices before placing them back on the plate to complete the task.\n28. 2023/08/01 18:56 - 19:01: I was asked to slice and cook a potato. I mistakenly picked up a tomato, but then used a knife to slice both the tomato and a potato. I cooked one potato slice in a pan on the stove. Finally, I assembled the dish by placing the cooked potat...\n29. 2023/08/02 10:38 - 10:49: The user asked me to slice some lettuce and place it on a clean plate. I retrieved a knife, sliced the lettuce inside the fridge, washed a dirty plate, and then placed a lettuce slice onto the clean plate to complete the request.\n30. 2023/08/02 10:58 - 11:12: I completed two consecutive tasks: first, I prepared two cups of coffee by washing the mugs and using the coffee machine, and then I sliced an apple and placed the slices into two bowls.\nRecommended answer: From 2023/07/13 to 2023/08/02, I performed 30 recorded task groups, including bread, toast, and sandwich preparation; potato cooking and slicing; salad, lettuce, and tomato preparation; coffee and drinkware tasks; dish, plate, bowl, and pan cleaning; household organization tasks; plant watering.""""

**HumanMessage**:
"""Current state:
2023/07/13 - 2023/08/04: "From July 13th to August 4th, I consistently performed a variety of daily kitchen and household tasks, including preparing diverse meals like toast, sandwiches, cooked potatoes, salads, and coffee, along with routine activities such as watering houseplants, cleaning dishes, and organizing various items including credit cards, remotes, tissue boxes, pencils, newspapers, and watches."  
  ..."""
{}
command: answer("From 2023/07/13 to 2023/08/02, I performed 30 recorded task groups, including bread, toast, and sandwich preparation; potato cooking and slicing; salad, lettuce, and tomato preparation; coffee and drinkware tasks; dish, plate, bowl, and pan cleaning; household organization tasks; plant watering.")
expected output: 


 ============================== 


eval answer("From 2023/07/13 to 2023/08/02, I performed 30 recorded task groups, including bread, toast, and sandwich preparation; potato cooking and slicing; salad, lettuce, and tomato preparation; coffee and drinkware tasks; dish, plate, bowl, and pan cleaning; household organization tasks; plant watering.")
Answering From 2023/07/13 to 2023/08/02, I performed 30 recorded task groups, including bread, toast, and sandwich preparation; potato cooking and slicing; salad, lettuce, and tomato preparation; coffee and drinkware tasks; dish, plate, bowl, and pan cleaning; household organization tasks; plant watering.  with reason: None
Tokens Used: 4154
	Prompt Tokens: 3847
	Completion Tokens: 307
Successful Requests: 1
Total Cost (USD): $0.0
Evaluating sample 6c24abb778c24a7c_704a-977b52faf01e6c05_d71f-01c1b8aa1820aa0b_adaf-32918ea00b69d9fe_38ff-cdf30defa61245ba_5590-2513b9a8d8ae5129_ab38-7337be5c30b1b5d1_874c-57862376ad3394a1_c9dc-32fe2fa7cc43fbc3_b8f3-0de4b62afcd06138_45f2-a966ba0c6e0d463d_ce88-25ef88cce38adfbc_1740-7504548a0dd7baf8_b148-064a69cb5d40b41f_9c2e-a690a35743c855aa_4c00-4b813e7c9bc088d0_1ce1-e4909f617bc99db4_4ab8-03379f213dfbda39_79a2-c49a96282ec09e90_5bfa-a2d31b84a569e568_fb03-88ddc0cbf1a23687_43ea-b36a8d73976068a3_6afd-c02445dd7a5b6f26_d92a-a76099fbab67c9da_4d48-c6c5c151b7b8e770_38db-60d26ec0f9c4757e_425d-9539c0004762d6a8_2eee-b2fde7ee4eb1c40f_1f95-c2ffd6a81bfe2613_f91c-81b10da74f7ac9ff_15c8-6ccc8b815fbc093a_e921-5aa3cbd322d4f163_402a-52e190f2e5f3b790_edbb-71392179ff5e728f_d7fe-4e893adaff5699af_ab4f-6f4aca312776de7b_97f3-4e88e46c6584bd85_21d2-eef61c8f3cdd8280_c537-bfb3e4eaf7ba458f_81db-af3fc77ab8313235_5b72-dbb41344c474217f_ee0e-498d06abfb7e9487_5c19-36492265af47de94_a352-9c97a83f60095487_02d9-0d1a67f82b3b5854_d74d-2f8d482d22e56fdd_410e-5c12b219bbb5bc07_6008-4aafdc038df138e8_58f0-474a8460bc35eb12_20d0-0f0664338151d4ac_5c06-0-seq_specific_shortened_low_actions
[配置] 启用 FAISS 加速，索引类型: flat
[Forgetting] 命中缓存
[GraphAug] 命中图缓存 (nodes=4933, edges=16433)
Got 0 examples


 ============================== 


eval task_lookup('clean all the pans')
Updated/Defined variables after execution: {}

**SystemMessage**:
"""You are a smart humanoid robot answering user question about your past actions.
The history object contains information on what you did in the past, represented as a tree.
Use the method expand to look at details of a node.
Make sure to use collapse_all_but(idx) when you expanded irrelevant nodes, in order to keep the tree compact.
Enter Python expressions into the console to see the value and decide for the next command based on that result.
Answer concisely by calling answer("...") when you gathered enough information to answer the question.
Generate syntactically correct python console statements only, no explanations or other natural language statements.
IMPORTANT: If search() returns "No relevant records found", your next command MUST be answer("I have no record of that."). Do not search synonyms, do not expand further, and do not call vqa.
IMPORTANT: If you get "Nothing changed" twice, answer honestly that you have no record. Do NOT keep searching repeatedly. For just-before/just-after questions, first try one broader target search or inspect another relevant top-level time block before giving up.
For object yes/no questions, first use object_lookup("object name"). If it reports no matching summary, answer "No, I have no record of that." Do not call vqa unless you already have a directly relevant leaf image.
For task-list questions such as "List the tasks you performed", first use task_list(). Prefer its Recommended answer and chronological candidates instead of manually expanding the whole tree. For long histories, do not copy every task candidate verbatim unless the user explicitly asks for an exhaustive transcript.
For low-level action questions such as "what task did you perform when you toggle/open/pick up/place X", first use action_lookup("full low-level action"), for example action_lookup("open the drawer"). Do not call task_lookup first for these low-level action questions.
For task-description questions such as "describe what you did when you X", first use task_lookup("X"). Prefer its matching task candidates instead of manually expanding the whole tree. This does not apply to low-level action questions covered by action_lookup.
For exact date/time questions or "N days ago" questions asking what happened, first use date_lookup(question). Prefer its Recommended answer when it is confident instead of manually expanding by date.
For "How many days ago did you X?" or "When did you X?" questions, first use event_date_lookup(question). If it lists multiple days, include all of them in the final answer instead of only the most recent match.
For just-before or just-after questions, first use temporal_neighbor(target_task, direction="before" or "after") if a candidate is not already shown. Prefer the returned Recommended answer when it is confident. Only then inspect adjacent sibling or temporal nodes. Avoid expanding to raw leaf observations unless the summary is insufficient.
Do not call vqa for time, date, task-list, before/after, or yes/no object-existence questions when textual summaries already answer the question. Use vqa only for explicit visual appearance questions such as color, visible state, or what something looks like.
Never output bare parameters such as reasoning="..." answer="...". Always call answer("..."). You may call answer(reasoning="...", answer="...") only when a short reason is necessary.
Keep answer() short: answer under 60 words, and do not use markdown or backticks inside answer()."""

**HumanMessage**:
"""
def action_lookup(query: str, max_matches: int = 6) -> str # For low-level action questions, map raw leaf actions back to task-sized summaries
def answer(reasoning: str = None, answer: str = Ellipsis)
def ask(question: str)
def date_lookup(query: str, max_matches: int = 8) -> str # For exact date/time or N-days-ago questions, list matching history summaries directly
def event_date_lookup(query: str, max_matches: int = 12) -> str # For "how many days ago did you X" questions, find all matching event dates directly
def now() -> datetime.datetime
def object_lookup(object_name: str, max_matches: int = 8) -> str # For object yes/no questions, check whether task summaries mention the object
def task_list(max_tasks: int = 30) -> str # For task-list questions, list task-sized history summaries in chronological order
def task_lookup(query: str, max_matches: int = 8) -> str # For task-description questions, list task-sized summaries matching a query
def temporal_neighbor(target_task: str, direction: str = 'before', max_candidates: int = 6) -> str # For just-before/just-after questions, find the target task and return adjacent task candidates
def vqa(question: str, *images: PIL.Image.Image)
"""

**HumanMessage**:
"""Usage examples:
>>> history.expand()  # Shows the history tree with all child nodes expanded
>>> history.expand(date(2021, 12, 20))  # Expand the children that overlap with the given day
>>> history.expand(now() - timedelta(hours=6), now() - timedelta(hours=4))  # Expand all children that overlap with the given range (in this example "about 5 hours ago")
>>> history.expand((now() - timedelta(days=2)).date())  # Expand all children that overlap with the day before yesterday
>>> history.expand(0)  # Shows child node 0
>>> history[0].expand()  # Expands all child nodes of node 0 (node 0 must be expanded already to see them)
>>> history[5][2].expand()  # Shows child node 2 of child node 5 with all its child nodes expanded
>>> history.search("green cup") # Semantic index search. Expands the most relevant children according to similarity of the natural language query and the node's (recursively defined) index content.
>>> history[1][42].search("bicycle") # Semantic index search on some node further down the tree. Expands the children of node 1.42 most relevant to the search term
>>> history[3].collapse_all_but(1); history[3][1].expand()  # Zooms into details of child node 3.1 while collapsing all other childs of node 3
>>> vqa("What color is the ... in this image?",
...     history[2][4][-1][0].image)  # Invoke a model to answer a visual question about image(s) of some leaf (!) node(s)

# After gathering the relevant information, answer the question:
# Use a short final answer. Optionally provide a brief reasoning only when needed.
>>> answer("...")"""

**HumanMessage**:
"""User question: describe what you did when you clean all the pans."""

**AIMessage**:
"""task_lookup('clean all the pans')"""

**HumanMessage**:
""""Task lookup candidates for query='clean all the pans':\n1. score=0.81; 2023/07/30 11:09 - 11:15: Since the microwave was occupied, I cleaned a pan and used the stove to cook the three potato slices before placing them back on the plate to complete the task.\n2. score=0.80; 2023/07/16 12:06 - 13:12: On July 16th, I cleaned two dirty plates and a dirty pan, clearing the sink basin as needed for both tasks.\n3. score=0.79; 2023/07/30 11:14:24 - 11:15:09: Finally, I moved the three cooked potato slices from the pan to the plate as instructed and confirmed the task was complete.\n4. score=0.74; 2023/07/16 13:10:02 - 13:12:13: I cleaned a dirty pan from the stove. To do this, I temporarily placed it on the countertop while I cleared the obstructed sink by moving several items out of the basin. Then, I placed the pan in the sink, rinsed it by turning the faucet on...\n5. score=0.70; 2023/07/22 19:24 - 19:32: The user instructed me to prepare a salad with lettuce, tomato, and potato. I searched for ingredients, then used a knife to slice lettuce, tomato, and potato. I cooked the potato slices in a pan and assembled all ingredients on a plate, co...\n6. score=0.70; 2023/07/30 11:05 - 11:15: I sliced a potato into three pieces and placed them on a plate. Since the microwave was occupied, I cleaned a pan and used the stove to cook the slices. I then placed the cooked slices back onto the plate to complete the task.\n7. score=0.66; 2023/07/13 10:37 - 15:58: On July 13th, I prepared a slice of toast and a cooked potato with slices, cleaning a plate and a dirty plate as part of these tasks.\n8. score=0.65; 2023/07/19 08:59:24 - 09:00:16: I picked up the two toasted bread slices and placed them onto the clean plate.\nRecommended answer: Since the microwave was occupied, I cleaned a pan and used the stove to cook the three potato slices before placing...; I cleaned two dirty plates and a dirty pan, clearing the sink basin as needed for both tasks.; Finally, I moved the three cooked potato slices from the pan to the plate as instructed and confirmed the task was...""""

**HumanMessage**:
"""Current state:
2023/07/13 - 2023/08/04: "From July 13th to August 4th, I consistently performed a variety of daily kitchen and household tasks, including preparing diverse meals like toast, sandwiches, cooked potatoes, salads, and coffee, along with routine activities such as watering houseplants, cleaning dishes, and organizing various items including credit cards, remotes, tissue boxes, pencils, newspapers, and watches."  
  ..."""
{}
command: answer("I have no record of cleaning all the pans at once. However, I have cleaned a dirty pan on several occasions. For example, on July 16th, I cleaned two dirty plates and a dirty pan. On another occasion, I cleaned a pan to cook potato slices on the stove because the microwave was in use.")
expected output: 


 ============================== 


eval answer("I have no record of cleaning all the pans at once. However, I have cleaned a dirty pan on several occasions. For example, on July 16th, I cleaned two dirty plates and a dirty pan. On another occasion, I cleaned a pan to cook potato slices on the stove because the microwave was in use.")
Answering I have no record of cleaning all the pans at once. However, I have cleaned a dirty pan on several occasions. For example, on July 16th, I cleaned two dirty plates and a dirty pan. On another occasion, I cleaned a pan to cook potato slices on the stove because the microwave was in use.  with reason: None
Tokens Used: 2820
	Prompt Tokens: 2282
	Completion Tokens: 538
Successful Requests: 1
Total Cost (USD): $0.0
Evaluating sample 6c24abb778c24a7c_704a-977b52faf01e6c05_d71f-01c1b8aa1820aa0b_adaf-32918ea00b69d9fe_38ff-cdf30defa61245ba_5590-2513b9a8d8ae5129_ab38-7337be5c30b1b5d1_874c-57862376ad3394a1_c9dc-32fe2fa7cc43fbc3_b8f3-0de4b62afcd06138_45f2-a966ba0c6e0d463d_ce88-25ef88cce38adfbc_1740-7504548a0dd7baf8_b148-064a69cb5d40b41f_9c2e-a690a35743c855aa_4c00-4b813e7c9bc088d0_1ce1-e4909f617bc99db4_4ab8-03379f213dfbda39_79a2-c49a96282ec09e90_5bfa-a2d31b84a569e568_fb03-88ddc0cbf1a23687_43ea-b36a8d73976068a3_6afd-c02445dd7a5b6f26_d92a-a76099fbab67c9da_4d48-c6c5c151b7b8e770_38db-60d26ec0f9c4757e_425d-9539c0004762d6a8_2eee-b2fde7ee4eb1c40f_1f95-c2ffd6a81bfe2613_f91c-81b10da74f7ac9ff_15c8-6ccc8b815fbc093a_e921-5aa3cbd322d4f163_402a-52e190f2e5f3b790_edbb-71392179ff5e728f_d7fe-4e893adaff5699af_ab4f-6f4aca312776de7b_97f3-4e88e46c6584bd85_21d2-eef61c8f3cdd8280_c537-bfb3e4eaf7ba458f_81db-af3fc77ab8313235_5b72-dbb41344c474217f_ee0e-498d06abfb7e9487_5c19-36492265af47de94_a352-9c97a83f60095487_02d9-0d1a67f82b3b5854_d74d-2f8d482d22e56fdd_410e-5c12b219bbb5bc07_6008-4aafdc038df138e8_58f0-474a8460bc35eb12_20d0-0f0664338151d4ac_5c06-0-seq_right_after_questions
[配置] 启用 FAISS 加速，索引类型: flat
[Forgetting] 命中缓存
[GraphAug] 命中图缓存 (nodes=4933, edges=16433)
Got 0 examples


 ============================== 


eval temporal_neighbor('put all book on any bed', direction='after')
Updated/Defined variables after execution: {}

**SystemMessage**:
"""You are a smart humanoid robot answering user question about your past actions.
The history object contains information on what you did in the past, represented as a tree.
Use the method expand to look at details of a node.
Make sure to use collapse_all_but(idx) when you expanded irrelevant nodes, in order to keep the tree compact.
Enter Python expressions into the console to see the value and decide for the next command based on that result.
Answer concisely by calling answer("...") when you gathered enough information to answer the question.
Generate syntactically correct python console statements only, no explanations or other natural language statements.
IMPORTANT: If search() returns "No relevant records found", your next command MUST be answer("I have no record of that."). Do not search synonyms, do not expand further, and do not call vqa.
IMPORTANT: If you get "Nothing changed" twice, answer honestly that you have no record. Do NOT keep searching repeatedly. For just-before/just-after questions, first try one broader target search or inspect another relevant top-level time block before giving up.
For object yes/no questions, first use object_lookup("object name"). If it reports no matching summary, answer "No, I have no record of that." Do not call vqa unless you already have a directly relevant leaf image.
For task-list questions such as "List the tasks you performed", first use task_list(). Prefer its Recommended answer and chronological candidates instead of manually expanding the whole tree. For long histories, do not copy every task candidate verbatim unless the user explicitly asks for an exhaustive transcript.
For low-level action questions such as "what task did you perform when you toggle/open/pick up/place X", first use action_lookup("full low-level action"), for example action_lookup("open the drawer"). Do not call task_lookup first for these low-level action questions.
For task-description questions such as "describe what you did when you X", first use task_lookup("X"). Prefer its matching task candidates instead of manually expanding the whole tree. This does not apply to low-level action questions covered by action_lookup.
For exact date/time questions or "N days ago" questions asking what happened, first use date_lookup(question). Prefer its Recommended answer when it is confident instead of manually expanding by date.
For "How many days ago did you X?" or "When did you X?" questions, first use event_date_lookup(question). If it lists multiple days, include all of them in the final answer instead of only the most recent match.
For just-before or just-after questions, first use temporal_neighbor(target_task, direction="before" or "after") if a candidate is not already shown. Prefer the returned Recommended answer when it is confident. Only then inspect adjacent sibling or temporal nodes. Avoid expanding to raw leaf observations unless the summary is insufficient.
Do not call vqa for time, date, task-list, before/after, or yes/no object-existence questions when textual summaries already answer the question. Use vqa only for explicit visual appearance questions such as color, visible state, or what something looks like.
Never output bare parameters such as reasoning="..." answer="...". Always call answer("..."). You may call answer(reasoning="...", answer="...") only when a short reason is necessary.
Keep answer() short: answer under 60 words, and do not use markdown or backticks inside answer()."""

**HumanMessage**:
"""
def action_lookup(query: str, max_matches: int = 6) -> str # For low-level action questions, map raw leaf actions back to task-sized summaries
def answer(reasoning: str = None, answer: str = Ellipsis)
def ask(question: str)
def date_lookup(query: str, max_matches: int = 8) -> str # For exact date/time or N-days-ago questions, list matching history summaries directly
def event_date_lookup(query: str, max_matches: int = 12) -> str # For "how many days ago did you X" questions, find all matching event dates directly
def now() -> datetime.datetime
def object_lookup(object_name: str, max_matches: int = 8) -> str # For object yes/no questions, check whether task summaries mention the object
def task_list(max_tasks: int = 30) -> str # For task-list questions, list task-sized history summaries in chronological order
def task_lookup(query: str, max_matches: int = 8) -> str # For task-description questions, list task-sized summaries matching a query
def temporal_neighbor(target_task: str, direction: str = 'before', max_candidates: int = 6) -> str # For just-before/just-after questions, find the target task and return adjacent task candidates
def vqa(question: str, *images: PIL.Image.Image)
"""

**HumanMessage**:
"""Usage examples:
>>> history.expand()  # Shows the history tree with all child nodes expanded
>>> history.expand(date(2021, 12, 20))  # Expand the children that overlap with the given day
>>> history.expand(now() - timedelta(hours=6), now() - timedelta(hours=4))  # Expand all children that overlap with the given range (in this example "about 5 hours ago")
>>> history.expand((now() - timedelta(days=2)).date())  # Expand all children that overlap with the day before yesterday
>>> history.expand(0)  # Shows child node 0
>>> history[0].expand()  # Expands all child nodes of node 0 (node 0 must be expanded already to see them)
>>> history[5][2].expand()  # Shows child node 2 of child node 5 with all its child nodes expanded
>>> history.search("green cup") # Semantic index search. Expands the most relevant children according to similarity of the natural language query and the node's (recursively defined) index content.
>>> history[1][42].search("bicycle") # Semantic index search on some node further down the tree. Expands the children of node 1.42 most relevant to the search term
>>> history[3].collapse_all_but(1); history[3][1].expand()  # Zooms into details of child node 3.1 while collapsing all other childs of node 3
>>> vqa("What color is the ... in this image?",
...     history[2][4][-1][0].image)  # Invoke a model to answer a visual question about image(s) of some leaf (!) node(s)

# After gathering the relevant information, answer the question:
# Use a short final answer. Optionally provide a brief reasoning only when needed.
>>> answer("...")"""

**HumanMessage**:
"""User question: What task did you do just after put all book on any bed?"""

**AIMessage**:
"""temporal_neighbor('put all book on any bed', direction='after')"""

**HumanMessage**:
""""Temporal neighbor candidates for target='put all book on any bed', direction='after':\n1. score=0.71; target=2023/07/28 12:26:43 - 12:27:56: I placed a book on the bed as instructed and received confirmation from the user that the task was complete.; after=2023/07/29 14:40 - 14:44: I received an instruction to boil a potato. I retrieved a pot from the fridge, emptied it, and then got the potato from the microwave, placing it inside the pot. I also cleared som...\n2. score=0.64; target=2023/07/28 12:26:43 - 12:27:45: I was instructed to put the book on the bed, so I picked it up from the desk and placed it on the bed.; after=2023/07/29 14:40 - 14:44: I received an instruction to boil a potato. I retrieved a pot from the fridge, emptied it, and then got the potato from the microwave, placing it inside the pot. I also cleared som...\n3. score=0.50; target=2023/07/28 12:26:43 - 12:27:56: On July 28th, I placed a book on the bed.; after=2023/07/29 14:40 - 17:22: On July 29th, I boiled a potato, prepared a salad with lettuce and tomato, and gathered three pencils onto the bed.\nRecommended answer: I received an instruction to boil a potato. I retrieved a pot from the fridge, emptied it, and then got the potato from the microwave, placing it inside the pot. I also cleared som...""""

**HumanMessage**:
"""Current state:
2023/07/13 - 2023/08/04: "From July 13th to August 4th, I consistently performed a variety of daily kitchen and household tasks, including preparing diverse meals like toast, sandwiches, cooked potatoes, salads, and coffee, along with routine activities such as watering houseplants, cleaning dishes, and organizing various items including credit cards, remotes, tissue boxes, pencils, newspapers, and watches."  
  ..."""
{}
command: answer("I received an instruction to boil a potato. I retrieved a pot from the fridge, emptied it, and then got the potato from the microwave, placing it inside the pot. I also cleared some items.")
expected output: 


 ============================== 


eval answer("I received an instruction to boil a potato. I retrieved a pot from the fridge, emptied it, and then got the potato from the microwave, placing it inside the pot. I also cleared some items.")
Answering I received an instruction to boil a potato. I retrieved a pot from the fridge, emptied it, and then got the potato from the microwave, placing it inside the pot. I also cleared some items.  with reason: None
Tokens Used: 2364
	Prompt Tokens: 2061
	Completion Tokens: 303
Successful Requests: 1
Total Cost (USD): $0.0
Evaluating sample 6c24abb778c24a7c_704a-977b52faf01e6c05_d71f-01c1b8aa1820aa0b_adaf-32918ea00b69d9fe_38ff-cdf30defa61245ba_5590-2513b9a8d8ae5129_ab38-7337be5c30b1b5d1_874c-57862376ad3394a1_c9dc-32fe2fa7cc43fbc3_b8f3-0de4b62afcd06138_45f2-a966ba0c6e0d463d_ce88-25ef88cce38adfbc_1740-7504548a0dd7baf8_b148-064a69cb5d40b41f_9c2e-a690a35743c855aa_4c00-4b813e7c9bc088d0_1ce1-e4909f617bc99db4_4ab8-03379f213dfbda39_79a2-c49a96282ec09e90_5bfa-a2d31b84a569e568_fb03-88ddc0cbf1a23687_43ea-b36a8d73976068a3_6afd-c02445dd7a5b6f26_d92a-a76099fbab67c9da_4d48-c6c5c151b7b8e770_38db-60d26ec0f9c4757e_425d-9539c0004762d6a8_2eee-b2fde7ee4eb1c40f_1f95-c2ffd6a81bfe2613_f91c-81b10da74f7ac9ff_15c8-6ccc8b815fbc093a_e921-5aa3cbd322d4f163_402a-52e190f2e5f3b790_edbb-71392179ff5e728f_d7fe-4e893adaff5699af_ab4f-6f4aca312776de7b_97f3-4e88e46c6584bd85_21d2-eef61c8f3cdd8280_c537-bfb3e4eaf7ba458f_81db-af3fc77ab8313235_5b72-dbb41344c474217f_ee0e-498d06abfb7e9487_5c19-36492265af47de94_a352-9c97a83f60095487_02d9-0d1a67f82b3b5854_d74d-2f8d482d22e56fdd_410e-5c12b219bbb5bc07_6008-4aafdc038df138e8_58f0-474a8460bc35eb12_20d0-0f0664338151d4ac_5c06-0-seq_right_before_questions
[配置] 启用 FAISS 加速，索引类型: flat
[Forgetting] 命中缓存
[GraphAug] 命中图缓存 (nodes=4933, edges=16433)
Got 0 examples


 ============================== 


eval temporal_neighbor('put all newspaper on one armchair', direction='before')
Updated/Defined variables after execution: {}

**SystemMessage**:
"""You are a smart humanoid robot answering user question about your past actions.
The history object contains information on what you did in the past, represented as a tree.
Use the method expand to look at details of a node.
Make sure to use collapse_all_but(idx) when you expanded irrelevant nodes, in order to keep the tree compact.
Enter Python expressions into the console to see the value and decide for the next command based on that result.
Answer concisely by calling answer("...") when you gathered enough information to answer the question.
Generate syntactically correct python console statements only, no explanations or other natural language statements.
IMPORTANT: If search() returns "No relevant records found", your next command MUST be answer("I have no record of that."). Do not search synonyms, do not expand further, and do not call vqa.
IMPORTANT: If you get "Nothing changed" twice, answer honestly that you have no record. Do NOT keep searching repeatedly. For just-before/just-after questions, first try one broader target search or inspect another relevant top-level time block before giving up.
For object yes/no questions, first use object_lookup("object name"). If it reports no matching summary, answer "No, I have no record of that." Do not call vqa unless you already have a directly relevant leaf image.
For task-list questions such as "List the tasks you performed", first use task_list(). Prefer its Recommended answer and chronological candidates instead of manually expanding the whole tree. For long histories, do not copy every task candidate verbatim unless the user explicitly asks for an exhaustive transcript.
For low-level action questions such as "what task did you perform when you toggle/open/pick up/place X", first use action_lookup("full low-level action"), for example action_lookup("open the drawer"). Do not call task_lookup first for these low-level action questions.
For task-description questions such as "describe what you did when you X", first use task_lookup("X"). Prefer its matching task candidates instead of manually expanding the whole tree. This does not apply to low-level action questions covered by action_lookup.
For exact date/time questions or "N days ago" questions asking what happened, first use date_lookup(question). Prefer its Recommended answer when it is confident instead of manually expanding by date.
For "How many days ago did you X?" or "When did you X?" questions, first use event_date_lookup(question). If it lists multiple days, include all of them in the final answer instead of only the most recent match.
For just-before or just-after questions, first use temporal_neighbor(target_task, direction="before" or "after") if a candidate is not already shown. Prefer the returned Recommended answer when it is confident. Only then inspect adjacent sibling or temporal nodes. Avoid expanding to raw leaf observations unless the summary is insufficient.
Do not call vqa for time, date, task-list, before/after, or yes/no object-existence questions when textual summaries already answer the question. Use vqa only for explicit visual appearance questions such as color, visible state, or what something looks like.
Never output bare parameters such as reasoning="..." answer="...". Always call answer("..."). You may call answer(reasoning="...", answer="...") only when a short reason is necessary.
Keep answer() short: answer under 60 words, and do not use markdown or backticks inside answer()."""

**HumanMessage**:
"""
def action_lookup(query: str, max_matches: int = 6) -> str # For low-level action questions, map raw leaf actions back to task-sized summaries
def answer(reasoning: str = None, answer: str = Ellipsis)
def ask(question: str)
def date_lookup(query: str, max_matches: int = 8) -> str # For exact date/time or N-days-ago questions, list matching history summaries directly
def event_date_lookup(query: str, max_matches: int = 12) -> str # For "how many days ago did you X" questions, find all matching event dates directly
def now() -> datetime.datetime
def object_lookup(object_name: str, max_matches: int = 8) -> str # For object yes/no questions, check whether task summaries mention the object
def task_list(max_tasks: int = 30) -> str # For task-list questions, list task-sized history summaries in chronological order
def task_lookup(query: str, max_matches: int = 8) -> str # For task-description questions, list task-sized summaries matching a query
def temporal_neighbor(target_task: str, direction: str = 'before', max_candidates: int = 6) -> str # For just-before/just-after questions, find the target task and return adjacent task candidates
def vqa(question: str, *images: PIL.Image.Image)
"""

**HumanMessage**:
"""Usage examples:
>>> history.expand()  # Shows the history tree with all child nodes expanded
>>> history.expand(date(2021, 12, 20))  # Expand the children that overlap with the given day
>>> history.expand(now() - timedelta(hours=6), now() - timedelta(hours=4))  # Expand all children that overlap with the given range (in this example "about 5 hours ago")
>>> history.expand((now() - timedelta(days=2)).date())  # Expand all children that overlap with the day before yesterday
>>> history.expand(0)  # Shows child node 0
>>> history[0].expand()  # Expands all child nodes of node 0 (node 0 must be expanded already to see them)
>>> history[5][2].expand()  # Shows child node 2 of child node 5 with all its child nodes expanded
>>> history.search("green cup") # Semantic index search. Expands the most relevant children according to similarity of the natural language query and the node's (recursively defined) index content.
>>> history[1][42].search("bicycle") # Semantic index search on some node further down the tree. Expands the children of node 1.42 most relevant to the search term
>>> history[3].collapse_all_but(1); history[3][1].expand()  # Zooms into details of child node 3.1 while collapsing all other childs of node 3
>>> vqa("What color is the ... in this image?",
...     history[2][4][-1][0].image)  # Invoke a model to answer a visual question about image(s) of some leaf (!) node(s)

# After gathering the relevant information, answer the question:
# Use a short final answer. Optionally provide a brief reasoning only when needed.
>>> answer("...")"""

**HumanMessage**:
"""User question: What task did you do just before put all newspaper on one armchair?"""

**AIMessage**:
"""temporal_neighbor('put all newspaper on one armchair', direction='before')"""

**HumanMessage**:
""""Temporal neighbor candidates for target='put all newspaper on one armchair', direction='before':\n1. score=0.83; target=2023/07/31 11:39:16 - 11:41:13: I started by picking up a newspaper from the dresser and placing it on an armchair, following the instruction to gather all newspapers on one armchair.; before=2023/07/31 08:25:31 - 08:27:46: Upon receiving the user's request to serve two slices of tomato, I first picked up a tomato and a plate and placed them on the countertop. Afterwards, I grabbed a knife and sliced...\n2. score=0.67; target=2023/07/31 11:39 - 11:45: As instructed, I began gathering newspapers onto an armchair. I moved one newspaper from the dresser to the armchair, and to clear space, I relocated a cellphone from the armchair...; before=2023/07/31 08:25:31 - 08:27:46: Upon receiving the user's request to serve two slices of tomato, I first picked up a tomato and a plate and placed them on the countertop. Afterwards, I grabbed a knife and sliced...\n3. score=0.62; target=2023/07/31 08:25 - 18:43: On July 31st, I served two slices of tomato, gathered newspapers onto an armchair, and prepared a dish with sliced lettuce, tomato, and a cooked potato.; before=2023/07/30 10:01 - 13:33: On July 30th, I made coffee, sliced and cooked potato pieces on the stove, and prepared sliced tomato in a bowl.\n4. score=0.62; target=2023/07/31 11:41:26 - 11:43:11: I then searched for another newspaper by opening and closing various drawers and cabinets (Drawer_4, Drawer_2, Cabinet_2). Upon finding a second newspaper, I picked it up and place...; before=2023/07/31 11:39:16 - 11:41:13: I started by picking up a newspaper from the dresser and placing it on an armchair, following the instruction to gather all newspapers on one armchair.\nRecommended answer: Upon receiving the user's request to serve two slices of tomato, I first picked up a tomato and a plate and placed them on the countertop. Afterwards, I grabbed a knife and sliced...""""

**HumanMessage**:
"""Current state:
2023/07/13 - 2023/08/04: "From July 13th to August 4th, I consistently performed a variety of daily kitchen and household tasks, including preparing diverse meals like toast, sandwiches, cooked potatoes, salads, and coffee, along with routine activities such as watering houseplants, cleaning dishes, and organizing various items including credit cards, remotes, tissue boxes, pencils, newspapers, and watches."  
  ..."""
{}
command: answer("Upon receiving the user's request to serve two slices of tomato, I first picked up a tomato and a plate and placed them on the countertop. Afterwards, I grabbed a knife and sliced the tomato.")
expected output: 


 ============================== 


eval answer("Upon receiving the user's request to serve two slices of tomato, I first picked up a tomato and a plate and placed them on the countertop. Afterwards, I grabbed a knife and sliced the tomato.")
Answering Upon receiving the user's request to serve two slices of tomato, I first picked up a tomato and a plate and placed them on the countertop. Afterwards, I grabbed a knife and sliced the tomato.  with reason: None
Tokens Used: 2979
	Prompt Tokens: 2238
	Completion Tokens: 741
Successful Requests: 1
Total Cost (USD): $0.0
Evaluating sample 6c24abb778c24a7c_704a-977b52faf01e6c05_d71f-01c1b8aa1820aa0b_adaf-32918ea00b69d9fe_38ff-cdf30defa61245ba_5590-2513b9a8d8ae5129_ab38-7337be5c30b1b5d1_874c-57862376ad3394a1_c9dc-32fe2fa7cc43fbc3_b8f3-0de4b62afcd06138_45f2-a966ba0c6e0d463d_ce88-25ef88cce38adfbc_1740-7504548a0dd7baf8_b148-064a69cb5d40b41f_9c2e-a690a35743c855aa_4c00-4b813e7c9bc088d0_1ce1-e4909f617bc99db4_4ab8-03379f213dfbda39_79a2-c49a96282ec09e90_5bfa-a2d31b84a569e568_fb03-88ddc0cbf1a23687_43ea-b36a8d73976068a3_6afd-c02445dd7a5b6f26_d92a-a76099fbab67c9da_4d48-c6c5c151b7b8e770_38db-60d26ec0f9c4757e_425d-9539c0004762d6a8_2eee-b2fde7ee4eb1c40f_1f95-c2ffd6a81bfe2613_f91c-81b10da74f7ac9ff_15c8-6ccc8b815fbc093a_e921-5aa3cbd322d4f163_402a-52e190f2e5f3b790_edbb-71392179ff5e728f_d7fe-4e893adaff5699af_ab4f-6f4aca312776de7b_97f3-4e88e46c6584bd85_21d2-eef61c8f3cdd8280_c537-bfb3e4eaf7ba458f_81db-af3fc77ab8313235_5b72-dbb41344c474217f_ee0e-498d06abfb7e9487_5c19-36492265af47de94_a352-9c97a83f60095487_02d9-0d1a67f82b3b5854_d74d-2f8d482d22e56fdd_410e-5c12b219bbb5bc07_6008-4aafdc038df138e8_58f0-474a8460bc35eb12_20d0-0f0664338151d4ac_5c06-0-seq_simple_object_yes_no
[配置] 启用 FAISS 加速，索引类型: flat
[Forgetting] 命中缓存
[GraphAug] 命中图缓存 (nodes=4933, edges=16433)
Got 0 examples


 ============================== 


eval object_lookup('baseball bat')
Updated/Defined variables after execution: {}

**SystemMessage**:
"""You are a smart humanoid robot answering user question about your past actions.
The history object contains information on what you did in the past, represented as a tree.
Use the method expand to look at details of a node.
Make sure to use collapse_all_but(idx) when you expanded irrelevant nodes, in order to keep the tree compact.
Enter Python expressions into the console to see the value and decide for the next command based on that result.
Answer concisely by calling answer("...") when you gathered enough information to answer the question.
Generate syntactically correct python console statements only, no explanations or other natural language statements.
IMPORTANT: If search() returns "No relevant records found", your next command MUST be answer("I have no record of that."). Do not search synonyms, do not expand further, and do not call vqa.
IMPORTANT: If you get "Nothing changed" twice, answer honestly that you have no record. Do NOT keep searching repeatedly. For just-before/just-after questions, first try one broader target search or inspect another relevant top-level time block before giving up.
For object yes/no questions, first use object_lookup("object name"). If it reports no matching summary, answer "No, I have no record of that." Do not call vqa unless you already have a directly relevant leaf image.
For task-list questions such as "List the tasks you performed", first use task_list(). Prefer its Recommended answer and chronological candidates instead of manually expanding the whole tree. For long histories, do not copy every task candidate verbatim unless the user explicitly asks for an exhaustive transcript.
For low-level action questions such as "what task did you perform when you toggle/open/pick up/place X", first use action_lookup("full low-level action"), for example action_lookup("open the drawer"). Do not call task_lookup first for these low-level action questions.
For task-description questions such as "describe what you did when you X", first use task_lookup("X"). Prefer its matching task candidates instead of manually expanding the whole tree. This does not apply to low-level action questions covered by action_lookup.
For exact date/time questions or "N days ago" questions asking what happened, first use date_lookup(question). Prefer its Recommended answer when it is confident instead of manually expanding by date.
For "How many days ago did you X?" or "When did you X?" questions, first use event_date_lookup(question). If it lists multiple days, include all of them in the final answer instead of only the most recent match.
For just-before or just-after questions, first use temporal_neighbor(target_task, direction="before" or "after") if a candidate is not already shown. Prefer the returned Recommended answer when it is confident. Only then inspect adjacent sibling or temporal nodes. Avoid expanding to raw leaf observations unless the summary is insufficient.
Do not call vqa for time, date, task-list, before/after, or yes/no object-existence questions when textual summaries already answer the question. Use vqa only for explicit visual appearance questions such as color, visible state, or what something looks like.
Never output bare parameters such as reasoning="..." answer="...". Always call answer("..."). You may call answer(reasoning="...", answer="...") only when a short reason is necessary.
Keep answer() short: answer under 60 words, and do not use markdown or backticks inside answer()."""

**HumanMessage**:
"""
def action_lookup(query: str, max_matches: int = 6) -> str # For low-level action questions, map raw leaf actions back to task-sized summaries
def answer(reasoning: str = None, answer: str = Ellipsis)
def ask(question: str)
def date_lookup(query: str, max_matches: int = 8) -> str # For exact date/time or N-days-ago questions, list matching history summaries directly
def event_date_lookup(query: str, max_matches: int = 12) -> str # For "how many days ago did you X" questions, find all matching event dates directly
def now() -> datetime.datetime
def object_lookup(object_name: str, max_matches: int = 8) -> str # For object yes/no questions, check whether task summaries mention the object
def task_list(max_tasks: int = 30) -> str # For task-list questions, list task-sized history summaries in chronological order
def task_lookup(query: str, max_matches: int = 8) -> str # For task-description questions, list task-sized summaries matching a query
def temporal_neighbor(target_task: str, direction: str = 'before', max_candidates: int = 6) -> str # For just-before/just-after questions, find the target task and return adjacent task candidates
def vqa(question: str, *images: PIL.Image.Image)
"""

**HumanMessage**:
"""Usage examples:
>>> history.expand()  # Shows the history tree with all child nodes expanded
>>> history.expand(date(2021, 12, 20))  # Expand the children that overlap with the given day
>>> history.expand(now() - timedelta(hours=6), now() - timedelta(hours=4))  # Expand all children that overlap with the given range (in this example "about 5 hours ago")
>>> history.expand((now() - timedelta(days=2)).date())  # Expand all children that overlap with the day before yesterday
>>> history.expand(0)  # Shows child node 0
>>> history[0].expand()  # Expands all child nodes of node 0 (node 0 must be expanded already to see them)
>>> history[5][2].expand()  # Shows child node 2 of child node 5 with all its child nodes expanded
>>> history.search("green cup") # Semantic index search. Expands the most relevant children according to similarity of the natural language query and the node's (recursively defined) index content.
>>> history[1][42].search("bicycle") # Semantic index search on some node further down the tree. Expands the children of node 1.42 most relevant to the search term
>>> history[3].collapse_all_but(1); history[3][1].expand()  # Zooms into details of child node 3.1 while collapsing all other childs of node 3
>>> vqa("What color is the ... in this image?",
...     history[2][4][-1][0].image)  # Invoke a model to answer a visual question about image(s) of some leaf (!) node(s)

# After gathering the relevant information, answer the question:
# Use a short final answer. Optionally provide a brief reasoning only when needed.
>>> answer("...")"""

**HumanMessage**:
"""User question: Was there a baseball bat ?"""

**AIMessage**:
"""object_lookup('baseball bat')"""

**HumanMessage**:
""""Object lookup for object='baseball bat':\nNo task-sized summaries mention this object.\nRecommended answer: No, I have no record of that.""""

**HumanMessage**:
"""Current state:
2023/07/13 - 2023/08/04: "From July 13th to August 4th, I consistently performed a variety of daily kitchen and household tasks, including preparing diverse meals like toast, sandwiches, cooked potatoes, salads, and coffee, along with routine activities such as watering houseplants, cleaning dishes, and organizing various items including credit cards, remotes, tissue boxes, pencils, newspapers, and watches."  
  ..."""
{}
command: answer("No, I have no record of that.")
expected output: 


 ============================== 


eval answer("No, I have no record of that.")
Answering No, I have no record of that.  with reason: None
Tokens Used: 1891
	Prompt Tokens: 1641
	Completion Tokens: 250
Successful Requests: 1
Total Cost (USD): $0.0
Evaluating sample 6c24abb778c24a7c_704a-977b52faf01e6c05_d71f-01c1b8aa1820aa0b_adaf-32918ea00b69d9fe_38ff-cdf30defa61245ba_5590-2513b9a8d8ae5129_ab38-7337be5c30b1b5d1_874c-57862376ad3394a1_c9dc-32fe2fa7cc43fbc3_b8f3-0de4b62afcd06138_45f2-a966ba0c6e0d463d_ce88-25ef88cce38adfbc_1740-7504548a0dd7baf8_b148-064a69cb5d40b41f_9c2e-a690a35743c855aa_4c00-4b813e7c9bc088d0_1ce1-e4909f617bc99db4_4ab8-03379f213dfbda39_79a2-c49a96282ec09e90_5bfa-a2d31b84a569e568_fb03-88ddc0cbf1a23687_43ea-b36a8d73976068a3_6afd-c02445dd7a5b6f26_d92a-a76099fbab67c9da_4d48-c6c5c151b7b8e770_38db-60d26ec0f9c4757e_425d-9539c0004762d6a8_2eee-b2fde7ee4eb1c40f_1f95-c2ffd6a81bfe2613_f91c-81b10da74f7ac9ff_15c8-6ccc8b815fbc093a_e921-5aa3cbd322d4f163_402a-52e190f2e5f3b790_edbb-71392179ff5e728f_d7fe-4e893adaff5699af_ab4f-6f4aca312776de7b_97f3-4e88e46c6584bd85_21d2-eef61c8f3cdd8280_c537-bfb3e4eaf7ba458f_81db-af3fc77ab8313235_5b72-dbb41344c474217f_ee0e-498d06abfb7e9487_5c19-36492265af47de94_a352-9c97a83f60095487_02d9-0d1a67f82b3b5854_d74d-2f8d482d22e56fdd_410e-5c12b219bbb5bc07_6008-4aafdc038df138e8_58f0-474a8460bc35eb12_20d0-0f0664338151d4ac_5c06-0-seq_low_actions_to_episode_task_descs
[配置] 启用 FAISS 加速，索引类型: flat
[Forgetting] 命中缓存
[GraphAug] 命中图缓存 (nodes=4933, edges=16433)
Got 0 examples


 ============================== 


eval task_lookup('place the mug on the coffeemachine')
Updated/Defined variables after execution: {}
[结构化直答] low-action task lookup matched; returning Recommended answer directly
Tokens Used: 0
	Prompt Tokens: 0
	Completion Tokens: 0
Successful Requests: 0
Total Cost (USD): $0.0
Evaluating sample 6c24abb778c24a7c_704a-977b52faf01e6c05_d71f-01c1b8aa1820aa0b_adaf-32918ea00b69d9fe_38ff-cdf30defa61245ba_5590-2513b9a8d8ae5129_ab38-7337be5c30b1b5d1_874c-57862376ad3394a1_c9dc-32fe2fa7cc43fbc3_b8f3-0de4b62afcd06138_45f2-a966ba0c6e0d463d_ce88-25ef88cce38adfbc_1740-7504548a0dd7baf8_b148-064a69cb5d40b41f_9c2e-a690a35743c855aa_4c00-4b813e7c9bc088d0_1ce1-e4909f617bc99db4_4ab8-03379f213dfbda39_79a2-c49a96282ec09e90_5bfa-a2d31b84a569e568_fb03-88ddc0cbf1a23687_43ea-b36a8d73976068a3_6afd-c02445dd7a5b6f26_d92a-a76099fbab67c9da_4d48-c6c5c151b7b8e770_38db-60d26ec0f9c4757e_425d-9539c0004762d6a8_2eee-b2fde7ee4eb1c40f_1f95-c2ffd6a81bfe2613_f91c-81b10da74f7ac9ff_15c8-6ccc8b815fbc093a_e921-5aa3cbd322d4f163_402a-52e190f2e5f3b790_edbb-71392179ff5e728f_d7fe-4e893adaff5699af_ab4f-6f4aca312776de7b_97f3-4e88e46c6584bd85_21d2-eef61c8f3cdd8280_c537-bfb3e4eaf7ba458f_81db-af3fc77ab8313235_5b72-dbb41344c474217f_ee0e-498d06abfb7e9487_5c19-36492265af47de94_a352-9c97a83f60095487_02d9-0d1a67f82b3b5854_d74d-2f8d482d22e56fdd_410e-5c12b219bbb5bc07_6008-4aafdc038df138e8_58f0-474a8460bc35eb12_20d0-0f0664338151d4ac_5c06-0-exact_time_to_episode
[配置] 启用 FAISS 加速，索引类型: flat
[Forgetting] 命中缓存
[GraphAug] 命中图缓存 (nodes=4933, edges=16433)
Got 0 examples


 ============================== 


eval date_lookup('what did you do on Jul 24, 2023 at 04:12 PM?')
Updated/Defined variables after execution: {}

**SystemMessage**:
"""You are a smart humanoid robot answering user question about your past actions.
The history object contains information on what you did in the past, represented as a tree.
Use the method expand to look at details of a node.
Make sure to use collapse_all_but(idx) when you expanded irrelevant nodes, in order to keep the tree compact.
Enter Python expressions into the console to see the value and decide for the next command based on that result.
Answer concisely by calling answer("...") when you gathered enough information to answer the question.
Generate syntactically correct python console statements only, no explanations or other natural language statements.
IMPORTANT: If search() returns "No relevant records found", your next command MUST be answer("I have no record of that."). Do not search synonyms, do not expand further, and do not call vqa.
IMPORTANT: If you get "Nothing changed" twice, answer honestly that you have no record. Do NOT keep searching repeatedly. For just-before/just-after questions, first try one broader target search or inspect another relevant top-level time block before giving up.
For object yes/no questions, first use object_lookup("object name"). If it reports no matching summary, answer "No, I have no record of that." Do not call vqa unless you already have a directly relevant leaf image.
For task-list questions such as "List the tasks you performed", first use task_list(). Prefer its Recommended answer and chronological candidates instead of manually expanding the whole tree. For long histories, do not copy every task candidate verbatim unless the user explicitly asks for an exhaustive transcript.
For low-level action questions such as "what task did you perform when you toggle/open/pick up/place X", first use action_lookup("full low-level action"), for example action_lookup("open the drawer"). Do not call task_lookup first for these low-level action questions.
For task-description questions such as "describe what you did when you X", first use task_lookup("X"). Prefer its matching task candidates instead of manually expanding the whole tree. This does not apply to low-level action questions covered by action_lookup.
For exact date/time questions or "N days ago" questions asking what happened, first use date_lookup(question). Prefer its Recommended answer when it is confident instead of manually expanding by date.
For "How many days ago did you X?" or "When did you X?" questions, first use event_date_lookup(question). If it lists multiple days, include all of them in the final answer instead of only the most recent match.
For just-before or just-after questions, first use temporal_neighbor(target_task, direction="before" or "after") if a candidate is not already shown. Prefer the returned Recommended answer when it is confident. Only then inspect adjacent sibling or temporal nodes. Avoid expanding to raw leaf observations unless the summary is insufficient.
Do not call vqa for time, date, task-list, before/after, or yes/no object-existence questions when textual summaries already answer the question. Use vqa only for explicit visual appearance questions such as color, visible state, or what something looks like.
Never output bare parameters such as reasoning="..." answer="...". Always call answer("..."). You may call answer(reasoning="...", answer="...") only when a short reason is necessary.
Keep answer() short: answer under 60 words, and do not use markdown or backticks inside answer()."""

**HumanMessage**:
"""
def action_lookup(query: str, max_matches: int = 6) -> str # For low-level action questions, map raw leaf actions back to task-sized summaries
def answer(reasoning: str = None, answer: str = Ellipsis)
def ask(question: str)
def date_lookup(query: str, max_matches: int = 8) -> str # For exact date/time or N-days-ago questions, list matching history summaries directly
def event_date_lookup(query: str, max_matches: int = 12) -> str # For "how many days ago did you X" questions, find all matching event dates directly
def now() -> datetime.datetime
def object_lookup(object_name: str, max_matches: int = 8) -> str # For object yes/no questions, check whether task summaries mention the object
def task_list(max_tasks: int = 30) -> str # For task-list questions, list task-sized history summaries in chronological order
def task_lookup(query: str, max_matches: int = 8) -> str # For task-description questions, list task-sized summaries matching a query
def temporal_neighbor(target_task: str, direction: str = 'before', max_candidates: int = 6) -> str # For just-before/just-after questions, find the target task and return adjacent task candidates
def vqa(question: str, *images: PIL.Image.Image)
"""

**HumanMessage**:
"""Usage examples:
>>> history.expand()  # Shows the history tree with all child nodes expanded
>>> history.expand(date(2021, 12, 20))  # Expand the children that overlap with the given day
>>> history.expand(now() - timedelta(hours=6), now() - timedelta(hours=4))  # Expand all children that overlap with the given range (in this example "about 5 hours ago")
>>> history.expand((now() - timedelta(days=2)).date())  # Expand all children that overlap with the day before yesterday
>>> history.expand(0)  # Shows child node 0
>>> history[0].expand()  # Expands all child nodes of node 0 (node 0 must be expanded already to see them)
>>> history[5][2].expand()  # Shows child node 2 of child node 5 with all its child nodes expanded
>>> history.search("green cup") # Semantic index search. Expands the most relevant children according to similarity of the natural language query and the node's (recursively defined) index content.
>>> history[1][42].search("bicycle") # Semantic index search on some node further down the tree. Expands the children of node 1.42 most relevant to the search term
>>> history[3].collapse_all_but(1); history[3][1].expand()  # Zooms into details of child node 3.1 while collapsing all other childs of node 3
>>> vqa("What color is the ... in this image?",
...     history[2][4][-1][0].image)  # Invoke a model to answer a visual question about image(s) of some leaf (!) node(s)

# After gathering the relevant information, answer the question:
# Use a short final answer. Optionally provide a brief reasoning only when needed.
>>> answer("...")"""

**HumanMessage**:
"""User question: what did you do on Jul 24, 2023 at 04:12 PM?"""

**AIMessage**:
"""date_lookup('what did you do on Jul 24, 2023 at 04:12 PM?')"""

**HumanMessage**:
""""Date lookup for query='what did you do on Jul 24, 2023 at 04:12 PM?': resolved=2023/07/24 16:12:00.\n1. score=0.98; 2023/07/24 16:12 - 16:15: I retrieved a dirty plate from a chair and prepared the sink for washing by moving a soap bottle and an egg out of the basin. I also moved a potato to the countertop before washing the plate and declaring it clean.\n2. score=0.91; 2023/07/24 16:12:01 - 16:14:01: I retrieved a dirty plate from the chair and placed it on the countertop.\n3. score=0.76; 2023/07/24 16:12:01 - 16:12:49: Goal: Pickup(Plate_2) Visual observation: Plate_2 [dirty], Potato_1, CounterTop_0, Spoon_0, Chair_0 Speech: 2023-07-24 16:12:11.322343: hi 2023-07-24 16:12:19.796754: let's clean a plate in water 2023-07-24 16:12:46.7259...\n4. score=0.76; 2023/07/24 16:12:52 - 16:14:01: Goal: Place(CounterTop_1) Visual observation: Plate_2 [dirty], Potato_1, Cabinet_0, Drawer_0, CounterTop_1, Drawer_1, Drawer_2, Cabinet_4, Cabinet_5, Statue, Toaster, Spatula, Fridge, Bowl [dirty], agent hand Plate_2 is...\n5. score=0.36; 2023/07/24 15:07 - 2023/07/25 12:11: On July 24th and 25th, I cleaned drinkware (a cup and a mug), cleaned a dirty plate after clearing the sink, and retrieved two remote controls from the safe to place on an armchair.\n6. score=0.25; 2023/07/22 - 2023/07/25: From July 22nd to 25th, I prepared a salad with cooked potato, made coffee, collected remote controls (including one from a safe), placed two tissue boxes on side tables, cleaned drinkware (a cup and a mug), and retrieve...\n7. score=0.16; 2023/07/22 - 2023/07/31: From July 22nd to July 31st, I focused on more complex meal preparation involving salads and coffee, while also tidying the house by organizing remote controls, tissue boxes, pencils, and newspapers. I also continued rou...\n8. score=0.08; 2023/07/13 - 2023/08/04: From July 13th to August 4th, I consistently performed a variety of daily kitchen and household tasks, including preparing diverse meals like toast, sandwiches, cooked potatoes, salads, and coffee, along with routine act...\nRecommended answer: I retrieved a dirty plate from a chair and prepared the sink for washing by moving a soap bottle and an egg out of the basin. I also moved a potato to the countertop before washing the plate and declaring it clean.""""

**HumanMessage**:
"""Current state:
2023/07/13 - 2023/08/04: "From July 13th to August 4th, I consistently performed a variety of daily kitchen and household tasks, including preparing diverse meals like toast, sandwiches, cooked potatoes, salads, and coffee, along with routine activities such as watering houseplants, cleaning dishes, and organizing various items including credit cards, remotes, tissue boxes, pencils, newspapers, and watches."  
  ..."""
{}
command: answer("I retrieved a dirty plate from a chair and prepared the sink for washing by moving a soap bottle and an egg out of the basin. I also moved a potato to the countertop before washing the plate and declaring it clean.")
expected output: 


 ============================== 


eval answer("I retrieved a dirty plate from a chair and prepared the sink for washing by moving a soap bottle and an egg out of the basin. I also moved a potato to the countertop before washing the plate and declaring it clean.")
Answering I retrieved a dirty plate from a chair and prepared the sink for washing by moving a soap bottle and an egg out of the basin. I also moved a potato to the countertop before washing the plate and declaring it clean.  with reason: None
Tokens Used: 3078
	Prompt Tokens: 2507
	Completion Tokens: 571
Successful Requests: 1
Total Cost (USD): $0.0
Evaluating sample 6c24abb778c24a7c_704a-977b52faf01e6c05_d71f-01c1b8aa1820aa0b_adaf-32918ea00b69d9fe_38ff-cdf30defa61245ba_5590-2513b9a8d8ae5129_ab38-7337be5c30b1b5d1_874c-57862376ad3394a1_c9dc-32fe2fa7cc43fbc3_b8f3-0de4b62afcd06138_45f2-a966ba0c6e0d463d_ce88-25ef88cce38adfbc_1740-7504548a0dd7baf8_b148-064a69cb5d40b41f_9c2e-a690a35743c855aa_4c00-4b813e7c9bc088d0_1ce1-e4909f617bc99db4_4ab8-03379f213dfbda39_79a2-c49a96282ec09e90_5bfa-a2d31b84a569e568_fb03-88ddc0cbf1a23687_43ea-b36a8d73976068a3_6afd-c02445dd7a5b6f26_d92a-a76099fbab67c9da_4d48-c6c5c151b7b8e770_38db-60d26ec0f9c4757e_425d-9539c0004762d6a8_2eee-b2fde7ee4eb1c40f_1f95-c2ffd6a81bfe2613_f91c-81b10da74f7ac9ff_15c8-6ccc8b815fbc093a_e921-5aa3cbd322d4f163_402a-52e190f2e5f3b790_edbb-71392179ff5e728f_d7fe-4e893adaff5699af_ab4f-6f4aca312776de7b_97f3-4e88e46c6584bd85_21d2-eef61c8f3cdd8280_c537-bfb3e4eaf7ba458f_81db-af3fc77ab8313235_5b72-dbb41344c474217f_ee0e-498d06abfb7e9487_5c19-36492265af47de94_a352-9c97a83f60095487_02d9-0d1a67f82b3b5854_d74d-2f8d482d22e56fdd_410e-5c12b219bbb5bc07_6008-4aafdc038df138e8_58f0-474a8460bc35eb12_20d0-0f0664338151d4ac_5c06-0-tasks_to_exact_times
[配置] 启用 FAISS 加速，索引类型: flat
[Forgetting] 命中缓存
[GraphAug] 命中图缓存 (nodes=4933, edges=16433)
Got 0 examples


 ============================== 


eval event_date_lookup('When did you make a sandwich?')
Updated/Defined variables after execution: {}

**SystemMessage**:
"""You are a smart humanoid robot answering user question about your past actions.
The history object contains information on what you did in the past, represented as a tree.
Use the method expand to look at details of a node.
Make sure to use collapse_all_but(idx) when you expanded irrelevant nodes, in order to keep the tree compact.
Enter Python expressions into the console to see the value and decide for the next command based on that result.
Answer concisely by calling answer("...") when you gathered enough information to answer the question.
Generate syntactically correct python console statements only, no explanations or other natural language statements.
IMPORTANT: If search() returns "No relevant records found", your next command MUST be answer("I have no record of that."). Do not search synonyms, do not expand further, and do not call vqa.
IMPORTANT: If you get "Nothing changed" twice, answer honestly that you have no record. Do NOT keep searching repeatedly. For just-before/just-after questions, first try one broader target search or inspect another relevant top-level time block before giving up.
For object yes/no questions, first use object_lookup("object name"). If it reports no matching summary, answer "No, I have no record of that." Do not call vqa unless you already have a directly relevant leaf image.
For task-list questions such as "List the tasks you performed", first use task_list(). Prefer its Recommended answer and chronological candidates instead of manually expanding the whole tree. For long histories, do not copy every task candidate verbatim unless the user explicitly asks for an exhaustive transcript.
For low-level action questions such as "what task did you perform when you toggle/open/pick up/place X", first use action_lookup("full low-level action"), for example action_lookup("open the drawer"). Do not call task_lookup first for these low-level action questions.
For task-description questions such as "describe what you did when you X", first use task_lookup("X"). Prefer its matching task candidates instead of manually expanding the whole tree. This does not apply to low-level action questions covered by action_lookup.
For exact date/time questions or "N days ago" questions asking what happened, first use date_lookup(question). Prefer its Recommended answer when it is confident instead of manually expanding by date.
For "How many days ago did you X?" or "When did you X?" questions, first use event_date_lookup(question). If it lists multiple days, include all of them in the final answer instead of only the most recent match.
For just-before or just-after questions, first use temporal_neighbor(target_task, direction="before" or "after") if a candidate is not already shown. Prefer the returned Recommended answer when it is confident. Only then inspect adjacent sibling or temporal nodes. Avoid expanding to raw leaf observations unless the summary is insufficient.
Do not call vqa for time, date, task-list, before/after, or yes/no object-existence questions when textual summaries already answer the question. Use vqa only for explicit visual appearance questions such as color, visible state, or what something looks like.
Never output bare parameters such as reasoning="..." answer="...". Always call answer("..."). You may call answer(reasoning="...", answer="...") only when a short reason is necessary.
Keep answer() short: answer under 60 words, and do not use markdown or backticks inside answer()."""

**HumanMessage**:
"""
def action_lookup(query: str, max_matches: int = 6) -> str # For low-level action questions, map raw leaf actions back to task-sized summaries
def answer(reasoning: str = None, answer: str = Ellipsis)
def ask(question: str)
def date_lookup(query: str, max_matches: int = 8) -> str # For exact date/time or N-days-ago questions, list matching history summaries directly
def event_date_lookup(query: str, max_matches: int = 12) -> str # For "how many days ago did you X" questions, find all matching event dates directly
def now() -> datetime.datetime
def object_lookup(object_name: str, max_matches: int = 8) -> str # For object yes/no questions, check whether task summaries mention the object
def task_list(max_tasks: int = 30) -> str # For task-list questions, list task-sized history summaries in chronological order
def task_lookup(query: str, max_matches: int = 8) -> str # For task-description questions, list task-sized summaries matching a query
def temporal_neighbor(target_task: str, direction: str = 'before', max_candidates: int = 6) -> str # For just-before/just-after questions, find the target task and return adjacent task candidates
def vqa(question: str, *images: PIL.Image.Image)
"""

**HumanMessage**:
"""Usage examples:
>>> history.expand()  # Shows the history tree with all child nodes expanded
>>> history.expand(date(2021, 12, 20))  # Expand the children that overlap with the given day
>>> history.expand(now() - timedelta(hours=6), now() - timedelta(hours=4))  # Expand all children that overlap with the given range (in this example "about 5 hours ago")
>>> history.expand((now() - timedelta(days=2)).date())  # Expand all children that overlap with the day before yesterday
>>> history.expand(0)  # Shows child node 0
>>> history[0].expand()  # Expands all child nodes of node 0 (node 0 must be expanded already to see them)
>>> history[5][2].expand()  # Shows child node 2 of child node 5 with all its child nodes expanded
>>> history.search("green cup") # Semantic index search. Expands the most relevant children according to similarity of the natural language query and the node's (recursively defined) index content.
>>> history[1][42].search("bicycle") # Semantic index search on some node further down the tree. Expands the children of node 1.42 most relevant to the search term
>>> history[3].collapse_all_but(1); history[3][1].expand()  # Zooms into details of child node 3.1 while collapsing all other childs of node 3
>>> vqa("What color is the ... in this image?",
...     history[2][4][-1][0].image)  # Invoke a model to answer a visual question about image(s) of some leaf (!) node(s)

# After gathering the relevant information, answer the question:
# Use a short final answer. Optionally provide a brief reasoning only when needed.
>>> answer("...")"""

**HumanMessage**:
"""User question: When did you make a sandwich?"""

**AIMessage**:
"""event_date_lookup('When did you make a sandwich?')"""

**HumanMessage**:
""""Event date lookup for query='When did you make a sandwich?': event='make a sandwich', today=2023/08/04.\n1. score=0.81; days_ago=20; 2023/07/15 09:29 - 09:38: Upon receiving the instruction to make a sandwich, I first prepared the bread by slicing and toasting it. I then prepared the other ingredients by slicing lettuce and a tomato. After washing a plate, I assembled the sand...\n2. score=0.72; days_ago=17; 2023/07/18 13:37 - 13:42: I prepared a sandwich by slicing bread, toasting two slices, and then slicing a tomato. I then assembled the sandwich by placing the toasted bread and tomato slices onto a plate, completing the user's request.\n3. score=0.85; days_ago=16; 2023/07/19 08:45:16 - 08:47:27: I picked up the bread from the chair and placed it on the countertop, receiving instructions to make a sandwich and slice the bread.\n4. score=0.68; days_ago=14; 2023/07/21 09:16 - 09:22: I prepared ingredients for a sandwich by slicing and toasting two slices of bread, and then slicing lettuce and a tomato.\nRecommended answer: on 2023/07/15, 2023/07/18, 2023/07/19, and 2023/07/21""""

**HumanMessage**:
"""Current state:
2023/07/13 - 2023/08/04: "From July 13th to August 4th, I consistently performed a variety of daily kitchen and household tasks, including preparing diverse meals like toast, sandwiches, cooked potatoes, salads, and coffee, along with routine activities such as watering houseplants, cleaning dishes, and organizing various items including credit cards, remotes, tissue boxes, pencils, newspapers, and watches."  
  ..."""
{}
command: answer("I have records of making a sandwich on July 15th, 18th, 19th, and 21st, 2023.")
expected output: 


 ============================== 


eval answer("I have records of making a sandwich on July 15th, 18th, 19th, and 21st, 2023.")
Answering I have records of making a sandwich on July 15th, 18th, 19th, and 21st, 2023.  with reason: None
Tokens Used: 2415
	Prompt Tokens: 2014
	Completion Tokens: 401
Successful Requests: 1
Total Cost (USD): $0.0
Evaluating sample 6c24abb778c24a7c_704a-977b52faf01e6c05_d71f-01c1b8aa1820aa0b_adaf-32918ea00b69d9fe_38ff-cdf30defa61245ba_5590-2513b9a8d8ae5129_ab38-7337be5c30b1b5d1_874c-57862376ad3394a1_c9dc-32fe2fa7cc43fbc3_b8f3-0de4b62afcd06138_45f2-a966ba0c6e0d463d_ce88-25ef88cce38adfbc_1740-7504548a0dd7baf8_b148-064a69cb5d40b41f_9c2e-a690a35743c855aa_4c00-4b813e7c9bc088d0_1ce1-e4909f617bc99db4_4ab8-03379f213dfbda39_79a2-c49a96282ec09e90_5bfa-a2d31b84a569e568_fb03-88ddc0cbf1a23687_43ea-b36a8d73976068a3_6afd-c02445dd7a5b6f26_d92a-a76099fbab67c9da_4d48-c6c5c151b7b8e770_38db-60d26ec0f9c4757e_425d-9539c0004762d6a8_2eee-b2fde7ee4eb1c40f_1f95-c2ffd6a81bfe2613_f91c-81b10da74f7ac9ff_15c8-6ccc8b815fbc093a_e921-5aa3cbd322d4f163_402a-52e190f2e5f3b790_edbb-71392179ff5e728f_d7fe-4e893adaff5699af_ab4f-6f4aca312776de7b_97f3-4e88e46c6584bd85_21d2-eef61c8f3cdd8280_c537-bfb3e4eaf7ba458f_81db-af3fc77ab8313235_5b72-dbb41344c474217f_ee0e-498d06abfb7e9487_5c19-36492265af47de94_a352-9c97a83f60095487_02d9-0d1a67f82b3b5854_d74d-2f8d482d22e56fdd_410e-5c12b219bbb5bc07_6008-4aafdc038df138e8_58f0-474a8460bc35eb12_20d0-0f0664338151d4ac_5c06-0-tasks_to_days_ago
[配置] 启用 FAISS 加速，索引类型: flat
[Forgetting] 命中缓存
[GraphAug] 命中图缓存 (nodes=4933, edges=16433)
Got 0 examples


 ============================== 


eval event_date_lookup('Today is Aug 04, 2023 at 03:24 PM. How many days ago did you clean all the cups?')
Updated/Defined variables after execution: {}

**SystemMessage**:
"""You are a smart humanoid robot answering user question about your past actions.
The history object contains information on what you did in the past, represented as a tree.
Use the method expand to look at details of a node.
Make sure to use collapse_all_but(idx) when you expanded irrelevant nodes, in order to keep the tree compact.
Enter Python expressions into the console to see the value and decide for the next command based on that result.
Answer concisely by calling answer("...") when you gathered enough information to answer the question.
Generate syntactically correct python console statements only, no explanations or other natural language statements.
IMPORTANT: If search() returns "No relevant records found", your next command MUST be answer("I have no record of that."). Do not search synonyms, do not expand further, and do not call vqa.
IMPORTANT: If you get "Nothing changed" twice, answer honestly that you have no record. Do NOT keep searching repeatedly. For just-before/just-after questions, first try one broader target search or inspect another relevant top-level time block before giving up.
For object yes/no questions, first use object_lookup("object name"). If it reports no matching summary, answer "No, I have no record of that." Do not call vqa unless you already have a directly relevant leaf image.
For task-list questions such as "List the tasks you performed", first use task_list(). Prefer its Recommended answer and chronological candidates instead of manually expanding the whole tree. For long histories, do not copy every task candidate verbatim unless the user explicitly asks for an exhaustive transcript.
For low-level action questions such as "what task did you perform when you toggle/open/pick up/place X", first use action_lookup("full low-level action"), for example action_lookup("open the drawer"). Do not call task_lookup first for these low-level action questions.
For task-description questions such as "describe what you did when you X", first use task_lookup("X"). Prefer its matching task candidates instead of manually expanding the whole tree. This does not apply to low-level action questions covered by action_lookup.
For exact date/time questions or "N days ago" questions asking what happened, first use date_lookup(question). Prefer its Recommended answer when it is confident instead of manually expanding by date.
For "How many days ago did you X?" or "When did you X?" questions, first use event_date_lookup(question). If it lists multiple days, include all of them in the final answer instead of only the most recent match.
For just-before or just-after questions, first use temporal_neighbor(target_task, direction="before" or "after") if a candidate is not already shown. Prefer the returned Recommended answer when it is confident. Only then inspect adjacent sibling or temporal nodes. Avoid expanding to raw leaf observations unless the summary is insufficient.
Do not call vqa for time, date, task-list, before/after, or yes/no object-existence questions when textual summaries already answer the question. Use vqa only for explicit visual appearance questions such as color, visible state, or what something looks like.
Never output bare parameters such as reasoning="..." answer="...". Always call answer("..."). You may call answer(reasoning="...", answer="...") only when a short reason is necessary.
Keep answer() short: answer under 60 words, and do not use markdown or backticks inside answer()."""

**HumanMessage**:
"""
def action_lookup(query: str, max_matches: int = 6) -> str # For low-level action questions, map raw leaf actions back to task-sized summaries
def answer(reasoning: str = None, answer: str = Ellipsis)
def ask(question: str)
def date_lookup(query: str, max_matches: int = 8) -> str # For exact date/time or N-days-ago questions, list matching history summaries directly
def event_date_lookup(query: str, max_matches: int = 12) -> str # For "how many days ago did you X" questions, find all matching event dates directly
def now() -> datetime.datetime
def object_lookup(object_name: str, max_matches: int = 8) -> str # For object yes/no questions, check whether task summaries mention the object
def task_list(max_tasks: int = 30) -> str # For task-list questions, list task-sized history summaries in chronological order
def task_lookup(query: str, max_matches: int = 8) -> str # For task-description questions, list task-sized summaries matching a query
def temporal_neighbor(target_task: str, direction: str = 'before', max_candidates: int = 6) -> str # For just-before/just-after questions, find the target task and return adjacent task candidates
def vqa(question: str, *images: PIL.Image.Image)
"""

**HumanMessage**:
"""Usage examples:
>>> history.expand()  # Shows the history tree with all child nodes expanded
>>> history.expand(date(2021, 12, 20))  # Expand the children that overlap with the given day
>>> history.expand(now() - timedelta(hours=6), now() - timedelta(hours=4))  # Expand all children that overlap with the given range (in this example "about 5 hours ago")
>>> history.expand((now() - timedelta(days=2)).date())  # Expand all children that overlap with the day before yesterday
>>> history.expand(0)  # Shows child node 0
>>> history[0].expand()  # Expands all child nodes of node 0 (node 0 must be expanded already to see them)
>>> history[5][2].expand()  # Shows child node 2 of child node 5 with all its child nodes expanded
>>> history.search("green cup") # Semantic index search. Expands the most relevant children according to similarity of the natural language query and the node's (recursively defined) index content.
>>> history[1][42].search("bicycle") # Semantic index search on some node further down the tree. Expands the children of node 1.42 most relevant to the search term
>>> history[3].collapse_all_but(1); history[3][1].expand()  # Zooms into details of child node 3.1 while collapsing all other childs of node 3
>>> vqa("What color is the ... in this image?",
...     history[2][4][-1][0].image)  # Invoke a model to answer a visual question about image(s) of some leaf (!) node(s)

# After gathering the relevant information, answer the question:
# Use a short final answer. Optionally provide a brief reasoning only when needed.
>>> answer("...")"""

**HumanMessage**:
"""User question: Today is Aug 04, 2023 at 03:24 PM. How many days ago did you clean all the cups?"""

**AIMessage**:
"""event_date_lookup('Today is Aug 04, 2023 at 03:24 PM. How many days ago did you clean all the cups?')"""

**HumanMessage**:
""""Event date lookup for query='Today is Aug 04, 2023 at 03:24 PM. How many days ago did you clean all the cups?': event='clean all the cups', today=2023/08/04.\n1. score=0.84; days_ago=16; 2023/07/19 17:03 - 17:09: I was instructed to clean the mugs. I picked up a dirty cup, placed it in the sink, then took a filled mug, emptied it, placed it in the coffee machine, and turned the machine on to make coffee.\n2. score=0.71; days_ago=15; 2023/07/20 13:09:48 - 13:09:54: I picked up the dirty mug, emptied its contents into the sink basin, and placed it in the sink to be cleaned.\n3. score=0.50; days_ago=12; 2023/07/23 08:00 - 08:04: I was asked to rinse a dirty mug and make coffee. I picked up the mug, placed it in the sink, turned the faucet on and off to rinse it, then placed it in the coffee machine and toggled the machine to brew the coffee.\n4. score=0.83; days_ago=11; 2023/07/24 15:07 - 15:11: I was instructed to clean the drinkware. I picked up a dirty cup from the counter, brought it to the sink, and placed it in the basin. I then retrieved a dirty mug from the counter and also placed it in the sink. Finally...\n5. score=0.62; days_ago=9; 2023/07/26 19:01:51 - 19:03:08: I started by turning off the faucet and then moved a filled mug from the sink to the countertop, as instructed to clean all plates.\n6. score=0.69; days_ago=5; 2023/07/30 10:02:58 - 10:03:09: I then proceeded to clean the mug by turning the faucet on and off, filling it with water, and then pouring the water out.\n7. score=0.67; days_ago=2; 2023/08/02 10:58 - 11:05: Following the user's instruction to make two cups of coffee, I washed two dirty mugs and used the coffee machine to prepare them.\n8. score=0.67; days_ago=1; 2023/08/03 16:21 - 16:27: I was instructed to rinse a dirty mug and make coffee. I initially made a mistake by attempting to use a clean mug, but then correctly identified and used the dirty mug. I rinsed it, placed it in the coffee machine, and...\nRecommended answer: 16 days ago and 15 days ago and 11 days ago and 9 days ago and 5 days ago and 2 days ago and 1 day ago""""

**HumanMessage**:
"""Current state:
2023/07/13 - 2023/08/04: "From July 13th to August 4th, I consistently performed a variety of daily kitchen and household tasks, including preparing diverse meals like toast, sandwiches, cooked potatoes, salads, and coffee, along with routine activities such as watering houseplants, cleaning dishes, and organizing various items including credit cards, remotes, tissue boxes, pencils, newspapers, and watches."  
  ..."""
{}
command: answer("I have records of cleaning cups or mugs on several occasions. The most recent instances were 1, 2, 5, and
expected output: 


 ============================== 


eval answer("I have records of cleaning cups or mugs on several occasions. The most recent instances were 1, 2, 5, and


 ============================== 


eval answer("I have records of cleaning cups or mugs on several occasions. The most recent instances were 1, 2, 5, and


 ============================== 




answer("I have records of cleaning cups or mugs on several occasions. The most recent instances were 1, 2, 5, and

[结构化回退] answer(...) 语法错误，返回结构化推荐答案
Tokens Used: 3183
	Prompt Tokens: 2419
	Completion Tokens: 764
Successful Requests: 1
Total Cost (USD): $0.0
Evaluating sample 6c24abb778c24a7c_704a-977b52faf01e6c05_d71f-01c1b8aa1820aa0b_adaf-32918ea00b69d9fe_38ff-cdf30defa61245ba_5590-2513b9a8d8ae5129_ab38-7337be5c30b1b5d1_874c-57862376ad3394a1_c9dc-32fe2fa7cc43fbc3_b8f3-0de4b62afcd06138_45f2-a966ba0c6e0d463d_ce88-25ef88cce38adfbc_1740-7504548a0dd7baf8_b148-064a69cb5d40b41f_9c2e-a690a35743c855aa_4c00-4b813e7c9bc088d0_1ce1-e4909f617bc99db4_4ab8-03379f213dfbda39_79a2-c49a96282ec09e90_5bfa-a2d31b84a569e568_fb03-88ddc0cbf1a23687_43ea-b36a8d73976068a3_6afd-c02445dd7a5b6f26_d92a-a76099fbab67c9da_4d48-c6c5c151b7b8e770_38db-60d26ec0f9c4757e_425d-9539c0004762d6a8_2eee-b2fde7ee4eb1c40f_1f95-c2ffd6a81bfe2613_f91c-81b10da74f7ac9ff_15c8-6ccc8b815fbc093a_e921-5aa3cbd322d4f163_402a-52e190f2e5f3b790_edbb-71392179ff5e728f_d7fe-4e893adaff5699af_ab4f-6f4aca312776de7b_97f3-4e88e46c6584bd85_21d2-eef61c8f3cdd8280_c537-bfb3e4eaf7ba458f_81db-af3fc77ab8313235_5b72-dbb41344c474217f_ee0e-498d06abfb7e9487_5c19-36492265af47de94_a352-9c97a83f60095487_02d9-0d1a67f82b3b5854_d74d-2f8d482d22e56fdd_410e-5c12b219bbb5bc07_6008-4aafdc038df138e8_58f0-474a8460bc35eb12_20d0-0f0664338151d4ac_5c06-0-days_ago_to_episode
[配置] 启用 FAISS 加速，索引类型: flat
[Forgetting] 命中缓存
[GraphAug] 命中图缓存 (nodes=4933, edges=16433)
Got 0 examples


 ============================== 


eval date_lookup('Today is Aug 04, 2023 at 03:24 PM. What did you do 4 days ago?')
Updated/Defined variables after execution: {}

**SystemMessage**:
"""You are a smart humanoid robot answering user question about your past actions.
The history object contains information on what you did in the past, represented as a tree.
Use the method expand to look at details of a node.
Make sure to use collapse_all_but(idx) when you expanded irrelevant nodes, in order to keep the tree compact.
Enter Python expressions into the console to see the value and decide for the next command based on that result.
Answer concisely by calling answer("...") when you gathered enough information to answer the question.
Generate syntactically correct python console statements only, no explanations or other natural language statements.
IMPORTANT: If search() returns "No relevant records found", your next command MUST be answer("I have no record of that."). Do not search synonyms, do not expand further, and do not call vqa.
IMPORTANT: If you get "Nothing changed" twice, answer honestly that you have no record. Do NOT keep searching repeatedly. For just-before/just-after questions, first try one broader target search or inspect another relevant top-level time block before giving up.
For object yes/no questions, first use object_lookup("object name"). If it reports no matching summary, answer "No, I have no record of that." Do not call vqa unless you already have a directly relevant leaf image.
For task-list questions such as "List the tasks you performed", first use task_list(). Prefer its Recommended answer and chronological candidates instead of manually expanding the whole tree. For long histories, do not copy every task candidate verbatim unless the user explicitly asks for an exhaustive transcript.
For low-level action questions such as "what task did you perform when you toggle/open/pick up/place X", first use action_lookup("full low-level action"), for example action_lookup("open the drawer"). Do not call task_lookup first for these low-level action questions.
For task-description questions such as "describe what you did when you X", first use task_lookup("X"). Prefer its matching task candidates instead of manually expanding the whole tree. This does not apply to low-level action questions covered by action_lookup.
For exact date/time questions or "N days ago" questions asking what happened, first use date_lookup(question). Prefer its Recommended answer when it is confident instead of manually expanding by date.
For "How many days ago did you X?" or "When did you X?" questions, first use event_date_lookup(question). If it lists multiple days, include all of them in the final answer instead of only the most recent match.
For just-before or just-after questions, first use temporal_neighbor(target_task, direction="before" or "after") if a candidate is not already shown. Prefer the returned Recommended answer when it is confident. Only then inspect adjacent sibling or temporal nodes. Avoid expanding to raw leaf observations unless the summary is insufficient.
Do not call vqa for time, date, task-list, before/after, or yes/no object-existence questions when textual summaries already answer the question. Use vqa only for explicit visual appearance questions such as color, visible state, or what something looks like.
Never output bare parameters such as reasoning="..." answer="...". Always call answer("..."). You may call answer(reasoning="...", answer="...") only when a short reason is necessary.
Keep answer() short: answer under 60 words, and do not use markdown or backticks inside answer()."""

**HumanMessage**:
"""
def action_lookup(query: str, max_matches: int = 6) -> str # For low-level action questions, map raw leaf actions back to task-sized summaries
def answer(reasoning: str = None, answer: str = Ellipsis)
def ask(question: str)
def date_lookup(query: str, max_matches: int = 8) -> str # For exact date/time or N-days-ago questions, list matching history summaries directly
def event_date_lookup(query: str, max_matches: int = 12) -> str # For "how many days ago did you X" questions, find all matching event dates directly
def now() -> datetime.datetime
def object_lookup(object_name: str, max_matches: int = 8) -> str # For object yes/no questions, check whether task summaries mention the object
def task_list(max_tasks: int = 30) -> str # For task-list questions, list task-sized history summaries in chronological order
def task_lookup(query: str, max_matches: int = 8) -> str # For task-description questions, list task-sized summaries matching a query
def temporal_neighbor(target_task: str, direction: str = 'before', max_candidates: int = 6) -> str # For just-before/just-after questions, find the target task and return adjacent task candidates
def vqa(question: str, *images: PIL.Image.Image)
"""

**HumanMessage**:
"""Usage examples:
>>> history.expand()  # Shows the history tree with all child nodes expanded
>>> history.expand(date(2021, 12, 20))  # Expand the children that overlap with the given day
>>> history.expand(now() - timedelta(hours=6), now() - timedelta(hours=4))  # Expand all children that overlap with the given range (in this example "about 5 hours ago")
>>> history.expand((now() - timedelta(days=2)).date())  # Expand all children that overlap with the day before yesterday
>>> history.expand(0)  # Shows child node 0
>>> history[0].expand()  # Expands all child nodes of node 0 (node 0 must be expanded already to see them)
>>> history[5][2].expand()  # Shows child node 2 of child node 5 with all its child nodes expanded
>>> history.search("green cup") # Semantic index search. Expands the most relevant children according to similarity of the natural language query and the node's (recursively defined) index content.
>>> history[1][42].search("bicycle") # Semantic index search on some node further down the tree. Expands the children of node 1.42 most relevant to the search term
>>> history[3].collapse_all_but(1); history[3][1].expand()  # Zooms into details of child node 3.1 while collapsing all other childs of node 3
>>> vqa("What color is the ... in this image?",
...     history[2][4][-1][0].image)  # Invoke a model to answer a visual question about image(s) of some leaf (!) node(s)

# After gathering the relevant information, answer the question:
# Use a short final answer. Optionally provide a brief reasoning only when needed.
>>> answer("...")"""

**HumanMessage**:
"""User question: Today is Aug 04, 2023 at 03:24 PM. What did you do 4 days ago?"""

**AIMessage**:
"""date_lookup('Today is Aug 04, 2023 at 03:24 PM. What did you do 4 days ago?')"""

**HumanMessage**:
""""Date lookup for query='Today is Aug 04, 2023 at 03:24 PM. What did you do 4 days ago?': resolved=2023/07/31.\n1. score=0.87; 2023/07/31 08:25 - 18:43: On July 31st, I served two slices of tomato, gathered newspapers onto an armchair, and prepared a dish with sliced lettuce, tomato, and a cooked potato.\n2. score=0.85; 2023/07/31 18:36 - 18:43: I prepared a dish by slicing lettuce, a tomato, and a potato. I then cooked the potato slice in a pan, retrieved a plate, and assembled the dish by placing the cooked potato, tomato slices, and lettuce onto the plate bef...\n3. score=0.85; 2023/07/31 11:39 - 11:45: As instructed, I began gathering newspapers onto an armchair. I moved one newspaper from the dresser to the armchair, and to clear space, I relocated a cellphone from the armchair to the dresser. I then searched various...\n4. score=0.85; 2023/07/31 08:25:31 - 08:28:29: In response to a request to serve two slices of tomato, I sliced a tomato, placed two slices on a plate, and then asked the user for confirmation that the task was complete.\n5. score=0.78; 2023/07/31 08:25:31 - 08:27:46: Upon receiving the user's request to serve two slices of tomato, I first picked up a tomato and a plate and placed them on the countertop. Afterwards, I grabbed a knife and sliced the tomato.\n6. score=0.78; 2023/07/31 18:40:47 - 18:43:01: I picked up a sliced lettuce piece and placed it on the plate. I then picked up another tomato slice and placed it on the plate.\n7. score=0.78; 2023/07/31 11:39:16 - 11:41:13: I started by picking up a newspaper from the dresser and placing it on an armchair, following the instruction to gather all newspapers on one armchair.\n8. score=0.78; 2023/07/31 11:41:26 - 11:43:11: I then searched for another newspaper by opening and closing various drawers and cabinets (Drawer_4, Drawer_2, Cabinet_2). Upon finding a second newspaper, I picked it up and placed it on the same armchair.\nRecommended answer: On July 31st, I served two slices of tomato, gathered newspapers onto an armchair, and prepared a dish with sliced lettuce, tomato, and a cooked potato. I prepared a dish by slicing lettuce, a tomato, and a potato. I then cooked the potato slice in a pan, retrieved a plate, and assembled the dish by placing the cooked potato, tomato slices, and lettuce onto the plate bef... As instructed, I began gathering newspapers onto an armchair. I moved one newspaper from the dresser to the armchair, and to clear space, I relocated a cellphone from the armchair to the dresser. I then searched various... In response to a request to serve two slices of tomato, I sliced a tomato, placed two slices on a plate, and then asked the user for confirmation that the task was complete.""""

**HumanMessage**:
"""Current state:
2023/07/13 - 2023/08/04: "From July 13th to August 4th, I consistently performed a variety of daily kitchen and household tasks, including preparing diverse meals like toast, sandwiches, cooked potatoes, salads, and coffee, along with routine activities such as watering houseplants, cleaning dishes, and organizing various items including credit cards, remotes, tissue boxes, pencils, newspapers, and watches."  
  ..."""
{}
command: answer("On July 31st, I served two slices of tomato, gathered newspapers onto an armchair, and prepared a dish with sliced lettuce, tomato, and a cooked potato.")
expected output: 


 ============================== 


eval answer("On July 31st, I served two slices of tomato, gathered newspapers onto an armchair, and prepared a dish with sliced lettuce, tomato, and a cooked potato.")
Answering On July 31st, I served two slices of tomato, gathered newspapers onto an armchair, and prepared a dish with sliced lettuce, tomato, and a cooked potato.  with reason: None
Tokens Used: 3102
	Prompt Tokens: 2493
	Completion Tokens: 609
Successful Requests: 1
Total Cost (USD): $0.0
Evaluating sample e336199e4aca573c_4d32-85ec788c6b00fb0d_14d1-ad2e4eb0b24a5940_9c9d-50bc3abf986ccabb_7071-915fdf90f4bc33cd_6c72-1fd74046ded8f9d1_42a3-cb0e41e1b364ad27_9a72-4b7b1a5b7f3d19ae_1413-cce21676357b2d20_b27c-01c1b8aa1820aa0b_adaf-b8f22271faff678f_dce6-4fc54b735d3f45a6_b7b4-e8f7cd03e3683657_4d70-84d6411d0710d918_5b3c-04ae108b77699c0f_2453-b53c115c99ca34dd_5e2b-b63078c7b3e28f59_355d-c6f7828bc5640531_1604-c7cc40993ef8468b_3e7b-0b161c6f709cde89_4c30-fef7c3fc3990d2e8_518b-e85d1457c7af9ad4_4960-9e23434a16a146b5_7f9a-41b067f2ce6f3fef_8ee6-9539c0004762d6a8_fe91-a2b0269334c60e48_2cb5-464fb2558d308797_4110-d8034826803791df_10bf-88f8ad0d2d356270_bb95-491169530040eb68_c8b0-e035a44ebae9d3fd_c842-c02445dd7a5b6f26_86bd-8150a936da2df63d_2451-3ebbcf3c3aed7c9e_5813-1e8fb21f2b41b0b0_db8b-a451af83aeece675_117b-140e54aadad74d20_222f-e455dbf27ecaf413_8484-c6c5c151b7b8e770_38db-18f6da623ba658a2_aa07-612f99763b6978b6_0c1a-09d537bcc73a42fc_52e8-5ab41ea72487ce0f_e5be-0d1a67f82b3b5854_d74d-0d600126a7947365_cac4-2b5a33d4908ee77d_20f6-a82cd949493bada0_ffe5-b2815444299854b0_d30e-5026400c43e20c2d_d3fc-85ec788c6b00fb0d_49ba-0-sequence_of_task_descs
[配置] 启用 FAISS 加速，索引类型: flat
[Forgetting] 解析遗忘配置...
[Forgetting] 开始记忆巩固...
[Forgetting] 收集到 5612 个事件节点
[Forgetting] 构建临时轻量图计算度中心性...
[Forgetting] 临时图度中心性: max_degree=68, 有连接的节点数=5388
[Forgetting] 计算节点 embeddings...
[Forgetting] 安全下限触发: θ₁ 从 0.500 下调到 0.238
[Forgetting] 巩固完成: 完整保留=1739 (31.0%), 去细节化=3873 (69.0%), 摘要保留=0 (0.0%), 豁免=652
[Forgetting] 统计: {'total': 5612, 'level_0_full_retain': 1739, 'level_1_detail_removed': 3873, 'level_2_summary_only': 0, 'immune_count': 652, 'effective_theta_1': 0.23751200355903615, 'effective_theta_2': 0.09500480142361446, 'retain_ratio': 0.309871703492516, 'forgetting_ratio': 0.690128296507484}
[GraphAug] 开始构建记忆图...
[MemoryGraph] 收集到 5612 个事件节点
[MemoryGraph] 时间相邻边: 4545
[MemoryGraph] 共享物体边: 12248
[MemoryGraph] 唯一动作数: 372, 相似动作对: 802
[MemoryGraph] 相似动作边: 1599
[MemoryGraph] 图构建完成: {'num_nodes': 5612, 'num_edges': 18392, 'edges_temporal_adjacent': 4545, 'edges_co_object': 12248, 'edges_similar_action': 1599}
[GraphAug] 记忆图构建完成
Got 0 examples


 ============================== 


eval task_list()
Updated/Defined variables after execution: {}

**SystemMessage**:
"""You are a smart humanoid robot answering user question about your past actions.
The history object contains information on what you did in the past, represented as a tree.
Use the method expand to look at details of a node.
Make sure to use collapse_all_but(idx) when you expanded irrelevant nodes, in order to keep the tree compact.
Enter Python expressions into the console to see the value and decide for the next command based on that result.
Answer concisely by calling answer("...") when you gathered enough information to answer the question.
Generate syntactically correct python console statements only, no explanations or other natural language statements.
IMPORTANT: If search() returns "No relevant records found", your next command MUST be answer("I have no record of that."). Do not search synonyms, do not expand further, and do not call vqa.
IMPORTANT: If you get "Nothing changed" twice, answer honestly that you have no record. Do NOT keep searching repeatedly. For just-before/just-after questions, first try one broader target search or inspect another relevant top-level time block before giving up.
For object yes/no questions, first use object_lookup("object name"). If it reports no matching summary, answer "No, I have no record of that." Do not call vqa unless you already have a directly relevant leaf image.
For task-list questions such as "List the tasks you performed", first use task_list(). Prefer its Recommended answer and chronological candidates instead of manually expanding the whole tree. For long histories, do not copy every task candidate verbatim unless the user explicitly asks for an exhaustive transcript.
For low-level action questions such as "what task did you perform when you toggle/open/pick up/place X", first use action_lookup("full low-level action"), for example action_lookup("open the drawer"). Do not call task_lookup first for these low-level action questions.
For task-description questions such as "describe what you did when you X", first use task_lookup("X"). Prefer its matching task candidates instead of manually expanding the whole tree. This does not apply to low-level action questions covered by action_lookup.
For exact date/time questions or "N days ago" questions asking what happened, first use date_lookup(question). Prefer its Recommended answer when it is confident instead of manually expanding by date.
For "How many days ago did you X?" or "When did you X?" questions, first use event_date_lookup(question). If it lists multiple days, include all of them in the final answer instead of only the most recent match.
For just-before or just-after questions, first use temporal_neighbor(target_task, direction="before" or "after") if a candidate is not already shown. Prefer the returned Recommended answer when it is confident. Only then inspect adjacent sibling or temporal nodes. Avoid expanding to raw leaf observations unless the summary is insufficient.
Do not call vqa for time, date, task-list, before/after, or yes/no object-existence questions when textual summaries already answer the question. Use vqa only for explicit visual appearance questions such as color, visible state, or what something looks like.
Never output bare parameters such as reasoning="..." answer="...". Always call answer("..."). You may call answer(reasoning="...", answer="...") only when a short reason is necessary.
Keep answer() short: answer under 60 words, and do not use markdown or backticks inside answer()."""

**HumanMessage**:
"""
def action_lookup(query: str, max_matches: int = 6) -> str # For low-level action questions, map raw leaf actions back to task-sized summaries
def answer(reasoning: str = None, answer: str = Ellipsis)
def ask(question: str)
def date_lookup(query: str, max_matches: int = 8) -> str # For exact date/time or N-days-ago questions, list matching history summaries directly
def event_date_lookup(query: str, max_matches: int = 12) -> str # For "how many days ago did you X" questions, find all matching event dates directly
def now() -> datetime.datetime
def object_lookup(object_name: str, max_matches: int = 8) -> str # For object yes/no questions, check whether task summaries mention the object
def task_list(max_tasks: int = 30) -> str # For task-list questions, list task-sized history summaries in chronological order
def task_lookup(query: str, max_matches: int = 8) -> str # For task-description questions, list task-sized summaries matching a query
def temporal_neighbor(target_task: str, direction: str = 'before', max_candidates: int = 6) -> str # For just-before/just-after questions, find the target task and return adjacent task candidates
def vqa(question: str, *images: PIL.Image.Image)
"""

**HumanMessage**:
"""Usage examples:
>>> history.expand()  # Shows the history tree with all child nodes expanded
>>> history.expand(date(2021, 12, 20))  # Expand the children that overlap with the given day
>>> history.expand(now() - timedelta(hours=6), now() - timedelta(hours=4))  # Expand all children that overlap with the given range (in this example "about 5 hours ago")
>>> history.expand((now() - timedelta(days=2)).date())  # Expand all children that overlap with the day before yesterday
>>> history.expand(0)  # Shows child node 0
>>> history[0].expand()  # Expands all child nodes of node 0 (node 0 must be expanded already to see them)
>>> history[5][2].expand()  # Shows child node 2 of child node 5 with all its child nodes expanded
>>> history.search("green cup") # Semantic index search. Expands the most relevant children according to similarity of the natural language query and the node's (recursively defined) index content.
>>> history[1][42].search("bicycle") # Semantic index search on some node further down the tree. Expands the children of node 1.42 most relevant to the search term
>>> history[3].collapse_all_but(1); history[3][1].expand()  # Zooms into details of child node 3.1 while collapsing all other childs of node 3
>>> vqa("What color is the ... in this image?",
...     history[2][4][-1][0].image)  # Invoke a model to answer a visual question about image(s) of some leaf (!) node(s)

# After gathering the relevant information, answer the question:
# Use a short final answer. Optionally provide a brief reasoning only when needed.
>>> answer("...")"""

**HumanMessage**:
"""User question: List the tasks you performed."""

**AIMessage**:
"""task_list()"""

**HumanMessage**:
""""Task list candidates in chronological order:\nUse these as evidence. If there are many candidates, do not copy every candidate verbatim; use the Recommended answer unless the user explicitly asks for an exhaustive transcript.\n1. 2023/11/24 17:48 - 17:53: I picked up a fork and placed it in an open cabinet as instructed.\n2. 2023/11/25 19:48 - 19:53: I received instructions to slice and cook three potato slices. I brought a potato to the countertop, sliced it, and cooked three pieces in the microwave after clearing some space, then placed the cooked slices back on the countertop.\n3. 2023/11/26 08:09 - 08:15: I started by picking up a pepper shaker and placing it on the countertop, then turning off the faucet. During this time, I received instructions to clean a dirty plate located next to the sink.\n4. 2023/11/26 15:12 - 15:25: I was instructed to boil a potato. I prepared and cleaned a pot, filled it with water, placed it on the stove, added potatoes, and boiled them. After cooking, I emptied the pot and placed a cooked potato on the countertop.\n5. 2023/11/28 16:00:20 - 16:03:06: I sliced and toasted two pieces of bread and cleaned a dirty plate to serve them on.\n6. 2023/11/30 10:43 - 10:47: I opened the cabinet to retrieve the bread and then placed it on the countertop.\n7. 2023/11/30 10:50 - 10:55: I picked up the toasted bread slice, opened the cabinet where the user said the plate was, and placed the toasted bread on the countertop.\n8. 2023/11/30 15:07 - 15:10: I received the task to serve one slice of tomato in a bowl. I first located a tomato and a knife, then sliced the tomato on the countertop.\n9. 2023/11/30 15:12 - 15:15: Despite my first attempt, the user indicated the task was incomplete and suggested cleaning another bowl. I took a second bowl, rinsed it at the sink, and placed a different tomato slice into it.\n10. 2023/11/30 15:17:23 - 15:20:16: Still trying to satisfy the request, I found a third bowl, cleaned it at the sink, and placed a tomato slice in it. I then thanked the user for their help, although the user still seemed uncertain about the completion.\n11. 2023/12/01 16:19:12 - 16:21:52: I sliced a potato on the countertop and cooked two of the slices in the microwave.\n12. 2023/12/02 08:52 - 09:02: I retrieved and sliced lettuce, then proceeded to retrieve and slice a potato. After clearing some space, I cooked two potato slices in the microwave and placed them on the countertop.\n13. 2023/12/02 09:02 - 09:07: I retrieved a dirty plate from the fridge, cleared the sink to wash it, and placed the clean plate on the countertop. Finally, I assembled the requested items by placing the cooked potato slices and lettuce onto the clean plate.\n14. 2023/12/04 13:29 - 13:33: I then searched for more items to clean, finding a dirty cup in a cabinet. I brought the cup to the sink, rinsed it, poured out the water, and placed it with the other cleaned drinkware on the countertop, concluding the cleaning task.\n15. 2023/12/05 12:23 - 12:29: I picked up a knife, sliced a tomato, and placed the sliced tomato pieces on the countertop.\n16. 2023/12/05 14:17 - 14:21: I located a tomato on a chair as requested and moved it to the countertop.\n17. 2023/12/06 15:00 - 15:04: I picked up a butter knife and used it to slice the lettuce and bread, following the user's instructions.\n18. 2023/12/06 15:08 - 15:11: I picked up two slices of lettuce and added them to the plate with the first piece of toast.\n19. 2023/12/07 18:49 - 18:53: I picked up the pillow from the dresser and placed it on the armchair as requested.\n20. 2023/12/08 13:24:33 - 13:27:13: I retrieved a head of lettuce from the shelf, brought it to the countertop, and sliced it with a knife.\n21. 2023/12/08 13:32:32 - 13:35:18: I toasted another slice of bread and added it to the plate to complete the lettuce sandwich, finishing the task as requested.\n22. 2023/12/09 17:57 - 18:00: I sliced the potato, lettuce, and tomato, then cleaned a dirty plate and assembled the salad to complete the task.\n23. 2023/12/09 19:02 - 19:08: I picked up a tomato as instructed by the user and placed it on the countertop.\n24. 2023/12/09 19:09 - 19:12: I opened two cabinets to find a plate and then placed the plate on the countertop.\n25. 2023/12/10 13:32 - 13:36: I received instructions to process a potato, so I picked up a knife, placed it on the countertop, then picked up and put down the potato. I then used the knife to slice the potato and returned the knife to the countertop.\n26. 2023/12/10 13:36 - 13:42: I placed three potato slices into the microwave, cooked them, and then retrieved all three cooked slices, placing them onto a plate on the countertop.\n27. 2023/12/10 14:13 - 14:16: The user requested to water a plant and suggested I use a green cup. I picked up the green cup and placed it on the countertop.\n28. 2023/12/12 15:18 - 15:26: Upon the user's request for a salad, I prepared the ingredients at the kitchen island by slicing lettuce, retrieving a tomato slice, and slicing and cooking potato slices in the microwave.\n29. 2023/12/14 11:14 - 11:20: I prepared the potatoes by placing them in a pot with liquid, moving the pot between countertops and the stove to cook them, and finally returning the pot to a countertop once the potatoes were ready.\n30. 2023/12/14 11:20 - 11:30: After being instructed to make toast, I found a knife in a cabinet, sliced the bread, and toasted it in the toaster.\nRecommended answer: From 2023/11/24 to 2023/12/14, I performed 30 recorded task groups, including bread, toast, and sandwich preparation; potato cooking and slicing; salad, lettuce, and tomato preparation; coffee and drinkware tasks; dish, plate, bowl, and pan cleaning; household organization tasks; plant watering.""""

**HumanMessage**:
"""Current state:
2023/11/23 - 2023/12/14: "From November 23rd to December 14th, I performed a consistent routine of household maintenance and meal preparation. This included preparing various meals such as toast, sandwiches, and salads, boiling potatoes, making coffee, washing dishes, watering houseplants, and organizing common household items like remotes, newspapers, and pillows."  
  ..."""
{}
command: answer("From 2023/11/24 to 2023/12/14, I performed 30 recorded task groups, including bread, toast, and sandwich preparation; potato cooking and slicing; salad, lettuce, and tomato preparation; coffee and drinkware tasks; dish, plate, bowl, and pan cleaning; household organization tasks; and plant watering.")
expected output: 


 ============================== 


eval answer("From 2023/11/24 to 2023/12/14, I performed 30 recorded task groups, including bread, toast, and sandwich preparation; potato cooking and slicing; salad, lettuce, and tomato preparation; coffee and drinkware tasks; dish, plate, bowl, and pan cleaning; household organization tasks; and plant watering.")
Answering From 2023/11/24 to 2023/12/14, I performed 30 recorded task groups, including bread, toast, and sandwich preparation; potato cooking and slicing; salad, lettuce, and tomato preparation; coffee and drinkware tasks; dish, plate, bowl, and pan cleaning; household organization tasks; and plant watering.  with reason: None
Tokens Used: 3763
	Prompt Tokens: 3491
	Completion Tokens: 272
Successful Requests: 1
Total Cost (USD): $0.0
Evaluating sample e336199e4aca573c_4d32-85ec788c6b00fb0d_14d1-ad2e4eb0b24a5940_9c9d-50bc3abf986ccabb_7071-915fdf90f4bc33cd_6c72-1fd74046ded8f9d1_42a3-cb0e41e1b364ad27_9a72-4b7b1a5b7f3d19ae_1413-cce21676357b2d20_b27c-01c1b8aa1820aa0b_adaf-b8f22271faff678f_dce6-4fc54b735d3f45a6_b7b4-e8f7cd03e3683657_4d70-84d6411d0710d918_5b3c-04ae108b77699c0f_2453-b53c115c99ca34dd_5e2b-b63078c7b3e28f59_355d-c6f7828bc5640531_1604-c7cc40993ef8468b_3e7b-0b161c6f709cde89_4c30-fef7c3fc3990d2e8_518b-e85d1457c7af9ad4_4960-9e23434a16a146b5_7f9a-41b067f2ce6f3fef_8ee6-9539c0004762d6a8_fe91-a2b0269334c60e48_2cb5-464fb2558d308797_4110-d8034826803791df_10bf-88f8ad0d2d356270_bb95-491169530040eb68_c8b0-e035a44ebae9d3fd_c842-c02445dd7a5b6f26_86bd-8150a936da2df63d_2451-3ebbcf3c3aed7c9e_5813-1e8fb21f2b41b0b0_db8b-a451af83aeece675_117b-140e54aadad74d20_222f-e455dbf27ecaf413_8484-c6c5c151b7b8e770_38db-18f6da623ba658a2_aa07-612f99763b6978b6_0c1a-09d537bcc73a42fc_52e8-5ab41ea72487ce0f_e5be-0d1a67f82b3b5854_d74d-0d600126a7947365_cac4-2b5a33d4908ee77d_20f6-a82cd949493bada0_ffe5-b2815444299854b0_d30e-5026400c43e20c2d_d3fc-85ec788c6b00fb0d_49ba-0-seq_specific_shortened_low_actions
[配置] 启用 FAISS 加速，索引类型: flat
[Forgetting] 命中缓存
[GraphAug] 命中图缓存 (nodes=5612, edges=18392)
Got 0 examples


 ============================== 


eval task_lookup('clean all the mugs')
Updated/Defined variables after execution: {}

**SystemMessage**:
"""You are a smart humanoid robot answering user question about your past actions.
The history object contains information on what you did in the past, represented as a tree.
Use the method expand to look at details of a node.
Make sure to use collapse_all_but(idx) when you expanded irrelevant nodes, in order to keep the tree compact.
Enter Python expressions into the console to see the value and decide for the next command based on that result.
Answer concisely by calling answer("...") when you gathered enough information to answer the question.
Generate syntactically correct python console statements only, no explanations or other natural language statements.
IMPORTANT: If search() returns "No relevant records found", your next command MUST be answer("I have no record of that."). Do not search synonyms, do not expand further, and do not call vqa.
IMPORTANT: If you get "Nothing changed" twice, answer honestly that you have no record. Do NOT keep searching repeatedly. For just-before/just-after questions, first try one broader target search or inspect another relevant top-level time block before giving up.
For object yes/no questions, first use object_lookup("object name"). If it reports no matching summary, answer "No, I have no record of that." Do not call vqa unless you already have a directly relevant leaf image.
For task-list questions such as "List the tasks you performed", first use task_list(). Prefer its Recommended answer and chronological candidates instead of manually expanding the whole tree. For long histories, do not copy every task candidate verbatim unless the user explicitly asks for an exhaustive transcript.
For low-level action questions such as "what task did you perform when you toggle/open/pick up/place X", first use action_lookup("full low-level action"), for example action_lookup("open the drawer"). Do not call task_lookup first for these low-level action questions.
For task-description questions such as "describe what you did when you X", first use task_lookup("X"). Prefer its matching task candidates instead of manually expanding the whole tree. This does not apply to low-level action questions covered by action_lookup.
For exact date/time questions or "N days ago" questions asking what happened, first use date_lookup(question). Prefer its Recommended answer when it is confident instead of manually expanding by date.
For "How many days ago did you X?" or "When did you X?" questions, first use event_date_lookup(question). If it lists multiple days, include all of them in the final answer instead of only the most recent match.
For just-before or just-after questions, first use temporal_neighbor(target_task, direction="before" or "after") if a candidate is not already shown. Prefer the returned Recommended answer when it is confident. Only then inspect adjacent sibling or temporal nodes. Avoid expanding to raw leaf observations unless the summary is insufficient.
Do not call vqa for time, date, task-list, before/after, or yes/no object-existence questions when textual summaries already answer the question. Use vqa only for explicit visual appearance questions such as color, visible state, or what something looks like.
Never output bare parameters such as reasoning="..." answer="...". Always call answer("..."). You may call answer(reasoning="...", answer="...") only when a short reason is necessary.
Keep answer() short: answer under 60 words, and do not use markdown or backticks inside answer()."""

**HumanMessage**:
"""
def action_lookup(query: str, max_matches: int = 6) -> str # For low-level action questions, map raw leaf actions back to task-sized summaries
def answer(reasoning: str = None, answer: str = Ellipsis)
def ask(question: str)
def date_lookup(query: str, max_matches: int = 8) -> str # For exact date/time or N-days-ago questions, list matching history summaries directly
def event_date_lookup(query: str, max_matches: int = 12) -> str # For "how many days ago did you X" questions, find all matching event dates directly
def now() -> datetime.datetime
def object_lookup(object_name: str, max_matches: int = 8) -> str # For object yes/no questions, check whether task summaries mention the object
def task_list(max_tasks: int = 30) -> str # For task-list questions, list task-sized history summaries in chronological order
def task_lookup(query: str, max_matches: int = 8) -> str # For task-description questions, list task-sized summaries matching a query
def temporal_neighbor(target_task: str, direction: str = 'before', max_candidates: int = 6) -> str # For just-before/just-after questions, find the target task and return adjacent task candidates
def vqa(question: str, *images: PIL.Image.Image)
"""

**HumanMessage**:
"""Usage examples:
>>> history.expand()  # Shows the history tree with all child nodes expanded
>>> history.expand(date(2021, 12, 20))  # Expand the children that overlap with the given day
>>> history.expand(now() - timedelta(hours=6), now() - timedelta(hours=4))  # Expand all children that overlap with the given range (in this example "about 5 hours ago")
>>> history.expand((now() - timedelta(days=2)).date())  # Expand all children that overlap with the day before yesterday
>>> history.expand(0)  # Shows child node 0
>>> history[0].expand()  # Expands all child nodes of node 0 (node 0 must be expanded already to see them)
>>> history[5][2].expand()  # Shows child node 2 of child node 5 with all its child nodes expanded
>>> history.search("green cup") # Semantic index search. Expands the most relevant children according to similarity of the natural language query and the node's (recursively defined) index content.
>>> history[1][42].search("bicycle") # Semantic index search on some node further down the tree. Expands the children of node 1.42 most relevant to the search term
>>> history[3].collapse_all_but(1); history[3][1].expand()  # Zooms into details of child node 3.1 while collapsing all other childs of node 3
>>> vqa("What color is the ... in this image?",
...     history[2][4][-1][0].image)  # Invoke a model to answer a visual question about image(s) of some leaf (!) node(s)

# After gathering the relevant information, answer the question:
# Use a short final answer. Optionally provide a brief reasoning only when needed.
>>> answer("...")"""

**HumanMessage**:
"""User question: describe what you did when you clean all the mugs."""

**AIMessage**:
"""task_lookup('clean all the mugs')"""

**HumanMessage**:
""""Task lookup candidates for query='clean all the mugs':\n1. score=0.91; 2023/12/03 08:38:19 - 08:38:55: I waited for the coffee machine to finish brewing and received confirmation that the task was complete.\n2. score=0.86; 2023/12/04 13:29 - 13:33: I then searched for more items to clean, finding a dirty cup in a cabinet. I brought the cup to the sink, rinsed it, poured out the water, and placed it with the other cleaned drinkware on the countertop, concluding the cleaning task.\n3. score=0.86; 2023/11/25 10:28 - 10:32: I received a request to clean all the plates. To do this, I cleared the sink basin of various items, retrieved dirty plates from the fridge and a cabinet, washed them in the sink, and notified the user once the task was complete.\n4. score=0.84; 2023/12/07 18:24:52 - 18:25:25: I brought the mug to the sink to clean it. I placed it on the countertop, turned off the faucet, then moved the mug into the sink basin. I turned the faucet on and off to rinse it, picked it up, and emptied it.\n5. score=0.84; 2023/12/07 10:11 - 10:14: I cleaned a dirty mug by rinsing it in the sink and then used it to make coffee with the coffee machine, fulfilling the user's request.\n6. score=0.83; 2023/12/11 08:27 - 09:14: On December 11th, I cleaned three dirty plates from various locations. Later, I boiled a potato by gathering a pot and potato, filling the pot with water, and placing it on the stove.\n7. score=0.82; 2023/12/04 13:27 - 19:21: On December 4th, I cleaned two mugs and a cup by rinsing them in the sink, then retrieved, sliced, and toasted bread, serving it on a plate from the trash can.\n8. score=0.81; 2023/12/07 10:11:18 - 10:13:42: I started by cleaning a dirty mug. I picked it up, placed it in the sink, rinsed it by toggling the faucet on and off, and then poured out the water to prepare it for use.\nRecommended answer: I waited for the coffee machine to finish brewing and received confirmation that the task was complete.; I then searched for more items to clean, finding a dirty cup in a cabinet. I brought the cup to the sink, rinsed it...; I received a request to clean all the plates. To do this, I cleared the sink basin of various items...""""

**HumanMessage**:
"""Current state:
2023/11/23 - 2023/12/14: "From November 23rd to December 14th, I performed a consistent routine of household maintenance and meal preparation. This included preparing various meals such as toast, sandwiches, and salads, boiling potatoes, making coffee, washing dishes, watering houseplants, and organizing common household items like remotes, newspapers, and pillows."  
  ..."""
{}
command: answer("On December 4th, I cleaned two mugs and a cup by rinsing them in the sink.")
expected output: 


 ============================== 


eval answer("On December 4th, I cleaned two mugs and a cup by rinsing them in the sink.")
Answering On December 4th, I cleaned two mugs and a cup by rinsing them in the sink.  with reason: None
Tokens Used: 2912
	Prompt Tokens: 2313
	Completion Tokens: 599
Successful Requests: 1
Total Cost (USD): $0.0
Evaluating sample e336199e4aca573c_4d32-85ec788c6b00fb0d_14d1-ad2e4eb0b24a5940_9c9d-50bc3abf986ccabb_7071-915fdf90f4bc33cd_6c72-1fd74046ded8f9d1_42a3-cb0e41e1b364ad27_9a72-4b7b1a5b7f3d19ae_1413-cce21676357b2d20_b27c-01c1b8aa1820aa0b_adaf-b8f22271faff678f_dce6-4fc54b735d3f45a6_b7b4-e8f7cd03e3683657_4d70-84d6411d0710d918_5b3c-04ae108b77699c0f_2453-b53c115c99ca34dd_5e2b-b63078c7b3e28f59_355d-c6f7828bc5640531_1604-c7cc40993ef8468b_3e7b-0b161c6f709cde89_4c30-fef7c3fc3990d2e8_518b-e85d1457c7af9ad4_4960-9e23434a16a146b5_7f9a-41b067f2ce6f3fef_8ee6-9539c0004762d6a8_fe91-a2b0269334c60e48_2cb5-464fb2558d308797_4110-d8034826803791df_10bf-88f8ad0d2d356270_bb95-491169530040eb68_c8b0-e035a44ebae9d3fd_c842-c02445dd7a5b6f26_86bd-8150a936da2df63d_2451-3ebbcf3c3aed7c9e_5813-1e8fb21f2b41b0b0_db8b-a451af83aeece675_117b-140e54aadad74d20_222f-e455dbf27ecaf413_8484-c6c5c151b7b8e770_38db-18f6da623ba658a2_aa07-612f99763b6978b6_0c1a-09d537bcc73a42fc_52e8-5ab41ea72487ce0f_e5be-0d1a67f82b3b5854_d74d-0d600126a7947365_cac4-2b5a33d4908ee77d_20f6-a82cd949493bada0_ffe5-b2815444299854b0_d30e-5026400c43e20c2d_d3fc-85ec788c6b00fb0d_49ba-0-seq_right_after_questions
[配置] 启用 FAISS 加速，索引类型: flat
[Forgetting] 命中缓存
[GraphAug] 命中图缓存 (nodes=5612, edges=18392)
Got 0 examples


 ============================== 


eval temporal_neighbor('put all newspaper on any chairs', direction='after')
Updated/Defined variables after execution: {}

**SystemMessage**:
"""You are a smart humanoid robot answering user question about your past actions.
The history object contains information on what you did in the past, represented as a tree.
Use the method expand to look at details of a node.
Make sure to use collapse_all_but(idx) when you expanded irrelevant nodes, in order to keep the tree compact.
Enter Python expressions into the console to see the value and decide for the next command based on that result.
Answer concisely by calling answer("...") when you gathered enough information to answer the question.
Generate syntactically correct python console statements only, no explanations or other natural language statements.
IMPORTANT: If search() returns "No relevant records found", your next command MUST be answer("I have no record of that."). Do not search synonyms, do not expand further, and do not call vqa.
IMPORTANT: If you get "Nothing changed" twice, answer honestly that you have no record. Do NOT keep searching repeatedly. For just-before/just-after questions, first try one broader target search or inspect another relevant top-level time block before giving up.
For object yes/no questions, first use object_lookup("object name"). If it reports no matching summary, answer "No, I have no record of that." Do not call vqa unless you already have a directly relevant leaf image.
For task-list questions such as "List the tasks you performed", first use task_list(). Prefer its Recommended answer and chronological candidates instead of manually expanding the whole tree. For long histories, do not copy every task candidate verbatim unless the user explicitly asks for an exhaustive transcript.
For low-level action questions such as "what task did you perform when you toggle/open/pick up/place X", first use action_lookup("full low-level action"), for example action_lookup("open the drawer"). Do not call task_lookup first for these low-level action questions.
For task-description questions such as "describe what you did when you X", first use task_lookup("X"). Prefer its matching task candidates instead of manually expanding the whole tree. This does not apply to low-level action questions covered by action_lookup.
For exact date/time questions or "N days ago" questions asking what happened, first use date_lookup(question). Prefer its Recommended answer when it is confident instead of manually expanding by date.
For "How many days ago did you X?" or "When did you X?" questions, first use event_date_lookup(question). If it lists multiple days, include all of them in the final answer instead of only the most recent match.
For just-before or just-after questions, first use temporal_neighbor(target_task, direction="before" or "after") if a candidate is not already shown. Prefer the returned Recommended answer when it is confident. Only then inspect adjacent sibling or temporal nodes. Avoid expanding to raw leaf observations unless the summary is insufficient.
Do not call vqa for time, date, task-list, before/after, or yes/no object-existence questions when textual summaries already answer the question. Use vqa only for explicit visual appearance questions such as color, visible state, or what something looks like.
Never output bare parameters such as reasoning="..." answer="...". Always call answer("..."). You may call answer(reasoning="...", answer="...") only when a short reason is necessary.
Keep answer() short: answer under 60 words, and do not use markdown or backticks inside answer()."""

**HumanMessage**:
"""
def action_lookup(query: str, max_matches: int = 6) -> str # For low-level action questions, map raw leaf actions back to task-sized summaries
def answer(reasoning: str = None, answer: str = Ellipsis)
def ask(question: str)
def date_lookup(query: str, max_matches: int = 8) -> str # For exact date/time or N-days-ago questions, list matching history summaries directly
def event_date_lookup(query: str, max_matches: int = 12) -> str # For "how many days ago did you X" questions, find all matching event dates directly
def now() -> datetime.datetime
def object_lookup(object_name: str, max_matches: int = 8) -> str # For object yes/no questions, check whether task summaries mention the object
def task_list(max_tasks: int = 30) -> str # For task-list questions, list task-sized history summaries in chronological order
def task_lookup(query: str, max_matches: int = 8) -> str # For task-description questions, list task-sized summaries matching a query
def temporal_neighbor(target_task: str, direction: str = 'before', max_candidates: int = 6) -> str # For just-before/just-after questions, find the target task and return adjacent task candidates
def vqa(question: str, *images: PIL.Image.Image)
"""

**HumanMessage**:
"""Usage examples:
>>> history.expand()  # Shows the history tree with all child nodes expanded
>>> history.expand(date(2021, 12, 20))  # Expand the children that overlap with the given day
>>> history.expand(now() - timedelta(hours=6), now() - timedelta(hours=4))  # Expand all children that overlap with the given range (in this example "about 5 hours ago")
>>> history.expand((now() - timedelta(days=2)).date())  # Expand all children that overlap with the day before yesterday
>>> history.expand(0)  # Shows child node 0
>>> history[0].expand()  # Expands all child nodes of node 0 (node 0 must be expanded already to see them)
>>> history[5][2].expand()  # Shows child node 2 of child node 5 with all its child nodes expanded
>>> history.search("green cup") # Semantic index search. Expands the most relevant children according to similarity of the natural language query and the node's (recursively defined) index content.
>>> history[1][42].search("bicycle") # Semantic index search on some node further down the tree. Expands the children of node 1.42 most relevant to the search term
>>> history[3].collapse_all_but(1); history[3][1].expand()  # Zooms into details of child node 3.1 while collapsing all other childs of node 3
>>> vqa("What color is the ... in this image?",
...     history[2][4][-1][0].image)  # Invoke a model to answer a visual question about image(s) of some leaf (!) node(s)

# After gathering the relevant information, answer the question:
# Use a short final answer. Optionally provide a brief reasoning only when needed.
>>> answer("...")"""

**HumanMessage**:
"""User question: What task did you do just after put all newspaper on any chairs?"""

**AIMessage**:
"""temporal_neighbor('put all newspaper on any chairs', direction='after')"""

**HumanMessage**:
""""Temporal neighbor candidates for target='put all newspaper on any chairs', direction='after':\n1. score=0.81; target=2023/12/06 13:03 - 13:07: I collected three newspapers from different locations—the floor, a dresser, and inside a cabinet—and placed them all on the armchair as requested, finally confirming the task's com...; after=2023/12/06 15:00 - 15:12: I prepared a lettuce sandwich by slicing the bread and lettuce, toasting the bread slices, and then assembling the sandwich on a plate before signaling for a final check.\n2. score=0.75; target=2023/12/06 13:06:59 - 13:07:22: I informed the user that I had successfully placed all three newspapers on the armchair as requested.; after=2023/12/06 15:00 - 15:04: I picked up a butter knife and used it to slice the lettuce and bread, following the user's instructions.\n3. score=0.72; target=2023/12/06 13:03 - 15:12: On December 6th, I collected three newspapers from various locations and placed them on an armchair. Later, I prepared a lettuce sandwich by slicing bread and lettuce, toasting the...; after=2023/12/07 10:11:18 - 10:13:42: I started by cleaning a dirty mug. I picked it up, placed it in the sink, rinsed it by toggling the faucet on and off, and then poured out the water to prepare it for use.\n4. score=0.55; target=2023/12/06 13:03:54 - 13:04:37: I started by picking up the first newspaper from the floor and placing it on the armchair.; after=2023/12/06 13:04:40 - 13:05:20: I picked up a tissue box and moved it to the sofa to clear space on the dresser. Then, I picked up the second newspaper from the dresser and placed it on the armchair.\n5. score=0.42; target=2023/12/06 13:04:40 - 13:05:20: I picked up a tissue box and moved it to the sofa to clear space on the dresser. Then, I picked up the second newspaper from the dresser and placed it on the armchair.; after=2023/12/06 13:05:27 - 13:06:55: I searched for the third newspaper. After opening a cabinet, I found it inside a box on the floor. I picked up the third newspaper and placed it on the armchair with the others.\n6. score=0.40; target=2023/12/06 13:05:27 - 13:06:55: I searched for the third newspaper. After opening a cabinet, I found it inside a box on the floor. I picked up the third newspaper and placed it on the armchair with the others.; after=2023/12/06 13:06:59 - 13:07:22: I informed the user that I had successfully placed all three newspapers on the armchair as requested.\nRecommended answer: I prepared a lettuce sandwich by slicing the bread and lettuce, toasting the bread slices, and then assembling the sandwich on a plate before signaling for a final check.""""

**HumanMessage**:
"""Current state:
2023/11/23 - 2023/12/14: "From November 23rd to December 14th, I performed a consistent routine of household maintenance and meal preparation. This included preparing various meals such as toast, sandwiches, and salads, boiling potatoes, making coffee, washing dishes, watering houseplants, and organizing common household items like remotes, newspapers, and pillows."  
  ..."""
{}
command: answer("I prepared a lettuce sandwich by slicing the bread and lettuce, toasting the bread slices, and then assembling the sandwich on a plate before signaling for a final check.")
expected output: 


 ============================== 


eval answer("I prepared a lettuce sandwich by slicing the bread and lettuce, toasting the bread slices, and then assembling the sandwich on a plate before signaling for a final check.")
Answering I prepared a lettuce sandwich by slicing the bread and lettuce, toasting the bread slices, and then assembling the sandwich on a plate before signaling for a final check.  with reason: None
Tokens Used: 2976
	Prompt Tokens: 2469
	Completion Tokens: 507
Successful Requests: 1
Total Cost (USD): $0.0
Evaluating sample e336199e4aca573c_4d32-85ec788c6b00fb0d_14d1-ad2e4eb0b24a5940_9c9d-50bc3abf986ccabb_7071-915fdf90f4bc33cd_6c72-1fd74046ded8f9d1_42a3-cb0e41e1b364ad27_9a72-4b7b1a5b7f3d19ae_1413-cce21676357b2d20_b27c-01c1b8aa1820aa0b_adaf-b8f22271faff678f_dce6-4fc54b735d3f45a6_b7b4-e8f7cd03e3683657_4d70-84d6411d0710d918_5b3c-04ae108b77699c0f_2453-b53c115c99ca34dd_5e2b-b63078c7b3e28f59_355d-c6f7828bc5640531_1604-c7cc40993ef8468b_3e7b-0b161c6f709cde89_4c30-fef7c3fc3990d2e8_518b-e85d1457c7af9ad4_4960-9e23434a16a146b5_7f9a-41b067f2ce6f3fef_8ee6-9539c0004762d6a8_fe91-a2b0269334c60e48_2cb5-464fb2558d308797_4110-d8034826803791df_10bf-88f8ad0d2d356270_bb95-491169530040eb68_c8b0-e035a44ebae9d3fd_c842-c02445dd7a5b6f26_86bd-8150a936da2df63d_2451-3ebbcf3c3aed7c9e_5813-1e8fb21f2b41b0b0_db8b-a451af83aeece675_117b-140e54aadad74d20_222f-e455dbf27ecaf413_8484-c6c5c151b7b8e770_38db-18f6da623ba658a2_aa07-612f99763b6978b6_0c1a-09d537bcc73a42fc_52e8-5ab41ea72487ce0f_e5be-0d1a67f82b3b5854_d74d-0d600126a7947365_cac4-2b5a33d4908ee77d_20f6-a82cd949493bada0_ffe5-b2815444299854b0_d30e-5026400c43e20c2d_d3fc-85ec788c6b00fb0d_49ba-0-seq_right_before_questions
[配置] 启用 FAISS 加速，索引类型: flat
[Forgetting] 命中缓存
[GraphAug] 命中图缓存 (nodes=5612, edges=18392)
Got 0 examples


 ============================== 


eval temporal_neighbor('clean all the mugs', direction='before')
Updated/Defined variables after execution: {}

**SystemMessage**:
"""You are a smart humanoid robot answering user question about your past actions.
The history object contains information on what you did in the past, represented as a tree.
Use the method expand to look at details of a node.
Make sure to use collapse_all_but(idx) when you expanded irrelevant nodes, in order to keep the tree compact.
Enter Python expressions into the console to see the value and decide for the next command based on that result.
Answer concisely by calling answer("...") when you gathered enough information to answer the question.
Generate syntactically correct python console statements only, no explanations or other natural language statements.
IMPORTANT: If search() returns "No relevant records found", your next command MUST be answer("I have no record of that."). Do not search synonyms, do not expand further, and do not call vqa.
IMPORTANT: If you get "Nothing changed" twice, answer honestly that you have no record. Do NOT keep searching repeatedly. For just-before/just-after questions, first try one broader target search or inspect another relevant top-level time block before giving up.
For object yes/no questions, first use object_lookup("object name"). If it reports no matching summary, answer "No, I have no record of that." Do not call vqa unless you already have a directly relevant leaf image.
For task-list questions such as "List the tasks you performed", first use task_list(). Prefer its Recommended answer and chronological candidates instead of manually expanding the whole tree. For long histories, do not copy every task candidate verbatim unless the user explicitly asks for an exhaustive transcript.
For low-level action questions such as "what task did you perform when you toggle/open/pick up/place X", first use action_lookup("full low-level action"), for example action_lookup("open the drawer"). Do not call task_lookup first for these low-level action questions.
For task-description questions such as "describe what you did when you X", first use task_lookup("X"). Prefer its matching task candidates instead of manually expanding the whole tree. This does not apply to low-level action questions covered by action_lookup.
For exact date/time questions or "N days ago" questions asking what happened, first use date_lookup(question). Prefer its Recommended answer when it is confident instead of manually expanding by date.
For "How many days ago did you X?" or "When did you X?" questions, first use event_date_lookup(question). If it lists multiple days, include all of them in the final answer instead of only the most recent match.
For just-before or just-after questions, first use temporal_neighbor(target_task, direction="before" or "after") if a candidate is not already shown. Prefer the returned Recommended answer when it is confident. Only then inspect adjacent sibling or temporal nodes. Avoid expanding to raw leaf observations unless the summary is insufficient.
Do not call vqa for time, date, task-list, before/after, or yes/no object-existence questions when textual summaries already answer the question. Use vqa only for explicit visual appearance questions such as color, visible state, or what something looks like.
Never output bare parameters such as reasoning="..." answer="...". Always call answer("..."). You may call answer(reasoning="...", answer="...") only when a short reason is necessary.
Keep answer() short: answer under 60 words, and do not use markdown or backticks inside answer()."""

**HumanMessage**:
"""
def action_lookup(query: str, max_matches: int = 6) -> str # For low-level action questions, map raw leaf actions back to task-sized summaries
def answer(reasoning: str = None, answer: str = Ellipsis)
def ask(question: str)
def date_lookup(query: str, max_matches: int = 8) -> str # For exact date/time or N-days-ago questions, list matching history summaries directly
def event_date_lookup(query: str, max_matches: int = 12) -> str # For "how many days ago did you X" questions, find all matching event dates directly
def now() -> datetime.datetime
def object_lookup(object_name: str, max_matches: int = 8) -> str # For object yes/no questions, check whether task summaries mention the object
def task_list(max_tasks: int = 30) -> str # For task-list questions, list task-sized history summaries in chronological order
def task_lookup(query: str, max_matches: int = 8) -> str # For task-description questions, list task-sized summaries matching a query
def temporal_neighbor(target_task: str, direction: str = 'before', max_candidates: int = 6) -> str # For just-before/just-after questions, find the target task and return adjacent task candidates
def vqa(question: str, *images: PIL.Image.Image)
"""

**HumanMessage**:
"""Usage examples:
>>> history.expand()  # Shows the history tree with all child nodes expanded
>>> history.expand(date(2021, 12, 20))  # Expand the children that overlap with the given day
>>> history.expand(now() - timedelta(hours=6), now() - timedelta(hours=4))  # Expand all children that overlap with the given range (in this example "about 5 hours ago")
>>> history.expand((now() - timedelta(days=2)).date())  # Expand all children that overlap with the day before yesterday
>>> history.expand(0)  # Shows child node 0
>>> history[0].expand()  # Expands all child nodes of node 0 (node 0 must be expanded already to see them)
>>> history[5][2].expand()  # Shows child node 2 of child node 5 with all its child nodes expanded
>>> history.search("green cup") # Semantic index search. Expands the most relevant children according to similarity of the natural language query and the node's (recursively defined) index content.
>>> history[1][42].search("bicycle") # Semantic index search on some node further down the tree. Expands the children of node 1.42 most relevant to the search term
>>> history[3].collapse_all_but(1); history[3][1].expand()  # Zooms into details of child node 3.1 while collapsing all other childs of node 3
>>> vqa("What color is the ... in this image?",
...     history[2][4][-1][0].image)  # Invoke a model to answer a visual question about image(s) of some leaf (!) node(s)

# After gathering the relevant information, answer the question:
# Use a short final answer. Optionally provide a brief reasoning only when needed.
>>> answer("...")"""

**HumanMessage**:
"""User question: What task did you do just before clean all the mugs?"""

**AIMessage**:
"""temporal_neighbor('clean all the mugs', direction='before')"""

**HumanMessage**:
""""Temporal neighbor candidates for target='clean all the mugs', direction='before':\n1. score=0.91; target=2023/12/04 13:29 - 13:33: I then searched for more items to clean, finding a dirty cup in a cabinet. I brought the cup to the sink, rinsed it, poured out the water, and placed it with the other cleaned drin...; before=2023/12/04 13:27:12 - 13:29:27: I started by locating two mugs, placing them in the sink, rinsing them by turning the faucet on and off, and then pouring out the water and placing the cleaned mugs on the countert...\n2. score=0.89; target=2023/12/07 18:24:52 - 18:25:25: I brought the mug to the sink to clean it. I placed it on the countertop, turned off the faucet, then moved the mug into the sink basin. I turned the faucet on and off to rinse it,...; before=2023/12/07 18:23:20 - 18:24:48: I received a request to make coffee and was told the mug is in the fridge. I opened the fridge, retrieved the mug, and closed the fridge.\n3. score=0.87; target=2023/12/04 13:29:11 - 13:29:27: I picked up each mug individually, poured out the water, and placed them cleaned on the countertop.; before=2023/12/04 13:28:48 - 13:29:07: I found a second mug, placed both mugs in the sink, and turned the faucet on and off to rinse them.\n4. score=0.86; target=2023/12/07 10:11:18 - 10:13:42: I started by cleaning a dirty mug. I picked it up, placed it in the sink, rinsed it by toggling the faucet on and off, and then poured out the water to prepare it for use.; before=2023/12/06 15:11:23 - 15:12:04: I added the second toasted bread slice to the plate, completing the assembly of two toast slices and two lettuce slices as requested, and then signaled for a check.\n5. score=0.85; target=2023/12/13 12:38:40 - 12:38:58: I then washed the mug by toggling the faucet on and off, then picked it up again, poured out any remaining water, and placed the clean mug on the countertop.; before=2023/12/13 12:37:24 - 12:38:37: I began cleaning the first mug by picking it up, pouring its contents into the sink, and placing it in the sink basin.\n6. score=0.83; target=2023/12/07 10:11 - 10:14: I cleaned a dirty mug by rinsing it in the sink and then used it to make coffee with the coffee machine, fulfilling the user's request.; before=2023/12/06 15:11:23 - 15:12:04: I added the second toasted bread slice to the plate, completing the assembly of two toast slices and two lettuce slices as requested, and then signaled for a check.\nRecommended answer: I added the second toasted bread slice to the plate, completing the assembly of two toast slices and two lettuce slices as requested, and then signaled for a check.""""

**HumanMessage**:
"""Current state:
2023/11/23 - 2023/12/14: "From November 23rd to December 14th, I performed a consistent routine of household maintenance and meal preparation. This included preparing various meals such as toast, sandwiches, and salads, boiling potatoes, making coffee, washing dishes, watering houseplants, and organizing common household items like remotes, newspapers, and pillows."  
  ..."""
{}
command: answer("I added the second toasted bread slice to the plate, completing the assembly of two toast slices and two lettuce slices as requested, and then signaled for a check.")
expected output: 


 ============================== 


eval answer("I added the second toasted bread slice to the plate, completing the assembly of two toast slices and two lettuce slices as requested, and then signaled for a check.")
Answering I added the second toasted bread slice to the plate, completing the assembly of two toast slices and two lettuce slices as requested, and then signaled for a check.  with reason: None
Tokens Used: 2891
	Prompt Tokens: 2494
	Completion Tokens: 397
Successful Requests: 1
Total Cost (USD): $0.0
Evaluating sample e336199e4aca573c_4d32-85ec788c6b00fb0d_14d1-ad2e4eb0b24a5940_9c9d-50bc3abf986ccabb_7071-915fdf90f4bc33cd_6c72-1fd74046ded8f9d1_42a3-cb0e41e1b364ad27_9a72-4b7b1a5b7f3d19ae_1413-cce21676357b2d20_b27c-01c1b8aa1820aa0b_adaf-b8f22271faff678f_dce6-4fc54b735d3f45a6_b7b4-e8f7cd03e3683657_4d70-84d6411d0710d918_5b3c-04ae108b77699c0f_2453-b53c115c99ca34dd_5e2b-b63078c7b3e28f59_355d-c6f7828bc5640531_1604-c7cc40993ef8468b_3e7b-0b161c6f709cde89_4c30-fef7c3fc3990d2e8_518b-e85d1457c7af9ad4_4960-9e23434a16a146b5_7f9a-41b067f2ce6f3fef_8ee6-9539c0004762d6a8_fe91-a2b0269334c60e48_2cb5-464fb2558d308797_4110-d8034826803791df_10bf-88f8ad0d2d356270_bb95-491169530040eb68_c8b0-e035a44ebae9d3fd_c842-c02445dd7a5b6f26_86bd-8150a936da2df63d_2451-3ebbcf3c3aed7c9e_5813-1e8fb21f2b41b0b0_db8b-a451af83aeece675_117b-140e54aadad74d20_222f-e455dbf27ecaf413_8484-c6c5c151b7b8e770_38db-18f6da623ba658a2_aa07-612f99763b6978b6_0c1a-09d537bcc73a42fc_52e8-5ab41ea72487ce0f_e5be-0d1a67f82b3b5854_d74d-0d600126a7947365_cac4-2b5a33d4908ee77d_20f6-a82cd949493bada0_ffe5-b2815444299854b0_d30e-5026400c43e20c2d_d3fc-85ec788c6b00fb0d_49ba-0-seq_simple_object_yes_no
[配置] 启用 FAISS 加速，索引类型: flat
[Forgetting] 命中缓存
[GraphAug] 命中图缓存 (nodes=5612, edges=18392)
Got 0 examples


 ============================== 


eval object_lookup('blinds')
Updated/Defined variables after execution: {}

**SystemMessage**:
"""You are a smart humanoid robot answering user question about your past actions.
The history object contains information on what you did in the past, represented as a tree.
Use the method expand to look at details of a node.
Make sure to use collapse_all_but(idx) when you expanded irrelevant nodes, in order to keep the tree compact.
Enter Python expressions into the console to see the value and decide for the next command based on that result.
Answer concisely by calling answer("...") when you gathered enough information to answer the question.
Generate syntactically correct python console statements only, no explanations or other natural language statements.
IMPORTANT: If search() returns "No relevant records found", your next command MUST be answer("I have no record of that."). Do not search synonyms, do not expand further, and do not call vqa.
IMPORTANT: If you get "Nothing changed" twice, answer honestly that you have no record. Do NOT keep searching repeatedly. For just-before/just-after questions, first try one broader target search or inspect another relevant top-level time block before giving up.
For object yes/no questions, first use object_lookup("object name"). If it reports no matching summary, answer "No, I have no record of that." Do not call vqa unless you already have a directly relevant leaf image.
For task-list questions such as "List the tasks you performed", first use task_list(). Prefer its Recommended answer and chronological candidates instead of manually expanding the whole tree. For long histories, do not copy every task candidate verbatim unless the user explicitly asks for an exhaustive transcript.
For low-level action questions such as "what task did you perform when you toggle/open/pick up/place X", first use action_lookup("full low-level action"), for example action_lookup("open the drawer"). Do not call task_lookup first for these low-level action questions.
For task-description questions such as "describe what you did when you X", first use task_lookup("X"). Prefer its matching task candidates instead of manually expanding the whole tree. This does not apply to low-level action questions covered by action_lookup.
For exact date/time questions or "N days ago" questions asking what happened, first use date_lookup(question). Prefer its Recommended answer when it is confident instead of manually expanding by date.
For "How many days ago did you X?" or "When did you X?" questions, first use event_date_lookup(question). If it lists multiple days, include all of them in the final answer instead of only the most recent match.
For just-before or just-after questions, first use temporal_neighbor(target_task, direction="before" or "after") if a candidate is not already shown. Prefer the returned Recommended answer when it is confident. Only then inspect adjacent sibling or temporal nodes. Avoid expanding to raw leaf observations unless the summary is insufficient.
Do not call vqa for time, date, task-list, before/after, or yes/no object-existence questions when textual summaries already answer the question. Use vqa only for explicit visual appearance questions such as color, visible state, or what something looks like.
Never output bare parameters such as reasoning="..." answer="...". Always call answer("..."). You may call answer(reasoning="...", answer="...") only when a short reason is necessary.
Keep answer() short: answer under 60 words, and do not use markdown or backticks inside answer()."""

**HumanMessage**:
"""
def action_lookup(query: str, max_matches: int = 6) -> str # For low-level action questions, map raw leaf actions back to task-sized summaries
def answer(reasoning: str = None, answer: str = Ellipsis)
def ask(question: str)
def date_lookup(query: str, max_matches: int = 8) -> str # For exact date/time or N-days-ago questions, list matching history summaries directly
def event_date_lookup(query: str, max_matches: int = 12) -> str # For "how many days ago did you X" questions, find all matching event dates directly
def now() -> datetime.datetime
def object_lookup(object_name: str, max_matches: int = 8) -> str # For object yes/no questions, check whether task summaries mention the object
def task_list(max_tasks: int = 30) -> str # For task-list questions, list task-sized history summaries in chronological order
def task_lookup(query: str, max_matches: int = 8) -> str # For task-description questions, list task-sized summaries matching a query
def temporal_neighbor(target_task: str, direction: str = 'before', max_candidates: int = 6) -> str # For just-before/just-after questions, find the target task and return adjacent task candidates
def vqa(question: str, *images: PIL.Image.Image)
"""

**HumanMessage**:
"""Usage examples:
>>> history.expand()  # Shows the history tree with all child nodes expanded
>>> history.expand(date(2021, 12, 20))  # Expand the children that overlap with the given day
>>> history.expand(now() - timedelta(hours=6), now() - timedelta(hours=4))  # Expand all children that overlap with the given range (in this example "about 5 hours ago")
>>> history.expand((now() - timedelta(days=2)).date())  # Expand all children that overlap with the day before yesterday
>>> history.expand(0)  # Shows child node 0
>>> history[0].expand()  # Expands all child nodes of node 0 (node 0 must be expanded already to see them)
>>> history[5][2].expand()  # Shows child node 2 of child node 5 with all its child nodes expanded
>>> history.search("green cup") # Semantic index search. Expands the most relevant children according to similarity of the natural language query and the node's (recursively defined) index content.
>>> history[1][42].search("bicycle") # Semantic index search on some node further down the tree. Expands the children of node 1.42 most relevant to the search term
>>> history[3].collapse_all_but(1); history[3][1].expand()  # Zooms into details of child node 3.1 while collapsing all other childs of node 3
>>> vqa("What color is the ... in this image?",
...     history[2][4][-1][0].image)  # Invoke a model to answer a visual question about image(s) of some leaf (!) node(s)

# After gathering the relevant information, answer the question:
# Use a short final answer. Optionally provide a brief reasoning only when needed.
>>> answer("...")"""

**HumanMessage**:
"""User question: Was there a blinds ?"""

**AIMessage**:
"""object_lookup('blinds')"""

**HumanMessage**:
""""Object lookup for object='blinds':\nNo task-sized summaries mention this object.\nRecommended answer: No, I have no record of that.""""

**HumanMessage**:
"""Current state:
2023/11/23 - 2023/12/14: "From November 23rd to December 14th, I performed a consistent routine of household maintenance and meal preparation. This included preparing various meals such as toast, sandwiches, and salads, boiling potatoes, making coffee, washing dishes, watering houseplants, and organizing common household items like remotes, newspapers, and pillows."  
  ..."""
{}
command: answer("No, I have no record of that.")
expected output: 


 ============================== 


eval answer("No, I have no record of that.")
Answering No, I have no record of that.  with reason: None
Tokens Used: 1965
	Prompt Tokens: 1631
	Completion Tokens: 334
Successful Requests: 1
Total Cost (USD): $0.0
Evaluating sample e336199e4aca573c_4d32-85ec788c6b00fb0d_14d1-ad2e4eb0b24a5940_9c9d-50bc3abf986ccabb_7071-915fdf90f4bc33cd_6c72-1fd74046ded8f9d1_42a3-cb0e41e1b364ad27_9a72-4b7b1a5b7f3d19ae_1413-cce21676357b2d20_b27c-01c1b8aa1820aa0b_adaf-b8f22271faff678f_dce6-4fc54b735d3f45a6_b7b4-e8f7cd03e3683657_4d70-84d6411d0710d918_5b3c-04ae108b77699c0f_2453-b53c115c99ca34dd_5e2b-b63078c7b3e28f59_355d-c6f7828bc5640531_1604-c7cc40993ef8468b_3e7b-0b161c6f709cde89_4c30-fef7c3fc3990d2e8_518b-e85d1457c7af9ad4_4960-9e23434a16a146b5_7f9a-41b067f2ce6f3fef_8ee6-9539c0004762d6a8_fe91-a2b0269334c60e48_2cb5-464fb2558d308797_4110-d8034826803791df_10bf-88f8ad0d2d356270_bb95-491169530040eb68_c8b0-e035a44ebae9d3fd_c842-c02445dd7a5b6f26_86bd-8150a936da2df63d_2451-3ebbcf3c3aed7c9e_5813-1e8fb21f2b41b0b0_db8b-a451af83aeece675_117b-140e54aadad74d20_222f-e455dbf27ecaf413_8484-c6c5c151b7b8e770_38db-18f6da623ba658a2_aa07-612f99763b6978b6_0c1a-09d537bcc73a42fc_52e8-5ab41ea72487ce0f_e5be-0d1a67f82b3b5854_d74d-0d600126a7947365_cac4-2b5a33d4908ee77d_20f6-a82cd949493bada0_ffe5-b2815444299854b0_d30e-5026400c43e20c2d_d3fc-85ec788c6b00fb0d_49ba-0-seq_low_actions_to_episode_task_descs
[配置] 启用 FAISS 加速，索引类型: flat
[Forgetting] 命中缓存
[GraphAug] 命中图缓存 (nodes=5612, edges=18392)
Got 0 examples


 ============================== 


eval task_lookup('toggle on the faucet')
Updated/Defined variables after execution: {}
[结构化直答] low-action task lookup matched; returning Recommended answer directly
Tokens Used: 0
	Prompt Tokens: 0
	Completion Tokens: 0
Successful Requests: 0
Total Cost (USD): $0.0
Evaluating sample e336199e4aca573c_4d32-85ec788c6b00fb0d_14d1-ad2e4eb0b24a5940_9c9d-50bc3abf986ccabb_7071-915fdf90f4bc33cd_6c72-1fd74046ded8f9d1_42a3-cb0e41e1b364ad27_9a72-4b7b1a5b7f3d19ae_1413-cce21676357b2d20_b27c-01c1b8aa1820aa0b_adaf-b8f22271faff678f_dce6-4fc54b735d3f45a6_b7b4-e8f7cd03e3683657_4d70-84d6411d0710d918_5b3c-04ae108b77699c0f_2453-b53c115c99ca34dd_5e2b-b63078c7b3e28f59_355d-c6f7828bc5640531_1604-c7cc40993ef8468b_3e7b-0b161c6f709cde89_4c30-fef7c3fc3990d2e8_518b-e85d1457c7af9ad4_4960-9e23434a16a146b5_7f9a-41b067f2ce6f3fef_8ee6-9539c0004762d6a8_fe91-a2b0269334c60e48_2cb5-464fb2558d308797_4110-d8034826803791df_10bf-88f8ad0d2d356270_bb95-491169530040eb68_c8b0-e035a44ebae9d3fd_c842-c02445dd7a5b6f26_86bd-8150a936da2df63d_2451-3ebbcf3c3aed7c9e_5813-1e8fb21f2b41b0b0_db8b-a451af83aeece675_117b-140e54aadad74d20_222f-e455dbf27ecaf413_8484-c6c5c151b7b8e770_38db-18f6da623ba658a2_aa07-612f99763b6978b6_0c1a-09d537bcc73a42fc_52e8-5ab41ea72487ce0f_e5be-0d1a67f82b3b5854_d74d-0d600126a7947365_cac4-2b5a33d4908ee77d_20f6-a82cd949493bada0_ffe5-b2815444299854b0_d30e-5026400c43e20c2d_d3fc-85ec788c6b00fb0d_49ba-0-exact_time_to_episode
[配置] 启用 FAISS 加速，索引类型: flat
[Forgetting] 命中缓存
[GraphAug] 命中图缓存 (nodes=5612, edges=18392)
Got 0 examples


 ============================== 


eval date_lookup('what did you do on Nov 24, 2023 at 09:56 AM?')
Updated/Defined variables after execution: {}

**SystemMessage**:
"""You are a smart humanoid robot answering user question about your past actions.
The history object contains information on what you did in the past, represented as a tree.
Use the method expand to look at details of a node.
Make sure to use collapse_all_but(idx) when you expanded irrelevant nodes, in order to keep the tree compact.
Enter Python expressions into the console to see the value and decide for the next command based on that result.
Answer concisely by calling answer("...") when you gathered enough information to answer the question.
Generate syntactically correct python console statements only, no explanations or other natural language statements.
IMPORTANT: If search() returns "No relevant records found", your next command MUST be answer("I have no record of that."). Do not search synonyms, do not expand further, and do not call vqa.
IMPORTANT: If you get "Nothing changed" twice, answer honestly that you have no record. Do NOT keep searching repeatedly. For just-before/just-after questions, first try one broader target search or inspect another relevant top-level time block before giving up.
For object yes/no questions, first use object_lookup("object name"). If it reports no matching summary, answer "No, I have no record of that." Do not call vqa unless you already have a directly relevant leaf image.
For task-list questions such as "List the tasks you performed", first use task_list(). Prefer its Recommended answer and chronological candidates instead of manually expanding the whole tree. For long histories, do not copy every task candidate verbatim unless the user explicitly asks for an exhaustive transcript.
For low-level action questions such as "what task did you perform when you toggle/open/pick up/place X", first use action_lookup("full low-level action"), for example action_lookup("open the drawer"). Do not call task_lookup first for these low-level action questions.
For task-description questions such as "describe what you did when you X", first use task_lookup("X"). Prefer its matching task candidates instead of manually expanding the whole tree. This does not apply to low-level action questions covered by action_lookup.
For exact date/time questions or "N days ago" questions asking what happened, first use date_lookup(question). Prefer its Recommended answer when it is confident instead of manually expanding by date.
For "How many days ago did you X?" or "When did you X?" questions, first use event_date_lookup(question). If it lists multiple days, include all of them in the final answer instead of only the most recent match.
For just-before or just-after questions, first use temporal_neighbor(target_task, direction="before" or "after") if a candidate is not already shown. Prefer the returned Recommended answer when it is confident. Only then inspect adjacent sibling or temporal nodes. Avoid expanding to raw leaf observations unless the summary is insufficient.
Do not call vqa for time, date, task-list, before/after, or yes/no object-existence questions when textual summaries already answer the question. Use vqa only for explicit visual appearance questions such as color, visible state, or what something looks like.
Never output bare parameters such as reasoning="..." answer="...". Always call answer("..."). You may call answer(reasoning="...", answer="...") only when a short reason is necessary.
Keep answer() short: answer under 60 words, and do not use markdown or backticks inside answer()."""

**HumanMessage**:
"""
def action_lookup(query: str, max_matches: int = 6) -> str # For low-level action questions, map raw leaf actions back to task-sized summaries
def answer(reasoning: str = None, answer: str = Ellipsis)
def ask(question: str)
def date_lookup(query: str, max_matches: int = 8) -> str # For exact date/time or N-days-ago questions, list matching history summaries directly
def event_date_lookup(query: str, max_matches: int = 12) -> str # For "how many days ago did you X" questions, find all matching event dates directly
def now() -> datetime.datetime
def object_lookup(object_name: str, max_matches: int = 8) -> str # For object yes/no questions, check whether task summaries mention the object
def task_list(max_tasks: int = 30) -> str # For task-list questions, list task-sized history summaries in chronological order
def task_lookup(query: str, max_matches: int = 8) -> str # For task-description questions, list task-sized summaries matching a query
def temporal_neighbor(target_task: str, direction: str = 'before', max_candidates: int = 6) -> str # For just-before/just-after questions, find the target task and return adjacent task candidates
def vqa(question: str, *images: PIL.Image.Image)
"""

**HumanMessage**:
"""Usage examples:
>>> history.expand()  # Shows the history tree with all child nodes expanded
>>> history.expand(date(2021, 12, 20))  # Expand the children that overlap with the given day
>>> history.expand(now() - timedelta(hours=6), now() - timedelta(hours=4))  # Expand all children that overlap with the given range (in this example "about 5 hours ago")
>>> history.expand((now() - timedelta(days=2)).date())  # Expand all children that overlap with the day before yesterday
>>> history.expand(0)  # Shows child node 0
>>> history[0].expand()  # Expands all child nodes of node 0 (node 0 must be expanded already to see them)
>>> history[5][2].expand()  # Shows child node 2 of child node 5 with all its child nodes expanded
>>> history.search("green cup") # Semantic index search. Expands the most relevant children according to similarity of the natural language query and the node's (recursively defined) index content.
>>> history[1][42].search("bicycle") # Semantic index search on some node further down the tree. Expands the children of node 1.42 most relevant to the search term
>>> history[3].collapse_all_but(1); history[3][1].expand()  # Zooms into details of child node 3.1 while collapsing all other childs of node 3
>>> vqa("What color is the ... in this image?",
...     history[2][4][-1][0].image)  # Invoke a model to answer a visual question about image(s) of some leaf (!) node(s)

# After gathering the relevant information, answer the question:
# Use a short final answer. Optionally provide a brief reasoning only when needed.
>>> answer("...")"""

**HumanMessage**:
"""User question: what did you do on Nov 24, 2023 at 09:56 AM?"""

**AIMessage**:
"""date_lookup('what did you do on Nov 24, 2023 at 09:56 AM?')"""

**HumanMessage**:
""""Date lookup for query='what did you do on Nov 24, 2023 at 09:56 AM?': resolved=2023/11/24 09:56:00.\n1. score=0.99; 2023/11/24 09:56:51 - 09:57:32: I picked up a dirty, filled mug and used its contents to water a houseplant, as instructed.\n2. score=0.92; 2023/11/24 09:56:51 - 09:57:44: I followed the instruction to water a houseplant using the contents of a mug and then confirmed the task was completed.\n3. score=0.84; 2023/11/24 09:56:51 - 09:57:16: Goal: Pickup(Mug_1) Visual observation: Mug_1 [dirty, filled], StoveBurner_2, Cabinet_1, Cabinet_2, CounterTop_2, StoveKnob_1, Window_0, CoffeeMachine [toggled] Mug_1, CoffeeMachine are in/on CounterTop_2 Speech: 2023-11...\n4. score=0.35; 2023/11/24 09:56 - 17:55: On November 24th, I watered a houseplant, then prepared a salad by slicing lettuce and tomato onto a plate, and later placed two forks into a cabinet.\n5. score=0.17; 2023/11/23 - 2023/11/27: From November 23rd to 27th, I performed various kitchen tasks and plant care, including washing plates, making toast and salads, boiling potatoes, and watering houseplants.\n6. score=0.08; 2023/11/23 - 2023/12/14: From November 23rd to December 14th, I performed a consistent routine of household maintenance and meal preparation. This included preparing various meals such as toast, sandwiches, and salads, boiling potatoes, making c...\nRecommended answer: I picked up a dirty, filled mug and used its contents to water a houseplant, as instructed.""""

**HumanMessage**:
"""Current state:
2023/11/23 - 2023/12/14: "From November 23rd to December 14th, I performed a consistent routine of household maintenance and meal preparation. This included preparing various meals such as toast, sandwiches, and salads, boiling potatoes, making coffee, washing dishes, watering houseplants, and organizing common household items like remotes, newspapers, and pillows."  
  ..."""
{}
command: answer("I picked up a dirty, filled mug and used its contents to water a houseplant, as instructed.")
expected output: 


 ============================== 


eval answer("I picked up a dirty, filled mug and used its contents to water a houseplant, as instructed.")
Answering I picked up a dirty, filled mug and used its contents to water a houseplant, as instructed.  with reason: None
Tokens Used: 2709
	Prompt Tokens: 2183
	Completion Tokens: 526
Successful Requests: 1
Total Cost (USD): $0.0
Evaluating sample e336199e4aca573c_4d32-85ec788c6b00fb0d_14d1-ad2e4eb0b24a5940_9c9d-50bc3abf986ccabb_7071-915fdf90f4bc33cd_6c72-1fd74046ded8f9d1_42a3-cb0e41e1b364ad27_9a72-4b7b1a5b7f3d19ae_1413-cce21676357b2d20_b27c-01c1b8aa1820aa0b_adaf-b8f22271faff678f_dce6-4fc54b735d3f45a6_b7b4-e8f7cd03e3683657_4d70-84d6411d0710d918_5b3c-04ae108b77699c0f_2453-b53c115c99ca34dd_5e2b-b63078c7b3e28f59_355d-c6f7828bc5640531_1604-c7cc40993ef8468b_3e7b-0b161c6f709cde89_4c30-fef7c3fc3990d2e8_518b-e85d1457c7af9ad4_4960-9e23434a16a146b5_7f9a-41b067f2ce6f3fef_8ee6-9539c0004762d6a8_fe91-a2b0269334c60e48_2cb5-464fb2558d308797_4110-d8034826803791df_10bf-88f8ad0d2d356270_bb95-491169530040eb68_c8b0-e035a44ebae9d3fd_c842-c02445dd7a5b6f26_86bd-8150a936da2df63d_2451-3ebbcf3c3aed7c9e_5813-1e8fb21f2b41b0b0_db8b-a451af83aeece675_117b-140e54aadad74d20_222f-e455dbf27ecaf413_8484-c6c5c151b7b8e770_38db-18f6da623ba658a2_aa07-612f99763b6978b6_0c1a-09d537bcc73a42fc_52e8-5ab41ea72487ce0f_e5be-0d1a67f82b3b5854_d74d-0d600126a7947365_cac4-2b5a33d4908ee77d_20f6-a82cd949493bada0_ffe5-b2815444299854b0_d30e-5026400c43e20c2d_d3fc-85ec788c6b00fb0d_49ba-0-tasks_to_exact_times
[配置] 启用 FAISS 加速，索引类型: flat
[Forgetting] 命中缓存
[GraphAug] 命中图缓存 (nodes=5612, edges=18392)
Got 0 examples


 ============================== 


eval event_date_lookup('When did you cook 3 slice(s) of potato and serve on a plate?')
Updated/Defined variables after execution: {}

**SystemMessage**:
"""You are a smart humanoid robot answering user question about your past actions.
The history object contains information on what you did in the past, represented as a tree.
Use the method expand to look at details of a node.
Make sure to use collapse_all_but(idx) when you expanded irrelevant nodes, in order to keep the tree compact.
Enter Python expressions into the console to see the value and decide for the next command based on that result.
Answer concisely by calling answer("...") when you gathered enough information to answer the question.
Generate syntactically correct python console statements only, no explanations or other natural language statements.
IMPORTANT: If search() returns "No relevant records found", your next command MUST be answer("I have no record of that."). Do not search synonyms, do not expand further, and do not call vqa.
IMPORTANT: If you get "Nothing changed" twice, answer honestly that you have no record. Do NOT keep searching repeatedly. For just-before/just-after questions, first try one broader target search or inspect another relevant top-level time block before giving up.
For object yes/no questions, first use object_lookup("object name"). If it reports no matching summary, answer "No, I have no record of that." Do not call vqa unless you already have a directly relevant leaf image.
For task-list questions such as "List the tasks you performed", first use task_list(). Prefer its Recommended answer and chronological candidates instead of manually expanding the whole tree. For long histories, do not copy every task candidate verbatim unless the user explicitly asks for an exhaustive transcript.
For low-level action questions such as "what task did you perform when you toggle/open/pick up/place X", first use action_lookup("full low-level action"), for example action_lookup("open the drawer"). Do not call task_lookup first for these low-level action questions.
For task-description questions such as "describe what you did when you X", first use task_lookup("X"). Prefer its matching task candidates instead of manually expanding the whole tree. This does not apply to low-level action questions covered by action_lookup.
For exact date/time questions or "N days ago" questions asking what happened, first use date_lookup(question). Prefer its Recommended answer when it is confident instead of manually expanding by date.
For "How many days ago did you X?" or "When did you X?" questions, first use event_date_lookup(question). If it lists multiple days, include all of them in the final answer instead of only the most recent match.
For just-before or just-after questions, first use temporal_neighbor(target_task, direction="before" or "after") if a candidate is not already shown. Prefer the returned Recommended answer when it is confident. Only then inspect adjacent sibling or temporal nodes. Avoid expanding to raw leaf observations unless the summary is insufficient.
Do not call vqa for time, date, task-list, before/after, or yes/no object-existence questions when textual summaries already answer the question. Use vqa only for explicit visual appearance questions such as color, visible state, or what something looks like.
Never output bare parameters such as reasoning="..." answer="...". Always call answer("..."). You may call answer(reasoning="...", answer="...") only when a short reason is necessary.
Keep answer() short: answer under 60 words, and do not use markdown or backticks inside answer()."""

**HumanMessage**:
"""
def action_lookup(query: str, max_matches: int = 6) -> str # For low-level action questions, map raw leaf actions back to task-sized summaries
def answer(reasoning: str = None, answer: str = Ellipsis)
def ask(question: str)
def date_lookup(query: str, max_matches: int = 8) -> str # For exact date/time or N-days-ago questions, list matching history summaries directly
def event_date_lookup(query: str, max_matches: int = 12) -> str # For "how many days ago did you X" questions, find all matching event dates directly
def now() -> datetime.datetime
def object_lookup(object_name: str, max_matches: int = 8) -> str # For object yes/no questions, check whether task summaries mention the object
def task_list(max_tasks: int = 30) -> str # For task-list questions, list task-sized history summaries in chronological order
def task_lookup(query: str, max_matches: int = 8) -> str # For task-description questions, list task-sized summaries matching a query
def temporal_neighbor(target_task: str, direction: str = 'before', max_candidates: int = 6) -> str # For just-before/just-after questions, find the target task and return adjacent task candidates
def vqa(question: str, *images: PIL.Image.Image)
"""

**HumanMessage**:
"""Usage examples:
>>> history.expand()  # Shows the history tree with all child nodes expanded
>>> history.expand(date(2021, 12, 20))  # Expand the children that overlap with the given day
>>> history.expand(now() - timedelta(hours=6), now() - timedelta(hours=4))  # Expand all children that overlap with the given range (in this example "about 5 hours ago")
>>> history.expand((now() - timedelta(days=2)).date())  # Expand all children that overlap with the day before yesterday
>>> history.expand(0)  # Shows child node 0
>>> history[0].expand()  # Expands all child nodes of node 0 (node 0 must be expanded already to see them)
>>> history[5][2].expand()  # Shows child node 2 of child node 5 with all its child nodes expanded
>>> history.search("green cup") # Semantic index search. Expands the most relevant children according to similarity of the natural language query and the node's (recursively defined) index content.
>>> history[1][42].search("bicycle") # Semantic index search on some node further down the tree. Expands the children of node 1.42 most relevant to the search term
>>> history[3].collapse_all_but(1); history[3][1].expand()  # Zooms into details of child node 3.1 while collapsing all other childs of node 3
>>> vqa("What color is the ... in this image?",
...     history[2][4][-1][0].image)  # Invoke a model to answer a visual question about image(s) of some leaf (!) node(s)

# After gathering the relevant information, answer the question:
# Use a short final answer. Optionally provide a brief reasoning only when needed.
>>> answer("...")"""

**HumanMessage**:
"""User question: When did you cook 3 slice(s) of potato and serve on a plate?"""

**AIMessage**:
"""event_date_lookup('When did you cook 3 slice(s) of potato and serve on a plate?')"""

**HumanMessage**:
""""Event date lookup for query='When did you cook 3 slice(s) of potato and serve on a plate?': event='cook 3 slice(s) of potato and serve on a plate', today=2023/12/14.\n1. score=0.60; days_ago=19; 2023/11/25 19:54:53 - 19:56:09: I picked up each of the three cooked potato slices one by one and placed them onto the plate. The user then confirmed the task was well done.\n2. score=0.67; days_ago=12; 2023/12/02 09:05:34 - 09:07:02: Finally, I assembled the requested items by placing two cooked potato slices and a slice of lettuce onto the clean plate. The user thanked me for completing the task.\n3. score=0.59; days_ago=5; 2023/12/09 17:59:09 - 18:00:35: I assembled the salad by placing one slice of cooked potato, two slices of lettuce, and one slice of tomato onto the clean plate. The user thanked me upon completion.\n4. score=0.63; days_ago=4; 2023/12/10 13:40:29 - 13:42:02: I retrieved all three cooked potato slices from the microwave, placing them on a plate and then on the countertop.\n5. score=0.64; days_ago=2; 2023/12/12 15:28:07 - 15:28:41: I cleared a spoon from the microwave, then added the second cooked potato slice to the plate to finish the salad. The user thanked me for completing the task.\n6. score=0.58; days_ago=0; 2023/12/14 11:21:30 - 11:21:42: I picked up one of the sliced cooked potato pieces and placed it on a plate. The user then instructed me to pick a clean bowl from the fridge.\nRecommended answer: on 2023/11/25, 2023/12/02, 2023/12/09, 2023/12/10, 2023/12/12, and 2023/12/14""""

**HumanMessage**:
"""Current state:
2023/11/23 - 2023/12/14: "From November 23rd to December 14th, I performed a consistent routine of household maintenance and meal preparation. This included preparing various meals such as toast, sandwiches, and salads, boiling potatoes, making coffee, washing dishes, watering houseplants, and organizing common household items like remotes, newspapers, and pillows."  
  ..."""
{}
command: answer("I have records of placing three slices of cooked potato on a plate on November 25, 2023, and December 10, 2023.")
expected output: 


 ============================== 


eval answer("I have records of placing three slices of cooked potato on a plate on November 25, 2023, and December 10, 2023.")
Answering I have records of placing three slices of cooked potato on a plate on November 25, 2023, and December 10, 2023.  with reason: None
Tokens Used: 2918
	Prompt Tokens: 2227
	Completion Tokens: 691
Successful Requests: 1
Total Cost (USD): $0.0
Evaluating sample e336199e4aca573c_4d32-85ec788c6b00fb0d_14d1-ad2e4eb0b24a5940_9c9d-50bc3abf986ccabb_7071-915fdf90f4bc33cd_6c72-1fd74046ded8f9d1_42a3-cb0e41e1b364ad27_9a72-4b7b1a5b7f3d19ae_1413-cce21676357b2d20_b27c-01c1b8aa1820aa0b_adaf-b8f22271faff678f_dce6-4fc54b735d3f45a6_b7b4-e8f7cd03e3683657_4d70-84d6411d0710d918_5b3c-04ae108b77699c0f_2453-b53c115c99ca34dd_5e2b-b63078c7b3e28f59_355d-c6f7828bc5640531_1604-c7cc40993ef8468b_3e7b-0b161c6f709cde89_4c30-fef7c3fc3990d2e8_518b-e85d1457c7af9ad4_4960-9e23434a16a146b5_7f9a-41b067f2ce6f3fef_8ee6-9539c0004762d6a8_fe91-a2b0269334c60e48_2cb5-464fb2558d308797_4110-d8034826803791df_10bf-88f8ad0d2d356270_bb95-491169530040eb68_c8b0-e035a44ebae9d3fd_c842-c02445dd7a5b6f26_86bd-8150a936da2df63d_2451-3ebbcf3c3aed7c9e_5813-1e8fb21f2b41b0b0_db8b-a451af83aeece675_117b-140e54aadad74d20_222f-e455dbf27ecaf413_8484-c6c5c151b7b8e770_38db-18f6da623ba658a2_aa07-612f99763b6978b6_0c1a-09d537bcc73a42fc_52e8-5ab41ea72487ce0f_e5be-0d1a67f82b3b5854_d74d-0d600126a7947365_cac4-2b5a33d4908ee77d_20f6-a82cd949493bada0_ffe5-b2815444299854b0_d30e-5026400c43e20c2d_d3fc-85ec788c6b00fb0d_49ba-0-tasks_to_days_ago
[配置] 启用 FAISS 加速，索引类型: flat
[Forgetting] 命中缓存
[GraphAug] 命中图缓存 (nodes=5612, edges=18392)
Got 0 examples


 ============================== 


eval event_date_lookup('Today is Dec 14, 2023 at 06:25 PM. How many days ago did you serve 1 slice(s) of tomato in a bowl?')
Updated/Defined variables after execution: {}

**SystemMessage**:
"""You are a smart humanoid robot answering user question about your past actions.
The history object contains information on what you did in the past, represented as a tree.
Use the method expand to look at details of a node.
Make sure to use collapse_all_but(idx) when you expanded irrelevant nodes, in order to keep the tree compact.
Enter Python expressions into the console to see the value and decide for the next command based on that result.
Answer concisely by calling answer("...") when you gathered enough information to answer the question.
Generate syntactically correct python console statements only, no explanations or other natural language statements.
IMPORTANT: If search() returns "No relevant records found", your next command MUST be answer("I have no record of that."). Do not search synonyms, do not expand further, and do not call vqa.
IMPORTANT: If you get "Nothing changed" twice, answer honestly that you have no record. Do NOT keep searching repeatedly. For just-before/just-after questions, first try one broader target search or inspect another relevant top-level time block before giving up.
For object yes/no questions, first use object_lookup("object name"). If it reports no matching summary, answer "No, I have no record of that." Do not call vqa unless you already have a directly relevant leaf image.
For task-list questions such as "List the tasks you performed", first use task_list(). Prefer its Recommended answer and chronological candidates instead of manually expanding the whole tree. For long histories, do not copy every task candidate verbatim unless the user explicitly asks for an exhaustive transcript.
For low-level action questions such as "what task did you perform when you toggle/open/pick up/place X", first use action_lookup("full low-level action"), for example action_lookup("open the drawer"). Do not call task_lookup first for these low-level action questions.
For task-description questions such as "describe what you did when you X", first use task_lookup("X"). Prefer its matching task candidates instead of manually expanding the whole tree. This does not apply to low-level action questions covered by action_lookup.
For exact date/time questions or "N days ago" questions asking what happened, first use date_lookup(question). Prefer its Recommended answer when it is confident instead of manually expanding by date.
For "How many days ago did you X?" or "When did you X?" questions, first use event_date_lookup(question). If it lists multiple days, include all of them in the final answer instead of only the most recent match.
For just-before or just-after questions, first use temporal_neighbor(target_task, direction="before" or "after") if a candidate is not already shown. Prefer the returned Recommended answer when it is confident. Only then inspect adjacent sibling or temporal nodes. Avoid expanding to raw leaf observations unless the summary is insufficient.
Do not call vqa for time, date, task-list, before/after, or yes/no object-existence questions when textual summaries already answer the question. Use vqa only for explicit visual appearance questions such as color, visible state, or what something looks like.
Never output bare parameters such as reasoning="..." answer="...". Always call answer("..."). You may call answer(reasoning="...", answer="...") only when a short reason is necessary.
Keep answer() short: answer under 60 words, and do not use markdown or backticks inside answer()."""

**HumanMessage**:
"""
def action_lookup(query: str, max_matches: int = 6) -> str # For low-level action questions, map raw leaf actions back to task-sized summaries
def answer(reasoning: str = None, answer: str = Ellipsis)
def ask(question: str)
def date_lookup(query: str, max_matches: int = 8) -> str # For exact date/time or N-days-ago questions, list matching history summaries directly
def event_date_lookup(query: str, max_matches: int = 12) -> str # For "how many days ago did you X" questions, find all matching event dates directly
def now() -> datetime.datetime
def object_lookup(object_name: str, max_matches: int = 8) -> str # For object yes/no questions, check whether task summaries mention the object
def task_list(max_tasks: int = 30) -> str # For task-list questions, list task-sized history summaries in chronological order
def task_lookup(query: str, max_matches: int = 8) -> str # For task-description questions, list task-sized summaries matching a query
def temporal_neighbor(target_task: str, direction: str = 'before', max_candidates: int = 6) -> str # For just-before/just-after questions, find the target task and return adjacent task candidates
def vqa(question: str, *images: PIL.Image.Image)
"""

**HumanMessage**:
"""Usage examples:
>>> history.expand()  # Shows the history tree with all child nodes expanded
>>> history.expand(date(2021, 12, 20))  # Expand the children that overlap with the given day
>>> history.expand(now() - timedelta(hours=6), now() - timedelta(hours=4))  # Expand all children that overlap with the given range (in this example "about 5 hours ago")
>>> history.expand((now() - timedelta(days=2)).date())  # Expand all children that overlap with the day before yesterday
>>> history.expand(0)  # Shows child node 0
>>> history[0].expand()  # Expands all child nodes of node 0 (node 0 must be expanded already to see them)
>>> history[5][2].expand()  # Shows child node 2 of child node 5 with all its child nodes expanded
>>> history.search("green cup") # Semantic index search. Expands the most relevant children according to similarity of the natural language query and the node's (recursively defined) index content.
>>> history[1][42].search("bicycle") # Semantic index search on some node further down the tree. Expands the children of node 1.42 most relevant to the search term
>>> history[3].collapse_all_but(1); history[3][1].expand()  # Zooms into details of child node 3.1 while collapsing all other childs of node 3
>>> vqa("What color is the ... in this image?",
...     history[2][4][-1][0].image)  # Invoke a model to answer a visual question about image(s) of some leaf (!) node(s)

# After gathering the relevant information, answer the question:
# Use a short final answer. Optionally provide a brief reasoning only when needed.
>>> answer("...")"""

**HumanMessage**:
"""User question: Today is Dec 14, 2023 at 06:25 PM. How many days ago did you serve 1 slice(s) of tomato in a bowl?"""

**AIMessage**:
"""event_date_lookup('Today is Dec 14, 2023 at 06:25 PM. How many days ago did you serve 1 slice(s) of tomato in a bowl?')"""

**HumanMessage**:
""""Event date lookup for query='Today is Dec 14, 2023 at 06:25 PM. How many days ago did you serve 1 slice(s) of tomato in a bowl?': event='serve 1 slice(s) of tomato in a bowl', today=2023/12/14.\n1. score=0.64; days_ago=14; 2023/11/30 15:07 - 15:10: I received the task to serve one slice of tomato in a bowl. I first located a tomato and a knife, then sliced the tomato on the countertop.\n2. score=0.61; days_ago=9; 2023/12/05 14:23:24 - 14:24:18: I picked up two slices of the tomato and placed them into a bowl on the counter as instructed.\n3. score=0.62; days_ago=6; 2023/12/08 10:10:29 - 10:10:46: I picked up a tomato slice and placed it into the cleaned bowl, confirming completion of the task.\nRecommended answer: 14 days ago and 6 days ago""""

**HumanMessage**:
"""Current state:
2023/11/23 - 2023/12/14: "From November 23rd to December 14th, I performed a consistent routine of household maintenance and meal preparation. This included preparing various meals such as toast, sandwiches, and salads, boiling potatoes, making coffee, washing dishes, watering houseplants, and organizing common household items like remotes, newspapers, and pillows."  
  ..."""
{}
command: answer("I served one slice of tomato in a bowl 14 days ago and 6 days ago.")
expected output: 


 ============================== 


eval answer("I served one slice of tomato in a bowl 14 days ago and 6 days ago.")
Answering I served one slice of tomato in a bowl 14 days ago and 6 days ago.  with reason: None
Tokens Used: 2366
	Prompt Tokens: 1970
	Completion Tokens: 396
Successful Requests: 1
Total Cost (USD): $0.0
Evaluating sample e336199e4aca573c_4d32-85ec788c6b00fb0d_14d1-ad2e4eb0b24a5940_9c9d-50bc3abf986ccabb_7071-915fdf90f4bc33cd_6c72-1fd74046ded8f9d1_42a3-cb0e41e1b364ad27_9a72-4b7b1a5b7f3d19ae_1413-cce21676357b2d20_b27c-01c1b8aa1820aa0b_adaf-b8f22271faff678f_dce6-4fc54b735d3f45a6_b7b4-e8f7cd03e3683657_4d70-84d6411d0710d918_5b3c-04ae108b77699c0f_2453-b53c115c99ca34dd_5e2b-b63078c7b3e28f59_355d-c6f7828bc5640531_1604-c7cc40993ef8468b_3e7b-0b161c6f709cde89_4c30-fef7c3fc3990d2e8_518b-e85d1457c7af9ad4_4960-9e23434a16a146b5_7f9a-41b067f2ce6f3fef_8ee6-9539c0004762d6a8_fe91-a2b0269334c60e48_2cb5-464fb2558d308797_4110-d8034826803791df_10bf-88f8ad0d2d356270_bb95-491169530040eb68_c8b0-e035a44ebae9d3fd_c842-c02445dd7a5b6f26_86bd-8150a936da2df63d_2451-3ebbcf3c3aed7c9e_5813-1e8fb21f2b41b0b0_db8b-a451af83aeece675_117b-140e54aadad74d20_222f-e455dbf27ecaf413_8484-c6c5c151b7b8e770_38db-18f6da623ba658a2_aa07-612f99763b6978b6_0c1a-09d537bcc73a42fc_52e8-5ab41ea72487ce0f_e5be-0d1a67f82b3b5854_d74d-0d600126a7947365_cac4-2b5a33d4908ee77d_20f6-a82cd949493bada0_ffe5-b2815444299854b0_d30e-5026400c43e20c2d_d3fc-85ec788c6b00fb0d_49ba-0-days_ago_to_episode
[配置] 启用 FAISS 加速，索引类型: flat
[Forgetting] 命中缓存
[GraphAug] 命中图缓存 (nodes=5612, edges=18392)
Got 0 examples


 ============================== 


eval date_lookup('Today is Dec 14, 2023 at 06:25 PM. What did you do 21 days ago?')
Updated/Defined variables after execution: {}

**SystemMessage**:
"""You are a smart humanoid robot answering user question about your past actions.
The history object contains information on what you did in the past, represented as a tree.
Use the method expand to look at details of a node.
Make sure to use collapse_all_but(idx) when you expanded irrelevant nodes, in order to keep the tree compact.
Enter Python expressions into the console to see the value and decide for the next command based on that result.
Answer concisely by calling answer("...") when you gathered enough information to answer the question.
Generate syntactically correct python console statements only, no explanations or other natural language statements.
IMPORTANT: If search() returns "No relevant records found", your next command MUST be answer("I have no record of that."). Do not search synonyms, do not expand further, and do not call vqa.
IMPORTANT: If you get "Nothing changed" twice, answer honestly that you have no record. Do NOT keep searching repeatedly. For just-before/just-after questions, first try one broader target search or inspect another relevant top-level time block before giving up.
For object yes/no questions, first use object_lookup("object name"). If it reports no matching summary, answer "No, I have no record of that." Do not call vqa unless you already have a directly relevant leaf image.
For task-list questions such as "List the tasks you performed", first use task_list(). Prefer its Recommended answer and chronological candidates instead of manually expanding the whole tree. For long histories, do not copy every task candidate verbatim unless the user explicitly asks for an exhaustive transcript.
For low-level action questions such as "what task did you perform when you toggle/open/pick up/place X", first use action_lookup("full low-level action"), for example action_lookup("open the drawer"). Do not call task_lookup first for these low-level action questions.
For task-description questions such as "describe what you did when you X", first use task_lookup("X"). Prefer its matching task candidates instead of manually expanding the whole tree. This does not apply to low-level action questions covered by action_lookup.
For exact date/time questions or "N days ago" questions asking what happened, first use date_lookup(question). Prefer its Recommended answer when it is confident instead of manually expanding by date.
For "How many days ago did you X?" or "When did you X?" questions, first use event_date_lookup(question). If it lists multiple days, include all of them in the final answer instead of only the most recent match.
For just-before or just-after questions, first use temporal_neighbor(target_task, direction="before" or "after") if a candidate is not already shown. Prefer the returned Recommended answer when it is confident. Only then inspect adjacent sibling or temporal nodes. Avoid expanding to raw leaf observations unless the summary is insufficient.
Do not call vqa for time, date, task-list, before/after, or yes/no object-existence questions when textual summaries already answer the question. Use vqa only for explicit visual appearance questions such as color, visible state, or what something looks like.
Never output bare parameters such as reasoning="..." answer="...". Always call answer("..."). You may call answer(reasoning="...", answer="...") only when a short reason is necessary.
Keep answer() short: answer under 60 words, and do not use markdown or backticks inside answer()."""

**HumanMessage**:
"""
def action_lookup(query: str, max_matches: int = 6) -> str # For low-level action questions, map raw leaf actions back to task-sized summaries
def answer(reasoning: str = None, answer: str = Ellipsis)
def ask(question: str)
def date_lookup(query: str, max_matches: int = 8) -> str # For exact date/time or N-days-ago questions, list matching history summaries directly
def event_date_lookup(query: str, max_matches: int = 12) -> str # For "how many days ago did you X" questions, find all matching event dates directly
def now() -> datetime.datetime
def object_lookup(object_name: str, max_matches: int = 8) -> str # For object yes/no questions, check whether task summaries mention the object
def task_list(max_tasks: int = 30) -> str # For task-list questions, list task-sized history summaries in chronological order
def task_lookup(query: str, max_matches: int = 8) -> str # For task-description questions, list task-sized summaries matching a query
def temporal_neighbor(target_task: str, direction: str = 'before', max_candidates: int = 6) -> str # For just-before/just-after questions, find the target task and return adjacent task candidates
def vqa(question: str, *images: PIL.Image.Image)
"""

**HumanMessage**:
"""Usage examples:
>>> history.expand()  # Shows the history tree with all child nodes expanded
>>> history.expand(date(2021, 12, 20))  # Expand the children that overlap with the given day
>>> history.expand(now() - timedelta(hours=6), now() - timedelta(hours=4))  # Expand all children that overlap with the given range (in this example "about 5 hours ago")
>>> history.expand((now() - timedelta(days=2)).date())  # Expand all children that overlap with the day before yesterday
>>> history.expand(0)  # Shows child node 0
>>> history[0].expand()  # Expands all child nodes of node 0 (node 0 must be expanded already to see them)
>>> history[5][2].expand()  # Shows child node 2 of child node 5 with all its child nodes expanded
>>> history.search("green cup") # Semantic index search. Expands the most relevant children according to similarity of the natural language query and the node's (recursively defined) index content.
>>> history[1][42].search("bicycle") # Semantic index search on some node further down the tree. Expands the children of node 1.42 most relevant to the search term
>>> history[3].collapse_all_but(1); history[3][1].expand()  # Zooms into details of child node 3.1 while collapsing all other childs of node 3
>>> vqa("What color is the ... in this image?",
...     history[2][4][-1][0].image)  # Invoke a model to answer a visual question about image(s) of some leaf (!) node(s)

# After gathering the relevant information, answer the question:
# Use a short final answer. Optionally provide a brief reasoning only when needed.
>>> answer("...")"""

**HumanMessage**:
"""User question: Today is Dec 14, 2023 at 06:25 PM. What did you do 21 days ago?"""

**AIMessage**:
"""date_lookup('Today is Dec 14, 2023 at 06:25 PM. What did you do 21 days ago?')"""

**HumanMessage**:
""""Date lookup for query='Today is Dec 14, 2023 at 06:25 PM. What did you do 21 days ago?': resolved=2023/11/23.\n1. score=0.85; 2023/11/23 14:22 - 14:26: I made toast by retrieving bread from a bin, slicing it with a knife, and toasting two slices. I then cleaned a plate, placed it on the countertop, and put the toast on the plate. The user confirmed the completion of the...\n2. score=0.85; 2023/11/23 13:28:24 - 13:31:22: I retrieved a dirty plate from the fridge, cleared the sink area, and washed the plate as requested.\n3. score=0.79; 2023/11/23 13:28 - 14:26: On November 23rd, I washed a dirty plate and later made toast by slicing bread, toasting it, and serving it on a clean plate.\n4. score=0.78; 2023/11/23 13:28:24 - 13:30:11: I received a request to wash a plate from the fridge. I opened the fridge, retrieved the dirty plate, and placed it on the countertop.\n5. score=0.78; 2023/11/23 14:22:47 - 14:24:14: I began the task of making toast by first turning off the faucet and then retrieving a loaf of bread from the black bin (garbage can) and placing it on the countertop.\n6. score=0.78; 2023/11/23 13:30:14 - 13:30:36: I cleared the countertop and sink area to make space for washing, moving items like a credit card and an egg from the sink basin to the countertop.\n7. score=0.78; 2023/11/23 13:30:41 - 13:31:22: I placed the dirty plate into the sink basin, toggled the faucet on and off to wash it, and then picked up the now clean plate.\n8. score=0.78; 2023/11/23 14:24:16 - 14:25:16: I located a knife in the cabinet above the toaster, used it to slice the bread, and then placed the sliced bread and knife back on the countertop.\nRecommended answer: I made toast by retrieving bread from a bin, slicing it with a knife, and toasting two slices. I then cleaned a plate, placed it on the countertop, and put the toast on the plate. The user confirmed the completion of the... I retrieved a dirty plate from the fridge, cleared the sink area, and washed the plate as requested. On November 23rd, I washed a dirty plate and later made toast by slicing bread, toasting it, and serving it on a clean plate. I received a request to wash a plate from the fridge. I opened the fridge, retrieved the dirty plate, and placed it on the countertop.""""

**HumanMessage**:
"""Current state:
2023/11/23 - 2023/12/14: "From November 23rd to December 14th, I performed a consistent routine of household maintenance and meal preparation. This included preparing various meals such as toast, sandwiches, and salads, boiling potatoes, making coffee, washing dishes, watering houseplants, and organizing common household items like remotes, newspapers, and pillows."  
  ..."""
{}
command: answer("On November 23, 2023, I washed a dirty plate that I got from the fridge. I also made toast by slicing bread, toasting it, and putting it on a clean plate.")
expected output: 


 ============================== 


eval answer("On November 23, 2023, I washed a dirty plate that I got from the fridge. I also made toast by slicing bread, toasting it, and putting it on a clean plate.")
Answering On November 23, 2023, I washed a dirty plate that I got from the fridge. I also made toast by slicing bread, toasting it, and putting it on a clean plate.  with reason: None
Tokens Used: 2891
	Prompt Tokens: 2413
	Completion Tokens: 478
Successful Requests: 1
Total Cost (USD): $0.0
Evaluating sample ed9479c5dd8f204d_0102-488f96fab858496c_d6e2-a01d8c5e515fa9c4_c871-345624f0e74dc947_8525-dbb41344c474217f_2e3e-57862376ad3394a1_464f-977b52faf01e6c05_2895-15fa5e0caaf6a06f_81e4-eccc0afc91fb9b74_d5ba-c4c12513ffbf7d33_9e16-fef7c3fc3990d2e8_fb19-7affadfe549cbeb4_1df8-92904ea754a401e6_2b2c-064a69cb5d40b41f_f773-bbe083aa96535a1d_a996-7d0db28e7d18c776_c97a-0d1a67f82b3b5854_d74d-c1eba1e4b831e04b_aab3-5ab41ea72487ce0f_e5be-a44d13c7da084070_fe04-bd7327d5d2853453_fad6-c02445dd7a5b6f26_fffd-53472cf3cabeb021_46b6-1fa4f0593088b6f2_89ee-1023a6f334db1f63_f0f2-bd7327d5d2853453_5b4f-cdf30defa61245ba_5590-88f8ad0d2d356270_bb95-864a2333f20b0957_be88-75a59f83a279bd78_fb03-c2787b38615034c6_6175-1a8b00c643110183_ebc6-1e8fb21f2b41b0b0_db8b-fe6b3de8c88b8573_9f76-8057d5b1cab47555_9345-04ae108b77699c0f_2453-dd2efe33087ddc60_cb3a-23acf721b22a6456_1716-1801730beafdda15_f501-a1694dc92f54473f_0b07-b8729e0c4c857a8e_24b5-4c98e155c32cdc6f_7acc-f7ca0c5c4964bcdc_c0cf-e82f290cb4ab70bd_86a3-b2fde7ee4eb1c40f_1f95-c7cc40993ef8468b_3e7b-41b067f2ce6f3fef_8ee6-f25eed33d1c37931_1a7f-0de4b62afcd06138_45f2-36651928a974c895_caa2-0-sequence_of_task_descs
[配置] 启用 FAISS 加速，索引类型: flat
[Forgetting] 解析遗忘配置...
[Forgetting] 开始记忆巩固...
[Forgetting] 收集到 6810 个事件节点
[Forgetting] 构建临时轻量图计算度中心性...
[Forgetting] 临时图度中心性: max_degree=62, 有连接的节点数=6484
[Forgetting] 计算节点 embeddings...
Embedding 4100 , new: 3296
[Forgetting] 安全下限触发: θ₁ 从 0.500 下调到 0.233
[Forgetting] 巩固完成: 完整保留=2110 (31.0%), 去细节化=4700 (69.0%), 摘要保留=0 (0.0%), 豁免=774
[Forgetting] 统计: {'total': 6810, 'level_0_full_retain': 2110, 'level_1_detail_removed': 4700, 'level_2_summary_only': 0, 'immune_count': 774, 'effective_theta_1': 0.23303802124064038, 'effective_theta_2': 0.09321520849625616, 'retain_ratio': 0.30983847283406757, 'forgetting_ratio': 0.6901615271659325}
[GraphAug] 开始构建记忆图...
[MemoryGraph] 收集到 6810 个事件节点
[MemoryGraph] 时间相邻边: 5514
[MemoryGraph] 共享物体边: 13276
[MemoryGraph] 唯一动作数: 424, 相似动作对: 929
[MemoryGraph] 相似动作边: 1848
[MemoryGraph] 图构建完成: {'num_nodes': 6810, 'num_edges': 20638, 'edges_temporal_adjacent': 5514, 'edges_co_object': 13276, 'edges_similar_action': 1848}
[GraphAug] 记忆图构建完成
Got 0 examples


 ============================== 


eval task_list()
Updated/Defined variables after execution: {}

**SystemMessage**:
"""You are a smart humanoid robot answering user question about your past actions.
The history object contains information on what you did in the past, represented as a tree.
Use the method expand to look at details of a node.
Make sure to use collapse_all_but(idx) when you expanded irrelevant nodes, in order to keep the tree compact.
Enter Python expressions into the console to see the value and decide for the next command based on that result.
Answer concisely by calling answer("...") when you gathered enough information to answer the question.
Generate syntactically correct python console statements only, no explanations or other natural language statements.
IMPORTANT: If search() returns "No relevant records found", your next command MUST be answer("I have no record of that."). Do not search synonyms, do not expand further, and do not call vqa.
IMPORTANT: If you get "Nothing changed" twice, answer honestly that you have no record. Do NOT keep searching repeatedly. For just-before/just-after questions, first try one broader target search or inspect another relevant top-level time block before giving up.
For object yes/no questions, first use object_lookup("object name"). If it reports no matching summary, answer "No, I have no record of that." Do not call vqa unless you already have a directly relevant leaf image.
For task-list questions such as "List the tasks you performed", first use task_list(). Prefer its Recommended answer and chronological candidates instead of manually expanding the whole tree. For long histories, do not copy every task candidate verbatim unless the user explicitly asks for an exhaustive transcript.
For low-level action questions such as "what task did you perform when you toggle/open/pick up/place X", first use action_lookup("full low-level action"), for example action_lookup("open the drawer"). Do not call task_lookup first for these low-level action questions.
For task-description questions such as "describe what you did when you X", first use task_lookup("X"). Prefer its matching task candidates instead of manually expanding the whole tree. This does not apply to low-level action questions covered by action_lookup.
For exact date/time questions or "N days ago" questions asking what happened, first use date_lookup(question). Prefer its Recommended answer when it is confident instead of manually expanding by date.
For "How many days ago did you X?" or "When did you X?" questions, first use event_date_lookup(question). If it lists multiple days, include all of them in the final answer instead of only the most recent match.
For just-before or just-after questions, first use temporal_neighbor(target_task, direction="before" or "after") if a candidate is not already shown. Prefer the returned Recommended answer when it is confident. Only then inspect adjacent sibling or temporal nodes. Avoid expanding to raw leaf observations unless the summary is insufficient.
Do not call vqa for time, date, task-list, before/after, or yes/no object-existence questions when textual summaries already answer the question. Use vqa only for explicit visual appearance questions such as color, visible state, or what something looks like.
Never output bare parameters such as reasoning="..." answer="...". Always call answer("..."). You may call answer(reasoning="...", answer="...") only when a short reason is necessary.
Keep answer() short: answer under 60 words, and do not use markdown or backticks inside answer()."""

**HumanMessage**:
"""
def action_lookup(query: str, max_matches: int = 6) -> str # For low-level action questions, map raw leaf actions back to task-sized summaries
def answer(reasoning: str = None, answer: str = Ellipsis)
def ask(question: str)
def date_lookup(query: str, max_matches: int = 8) -> str # For exact date/time or N-days-ago questions, list matching history summaries directly
def event_date_lookup(query: str, max_matches: int = 12) -> str # For "how many days ago did you X" questions, find all matching event dates directly
def now() -> datetime.datetime
def object_lookup(object_name: str, max_matches: int = 8) -> str # For object yes/no questions, check whether task summaries mention the object
def task_list(max_tasks: int = 30) -> str # For task-list questions, list task-sized history summaries in chronological order
def task_lookup(query: str, max_matches: int = 8) -> str # For task-description questions, list task-sized summaries matching a query
def temporal_neighbor(target_task: str, direction: str = 'before', max_candidates: int = 6) -> str # For just-before/just-after questions, find the target task and return adjacent task candidates
def vqa(question: str, *images: PIL.Image.Image)
"""

**HumanMessage**:
"""Usage examples:
>>> history.expand()  # Shows the history tree with all child nodes expanded
>>> history.expand(date(2021, 12, 20))  # Expand the children that overlap with the given day
>>> history.expand(now() - timedelta(hours=6), now() - timedelta(hours=4))  # Expand all children that overlap with the given range (in this example "about 5 hours ago")
>>> history.expand((now() - timedelta(days=2)).date())  # Expand all children that overlap with the day before yesterday
>>> history.expand(0)  # Shows child node 0
>>> history[0].expand()  # Expands all child nodes of node 0 (node 0 must be expanded already to see them)
>>> history[5][2].expand()  # Shows child node 2 of child node 5 with all its child nodes expanded
>>> history.search("green cup") # Semantic index search. Expands the most relevant children according to similarity of the natural language query and the node's (recursively defined) index content.
>>> history[1][42].search("bicycle") # Semantic index search on some node further down the tree. Expands the children of node 1.42 most relevant to the search term
>>> history[3].collapse_all_but(1); history[3][1].expand()  # Zooms into details of child node 3.1 while collapsing all other childs of node 3
>>> vqa("What color is the ... in this image?",
...     history[2][4][-1][0].image)  # Invoke a model to answer a visual question about image(s) of some leaf (!) node(s)

# After gathering the relevant information, answer the question:
# Use a short final answer. Optionally provide a brief reasoning only when needed.
>>> answer("...")"""

**HumanMessage**:
"""User question: List the tasks you performed."""

**AIMessage**:
"""task_list()"""

**HumanMessage**:
"""'Task list candidates in chronological order:\nUse these as evidence. If there are many candidates, do not copy every candidate verbatim; use the Recommended answer unless the user explicitly asks for an exhaustive transcript.\n1. 2023/03/29 18:52 - 18:58: I collected forks from the countertop and fridge and placed them in the sink.\n2. 2023/03/31 16:32 - 16:47: I prepared breakfast, which included making coffee and a salad. I started by making coffee and placing the filled mug on the countertop. For the salad, I moved a potato from the sink to the countertop, sliced it, cooked a potato slice in th...\n3. 2023/04/03 09:56 - 10:00: I successfully completed the task of boiling a potato by preparing the stove, filling a pot with water, and heating the potato on the burner.\n4. 2023/04/03 10:28 - 10:36: I started by gathering dirty pots on the countertop and clearing the sink area of other items like a mug, dish sponge, and spatula. Then, I cleaned both pots by placing each in the sink, filling it with water, and pouring the water out. The...\n5. 2023/04/04 10:10 - 10:30: I prepared a meal by slicing bread, toasting it, slicing lettuce, and then assembling the toasted bread and lettuce onto a plate.\n6. 2023/04/04 19:21 - 19:31: I cooked five potato slices in the microwave and then cleaned a dirty plate to serve them on, completing the task as instructed.\n7. 2023/04/05 17:56 - 18:01: I prepared and toasted a slice of bread, cleaned a dirty plate I found nearby, and served the toast on the clean plate to complete the task.\n8. 2023/04/06 17:03 - 17:17: I prepared and washed a dirty plate, then sliced and toasted bread, placing one piece on the plate and the other on the countertop. Finally, I sliced a tomato and assembled the plate with a tomato slice and the remaining toast, confirming t...\n9. 2023/04/06 18:25 - 18:30: I was asked to slice and cook a potato. I mistakenly picked up a tomato, but then used a knife to slice both the tomato and a potato. I cooked one potato slice in a pan on the stove. Finally, I assembled the dish by placing the cooked potat...\n10. 2023/04/07 08:22 - 08:27: I prepared a slice of toast by retrieving a butter knife, slicing bread, and toasting it, then cleaned a plate and placed the toast on it to complete the task.\n11. 2023/04/07 14:53 - 15:03: I prepared two slices of toast by slicing and toasting bread, cleaned a plate to serve them on, and completed the task as requested by the user.\n12. 2023/04/09 12:51 - 12:55: I gathered two pillows, one from a side table and another from inside a cabinet, and placed both on the sofa, confirming the task was completed.\n13. 2023/04/11 10:18 - 10:34: I prepared a full breakfast by brewing a cup of coffee in a cleaned mug and making a toasted tomato sandwich.\n14. 2023/04/12 10:53 - 11:02: Upon receiving the instruction to make a sandwich, I first prepared the bread by slicing and toasting it. I then prepared the other ingredients by slicing lettuce and a tomato. After washing a plate, I assembled the sandwich with the bread,...\n15. 2023/04/13 13:41 - 13:48: I prepared two mugs of coffee and two slices of toast, organized the toast onto plates as instructed, and reported the completion of the food and beverage preparation.\n16. 2023/04/13 19:37 - 19:42: After the user requested a slice of tomato in a clean bowl, I cleared the sink, located a bowl and a knife, sliced the tomato, and placed a slice into the bowl to complete the task.\n17. 2023/04/14 09:32 - 09:45: I sliced a tomato and bread, and placed a tomato slice into a bowl. After being informed the bowl was dirty, I washed it and replaced the tomato slice to complete the task as requested.\n18. 2023/04/15 09:34 - 09:42: I prepared a tomato slice and placed it into a bowl. This process involved slicing the tomato, finding the correct bowl after an initial mistake, clearing space at the sink to wash the dirty bowl, and finally placing the tomato slice into t...\n19. 2023/04/15 18:59 - 19:23: I prepared and cooked potato slices using both the microwave and the stove, then cleaned my workspace and finalized the meal by plating the potatoes with tomato slices.\n20. 2023/04/16 13:41 - 13:47: I attempted to boil a potato. I retrieved a potato from the fridge, placed it in a pot on the stove with water, and tried to operate the stove. After encountering difficulties, I retrieved a second potato from the microwave, added it to the...\n21. 2023/04/16 16:24 - 16:37: I prepared a slice of toasted bread. I retrieved bread from the cabinet, sliced it with a knife, and then toasted one slice. After toasting, I cleaned a plate, placed it on the countertop, and put the toasted bread on the clean plate. I the...\n22. 2023/04/16 17:39 - 17:52: I prepared a cup of coffee for the user by finding a dirty mug in the fridge, cleaning it in the sink, and then setting it up at the coffee machine. Although I initially forgot to empty the water from the rinsing step, I quickly corrected t...\n23. 2023/04/17 18:57 - 19:06: I completed the task of watering the plant. I found a bowl on the countertop, filled it with water at the sink, watered the houseplant, and then returned the bowl to the countertop.\n24. 2023/04/18 11:38 - 11:56: I prepared a breakfast consisting of coffee and a sandwich. This involved finding and cleaning a mug to make coffee, toasting bread, slicing lettuce, and assembling the sandwich on a plate.\n25. 2023/04/19 18:38 - 18:46: I prepared and boiled a potato by retrieving it from a chair, placing it in a pot filled with water at the sink, and then clearing space on the stove to begin boiling it.\n26. 2023/04/20 16:40 - 16:47: I was instructed to water a plant. Initially, I attempted to use a vase from the sink, turning the faucet on and off before moving the vase to the countertop. I then decided to use a mug instead, picking one up from a shelf, filling it with...\n27. 2023/04/21 08:05 - 08:08: I retrieved a dirty plate from a chair and prepared the sink for washing by moving a soap bottle and an egg out of the basin. I also moved a potato to the countertop before washing the plate and declaring it clean.\n28. 2023/04/22 14:22 - 14:27: I sliced and cooked two potato slices in the microwave, then washed a dirty bowl and placed the cooked slices into it to complete the task.\n29. 2023/04/22 19:45 - 19:54: I prepared breakfast by first making a mug of coffee, then gathering and prepping salad ingredients—including washing a plate and slicing vegetables. Finally, I cooked potato slices in the microwave and assembled the salad on the plate to t...\n30. 2023/04/23 09:13 - 09:22: I microwaved a potato after clearing the microwave, then sliced it and served the pieces on a plate as requested by the user.\nRecommended answer: From 2023/03/29 to 2023/04/23, I performed 30 recorded task groups, including bread, toast, and sandwich preparation; potato cooking and slicing; salad, lettuce, and tomato preparation; coffee and drinkware tasks; dish, plate, bowl, and pan cleaning; plant watering.'"""

**HumanMessage**:
"""Current state:
2023/03/29 - 2023/04/23: "Between March 29th and April 23rd, I performed consistent household maintenance and daily routines, including preparing various meals like coffee and sandwiches, watering plants, cleaning kitchenware, and tidying up the living room and sofa areas."  
  ..."""
{}
command: answer("From 2023/03/29 to 2023/04/23, I performed 30 recorded task groups, including bread, toast, and sandwich preparation; potato cooking and slicing; salad, lettuce, and tomato preparation; coffee and drinkware tasks; dish, plate, bowl, and pan cleaning; plant watering.")
expected output: 


 ============================== 


eval answer("From 2023/03/29 to 2023/04/23, I performed 30 recorded task groups, including bread, toast, and sandwich preparation; potato cooking and slicing; salad, lettuce, and tomato preparation; coffee and drinkware tasks; dish, plate, bowl, and pan cleaning; plant watering.")
Answering From 2023/03/29 to 2023/04/23, I performed 30 recorded task groups, including bread, toast, and sandwich preparation; potato cooking and slicing; salad, lettuce, and tomato preparation; coffee and drinkware tasks; dish, plate, bowl, and pan cleaning; plant watering.  with reason: None
Tokens Used: 4001
	Prompt Tokens: 3718
	Completion Tokens: 283
Successful Requests: 1
Total Cost (USD): $0.0
Evaluating sample ed9479c5dd8f204d_0102-488f96fab858496c_d6e2-a01d8c5e515fa9c4_c871-345624f0e74dc947_8525-dbb41344c474217f_2e3e-57862376ad3394a1_464f-977b52faf01e6c05_2895-15fa5e0caaf6a06f_81e4-eccc0afc91fb9b74_d5ba-c4c12513ffbf7d33_9e16-fef7c3fc3990d2e8_fb19-7affadfe549cbeb4_1df8-92904ea754a401e6_2b2c-064a69cb5d40b41f_f773-bbe083aa96535a1d_a996-7d0db28e7d18c776_c97a-0d1a67f82b3b5854_d74d-c1eba1e4b831e04b_aab3-5ab41ea72487ce0f_e5be-a44d13c7da084070_fe04-bd7327d5d2853453_fad6-c02445dd7a5b6f26_fffd-53472cf3cabeb021_46b6-1fa4f0593088b6f2_89ee-1023a6f334db1f63_f0f2-bd7327d5d2853453_5b4f-cdf30defa61245ba_5590-88f8ad0d2d356270_bb95-864a2333f20b0957_be88-75a59f83a279bd78_fb03-c2787b38615034c6_6175-1a8b00c643110183_ebc6-1e8fb21f2b41b0b0_db8b-fe6b3de8c88b8573_9f76-8057d5b1cab47555_9345-04ae108b77699c0f_2453-dd2efe33087ddc60_cb3a-23acf721b22a6456_1716-1801730beafdda15_f501-a1694dc92f54473f_0b07-b8729e0c4c857a8e_24b5-4c98e155c32cdc6f_7acc-f7ca0c5c4964bcdc_c0cf-e82f290cb4ab70bd_86a3-b2fde7ee4eb1c40f_1f95-c7cc40993ef8468b_3e7b-41b067f2ce6f3fef_8ee6-f25eed33d1c37931_1a7f-0de4b62afcd06138_45f2-36651928a974c895_caa2-0-seq_specific_shortened_low_actions
[配置] 启用 FAISS 加速，索引类型: flat
[Forgetting] 命中缓存
[GraphAug] 命中图缓存 (nodes=6810, edges=20638)
Got 0 examples


 ============================== 


eval task_lookup('serve 2 slice(s) of tomato on a plate')
Updated/Defined variables after execution: {}

**SystemMessage**:
"""You are a smart humanoid robot answering user question about your past actions.
The history object contains information on what you did in the past, represented as a tree.
Use the method expand to look at details of a node.
Make sure to use collapse_all_but(idx) when you expanded irrelevant nodes, in order to keep the tree compact.
Enter Python expressions into the console to see the value and decide for the next command based on that result.
Answer concisely by calling answer("...") when you gathered enough information to answer the question.
Generate syntactically correct python console statements only, no explanations or other natural language statements.
IMPORTANT: If search() returns "No relevant records found", your next command MUST be answer("I have no record of that."). Do not search synonyms, do not expand further, and do not call vqa.
IMPORTANT: If you get "Nothing changed" twice, answer honestly that you have no record. Do NOT keep searching repeatedly. For just-before/just-after questions, first try one broader target search or inspect another relevant top-level time block before giving up.
For object yes/no questions, first use object_lookup("object name"). If it reports no matching summary, answer "No, I have no record of that." Do not call vqa unless you already have a directly relevant leaf image.
For task-list questions such as "List the tasks you performed", first use task_list(). Prefer its Recommended answer and chronological candidates instead of manually expanding the whole tree. For long histories, do not copy every task candidate verbatim unless the user explicitly asks for an exhaustive transcript.
For low-level action questions such as "what task did you perform when you toggle/open/pick up/place X", first use action_lookup("full low-level action"), for example action_lookup("open the drawer"). Do not call task_lookup first for these low-level action questions.
For task-description questions such as "describe what you did when you X", first use task_lookup("X"). Prefer its matching task candidates instead of manually expanding the whole tree. This does not apply to low-level action questions covered by action_lookup.
For exact date/time questions or "N days ago" questions asking what happened, first use date_lookup(question). Prefer its Recommended answer when it is confident instead of manually expanding by date.
For "How many days ago did you X?" or "When did you X?" questions, first use event_date_lookup(question). If it lists multiple days, include all of them in the final answer instead of only the most recent match.
For just-before or just-after questions, first use temporal_neighbor(target_task, direction="before" or "after") if a candidate is not already shown. Prefer the returned Recommended answer when it is confident. Only then inspect adjacent sibling or temporal nodes. Avoid expanding to raw leaf observations unless the summary is insufficient.
Do not call vqa for time, date, task-list, before/after, or yes/no object-existence questions when textual summaries already answer the question. Use vqa only for explicit visual appearance questions such as color, visible state, or what something looks like.
Never output bare parameters such as reasoning="..." answer="...". Always call answer("..."). You may call answer(reasoning="...", answer="...") only when a short reason is necessary.
Keep answer() short: answer under 60 words, and do not use markdown or backticks inside answer()."""

**HumanMessage**:
"""
def action_lookup(query: str, max_matches: int = 6) -> str # For low-level action questions, map raw leaf actions back to task-sized summaries
def answer(reasoning: str = None, answer: str = Ellipsis)
def ask(question: str)
def date_lookup(query: str, max_matches: int = 8) -> str # For exact date/time or N-days-ago questions, list matching history summaries directly
def event_date_lookup(query: str, max_matches: int = 12) -> str # For "how many days ago did you X" questions, find all matching event dates directly
def now() -> datetime.datetime
def object_lookup(object_name: str, max_matches: int = 8) -> str # For object yes/no questions, check whether task summaries mention the object
def task_list(max_tasks: int = 30) -> str # For task-list questions, list task-sized history summaries in chronological order
def task_lookup(query: str, max_matches: int = 8) -> str # For task-description questions, list task-sized summaries matching a query
def temporal_neighbor(target_task: str, direction: str = 'before', max_candidates: int = 6) -> str # For just-before/just-after questions, find the target task and return adjacent task candidates
def vqa(question: str, *images: PIL.Image.Image)
"""

**HumanMessage**:
"""Usage examples:
>>> history.expand()  # Shows the history tree with all child nodes expanded
>>> history.expand(date(2021, 12, 20))  # Expand the children that overlap with the given day
>>> history.expand(now() - timedelta(hours=6), now() - timedelta(hours=4))  # Expand all children that overlap with the given range (in this example "about 5 hours ago")
>>> history.expand((now() - timedelta(days=2)).date())  # Expand all children that overlap with the day before yesterday
>>> history.expand(0)  # Shows child node 0
>>> history[0].expand()  # Expands all child nodes of node 0 (node 0 must be expanded already to see them)
>>> history[5][2].expand()  # Shows child node 2 of child node 5 with all its child nodes expanded
>>> history.search("green cup") # Semantic index search. Expands the most relevant children according to similarity of the natural language query and the node's (recursively defined) index content.
>>> history[1][42].search("bicycle") # Semantic index search on some node further down the tree. Expands the children of node 1.42 most relevant to the search term
>>> history[3].collapse_all_but(1); history[3][1].expand()  # Zooms into details of child node 3.1 while collapsing all other childs of node 3
>>> vqa("What color is the ... in this image?",
...     history[2][4][-1][0].image)  # Invoke a model to answer a visual question about image(s) of some leaf (!) node(s)

# After gathering the relevant information, answer the question:
# Use a short final answer. Optionally provide a brief reasoning only when needed.
>>> answer("...")"""

**HumanMessage**:
"""User question: describe what you did when you serve 2 slice(s) of tomato on a plate."""

**AIMessage**:
"""task_lookup('serve 2 slice(s) of tomato on a plate')"""

**HumanMessage**:
""""Task lookup candidates for query='serve 2 slice(s) of tomato on a plate':\n1. score=0.73; 2023/03/31 16:43 - 16:47: I found a tomato on a chair, moved it to the countertop, and sliced it. I then added two tomato slices to the plate to complete the salad assembly.\n2. score=0.72; 2023/04/22 19:53:07 - 19:53:53: I added the second cooked potato slice to the salad plate.\n3. score=0.71; 2023/04/02 18:33:55 - 18:35:30: I fulfilled a request for a slice of tomato by retrieving a tomato from the fridge, slicing it, and placing a slice on a plate for the user.\n4. score=0.69; 2023/04/22 19:50 - 19:54: I assembled the salad, which involved cooking two potato slices in the microwave and layering the ingredients on the plate until the user was satisfied.\n5. score=0.69; 2023/04/22 19:51:58 - 19:52:57: At the user's suggestion, I cooked a second potato slice in the microwave.\n6. score=0.68; 2023/04/02 18:33:55 - 18:34:46: The user requested a slice of tomato served on a plate. I opened the fridge, retrieved a tomato, and placed it on the countertop.\n7. score=0.68; 2023/04/13 19:40:54 - 19:41:32: I opened the fridge, retrieved a knife, and used it to slice the tomato on the countertop.\n8. score=0.68; 2023/03/31 16:42:35 - 16:43:36: I retrieved lettuce from the fridge, sliced it on the countertop, and placed a slice onto the plate.\nRecommended answer: I found a tomato on a chair, moved it to the countertop, and sliced it...; I added the second cooked potato slice to the salad plate.; I fulfilled a request for a slice of tomato by retrieving a tomato from the fridge, slicing it...""""

**HumanMessage**:
"""Current state:
2023/03/29 - 2023/04/23: "Between March 29th and April 23rd, I performed consistent household maintenance and daily routines, including preparing various meals like coffee and sandwiches, watering plants, cleaning kitchenware, and tidying up the living room and sofa areas."  
  ..."""
{}
command: answer("I found a tomato on a chair, moved it to the countertop, and sliced it. I then added two tomato slices to the plate to complete the salad assembly.")
expected output: 


 ============================== 


eval answer("I found a tomato on a chair, moved it to the countertop, and sliced it. I then added two tomato slices to the plate to complete the salad assembly.")
Answering I found a tomato on a chair, moved it to the countertop, and sliced it. I then added two tomato slices to the plate to complete the salad assembly.  with reason: None
Tokens Used: 2670
	Prompt Tokens: 2187
	Completion Tokens: 483
Successful Requests: 1
Total Cost (USD): $0.0
Evaluating sample ed9479c5dd8f204d_0102-488f96fab858496c_d6e2-a01d8c5e515fa9c4_c871-345624f0e74dc947_8525-dbb41344c474217f_2e3e-57862376ad3394a1_464f-977b52faf01e6c05_2895-15fa5e0caaf6a06f_81e4-eccc0afc91fb9b74_d5ba-c4c12513ffbf7d33_9e16-fef7c3fc3990d2e8_fb19-7affadfe549cbeb4_1df8-92904ea754a401e6_2b2c-064a69cb5d40b41f_f773-bbe083aa96535a1d_a996-7d0db28e7d18c776_c97a-0d1a67f82b3b5854_d74d-c1eba1e4b831e04b_aab3-5ab41ea72487ce0f_e5be-a44d13c7da084070_fe04-bd7327d5d2853453_fad6-c02445dd7a5b6f26_fffd-53472cf3cabeb021_46b6-1fa4f0593088b6f2_89ee-1023a6f334db1f63_f0f2-bd7327d5d2853453_5b4f-cdf30defa61245ba_5590-88f8ad0d2d356270_bb95-864a2333f20b0957_be88-75a59f83a279bd78_fb03-c2787b38615034c6_6175-1a8b00c643110183_ebc6-1e8fb21f2b41b0b0_db8b-fe6b3de8c88b8573_9f76-8057d5b1cab47555_9345-04ae108b77699c0f_2453-dd2efe33087ddc60_cb3a-23acf721b22a6456_1716-1801730beafdda15_f501-a1694dc92f54473f_0b07-b8729e0c4c857a8e_24b5-4c98e155c32cdc6f_7acc-f7ca0c5c4964bcdc_c0cf-e82f290cb4ab70bd_86a3-b2fde7ee4eb1c40f_1f95-c7cc40993ef8468b_3e7b-41b067f2ce6f3fef_8ee6-f25eed33d1c37931_1a7f-0de4b62afcd06138_45f2-36651928a974c895_caa2-0-seq_right_after_questions
[配置] 启用 FAISS 加速，索引类型: flat
[Forgetting] 命中缓存
[GraphAug] 命中图缓存 (nodes=6810, edges=20638)
Got 0 examples


 ============================== 


eval temporal_neighbor('clean all the pots', direction='after')
Updated/Defined variables after execution: {}

**SystemMessage**:
"""You are a smart humanoid robot answering user question about your past actions.
The history object contains information on what you did in the past, represented as a tree.
Use the method expand to look at details of a node.
Make sure to use collapse_all_but(idx) when you expanded irrelevant nodes, in order to keep the tree compact.
Enter Python expressions into the console to see the value and decide for the next command based on that result.
Answer concisely by calling answer("...") when you gathered enough information to answer the question.
Generate syntactically correct python console statements only, no explanations or other natural language statements.
IMPORTANT: If search() returns "No relevant records found", your next command MUST be answer("I have no record of that."). Do not search synonyms, do not expand further, and do not call vqa.
IMPORTANT: If you get "Nothing changed" twice, answer honestly that you have no record. Do NOT keep searching repeatedly. For just-before/just-after questions, first try one broader target search or inspect another relevant top-level time block before giving up.
For object yes/no questions, first use object_lookup("object name"). If it reports no matching summary, answer "No, I have no record of that." Do not call vqa unless you already have a directly relevant leaf image.
For task-list questions such as "List the tasks you performed", first use task_list(). Prefer its Recommended answer and chronological candidates instead of manually expanding the whole tree. For long histories, do not copy every task candidate verbatim unless the user explicitly asks for an exhaustive transcript.
For low-level action questions such as "what task did you perform when you toggle/open/pick up/place X", first use action_lookup("full low-level action"), for example action_lookup("open the drawer"). Do not call task_lookup first for these low-level action questions.
For task-description questions such as "describe what you did when you X", first use task_lookup("X"). Prefer its matching task candidates instead of manually expanding the whole tree. This does not apply to low-level action questions covered by action_lookup.
For exact date/time questions or "N days ago" questions asking what happened, first use date_lookup(question). Prefer its Recommended answer when it is confident instead of manually expanding by date.
For "How many days ago did you X?" or "When did you X?" questions, first use event_date_lookup(question). If it lists multiple days, include all of them in the final answer instead of only the most recent match.
For just-before or just-after questions, first use temporal_neighbor(target_task, direction="before" or "after") if a candidate is not already shown. Prefer the returned Recommended answer when it is confident. Only then inspect adjacent sibling or temporal nodes. Avoid expanding to raw leaf observations unless the summary is insufficient.
Do not call vqa for time, date, task-list, before/after, or yes/no object-existence questions when textual summaries already answer the question. Use vqa only for explicit visual appearance questions such as color, visible state, or what something looks like.
Never output bare parameters such as reasoning="..." answer="...". Always call answer("..."). You may call answer(reasoning="...", answer="...") only when a short reason is necessary.
Keep answer() short: answer under 60 words, and do not use markdown or backticks inside answer()."""

**HumanMessage**:
"""
def action_lookup(query: str, max_matches: int = 6) -> str # For low-level action questions, map raw leaf actions back to task-sized summaries
def answer(reasoning: str = None, answer: str = Ellipsis)
def ask(question: str)
def date_lookup(query: str, max_matches: int = 8) -> str # For exact date/time or N-days-ago questions, list matching history summaries directly
def event_date_lookup(query: str, max_matches: int = 12) -> str # For "how many days ago did you X" questions, find all matching event dates directly
def now() -> datetime.datetime
def object_lookup(object_name: str, max_matches: int = 8) -> str # For object yes/no questions, check whether task summaries mention the object
def task_list(max_tasks: int = 30) -> str # For task-list questions, list task-sized history summaries in chronological order
def task_lookup(query: str, max_matches: int = 8) -> str # For task-description questions, list task-sized summaries matching a query
def temporal_neighbor(target_task: str, direction: str = 'before', max_candidates: int = 6) -> str # For just-before/just-after questions, find the target task and return adjacent task candidates
def vqa(question: str, *images: PIL.Image.Image)
"""

**HumanMessage**:
"""Usage examples:
>>> history.expand()  # Shows the history tree with all child nodes expanded
>>> history.expand(date(2021, 12, 20))  # Expand the children that overlap with the given day
>>> history.expand(now() - timedelta(hours=6), now() - timedelta(hours=4))  # Expand all children that overlap with the given range (in this example "about 5 hours ago")
>>> history.expand((now() - timedelta(days=2)).date())  # Expand all children that overlap with the day before yesterday
>>> history.expand(0)  # Shows child node 0
>>> history[0].expand()  # Expands all child nodes of node 0 (node 0 must be expanded already to see them)
>>> history[5][2].expand()  # Shows child node 2 of child node 5 with all its child nodes expanded
>>> history.search("green cup") # Semantic index search. Expands the most relevant children according to similarity of the natural language query and the node's (recursively defined) index content.
>>> history[1][42].search("bicycle") # Semantic index search on some node further down the tree. Expands the children of node 1.42 most relevant to the search term
>>> history[3].collapse_all_but(1); history[3][1].expand()  # Zooms into details of child node 3.1 while collapsing all other childs of node 3
>>> vqa("What color is the ... in this image?",
...     history[2][4][-1][0].image)  # Invoke a model to answer a visual question about image(s) of some leaf (!) node(s)

# After gathering the relevant information, answer the question:
# Use a short final answer. Optionally provide a brief reasoning only when needed.
>>> answer("...")"""

**HumanMessage**:
"""User question: What task did you do just after clean all the pots?"""

**AIMessage**:
"""temporal_neighbor('clean all the pots', direction='after')"""

**HumanMessage**:
""""Temporal neighbor candidates for target='clean all the pots', direction='after':\n1. score=0.86; target=2023/04/03 10:28 - 10:36: I started by gathering dirty pots on the countertop and clearing the sink area of other items like a mug, dish sponge, and spatula. Then, I cleaned both pots by placing each in the...; after=2023/04/03 14:10:28 - 14:13:07: I fulfilled a request to place all remote controls on the sofa by gathering two remotes from the side table and shelf, placing them on the sofa, and confirming task completion with...\n2. score=0.82; target=2023/04/03 10:28 - 10:32: I started cleaning pots by gathering them on the countertop and then cleared the sink area by moving a mug, dish sponge, and spatula to make space.; after=2023/04/03 10:32 - 10:36: I cleaned both pots by placing each in the sink, filling it with water, and then pouring the water out. The user guided me through the process, including checking cabinets and conf...\n3. score=0.82; target=2023/04/03 10:32 - 10:36: I cleaned both pots by placing each in the sink, filling it with water, and then pouring the water out. The user guided me through the process, including checking cabinets and conf...; after=2023/04/03 14:10:28 - 14:13:07: I fulfilled a request to place all remote controls on the sofa by gathering two remotes from the side table and shelf, placing them on the sofa, and confirming task completion with...\n4. score=0.77; target=2023/04/03 10:33:03 - 10:34:28: I checked several cabinets and the fridge, possibly looking for cleaning supplies or storage space, while the user advised me on the progress and suggested rinsing the pots again.; after=2023/04/03 10:34:31 - 10:35:05: I rinsed the second pot by placing it in the sink, filling it with water, and then pouring the water out before returning it to the countertop.\n5. score=0.69; target=2023/04/16 17:43 - 17:47: I cleaned the dirty mug in the sink. I had to move some items (CreditCard, Knife, Pot) out of the way, then I filled the mug with water and rinsed it.; after=2023/04/16 17:47:43 - 17:49:42: I brought the mug to the coffee machine and attempted to turn the machine on.\n6. score=0.67; target=2023/04/03 10:28 - 10:31: I was tasked with cleaning the pots. I located two pots: one on a shelf and a dirty one on the counter by the toaster, and I placed both on the main countertop to prepare for clean...; after=2023/04/03 10:31:44 - 10:32:12: I cleared the sink area to make room for washing the pots, moving a mug, a dish sponge, and a spatula from the sink basin to the countertop.\nRecommended answer: I fulfilled a request to place all remote controls on the sofa by gathering two remotes from the side table and shelf, placing them on the sofa, and confirming task completion with...""""

**HumanMessage**:
"""Current state:
2023/03/29 - 2023/04/23: "Between March 29th and April 23rd, I performed consistent household maintenance and daily routines, including preparing various meals like coffee and sandwiches, watering plants, cleaning kitchenware, and tidying up the living room and sofa areas."  
  ..."""
{}
command: answer("After cleaning the pots, I fulfilled a request to place all remote controls on the sofa by gathering two remotes from the side table and shelf, placing them on the sofa, and confirming task completion.")
expected output: 


 ============================== 


eval answer("After cleaning the pots, I fulfilled a request to place all remote controls on the sofa by gathering two remotes from the side table and shelf, placing them on the sofa, and confirming task completion.")
Answering After cleaning the pots, I fulfilled a request to place all remote controls on the sofa by gathering two remotes from the side table and shelf, placing them on the sofa, and confirming task completion.  with reason: None
Tokens Used: 3101
	Prompt Tokens: 2468
	Completion Tokens: 633
Successful Requests: 1
Total Cost (USD): $0.0
Evaluating sample ed9479c5dd8f204d_0102-488f96fab858496c_d6e2-a01d8c5e515fa9c4_c871-345624f0e74dc947_8525-dbb41344c474217f_2e3e-57862376ad3394a1_464f-977b52faf01e6c05_2895-15fa5e0caaf6a06f_81e4-eccc0afc91fb9b74_d5ba-c4c12513ffbf7d33_9e16-fef7c3fc3990d2e8_fb19-7affadfe549cbeb4_1df8-92904ea754a401e6_2b2c-064a69cb5d40b41f_f773-bbe083aa96535a1d_a996-7d0db28e7d18c776_c97a-0d1a67f82b3b5854_d74d-c1eba1e4b831e04b_aab3-5ab41ea72487ce0f_e5be-a44d13c7da084070_fe04-bd7327d5d2853453_fad6-c02445dd7a5b6f26_fffd-53472cf3cabeb021_46b6-1fa4f0593088b6f2_89ee-1023a6f334db1f63_f0f2-bd7327d5d2853453_5b4f-cdf30defa61245ba_5590-88f8ad0d2d356270_bb95-864a2333f20b0957_be88-75a59f83a279bd78_fb03-c2787b38615034c6_6175-1a8b00c643110183_ebc6-1e8fb21f2b41b0b0_db8b-fe6b3de8c88b8573_9f76-8057d5b1cab47555_9345-04ae108b77699c0f_2453-dd2efe33087ddc60_cb3a-23acf721b22a6456_1716-1801730beafdda15_f501-a1694dc92f54473f_0b07-b8729e0c4c857a8e_24b5-4c98e155c32cdc6f_7acc-f7ca0c5c4964bcdc_c0cf-e82f290cb4ab70bd_86a3-b2fde7ee4eb1c40f_1f95-c7cc40993ef8468b_3e7b-41b067f2ce6f3fef_8ee6-f25eed33d1c37931_1a7f-0de4b62afcd06138_45f2-36651928a974c895_caa2-0-seq_right_before_questions
[配置] 启用 FAISS 加速，索引类型: flat
[Forgetting] 命中缓存
[GraphAug] 命中图缓存 (nodes=6810, edges=20638)
Got 0 examples


 ============================== 


eval temporal_neighbor('clean all the drinkwares', direction='before')
Updated/Defined variables after execution: {}

**SystemMessage**:
"""You are a smart humanoid robot answering user question about your past actions.
The history object contains information on what you did in the past, represented as a tree.
Use the method expand to look at details of a node.
Make sure to use collapse_all_but(idx) when you expanded irrelevant nodes, in order to keep the tree compact.
Enter Python expressions into the console to see the value and decide for the next command based on that result.
Answer concisely by calling answer("...") when you gathered enough information to answer the question.
Generate syntactically correct python console statements only, no explanations or other natural language statements.
IMPORTANT: If search() returns "No relevant records found", your next command MUST be answer("I have no record of that."). Do not search synonyms, do not expand further, and do not call vqa.
IMPORTANT: If you get "Nothing changed" twice, answer honestly that you have no record. Do NOT keep searching repeatedly. For just-before/just-after questions, first try one broader target search or inspect another relevant top-level time block before giving up.
For object yes/no questions, first use object_lookup("object name"). If it reports no matching summary, answer "No, I have no record of that." Do not call vqa unless you already have a directly relevant leaf image.
For task-list questions such as "List the tasks you performed", first use task_list(). Prefer its Recommended answer and chronological candidates instead of manually expanding the whole tree. For long histories, do not copy every task candidate verbatim unless the user explicitly asks for an exhaustive transcript.
For low-level action questions such as "what task did you perform when you toggle/open/pick up/place X", first use action_lookup("full low-level action"), for example action_lookup("open the drawer"). Do not call task_lookup first for these low-level action questions.
For task-description questions such as "describe what you did when you X", first use task_lookup("X"). Prefer its matching task candidates instead of manually expanding the whole tree. This does not apply to low-level action questions covered by action_lookup.
For exact date/time questions or "N days ago" questions asking what happened, first use date_lookup(question). Prefer its Recommended answer when it is confident instead of manually expanding by date.
For "How many days ago did you X?" or "When did you X?" questions, first use event_date_lookup(question). If it lists multiple days, include all of them in the final answer instead of only the most recent match.
For just-before or just-after questions, first use temporal_neighbor(target_task, direction="before" or "after") if a candidate is not already shown. Prefer the returned Recommended answer when it is confident. Only then inspect adjacent sibling or temporal nodes. Avoid expanding to raw leaf observations unless the summary is insufficient.
Do not call vqa for time, date, task-list, before/after, or yes/no object-existence questions when textual summaries already answer the question. Use vqa only for explicit visual appearance questions such as color, visible state, or what something looks like.
Never output bare parameters such as reasoning="..." answer="...". Always call answer("..."). You may call answer(reasoning="...", answer="...") only when a short reason is necessary.
Keep answer() short: answer under 60 words, and do not use markdown or backticks inside answer()."""

**HumanMessage**:
"""
def action_lookup(query: str, max_matches: int = 6) -> str # For low-level action questions, map raw leaf actions back to task-sized summaries
def answer(reasoning: str = None, answer: str = Ellipsis)
def ask(question: str)
def date_lookup(query: str, max_matches: int = 8) -> str # For exact date/time or N-days-ago questions, list matching history summaries directly
def event_date_lookup(query: str, max_matches: int = 12) -> str # For "how many days ago did you X" questions, find all matching event dates directly
def now() -> datetime.datetime
def object_lookup(object_name: str, max_matches: int = 8) -> str # For object yes/no questions, check whether task summaries mention the object
def task_list(max_tasks: int = 30) -> str # For task-list questions, list task-sized history summaries in chronological order
def task_lookup(query: str, max_matches: int = 8) -> str # For task-description questions, list task-sized summaries matching a query
def temporal_neighbor(target_task: str, direction: str = 'before', max_candidates: int = 6) -> str # For just-before/just-after questions, find the target task and return adjacent task candidates
def vqa(question: str, *images: PIL.Image.Image)
"""

**HumanMessage**:
"""Usage examples:
>>> history.expand()  # Shows the history tree with all child nodes expanded
>>> history.expand(date(2021, 12, 20))  # Expand the children that overlap with the given day
>>> history.expand(now() - timedelta(hours=6), now() - timedelta(hours=4))  # Expand all children that overlap with the given range (in this example "about 5 hours ago")
>>> history.expand((now() - timedelta(days=2)).date())  # Expand all children that overlap with the day before yesterday
>>> history.expand(0)  # Shows child node 0
>>> history[0].expand()  # Expands all child nodes of node 0 (node 0 must be expanded already to see them)
>>> history[5][2].expand()  # Shows child node 2 of child node 5 with all its child nodes expanded
>>> history.search("green cup") # Semantic index search. Expands the most relevant children according to similarity of the natural language query and the node's (recursively defined) index content.
>>> history[1][42].search("bicycle") # Semantic index search on some node further down the tree. Expands the children of node 1.42 most relevant to the search term
>>> history[3].collapse_all_but(1); history[3][1].expand()  # Zooms into details of child node 3.1 while collapsing all other childs of node 3
>>> vqa("What color is the ... in this image?",
...     history[2][4][-1][0].image)  # Invoke a model to answer a visual question about image(s) of some leaf (!) node(s)

# After gathering the relevant information, answer the question:
# Use a short final answer. Optionally provide a brief reasoning only when needed.
>>> answer("...")"""

**HumanMessage**:
"""User question: What task did you do just before clean all the drinkwares?"""

**AIMessage**:
"""temporal_neighbor('clean all the drinkwares', direction='before')"""

**HumanMessage**:
""""Temporal neighbor candidates for target='clean all the drinkwares', direction='before':\n1. score=0.79; target=2023/04/16 17:39 - 17:52: I prepared a cup of coffee for the user by finding a dirty mug in the fridge, cleaning it in the sink, and then setting it up at the coffee machine. Although I initially forgot to...; before=2023/04/16 16:24 - 16:37: I prepared a slice of toasted bread. I retrieved bread from the cabinet, sliced it with a knife, and then toasted one slice. After toasting, I cleaned a plate, placed it on the cou...\n2. score=0.77; target=2023/04/08 19:57:24 - 19:57:43: I placed the clean mug back into the coffee machine and turned it on to brew new coffee. The task was completed successfully.; before=2023/04/08 19:56:59 - 19:57:23: I brought the mug to the sink, turned on the faucet to rinse it, emptied the mug, and then turned off the faucet.\n3. score=0.73; target=2023/04/13 19:37 - 19:42: After the user requested a slice of tomato in a clean bowl, I cleared the sink, located a bowl and a knife, sliced the tomato, and placed a slice into the bowl to complete the task...; before=2023/04/13 13:41 - 13:48: I prepared two mugs of coffee and two slices of toast, organized the toast onto plates as instructed, and reported the completion of the food and beverage preparation.\n4. score=0.72; target=2023/04/14 09:39 - 09:45: After the user noted the bowl was unwashed, I removed the tomato slice, moved the bowl to the sink, cleared the area, and washed the bowl. I then placed the tomato slice back into...; before=2023/04/14 09:32 - 09:39: I sliced a tomato and some bread, then placed a tomato slice into a bowl as instructed by the user.\n5. score=0.71; target=2023/04/05 17:56 - 18:01: I prepared and toasted a slice of bread, cleaned a dirty plate I found nearby, and served the toast on the clean plate to complete the task.; before=2023/04/04 19:21 - 19:31: I cooked five potato slices in the microwave and then cleaned a dirty plate to serve them on, completing the task as instructed.\n6. score=0.70; target=2023/04/15 19:14 - 19:23: I transitioned the potatoes to the stove for final cooking, cleaned the necessary workspace and dishes, and completed the final plating of the potato and tomato slices.; before=2023/04/15 18:59 - 19:13: I began by preparing and slicing a potato as requested, then microwaved the slices and started an initial assembly of the meal on a plate.\nRecommended answer: I prepared two mugs of coffee and two slices of toast, organized the toast onto plates as instructed, and reported the completion of the food and beverage preparation.""""

**HumanMessage**:
"""Current state:
2023/03/29 - 2023/04/23: "Between March 29th and April 23rd, I performed consistent household maintenance and daily routines, including preparing various meals like coffee and sandwiches, watering plants, cleaning kitchenware, and tidying up the living room and sofa areas."  
  ..."""
{}
command: answer("I prepared two mugs of coffee and two slices of toast, organized the toast onto plates as instructed, and reported the completion of the food and beverage preparation.")
expected output: 


 ============================== 


eval answer("I prepared two mugs of coffee and two slices of toast, organized the toast onto plates as instructed, and reported the completion of the food and beverage preparation.")
Answering I prepared two mugs of coffee and two slices of toast, organized the toast onto plates as instructed, and reported the completion of the food and beverage preparation.  with reason: None
Tokens Used: 2831
	Prompt Tokens: 2419
	Completion Tokens: 412
Successful Requests: 1
Total Cost (USD): $0.0
Evaluating sample ed9479c5dd8f204d_0102-488f96fab858496c_d6e2-a01d8c5e515fa9c4_c871-345624f0e74dc947_8525-dbb41344c474217f_2e3e-57862376ad3394a1_464f-977b52faf01e6c05_2895-15fa5e0caaf6a06f_81e4-eccc0afc91fb9b74_d5ba-c4c12513ffbf7d33_9e16-fef7c3fc3990d2e8_fb19-7affadfe549cbeb4_1df8-92904ea754a401e6_2b2c-064a69cb5d40b41f_f773-bbe083aa96535a1d_a996-7d0db28e7d18c776_c97a-0d1a67f82b3b5854_d74d-c1eba1e4b831e04b_aab3-5ab41ea72487ce0f_e5be-a44d13c7da084070_fe04-bd7327d5d2853453_fad6-c02445dd7a5b6f26_fffd-53472cf3cabeb021_46b6-1fa4f0593088b6f2_89ee-1023a6f334db1f63_f0f2-bd7327d5d2853453_5b4f-cdf30defa61245ba_5590-88f8ad0d2d356270_bb95-864a2333f20b0957_be88-75a59f83a279bd78_fb03-c2787b38615034c6_6175-1a8b00c643110183_ebc6-1e8fb21f2b41b0b0_db8b-fe6b3de8c88b8573_9f76-8057d5b1cab47555_9345-04ae108b77699c0f_2453-dd2efe33087ddc60_cb3a-23acf721b22a6456_1716-1801730beafdda15_f501-a1694dc92f54473f_0b07-b8729e0c4c857a8e_24b5-4c98e155c32cdc6f_7acc-f7ca0c5c4964bcdc_c0cf-e82f290cb4ab70bd_86a3-b2fde7ee4eb1c40f_1f95-c7cc40993ef8468b_3e7b-41b067f2ce6f3fef_8ee6-f25eed33d1c37931_1a7f-0de4b62afcd06138_45f2-36651928a974c895_caa2-0-seq_simple_object_yes_no
[配置] 启用 FAISS 加速，索引类型: flat
[Forgetting] 命中缓存
[GraphAug] 命中图缓存 (nodes=6810, edges=20638)
Got 0 examples


 ============================== 


eval object_lookup('painting')
Updated/Defined variables after execution: {}

**SystemMessage**:
"""You are a smart humanoid robot answering user question about your past actions.
The history object contains information on what you did in the past, represented as a tree.
Use the method expand to look at details of a node.
Make sure to use collapse_all_but(idx) when you expanded irrelevant nodes, in order to keep the tree compact.
Enter Python expressions into the console to see the value and decide for the next command based on that result.
Answer concisely by calling answer("...") when you gathered enough information to answer the question.
Generate syntactically correct python console statements only, no explanations or other natural language statements.
IMPORTANT: If search() returns "No relevant records found", your next command MUST be answer("I have no record of that."). Do not search synonyms, do not expand further, and do not call vqa.
IMPORTANT: If you get "Nothing changed" twice, answer honestly that you have no record. Do NOT keep searching repeatedly. For just-before/just-after questions, first try one broader target search or inspect another relevant top-level time block before giving up.
For object yes/no questions, first use object_lookup("object name"). If it reports no matching summary, answer "No, I have no record of that." Do not call vqa unless you already have a directly relevant leaf image.
For task-list questions such as "List the tasks you performed", first use task_list(). Prefer its Recommended answer and chronological candidates instead of manually expanding the whole tree. For long histories, do not copy every task candidate verbatim unless the user explicitly asks for an exhaustive transcript.
For low-level action questions such as "what task did you perform when you toggle/open/pick up/place X", first use action_lookup("full low-level action"), for example action_lookup("open the drawer"). Do not call task_lookup first for these low-level action questions.
For task-description questions such as "describe what you did when you X", first use task_lookup("X"). Prefer its matching task candidates instead of manually expanding the whole tree. This does not apply to low-level action questions covered by action_lookup.
For exact date/time questions or "N days ago" questions asking what happened, first use date_lookup(question). Prefer its Recommended answer when it is confident instead of manually expanding by date.
For "How many days ago did you X?" or "When did you X?" questions, first use event_date_lookup(question). If it lists multiple days, include all of them in the final answer instead of only the most recent match.
For just-before or just-after questions, first use temporal_neighbor(target_task, direction="before" or "after") if a candidate is not already shown. Prefer the returned Recommended answer when it is confident. Only then inspect adjacent sibling or temporal nodes. Avoid expanding to raw leaf observations unless the summary is insufficient.
Do not call vqa for time, date, task-list, before/after, or yes/no object-existence questions when textual summaries already answer the question. Use vqa only for explicit visual appearance questions such as color, visible state, or what something looks like.
Never output bare parameters such as reasoning="..." answer="...". Always call answer("..."). You may call answer(reasoning="...", answer="...") only when a short reason is necessary.
Keep answer() short: answer under 60 words, and do not use markdown or backticks inside answer()."""

**HumanMessage**:
"""
def action_lookup(query: str, max_matches: int = 6) -> str # For low-level action questions, map raw leaf actions back to task-sized summaries
def answer(reasoning: str = None, answer: str = Ellipsis)
def ask(question: str)
def date_lookup(query: str, max_matches: int = 8) -> str # For exact date/time or N-days-ago questions, list matching history summaries directly
def event_date_lookup(query: str, max_matches: int = 12) -> str # For "how many days ago did you X" questions, find all matching event dates directly
def now() -> datetime.datetime
def object_lookup(object_name: str, max_matches: int = 8) -> str # For object yes/no questions, check whether task summaries mention the object
def task_list(max_tasks: int = 30) -> str # For task-list questions, list task-sized history summaries in chronological order
def task_lookup(query: str, max_matches: int = 8) -> str # For task-description questions, list task-sized summaries matching a query
def temporal_neighbor(target_task: str, direction: str = 'before', max_candidates: int = 6) -> str # For just-before/just-after questions, find the target task and return adjacent task candidates
def vqa(question: str, *images: PIL.Image.Image)
"""

**HumanMessage**:
"""Usage examples:
>>> history.expand()  # Shows the history tree with all child nodes expanded
>>> history.expand(date(2021, 12, 20))  # Expand the children that overlap with the given day
>>> history.expand(now() - timedelta(hours=6), now() - timedelta(hours=4))  # Expand all children that overlap with the given range (in this example "about 5 hours ago")
>>> history.expand((now() - timedelta(days=2)).date())  # Expand all children that overlap with the day before yesterday
>>> history.expand(0)  # Shows child node 0
>>> history[0].expand()  # Expands all child nodes of node 0 (node 0 must be expanded already to see them)
>>> history[5][2].expand()  # Shows child node 2 of child node 5 with all its child nodes expanded
>>> history.search("green cup") # Semantic index search. Expands the most relevant children according to similarity of the natural language query and the node's (recursively defined) index content.
>>> history[1][42].search("bicycle") # Semantic index search on some node further down the tree. Expands the children of node 1.42 most relevant to the search term
>>> history[3].collapse_all_but(1); history[3][1].expand()  # Zooms into details of child node 3.1 while collapsing all other childs of node 3
>>> vqa("What color is the ... in this image?",
...     history[2][4][-1][0].image)  # Invoke a model to answer a visual question about image(s) of some leaf (!) node(s)

# After gathering the relevant information, answer the question:
# Use a short final answer. Optionally provide a brief reasoning only when needed.
>>> answer("...")"""

**HumanMessage**:
"""User question: Was there a painting ?"""

**AIMessage**:
"""object_lookup('painting')"""

**HumanMessage**:
""""Object lookup for object='painting':\nNo task-sized summaries mention this object.\nRecommended answer: No, I have no record of that.""""

**HumanMessage**:
"""Current state:
2023/03/29 - 2023/04/23: "Between March 29th and April 23rd, I performed consistent household maintenance and daily routines, including preparing various meals like coffee and sandwiches, watering plants, cleaning kitchenware, and tidying up the living room and sofa areas."  
  ..."""
{}
command: answer("No, I have no record of that.")
expected output: 


 ============================== 


eval answer("No, I have no record of that.")
Answering No, I have no record of that.  with reason: None
Tokens Used: 1879
	Prompt Tokens: 1613
	Completion Tokens: 266
Successful Requests: 1
Total Cost (USD): $0.0
Evaluating sample ed9479c5dd8f204d_0102-488f96fab858496c_d6e2-a01d8c5e515fa9c4_c871-345624f0e74dc947_8525-dbb41344c474217f_2e3e-57862376ad3394a1_464f-977b52faf01e6c05_2895-15fa5e0caaf6a06f_81e4-eccc0afc91fb9b74_d5ba-c4c12513ffbf7d33_9e16-fef7c3fc3990d2e8_fb19-7affadfe549cbeb4_1df8-92904ea754a401e6_2b2c-064a69cb5d40b41f_f773-bbe083aa96535a1d_a996-7d0db28e7d18c776_c97a-0d1a67f82b3b5854_d74d-c1eba1e4b831e04b_aab3-5ab41ea72487ce0f_e5be-a44d13c7da084070_fe04-bd7327d5d2853453_fad6-c02445dd7a5b6f26_fffd-53472cf3cabeb021_46b6-1fa4f0593088b6f2_89ee-1023a6f334db1f63_f0f2-bd7327d5d2853453_5b4f-cdf30defa61245ba_5590-88f8ad0d2d356270_bb95-864a2333f20b0957_be88-75a59f83a279bd78_fb03-c2787b38615034c6_6175-1a8b00c643110183_ebc6-1e8fb21f2b41b0b0_db8b-fe6b3de8c88b8573_9f76-8057d5b1cab47555_9345-04ae108b77699c0f_2453-dd2efe33087ddc60_cb3a-23acf721b22a6456_1716-1801730beafdda15_f501-a1694dc92f54473f_0b07-b8729e0c4c857a8e_24b5-4c98e155c32cdc6f_7acc-f7ca0c5c4964bcdc_c0cf-e82f290cb4ab70bd_86a3-b2fde7ee4eb1c40f_1f95-c7cc40993ef8468b_3e7b-41b067f2ce6f3fef_8ee6-f25eed33d1c37931_1a7f-0de4b62afcd06138_45f2-36651928a974c895_caa2-0-seq_low_actions_to_episode_task_descs
[配置] 启用 FAISS 加速，索引类型: flat
[Forgetting] 命中缓存
[GraphAug] 命中图缓存 (nodes=6810, edges=20638)
Got 0 examples


 ============================== 


eval task_lookup('pick up the butterknife')
Updated/Defined variables after execution: {}
[结构化直答] low-action task lookup matched; returning Recommended answer directly
Tokens Used: 0
	Prompt Tokens: 0
	Completion Tokens: 0
Successful Requests: 0
Total Cost (USD): $0.0
Evaluating sample ed9479c5dd8f204d_0102-488f96fab858496c_d6e2-a01d8c5e515fa9c4_c871-345624f0e74dc947_8525-dbb41344c474217f_2e3e-57862376ad3394a1_464f-977b52faf01e6c05_2895-15fa5e0caaf6a06f_81e4-eccc0afc91fb9b74_d5ba-c4c12513ffbf7d33_9e16-fef7c3fc3990d2e8_fb19-7affadfe549cbeb4_1df8-92904ea754a401e6_2b2c-064a69cb5d40b41f_f773-bbe083aa96535a1d_a996-7d0db28e7d18c776_c97a-0d1a67f82b3b5854_d74d-c1eba1e4b831e04b_aab3-5ab41ea72487ce0f_e5be-a44d13c7da084070_fe04-bd7327d5d2853453_fad6-c02445dd7a5b6f26_fffd-53472cf3cabeb021_46b6-1fa4f0593088b6f2_89ee-1023a6f334db1f63_f0f2-bd7327d5d2853453_5b4f-cdf30defa61245ba_5590-88f8ad0d2d356270_bb95-864a2333f20b0957_be88-75a59f83a279bd78_fb03-c2787b38615034c6_6175-1a8b00c643110183_ebc6-1e8fb21f2b41b0b0_db8b-fe6b3de8c88b8573_9f76-8057d5b1cab47555_9345-04ae108b77699c0f_2453-dd2efe33087ddc60_cb3a-23acf721b22a6456_1716-1801730beafdda15_f501-a1694dc92f54473f_0b07-b8729e0c4c857a8e_24b5-4c98e155c32cdc6f_7acc-f7ca0c5c4964bcdc_c0cf-e82f290cb4ab70bd_86a3-b2fde7ee4eb1c40f_1f95-c7cc40993ef8468b_3e7b-41b067f2ce6f3fef_8ee6-f25eed33d1c37931_1a7f-0de4b62afcd06138_45f2-36651928a974c895_caa2-0-exact_time_to_episode
[配置] 启用 FAISS 加速，索引类型: flat
[Forgetting] 命中缓存
[GraphAug] 命中图缓存 (nodes=6810, edges=20638)
Got 0 examples


 ============================== 


eval date_lookup('what did you do on Apr 02, 2023 at 04:09 PM?')
Updated/Defined variables after execution: {}

**SystemMessage**:
"""You are a smart humanoid robot answering user question about your past actions.
The history object contains information on what you did in the past, represented as a tree.
Use the method expand to look at details of a node.
Make sure to use collapse_all_but(idx) when you expanded irrelevant nodes, in order to keep the tree compact.
Enter Python expressions into the console to see the value and decide for the next command based on that result.
Answer concisely by calling answer("...") when you gathered enough information to answer the question.
Generate syntactically correct python console statements only, no explanations or other natural language statements.
IMPORTANT: If search() returns "No relevant records found", your next command MUST be answer("I have no record of that."). Do not search synonyms, do not expand further, and do not call vqa.
IMPORTANT: If you get "Nothing changed" twice, answer honestly that you have no record. Do NOT keep searching repeatedly. For just-before/just-after questions, first try one broader target search or inspect another relevant top-level time block before giving up.
For object yes/no questions, first use object_lookup("object name"). If it reports no matching summary, answer "No, I have no record of that." Do not call vqa unless you already have a directly relevant leaf image.
For task-list questions such as "List the tasks you performed", first use task_list(). Prefer its Recommended answer and chronological candidates instead of manually expanding the whole tree. For long histories, do not copy every task candidate verbatim unless the user explicitly asks for an exhaustive transcript.
For low-level action questions such as "what task did you perform when you toggle/open/pick up/place X", first use action_lookup("full low-level action"), for example action_lookup("open the drawer"). Do not call task_lookup first for these low-level action questions.
For task-description questions such as "describe what you did when you X", first use task_lookup("X"). Prefer its matching task candidates instead of manually expanding the whole tree. This does not apply to low-level action questions covered by action_lookup.
For exact date/time questions or "N days ago" questions asking what happened, first use date_lookup(question). Prefer its Recommended answer when it is confident instead of manually expanding by date.
For "How many days ago did you X?" or "When did you X?" questions, first use event_date_lookup(question). If it lists multiple days, include all of them in the final answer instead of only the most recent match.
For just-before or just-after questions, first use temporal_neighbor(target_task, direction="before" or "after") if a candidate is not already shown. Prefer the returned Recommended answer when it is confident. Only then inspect adjacent sibling or temporal nodes. Avoid expanding to raw leaf observations unless the summary is insufficient.
Do not call vqa for time, date, task-list, before/after, or yes/no object-existence questions when textual summaries already answer the question. Use vqa only for explicit visual appearance questions such as color, visible state, or what something looks like.
Never output bare parameters such as reasoning="..." answer="...". Always call answer("..."). You may call answer(reasoning="...", answer="...") only when a short reason is necessary.
Keep answer() short: answer under 60 words, and do not use markdown or backticks inside answer()."""

**HumanMessage**:
"""
def action_lookup(query: str, max_matches: int = 6) -> str # For low-level action questions, map raw leaf actions back to task-sized summaries
def answer(reasoning: str = None, answer: str = Ellipsis)
def ask(question: str)
def date_lookup(query: str, max_matches: int = 8) -> str # For exact date/time or N-days-ago questions, list matching history summaries directly
def event_date_lookup(query: str, max_matches: int = 12) -> str # For "how many days ago did you X" questions, find all matching event dates directly
def now() -> datetime.datetime
def object_lookup(object_name: str, max_matches: int = 8) -> str # For object yes/no questions, check whether task summaries mention the object
def task_list(max_tasks: int = 30) -> str # For task-list questions, list task-sized history summaries in chronological order
def task_lookup(query: str, max_matches: int = 8) -> str # For task-description questions, list task-sized summaries matching a query
def temporal_neighbor(target_task: str, direction: str = 'before', max_candidates: int = 6) -> str # For just-before/just-after questions, find the target task and return adjacent task candidates
def vqa(question: str, *images: PIL.Image.Image)
"""

**HumanMessage**:
"""Usage examples:
>>> history.expand()  # Shows the history tree with all child nodes expanded
>>> history.expand(date(2021, 12, 20))  # Expand the children that overlap with the given day
>>> history.expand(now() - timedelta(hours=6), now() - timedelta(hours=4))  # Expand all children that overlap with the given range (in this example "about 5 hours ago")
>>> history.expand((now() - timedelta(days=2)).date())  # Expand all children that overlap with the day before yesterday
>>> history.expand(0)  # Shows child node 0
>>> history[0].expand()  # Expands all child nodes of node 0 (node 0 must be expanded already to see them)
>>> history[5][2].expand()  # Shows child node 2 of child node 5 with all its child nodes expanded
>>> history.search("green cup") # Semantic index search. Expands the most relevant children according to similarity of the natural language query and the node's (recursively defined) index content.
>>> history[1][42].search("bicycle") # Semantic index search on some node further down the tree. Expands the children of node 1.42 most relevant to the search term
>>> history[3].collapse_all_but(1); history[3][1].expand()  # Zooms into details of child node 3.1 while collapsing all other childs of node 3
>>> vqa("What color is the ... in this image?",
...     history[2][4][-1][0].image)  # Invoke a model to answer a visual question about image(s) of some leaf (!) node(s)

# After gathering the relevant information, answer the question:
# Use a short final answer. Optionally provide a brief reasoning only when needed.
>>> answer("...")"""

**HumanMessage**:
"""User question: what did you do on Apr 02, 2023 at 04:09 PM?"""

**AIMessage**:
"""date_lookup('what did you do on Apr 02, 2023 at 04:09 PM?')"""

**HumanMessage**:
""""Date lookup for query='what did you do on Apr 02, 2023 at 04:09 PM?': resolved=2023/04/02 16:09:00.\n1. score=0.85; 2023/04/02 16:09 - 16:25: I prepared and cooked a potato on the stove, then sliced it and placed the slices into a bowl I had cleaned.\n2. score=0.82; 2023/04/02 16:09 - 16:16: After clearing the sink and receiving instructions to cook a potato, I prepared my workspace and cooked the potato in a pan on the stove.\n3. score=0.76; 2023/04/02 16:09 - 16:12: I cleared the sink by moving a paper towel roll, sponge, and spatula to the countertop. I then picked up a potato from the sink and placed it on the countertop. During this, the user instructed me to cook the potato.\n4. score=0.65; 2023/04/02 16:09 - 18:49: I prepared various food items including a cooked potato in a bowl, a tomato slice on a plate, and toast on a plate.\n5. score=0.61; 2023/04/02 16:09:17 - 16:10:50: Goal: Pickup(PaperTowelRoll) Visual observation: Spoon_1, PepperShaker_2, Pot_2, Potato_1, CounterTop_0, Sink, CreditCard, Plate [dirty], Spatula_0, PaperTowelRoll, Tomato, Sink_Basin, SoapBottle, DishSponge, HousePlant...\n6. score=0.35; 2023/04/01 - 2023/04/02: On April 1st and 2nd, I prepared a tomato slice in a clean bowl, washed two dirty plates, and prepared various food items including cooked potato in a bowl, a tomato slice on a plate, and toast on a plate.\n7. score=0.24; 2023/04/01 - 2023/04/05: Between April 1st and 5th, I focused on food preparation involving potatoes, tomatoes, and toast, while also cleaning kitchenware and organizing the sofa area.\n8. score=0.16; 2023/03/29 - 2023/04/12: Between March 29th and April 12th, I maintained the household by cleaning kitchenware, organizing the sofa area, watering plants, and preparing various meals such as coffee, potato salad, toast, and tomato sandwiches.\nRecommended answer: I prepared and cooked a potato on the stove, then sliced it and placed the slices into a bowl I had cleaned.""""

**HumanMessage**:
"""Current state:
2023/03/29 - 2023/04/23: "Between March 29th and April 23rd, I performed consistent household maintenance and daily routines, including preparing various meals like coffee and sandwiches, watering plants, cleaning kitchenware, and tidying up the living room and sofa areas."  
  ..."""
{}
command: answer("I prepared and cooked a potato on the stove, then sliced it and placed the slices into a bowl I had cleaned.")
expected output: 


 ============================== 


eval answer("I prepared and cooked a potato on the stove, then sliced it and placed the slices into a bowl I had cleaned.")
Answering I prepared and cooked a potato on the stove, then sliced it and placed the slices into a bowl I had cleaned.  with reason: None
Tokens Used: 2921
	Prompt Tokens: 2313
	Completion Tokens: 608
Successful Requests: 1
Total Cost (USD): $0.0
Evaluating sample ed9479c5dd8f204d_0102-488f96fab858496c_d6e2-a01d8c5e515fa9c4_c871-345624f0e74dc947_8525-dbb41344c474217f_2e3e-57862376ad3394a1_464f-977b52faf01e6c05_2895-15fa5e0caaf6a06f_81e4-eccc0afc91fb9b74_d5ba-c4c12513ffbf7d33_9e16-fef7c3fc3990d2e8_fb19-7affadfe549cbeb4_1df8-92904ea754a401e6_2b2c-064a69cb5d40b41f_f773-bbe083aa96535a1d_a996-7d0db28e7d18c776_c97a-0d1a67f82b3b5854_d74d-c1eba1e4b831e04b_aab3-5ab41ea72487ce0f_e5be-a44d13c7da084070_fe04-bd7327d5d2853453_fad6-c02445dd7a5b6f26_fffd-53472cf3cabeb021_46b6-1fa4f0593088b6f2_89ee-1023a6f334db1f63_f0f2-bd7327d5d2853453_5b4f-cdf30defa61245ba_5590-88f8ad0d2d356270_bb95-864a2333f20b0957_be88-75a59f83a279bd78_fb03-c2787b38615034c6_6175-1a8b00c643110183_ebc6-1e8fb21f2b41b0b0_db8b-fe6b3de8c88b8573_9f76-8057d5b1cab47555_9345-04ae108b77699c0f_2453-dd2efe33087ddc60_cb3a-23acf721b22a6456_1716-1801730beafdda15_f501-a1694dc92f54473f_0b07-b8729e0c4c857a8e_24b5-4c98e155c32cdc6f_7acc-f7ca0c5c4964bcdc_c0cf-e82f290cb4ab70bd_86a3-b2fde7ee4eb1c40f_1f95-c7cc40993ef8468b_3e7b-41b067f2ce6f3fef_8ee6-f25eed33d1c37931_1a7f-0de4b62afcd06138_45f2-36651928a974c895_caa2-0-tasks_to_exact_times
[配置] 启用 FAISS 加速，索引类型: flat
[Forgetting] 命中缓存
[GraphAug] 命中图缓存 (nodes=6810, edges=20638)
Got 0 examples


 ============================== 


eval event_date_lookup('When did you serve 1 slice(s) of tomato on a plate?')
Updated/Defined variables after execution: {}

**SystemMessage**:
"""You are a smart humanoid robot answering user question about your past actions.
The history object contains information on what you did in the past, represented as a tree.
Use the method expand to look at details of a node.
Make sure to use collapse_all_but(idx) when you expanded irrelevant nodes, in order to keep the tree compact.
Enter Python expressions into the console to see the value and decide for the next command based on that result.
Answer concisely by calling answer("...") when you gathered enough information to answer the question.
Generate syntactically correct python console statements only, no explanations or other natural language statements.
IMPORTANT: If search() returns "No relevant records found", your next command MUST be answer("I have no record of that."). Do not search synonyms, do not expand further, and do not call vqa.
IMPORTANT: If you get "Nothing changed" twice, answer honestly that you have no record. Do NOT keep searching repeatedly. For just-before/just-after questions, first try one broader target search or inspect another relevant top-level time block before giving up.
For object yes/no questions, first use object_lookup("object name"). If it reports no matching summary, answer "No, I have no record of that." Do not call vqa unless you already have a directly relevant leaf image.
For task-list questions such as "List the tasks you performed", first use task_list(). Prefer its Recommended answer and chronological candidates instead of manually expanding the whole tree. For long histories, do not copy every task candidate verbatim unless the user explicitly asks for an exhaustive transcript.
For low-level action questions such as "what task did you perform when you toggle/open/pick up/place X", first use action_lookup("full low-level action"), for example action_lookup("open the drawer"). Do not call task_lookup first for these low-level action questions.
For task-description questions such as "describe what you did when you X", first use task_lookup("X"). Prefer its matching task candidates instead of manually expanding the whole tree. This does not apply to low-level action questions covered by action_lookup.
For exact date/time questions or "N days ago" questions asking what happened, first use date_lookup(question). Prefer its Recommended answer when it is confident instead of manually expanding by date.
For "How many days ago did you X?" or "When did you X?" questions, first use event_date_lookup(question). If it lists multiple days, include all of them in the final answer instead of only the most recent match.
For just-before or just-after questions, first use temporal_neighbor(target_task, direction="before" or "after") if a candidate is not already shown. Prefer the returned Recommended answer when it is confident. Only then inspect adjacent sibling or temporal nodes. Avoid expanding to raw leaf observations unless the summary is insufficient.
Do not call vqa for time, date, task-list, before/after, or yes/no object-existence questions when textual summaries already answer the question. Use vqa only for explicit visual appearance questions such as color, visible state, or what something looks like.
Never output bare parameters such as reasoning="..." answer="...". Always call answer("..."). You may call answer(reasoning="...", answer="...") only when a short reason is necessary.
Keep answer() short: answer under 60 words, and do not use markdown or backticks inside answer()."""

**HumanMessage**:
"""
def action_lookup(query: str, max_matches: int = 6) -> str # For low-level action questions, map raw leaf actions back to task-sized summaries
def answer(reasoning: str = None, answer: str = Ellipsis)
def ask(question: str)
def date_lookup(query: str, max_matches: int = 8) -> str # For exact date/time or N-days-ago questions, list matching history summaries directly
def event_date_lookup(query: str, max_matches: int = 12) -> str # For "how many days ago did you X" questions, find all matching event dates directly
def now() -> datetime.datetime
def object_lookup(object_name: str, max_matches: int = 8) -> str # For object yes/no questions, check whether task summaries mention the object
def task_list(max_tasks: int = 30) -> str # For task-list questions, list task-sized history summaries in chronological order
def task_lookup(query: str, max_matches: int = 8) -> str # For task-description questions, list task-sized summaries matching a query
def temporal_neighbor(target_task: str, direction: str = 'before', max_candidates: int = 6) -> str # For just-before/just-after questions, find the target task and return adjacent task candidates
def vqa(question: str, *images: PIL.Image.Image)
"""

**HumanMessage**:
"""Usage examples:
>>> history.expand()  # Shows the history tree with all child nodes expanded
>>> history.expand(date(2021, 12, 20))  # Expand the children that overlap with the given day
>>> history.expand(now() - timedelta(hours=6), now() - timedelta(hours=4))  # Expand all children that overlap with the given range (in this example "about 5 hours ago")
>>> history.expand((now() - timedelta(days=2)).date())  # Expand all children that overlap with the day before yesterday
>>> history.expand(0)  # Shows child node 0
>>> history[0].expand()  # Expands all child nodes of node 0 (node 0 must be expanded already to see them)
>>> history[5][2].expand()  # Shows child node 2 of child node 5 with all its child nodes expanded
>>> history.search("green cup") # Semantic index search. Expands the most relevant children according to similarity of the natural language query and the node's (recursively defined) index content.
>>> history[1][42].search("bicycle") # Semantic index search on some node further down the tree. Expands the children of node 1.42 most relevant to the search term
>>> history[3].collapse_all_but(1); history[3][1].expand()  # Zooms into details of child node 3.1 while collapsing all other childs of node 3
>>> vqa("What color is the ... in this image?",
...     history[2][4][-1][0].image)  # Invoke a model to answer a visual question about image(s) of some leaf (!) node(s)

# After gathering the relevant information, answer the question:
# Use a short final answer. Optionally provide a brief reasoning only when needed.
>>> answer("...")"""

**HumanMessage**:
"""User question: When did you serve 1 slice(s) of tomato on a plate?"""

**AIMessage**:
"""event_date_lookup('When did you serve 1 slice(s) of tomato on a plate?')"""

**HumanMessage**:
""""Event date lookup for query='When did you serve 1 slice(s) of tomato on a plate?': event='serve 1 slice(s) of tomato on a plate', today=2023/04/23.\n1. score=0.64; days_ago=23; 2023/03/31 16:43 - 16:47: I found a tomato on a chair, moved it to the countertop, and sliced it. I then added two tomato slices to the plate to complete the salad assembly.\n2. score=0.66; days_ago=21; 2023/04/02 18:33:55 - 18:35:30: I fulfilled a request for a slice of tomato by retrieving a tomato from the fridge, slicing it, and placing a slice on a plate for the user.\n3. score=0.60; days_ago=17; 2023/04/06 17:16:24 - 17:17:42: I assembled the final plate by adding a tomato slice and the second piece of toast to the plate, then confirmed the task was complete.\n4. score=0.63; days_ago=11; 2023/04/12 10:59:53 - 11:00:59: I assembled the sandwich by placing a slice of tomato, two slices of cooked bread, and a slice of lettuce onto the plate.\n5. score=0.57; days_ago=8; 2023/04/15 19:09 - 19:13: I began assembling the plate on the countertop by picking up two potato slices and one tomato slice and placing them onto the plate.\n6. score=0.62; days_ago=1; 2023/04/22 19:50:42 - 19:51:19: I began assembling the salad by placing a slice of tomato and a slice of lettuce onto the plate.\nRecommended answer: on 2023/04/02, 2023/04/06, 2023/04/12, 2023/04/15, and 2023/04/22""""

**HumanMessage**:
"""Current state:
2023/03/29 - 2023/04/23: "Between March 29th and April 23rd, I performed consistent household maintenance and daily routines, including preparing various meals like coffee and sandwiches, watering plants, cleaning kitchenware, and tidying up the living room and sofa areas."  
  ..."""
{}
command: answer("I have records of serving one slice of tomato on a plate on April 2, April 6, April 12, April 1
expected output: 


 ============================== 


eval answer("I have records of serving one slice of tomato on a plate on April 2, April 6, April 12, April 1


 ============================== 


eval answer("I have records of serving one slice of tomato on a plate on April 2, April 6, April 12, April 1


 ============================== 




answer("I have records of serving one slice of tomato on a plate on April 2, April 6, April 12, April 1

[结构化回退] answer(...) 语法错误，返回结构化推荐答案
Tokens Used: 2926
	Prompt Tokens: 2162
	Completion Tokens: 764
Successful Requests: 1
Total Cost (USD): $0.0
Evaluating sample ed9479c5dd8f204d_0102-488f96fab858496c_d6e2-a01d8c5e515fa9c4_c871-345624f0e74dc947_8525-dbb41344c474217f_2e3e-57862376ad3394a1_464f-977b52faf01e6c05_2895-15fa5e0caaf6a06f_81e4-eccc0afc91fb9b74_d5ba-c4c12513ffbf7d33_9e16-fef7c3fc3990d2e8_fb19-7affadfe549cbeb4_1df8-92904ea754a401e6_2b2c-064a69cb5d40b41f_f773-bbe083aa96535a1d_a996-7d0db28e7d18c776_c97a-0d1a67f82b3b5854_d74d-c1eba1e4b831e04b_aab3-5ab41ea72487ce0f_e5be-a44d13c7da084070_fe04-bd7327d5d2853453_fad6-c02445dd7a5b6f26_fffd-53472cf3cabeb021_46b6-1fa4f0593088b6f2_89ee-1023a6f334db1f63_f0f2-bd7327d5d2853453_5b4f-cdf30defa61245ba_5590-88f8ad0d2d356270_bb95-864a2333f20b0957_be88-75a59f83a279bd78_fb03-c2787b38615034c6_6175-1a8b00c643110183_ebc6-1e8fb21f2b41b0b0_db8b-fe6b3de8c88b8573_9f76-8057d5b1cab47555_9345-04ae108b77699c0f_2453-dd2efe33087ddc60_cb3a-23acf721b22a6456_1716-1801730beafdda15_f501-a1694dc92f54473f_0b07-b8729e0c4c857a8e_24b5-4c98e155c32cdc6f_7acc-f7ca0c5c4964bcdc_c0cf-e82f290cb4ab70bd_86a3-b2fde7ee4eb1c40f_1f95-c7cc40993ef8468b_3e7b-41b067f2ce6f3fef_8ee6-f25eed33d1c37931_1a7f-0de4b62afcd06138_45f2-36651928a974c895_caa2-0-tasks_to_days_ago
[配置] 启用 FAISS 加速，索引类型: flat
[Forgetting] 命中缓存
[GraphAug] 命中图缓存 (nodes=6810, edges=20638)
Got 0 examples


 ============================== 


eval event_date_lookup('Today is Apr 23, 2023 at 03:22 PM. How many days ago did you serve 1 slice(s) of tomato in a bowl?')
Updated/Defined variables after execution: {}

**SystemMessage**:
"""You are a smart humanoid robot answering user question about your past actions.
The history object contains information on what you did in the past, represented as a tree.
Use the method expand to look at details of a node.
Make sure to use collapse_all_but(idx) when you expanded irrelevant nodes, in order to keep the tree compact.
Enter Python expressions into the console to see the value and decide for the next command based on that result.
Answer concisely by calling answer("...") when you gathered enough information to answer the question.
Generate syntactically correct python console statements only, no explanations or other natural language statements.
IMPORTANT: If search() returns "No relevant records found", your next command MUST be answer("I have no record of that."). Do not search synonyms, do not expand further, and do not call vqa.
IMPORTANT: If you get "Nothing changed" twice, answer honestly that you have no record. Do NOT keep searching repeatedly. For just-before/just-after questions, first try one broader target search or inspect another relevant top-level time block before giving up.
For object yes/no questions, first use object_lookup("object name"). If it reports no matching summary, answer "No, I have no record of that." Do not call vqa unless you already have a directly relevant leaf image.
For task-list questions such as "List the tasks you performed", first use task_list(). Prefer its Recommended answer and chronological candidates instead of manually expanding the whole tree. For long histories, do not copy every task candidate verbatim unless the user explicitly asks for an exhaustive transcript.
For low-level action questions such as "what task did you perform when you toggle/open/pick up/place X", first use action_lookup("full low-level action"), for example action_lookup("open the drawer"). Do not call task_lookup first for these low-level action questions.
For task-description questions such as "describe what you did when you X", first use task_lookup("X"). Prefer its matching task candidates instead of manually expanding the whole tree. This does not apply to low-level action questions covered by action_lookup.
For exact date/time questions or "N days ago" questions asking what happened, first use date_lookup(question). Prefer its Recommended answer when it is confident instead of manually expanding by date.
For "How many days ago did you X?" or "When did you X?" questions, first use event_date_lookup(question). If it lists multiple days, include all of them in the final answer instead of only the most recent match.
For just-before or just-after questions, first use temporal_neighbor(target_task, direction="before" or "after") if a candidate is not already shown. Prefer the returned Recommended answer when it is confident. Only then inspect adjacent sibling or temporal nodes. Avoid expanding to raw leaf observations unless the summary is insufficient.
Do not call vqa for time, date, task-list, before/after, or yes/no object-existence questions when textual summaries already answer the question. Use vqa only for explicit visual appearance questions such as color, visible state, or what something looks like.
Never output bare parameters such as reasoning="..." answer="...". Always call answer("..."). You may call answer(reasoning="...", answer="...") only when a short reason is necessary.
Keep answer() short: answer under 60 words, and do not use markdown or backticks inside answer()."""

**HumanMessage**:
"""
def action_lookup(query: str, max_matches: int = 6) -> str # For low-level action questions, map raw leaf actions back to task-sized summaries
def answer(reasoning: str = None, answer: str = Ellipsis)
def ask(question: str)
def date_lookup(query: str, max_matches: int = 8) -> str # For exact date/time or N-days-ago questions, list matching history summaries directly
def event_date_lookup(query: str, max_matches: int = 12) -> str # For "how many days ago did you X" questions, find all matching event dates directly
def now() -> datetime.datetime
def object_lookup(object_name: str, max_matches: int = 8) -> str # For object yes/no questions, check whether task summaries mention the object
def task_list(max_tasks: int = 30) -> str # For task-list questions, list task-sized history summaries in chronological order
def task_lookup(query: str, max_matches: int = 8) -> str # For task-description questions, list task-sized summaries matching a query
def temporal_neighbor(target_task: str, direction: str = 'before', max_candidates: int = 6) -> str # For just-before/just-after questions, find the target task and return adjacent task candidates
def vqa(question: str, *images: PIL.Image.Image)
"""

**HumanMessage**:
"""Usage examples:
>>> history.expand()  # Shows the history tree with all child nodes expanded
>>> history.expand(date(2021, 12, 20))  # Expand the children that overlap with the given day
>>> history.expand(now() - timedelta(hours=6), now() - timedelta(hours=4))  # Expand all children that overlap with the given range (in this example "about 5 hours ago")
>>> history.expand((now() - timedelta(days=2)).date())  # Expand all children that overlap with the day before yesterday
>>> history.expand(0)  # Shows child node 0
>>> history[0].expand()  # Expands all child nodes of node 0 (node 0 must be expanded already to see them)
>>> history[5][2].expand()  # Shows child node 2 of child node 5 with all its child nodes expanded
>>> history.search("green cup") # Semantic index search. Expands the most relevant children according to similarity of the natural language query and the node's (recursively defined) index content.
>>> history[1][42].search("bicycle") # Semantic index search on some node further down the tree. Expands the children of node 1.42 most relevant to the search term
>>> history[3].collapse_all_but(1); history[3][1].expand()  # Zooms into details of child node 3.1 while collapsing all other childs of node 3
>>> vqa("What color is the ... in this image?",
...     history[2][4][-1][0].image)  # Invoke a model to answer a visual question about image(s) of some leaf (!) node(s)

# After gathering the relevant information, answer the question:
# Use a short final answer. Optionally provide a brief reasoning only when needed.
>>> answer("...")"""

**HumanMessage**:
"""User question: Today is Apr 23, 2023 at 03:22 PM. How many days ago did you serve 1 slice(s) of tomato in a bowl?"""

**AIMessage**:
"""event_date_lookup('Today is Apr 23, 2023 at 03:22 PM. How many days ago did you serve 1 slice(s) of tomato in a bowl?')"""

**HumanMessage**:
""""Event date lookup for query='Today is Apr 23, 2023 at 03:22 PM. How many days ago did you serve 1 slice(s) of tomato in a bowl?': event='serve 1 slice(s) of tomato in a bowl', today=2023/04/23.\n1. score=0.67; days_ago=24; 2023/03/30 19:42:08 - 19:44:05: I prepared a bowl with a tomato slice by gathering bowls, slicing a tomato, and placing a slice into one of the bowls, then asked the user for feedback.\n2. score=0.62; days_ago=22; 2023/04/01 17:03:17 - 17:03:27: I placed the tomato slice into the clean bowl, completing the task as requested by the user.\n3. score=0.64; days_ago=10; 2023/04/13 19:41:34 - 19:42:06: I picked up a tomato slice and placed it into the bowl as requested, completing the task.\n4. score=0.68; days_ago=9; 2023/04/14 09:39 - 09:45: After the user noted the bowl was unwashed, I removed the tomato slice, moved the bowl to the sink, cleared the area, and washed the bowl. I then placed the tomato slice back into the clean bowl and completed the task.\n5. score=0.65; days_ago=8; 2023/04/15 09:42:31 - 09:42:49: I picked up a tomato slice and placed it into the cleaned bowl, confirming completion of the task.\nRecommended answer: 24 days ago and 22 days ago and 10 days ago and 9 days ago and 8 days ago""""

**HumanMessage**:
"""Current state:
2023/03/29 - 2023/04/23: "Between March 29th and April 23rd, I performed consistent household maintenance and daily routines, including preparing various meals like coffee and sandwiches, watering plants, cleaning kitchenware, and tidying up the living room and sofa areas."  
  ..."""
{}
command: answer("I served a slice of tomato in a bowl 24 days ago, 22 days ago, 10 days ago, 9 days ago, and 8 days ago.")
expected output: 


 ============================== 


eval answer("I served a slice of tomato in a bowl 24 days ago, 22 days ago, 10 days ago, 9 days ago, and 8 days ago.")
Answering I served a slice of tomato in a bowl 24 days ago, 22 days ago, 10 days ago, 9 days ago, and 8 days ago.  with reason: None
Tokens Used: 2515
	Prompt Tokens: 2135
	Completion Tokens: 380
Successful Requests: 1
Total Cost (USD): $0.0
Evaluating sample ed9479c5dd8f204d_0102-488f96fab858496c_d6e2-a01d8c5e515fa9c4_c871-345624f0e74dc947_8525-dbb41344c474217f_2e3e-57862376ad3394a1_464f-977b52faf01e6c05_2895-15fa5e0caaf6a06f_81e4-eccc0afc91fb9b74_d5ba-c4c12513ffbf7d33_9e16-fef7c3fc3990d2e8_fb19-7affadfe549cbeb4_1df8-92904ea754a401e6_2b2c-064a69cb5d40b41f_f773-bbe083aa96535a1d_a996-7d0db28e7d18c776_c97a-0d1a67f82b3b5854_d74d-c1eba1e4b831e04b_aab3-5ab41ea72487ce0f_e5be-a44d13c7da084070_fe04-bd7327d5d2853453_fad6-c02445dd7a5b6f26_fffd-53472cf3cabeb021_46b6-1fa4f0593088b6f2_89ee-1023a6f334db1f63_f0f2-bd7327d5d2853453_5b4f-cdf30defa61245ba_5590-88f8ad0d2d356270_bb95-864a2333f20b0957_be88-75a59f83a279bd78_fb03-c2787b38615034c6_6175-1a8b00c643110183_ebc6-1e8fb21f2b41b0b0_db8b-fe6b3de8c88b8573_9f76-8057d5b1cab47555_9345-04ae108b77699c0f_2453-dd2efe33087ddc60_cb3a-23acf721b22a6456_1716-1801730beafdda15_f501-a1694dc92f54473f_0b07-b8729e0c4c857a8e_24b5-4c98e155c32cdc6f_7acc-f7ca0c5c4964bcdc_c0cf-e82f290cb4ab70bd_86a3-b2fde7ee4eb1c40f_1f95-c7cc40993ef8468b_3e7b-41b067f2ce6f3fef_8ee6-f25eed33d1c37931_1a7f-0de4b62afcd06138_45f2-36651928a974c895_caa2-0-days_ago_to_episode
[配置] 启用 FAISS 加速，索引类型: flat
[Forgetting] 命中缓存
[GraphAug] 命中图缓存 (nodes=6810, edges=20638)
Got 0 examples


 ============================== 


eval date_lookup('Today is Apr 23, 2023 at 03:22 PM. What did you do 10 days ago?')
Updated/Defined variables after execution: {}

**SystemMessage**:
"""You are a smart humanoid robot answering user question about your past actions.
The history object contains information on what you did in the past, represented as a tree.
Use the method expand to look at details of a node.
Make sure to use collapse_all_but(idx) when you expanded irrelevant nodes, in order to keep the tree compact.
Enter Python expressions into the console to see the value and decide for the next command based on that result.
Answer concisely by calling answer("...") when you gathered enough information to answer the question.
Generate syntactically correct python console statements only, no explanations or other natural language statements.
IMPORTANT: If search() returns "No relevant records found", your next command MUST be answer("I have no record of that."). Do not search synonyms, do not expand further, and do not call vqa.
IMPORTANT: If you get "Nothing changed" twice, answer honestly that you have no record. Do NOT keep searching repeatedly. For just-before/just-after questions, first try one broader target search or inspect another relevant top-level time block before giving up.
For object yes/no questions, first use object_lookup("object name"). If it reports no matching summary, answer "No, I have no record of that." Do not call vqa unless you already have a directly relevant leaf image.
For task-list questions such as "List the tasks you performed", first use task_list(). Prefer its Recommended answer and chronological candidates instead of manually expanding the whole tree. For long histories, do not copy every task candidate verbatim unless the user explicitly asks for an exhaustive transcript.
For low-level action questions such as "what task did you perform when you toggle/open/pick up/place X", first use action_lookup("full low-level action"), for example action_lookup("open the drawer"). Do not call task_lookup first for these low-level action questions.
For task-description questions such as "describe what you did when you X", first use task_lookup("X"). Prefer its matching task candidates instead of manually expanding the whole tree. This does not apply to low-level action questions covered by action_lookup.
For exact date/time questions or "N days ago" questions asking what happened, first use date_lookup(question). Prefer its Recommended answer when it is confident instead of manually expanding by date.
For "How many days ago did you X?" or "When did you X?" questions, first use event_date_lookup(question). If it lists multiple days, include all of them in the final answer instead of only the most recent match.
For just-before or just-after questions, first use temporal_neighbor(target_task, direction="before" or "after") if a candidate is not already shown. Prefer the returned Recommended answer when it is confident. Only then inspect adjacent sibling or temporal nodes. Avoid expanding to raw leaf observations unless the summary is insufficient.
Do not call vqa for time, date, task-list, before/after, or yes/no object-existence questions when textual summaries already answer the question. Use vqa only for explicit visual appearance questions such as color, visible state, or what something looks like.
Never output bare parameters such as reasoning="..." answer="...". Always call answer("..."). You may call answer(reasoning="...", answer="...") only when a short reason is necessary.
Keep answer() short: answer under 60 words, and do not use markdown or backticks inside answer()."""

**HumanMessage**:
"""
def action_lookup(query: str, max_matches: int = 6) -> str # For low-level action questions, map raw leaf actions back to task-sized summaries
def answer(reasoning: str = None, answer: str = Ellipsis)
def ask(question: str)
def date_lookup(query: str, max_matches: int = 8) -> str # For exact date/time or N-days-ago questions, list matching history summaries directly
def event_date_lookup(query: str, max_matches: int = 12) -> str # For "how many days ago did you X" questions, find all matching event dates directly
def now() -> datetime.datetime
def object_lookup(object_name: str, max_matches: int = 8) -> str # For object yes/no questions, check whether task summaries mention the object
def task_list(max_tasks: int = 30) -> str # For task-list questions, list task-sized history summaries in chronological order
def task_lookup(query: str, max_matches: int = 8) -> str # For task-description questions, list task-sized summaries matching a query
def temporal_neighbor(target_task: str, direction: str = 'before', max_candidates: int = 6) -> str # For just-before/just-after questions, find the target task and return adjacent task candidates
def vqa(question: str, *images: PIL.Image.Image)
"""

**HumanMessage**:
"""Usage examples:
>>> history.expand()  # Shows the history tree with all child nodes expanded
>>> history.expand(date(2021, 12, 20))  # Expand the children that overlap with the given day
>>> history.expand(now() - timedelta(hours=6), now() - timedelta(hours=4))  # Expand all children that overlap with the given range (in this example "about 5 hours ago")
>>> history.expand((now() - timedelta(days=2)).date())  # Expand all children that overlap with the day before yesterday
>>> history.expand(0)  # Shows child node 0
>>> history[0].expand()  # Expands all child nodes of node 0 (node 0 must be expanded already to see them)
>>> history[5][2].expand()  # Shows child node 2 of child node 5 with all its child nodes expanded
>>> history.search("green cup") # Semantic index search. Expands the most relevant children according to similarity of the natural language query and the node's (recursively defined) index content.
>>> history[1][42].search("bicycle") # Semantic index search on some node further down the tree. Expands the children of node 1.42 most relevant to the search term
>>> history[3].collapse_all_but(1); history[3][1].expand()  # Zooms into details of child node 3.1 while collapsing all other childs of node 3
>>> vqa("What color is the ... in this image?",
...     history[2][4][-1][0].image)  # Invoke a model to answer a visual question about image(s) of some leaf (!) node(s)

# After gathering the relevant information, answer the question:
# Use a short final answer. Optionally provide a brief reasoning only when needed.
>>> answer("...")"""

**HumanMessage**:
"""User question: Today is Apr 23, 2023 at 03:22 PM. What did you do 10 days ago?"""

**AIMessage**:
"""date_lookup('Today is Apr 23, 2023 at 03:22 PM. What did you do 10 days ago?')"""

**HumanMessage**:
""""Date lookup for query='Today is Apr 23, 2023 at 03:22 PM. What did you do 10 days ago?': resolved=2023/04/13.\n1. score=0.95; 2023/04/13 13:41 - 19:42: I prepared coffee and toast for two, then served a tomato slice in a clean bowl.\n2. score=0.78; 2023/04/13 13:41 - 13:48: I prepared two mugs of coffee and two slices of toast, organized the toast onto plates as instructed, and reported the completion of the food and beverage preparation.\n3. score=0.78; 2023/04/13 19:37 - 19:42: After the user requested a slice of tomato in a clean bowl, I cleared the sink, located a bowl and a knife, sliced the tomato, and placed a slice into the bowl to complete the task.\n4. score=0.70; 2023/04/13 13:41 - 13:44: I prepared two mugs of coffee. This involved rinsing a dirty mug, retrieving another mug from the microwave, and operating the coffee machine for both.\n5. score=0.70; 2023/04/13 13:46:23 - 13:48:21: I organized the toast onto different plates according to instructions, moving slices between plates retrieved from the fridge and the countertop, before finally setting a mug on the countertop and reporting task completi...\n6. score=0.70; 2023/04/13 13:44:48 - 13:46:20: I proceeded to make toast by retrieving bread, slicing it, and toasting two slices, which I initially placed on a plate.\n7. score=0.70; 2023/04/13 19:37:46 - 19:38:53: The user requested a slice of tomato in a clean bowl. I cleared several items from the sink (a cup, a tomato, and a butter knife) and placed them on the countertop.\n8. score=0.70; 2023/04/13 19:38:58 - 19:39:58: I searched for a bowl, eventually finding one on a shelving unit, and placed it on the countertop.\nRecommended answer: I prepared coffee and toast for two, then served a tomato slice in a clean bowl. I prepared two mugs of coffee and two slices of toast, organized the toast onto plates as instructed, and reported the completion of the food and beverage preparation. After the user requested a slice of tomato in a clean bowl, I cleared the sink, located a bowl and a knife, sliced the tomato, and placed a slice into the bowl to complete the task. I prepared two mugs of coffee. This involved rinsing a dirty mug, retrieving another mug from the microwave, and operating the coffee machine for both.""""

**HumanMessage**:
"""Current state:
2023/03/29 - 2023/04/23: "Between March 29th and April 23rd, I performed consistent household maintenance and daily routines, including preparing various meals like coffee and sandwiches, watering plants, cleaning kitchenware, and tidying up the living room and sofa areas."  
  ..."""
{}
command: answer("On April 13, 2023, I prepared coffee and toast for two, and later served a slice of tomato in a clean bowl. This involved making two mugs of coffee, toasting two slices of bread, and organizing them on plates. For the tomato, I cleared the sink, found a bowl and knife, and sliced the tomato as requested.")
expected output: 


 ============================== 


eval answer("On April 13, 2023, I prepared coffee and toast for two, and later served a slice of tomato in a clean bowl. This involved making two mugs of coffee, toasting two slices of bread, and organizing them on plates. For the tomato, I cleared the sink, found a bowl and knife, and sliced the tomato as requested.")
Answering On April 13, 2023, I prepared coffee and toast for two, and later served a slice of tomato in a clean bowl. This involved making two mugs of coffee, toasting two slices of bread, and organizing them on plates. For the tomato, I cleared the sink, found a bowl and knife, and sliced the tomato as requested.  with reason: None
Tokens Used: 2804
	Prompt Tokens: 2355
	Completion Tokens: 449
Successful Requests: 1
Total Cost (USD): $0.0
Evaluating sample 464fb2558d308797_4110-5f3063384d77aa71_0ac8-bfa7505b440eadde_750f-249afd96389c8ae6_c966-dcc90b08c376f4dc_74ab-ebd80a433c115116_b3d7-555c981b1ecc6c8a_7c01-32e631d248583662_5835-c02445dd7a5b6f26_be05-93af984d7981fdaa_6fc9-a690a35743c855aa_4c00-b87bd55d7820c86e_8d92-345624f0e74dc947_8525-49c94e2372ffae4f_3917-2b5a33d4908ee77d_20f6-7c76f284a689ed0a_dee3-22fa2e73c63bc50f_c1a7-6ccc8b815fbc093a_5cca-32813f06255beef5_0bd5-18f6da623ba658a2_aa07-e32e722334301fa7_892d-aae955889a0ba5fa_d123-35025f516f41aba5_ba52-4b813e7c9bc088d0_8155-61e8f5910474b00b_53e6-aa310077d368fbbc_0a82-c2ffd6a81bfe2613_f91c-41b067f2ce6f3fef_8ee6-fef7c3fc3990d2e8_e2e9-fb7d765ba6874372_db67-59d897f4009147d8_1d27-a451af83aeece675_117b-e455dbf27ecaf413_8484-dd2efe33087ddc60_cb3a-48f25d2481974dee_e871-9d1c053084e66e7b_dc9f-c4c12513ffbf7d33_9e16-a76099fbab67c9da_4d48-15fa5e0caaf6a06f_46f8-fc0fe94a4c8e3a29_9052-d62a957ecbfa6792_8217-0ae40b26ad1ead81_6240-c02445dd7a5b6f26_86bd-f82346f1b273c70a_aaf6-53472cf3cabeb021_b7f8-6e26385c641764c7_fe5a-e035a44ebae9d3fd_c842-7d0db28e7d18c776_c97a-dbb41344c474217f_2e3e-8f7791c488b51c98_fa79-0-sequence_of_task_descs
[配置] 启用 FAISS 加速，索引类型: flat
[Forgetting] 解析遗忘配置...
[Forgetting] 开始记忆巩固...
[Forgetting] 收集到 7003 个事件节点
[Forgetting] 构建临时轻量图计算度中心性...
[Forgetting] 临时图度中心性: max_degree=65, 有连接的节点数=6678
[Forgetting] 计算节点 embeddings...
Embedding 4296 , new: 2443
[Forgetting] 安全下限触发: θ₁ 从 0.500 下调到 0.236
[Forgetting] 巩固完成: 完整保留=2143 (30.6%), 去细节化=4860 (69.4%), 摘要保留=0 (0.0%), 豁免=774
[Forgetting] 统计: {'total': 7003, 'level_0_full_retain': 2143, 'level_1_detail_removed': 4860, 'level_2_summary_only': 0, 'immune_count': 774, 'effective_theta_1': 0.23569148680279192, 'effective_theta_2': 0.09427659472111677, 'retain_ratio': 0.3060117092674568, 'forgetting_ratio': 0.6939882907325432}
[GraphAug] 开始构建记忆图...
[MemoryGraph] 收集到 7003 个事件节点
[MemoryGraph] 时间相邻边: 5743
[MemoryGraph] 共享物体边: 12813
[MemoryGraph] 唯一动作数: 435, 相似动作对: 840
[MemoryGraph] 相似动作边: 1669
[MemoryGraph] 图构建完成: {'num_nodes': 7003, 'num_edges': 20225, 'edges_temporal_adjacent': 5743, 'edges_co_object': 12813, 'edges_similar_action': 1669}
[GraphAug] 记忆图构建完成
Got 0 examples


 ============================== 


eval task_list()
Updated/Defined variables after execution: {}

**SystemMessage**:
"""You are a smart humanoid robot answering user question about your past actions.
The history object contains information on what you did in the past, represented as a tree.
Use the method expand to look at details of a node.
Make sure to use collapse_all_but(idx) when you expanded irrelevant nodes, in order to keep the tree compact.
Enter Python expressions into the console to see the value and decide for the next command based on that result.
Answer concisely by calling answer("...") when you gathered enough information to answer the question.
Generate syntactically correct python console statements only, no explanations or other natural language statements.
IMPORTANT: If search() returns "No relevant records found", your next command MUST be answer("I have no record of that."). Do not search synonyms, do not expand further, and do not call vqa.
IMPORTANT: If you get "Nothing changed" twice, answer honestly that you have no record. Do NOT keep searching repeatedly. For just-before/just-after questions, first try one broader target search or inspect another relevant top-level time block before giving up.
For object yes/no questions, first use object_lookup("object name"). If it reports no matching summary, answer "No, I have no record of that." Do not call vqa unless you already have a directly relevant leaf image.
For task-list questions such as "List the tasks you performed", first use task_list(). Prefer its Recommended answer and chronological candidates instead of manually expanding the whole tree. For long histories, do not copy every task candidate verbatim unless the user explicitly asks for an exhaustive transcript.
For low-level action questions such as "what task did you perform when you toggle/open/pick up/place X", first use action_lookup("full low-level action"), for example action_lookup("open the drawer"). Do not call task_lookup first for these low-level action questions.
For task-description questions such as "describe what you did when you X", first use task_lookup("X"). Prefer its matching task candidates instead of manually expanding the whole tree. This does not apply to low-level action questions covered by action_lookup.
For exact date/time questions or "N days ago" questions asking what happened, first use date_lookup(question). Prefer its Recommended answer when it is confident instead of manually expanding by date.
For "How many days ago did you X?" or "When did you X?" questions, first use event_date_lookup(question). If it lists multiple days, include all of them in the final answer instead of only the most recent match.
For just-before or just-after questions, first use temporal_neighbor(target_task, direction="before" or "after") if a candidate is not already shown. Prefer the returned Recommended answer when it is confident. Only then inspect adjacent sibling or temporal nodes. Avoid expanding to raw leaf observations unless the summary is insufficient.
Do not call vqa for time, date, task-list, before/after, or yes/no object-existence questions when textual summaries already answer the question. Use vqa only for explicit visual appearance questions such as color, visible state, or what something looks like.
Never output bare parameters such as reasoning="..." answer="...". Always call answer("..."). You may call answer(reasoning="...", answer="...") only when a short reason is necessary.
Keep answer() short: answer under 60 words, and do not use markdown or backticks inside answer()."""

**HumanMessage**:
"""
def action_lookup(query: str, max_matches: int = 6) -> str # For low-level action questions, map raw leaf actions back to task-sized summaries
def answer(reasoning: str = None, answer: str = Ellipsis)
def ask(question: str)
def date_lookup(query: str, max_matches: int = 8) -> str # For exact date/time or N-days-ago questions, list matching history summaries directly
def event_date_lookup(query: str, max_matches: int = 12) -> str # For "how many days ago did you X" questions, find all matching event dates directly
def now() -> datetime.datetime
def object_lookup(object_name: str, max_matches: int = 8) -> str # For object yes/no questions, check whether task summaries mention the object
def task_list(max_tasks: int = 30) -> str # For task-list questions, list task-sized history summaries in chronological order
def task_lookup(query: str, max_matches: int = 8) -> str # For task-description questions, list task-sized summaries matching a query
def temporal_neighbor(target_task: str, direction: str = 'before', max_candidates: int = 6) -> str # For just-before/just-after questions, find the target task and return adjacent task candidates
def vqa(question: str, *images: PIL.Image.Image)
"""

**HumanMessage**:
"""Usage examples:
>>> history.expand()  # Shows the history tree with all child nodes expanded
>>> history.expand(date(2021, 12, 20))  # Expand the children that overlap with the given day
>>> history.expand(now() - timedelta(hours=6), now() - timedelta(hours=4))  # Expand all children that overlap with the given range (in this example "about 5 hours ago")
>>> history.expand((now() - timedelta(days=2)).date())  # Expand all children that overlap with the day before yesterday
>>> history.expand(0)  # Shows child node 0
>>> history[0].expand()  # Expands all child nodes of node 0 (node 0 must be expanded already to see them)
>>> history[5][2].expand()  # Shows child node 2 of child node 5 with all its child nodes expanded
>>> history.search("green cup") # Semantic index search. Expands the most relevant children according to similarity of the natural language query and the node's (recursively defined) index content.
>>> history[1][42].search("bicycle") # Semantic index search on some node further down the tree. Expands the children of node 1.42 most relevant to the search term
>>> history[3].collapse_all_but(1); history[3][1].expand()  # Zooms into details of child node 3.1 while collapsing all other childs of node 3
>>> vqa("What color is the ... in this image?",
...     history[2][4][-1][0].image)  # Invoke a model to answer a visual question about image(s) of some leaf (!) node(s)

# After gathering the relevant information, answer the question:
# Use a short final answer. Optionally provide a brief reasoning only when needed.
>>> answer("...")"""

**HumanMessage**:
"""User question: List the tasks you performed."""

**AIMessage**:
"""task_list()"""

**HumanMessage**:
"""'Task list candidates in chronological order:\nUse these as evidence. If there are many candidates, do not copy every candidate verbatim; use the Recommended answer unless the user explicitly asks for an exhaustive transcript.\n1. 2024/09/19 14:11 - 14:17: I picked up a knife, sliced a tomato, and placed the sliced tomato pieces on the countertop.\n2. 2024/09/22 11:57 - 12:01: I started the task of watering a plant by finding and picking up a vase, which I then brought to the kitchen countertop.\n3. 2024/09/22 14:27 - 14:32: I began preparing a meal by organizing the workspace, retrieving lettuce, a tomato, and a knife from the fridge, and then slicing the vegetables and washing a plate.\n4. 2024/09/22 14:32:30 - 14:35:06: I retrieved a potato from the fridge, organized my workspace, and sliced the potato.\n5. 2024/09/22 14:35 - 14:41: I prepared to cook the potato slices by placing them in a pan and transferring them to the stove. After briefly moving them to a plate, I returned them to the pan and turned on the stove burner to cook them.\n6. 2024/09/22 14:41:42 - 14:43:23: Once the potato slices were cooked, I transferred them to the plate and added slices of tomato and lettuce to complete the dish.\n7. 2024/09/22 15:05:02 - 15:06:50: I received a task to clean a mug and prepare coffee. I picked up a dirty mug from the sink and placed it on the countertop.\n8. 2024/09/24 12:59 - 13:03: I searched for a knife, opening and closing several cabinets, eventually finding and picking up the knife from Cabinet_3.\n9. 2024/09/24 15:04 - 15:09: I prepared a plate, assembled the sandwich with the toasted bread and tomato slices, and made final adjustments to the presentation as requested.\n10. 2024/09/26 18:34 - 18:38: I opened the Safe, picked up the KeyChain from inside, and placed it on the floor. Then, I picked up Watch_0 from the Safe and placed it into Box_1, combining both watches.\n11. 2024/09/27 15:11:53 - 15:14:07: I picked up a knife as instructed and placed it on the countertop, receiving further instructions about a potato and pan.\n12. 2024/09/27 15:15:53 - 15:17:54: I picked up one of the potato slices, opened the microwave, and placed the slice inside.\n13. 2024/09/27 15:18:02 - 15:19:53: I picked up a second potato slice, placed it in the microwave, then picked up a third slice and placed it in the microwave before closing the microwave door.\n14. 2024/09/27 15:20:12 - 15:21:44: I retrieved all three cooked potato slices from the microwave, placing them on a plate and then on the countertop.\n15. 2024/09/27 19:02:24 - 19:04:10: I moved the toasted bread slices to the countertop and cleared some space on the counter.\n16. 2024/09/29 11:25 - 11:30: I retrieved a potato from the floor (after being guided by the user) and placed it into a pot.\n17. 2024/10/01 14:02:57 - 14:04:33: I received an instruction to cook a slice of potato. I picked up a potato, placed it in the microwave, cooked it, and then retrieved it.\n18. 2024/10/01 18:22:38 - 18:25:12: I opened the cabinet below the coffee maker to find a pan. I moved a pepper shaker out of the way, picked up the pan, and placed it on the countertop before closing the cabinet.\n19. 2024/10/01 18:26:15 - 18:27:49: After the potato slices were cooked, I went to the shelving unit to retrieve a clean bowl. I emptied the bowl into the sink and placed it on the countertop.\n20. 2024/10/03 12:39 - 12:44: I picked up a tomato as instructed by the user and placed it on the countertop.\n21. 2024/10/04 14:33 - 14:36: I was asked to get a clean mug from the fridge and make coffee. I opened the fridge, picked up a dirty mug, closed the fridge, placed the mug in the sink, picked up the soap bottle, placed it on the countertop, turned the faucet on and off...\n22. 2024/10/04 14:39:30 - 14:41:07: I was asked to slice a potato and cook one of the slices. I picked up a potato from the shelf, placed it on the countertop, picked up the knife, sliced the potato, and placed the knife back down.\n23. 2024/10/04 14:45:04 - 14:46:43: I began plating the sliced ingredients by picking up a sliced lettuce piece, placing it on the plate, then picking up a sliced tomato piece, and placing it on the plate.\n24. 2024/10/05 12:26 - 12:30: I picked up a mug from the sink basin, turned off the faucet, poured the contents of the mug into the sink, and placed the mug back into the sink basin.\n25. 2024/10/06 09:18:51 - 09:21:27: I received the task to boil a potato. I began by picking up a pot, clearing a space on the stove by moving a pan, and then placing the pot on the burner.\n26. 2024/10/07 14:02 - 14:06: I began preparing breakfast by making coffee and preparing the sandwich ingredients, which included slicing and toasting bread as well as slicing a tomato.\n27. 2024/10/10 15:20:56 - 15:23:02: I started by picking up a dirty plate and placing it on a chair, while receiving instructions to wash it.\n28. 2024/10/10 15:25:19 - 15:27:53: I opened the fridge to get bread and a knife, then sliced the bread on the countertop.\n29. 2024/10/10 15:27:57 - 15:29:57: I closed the fridge, picked up a slice of bread, toasted it, and placed the cooked toast onto the plate.\n30. 2024/10/10 15:31:30 - 15:33:22: I retrieved a tomato and a knife, sliced the tomato on the countertop, and set the knife down.\nRecommended answer: From 2024/09/19 to 2024/10/10, I performed 30 recorded task groups, including bread, toast, and sandwich preparation; potato cooking and slicing; salad, lettuce, and tomato preparation; coffee and drinkware tasks; dish, plate, bowl, and pan cleaning; plant watering.'"""

**HumanMessage**:
"""Current state:
2024/09/19 - 2024/10/11: "Over the past few weeks, I have consistently managed household tasks by preparing various meals, brewing coffee, and cleaning kitchenware. I also maintained the living space by organizing items like remotes and pillows, watering houseplants, and keeping the area tidy."  
  ..."""
{}
command: answer("From 2024/09/19 to 2024/10/10, I performed 30 recorded task groups, including bread, toast, and sandwich preparation; potato cooking and slicing; salad, lettuce, and tomato preparation; coffee and drinkware tasks; dish, plate, bowl, and pan cleaning; plant watering.")
expected output: 


 ============================== 


eval answer("From 2024/09/19 to 2024/10/10, I performed 30 recorded task groups, including bread, toast, and sandwich preparation; potato cooking and slicing; salad, lettuce, and tomato preparation; coffee and drinkware tasks; dish, plate, bowl, and pan cleaning; plant watering.")
Answering From 2024/09/19 to 2024/10/10, I performed 30 recorded task groups, including bread, toast, and sandwich preparation; potato cooking and slicing; salad, lettuce, and tomato preparation; coffee and drinkware tasks; dish, plate, bowl, and pan cleaning; plant watering.  with reason: None
Tokens Used: 3796
	Prompt Tokens: 3530
	Completion Tokens: 266
Successful Requests: 1
Total Cost (USD): $0.0
Evaluating sample 464fb2558d308797_4110-5f3063384d77aa71_0ac8-bfa7505b440eadde_750f-249afd96389c8ae6_c966-dcc90b08c376f4dc_74ab-ebd80a433c115116_b3d7-555c981b1ecc6c8a_7c01-32e631d248583662_5835-c02445dd7a5b6f26_be05-93af984d7981fdaa_6fc9-a690a35743c855aa_4c00-b87bd55d7820c86e_8d92-345624f0e74dc947_8525-49c94e2372ffae4f_3917-2b5a33d4908ee77d_20f6-7c76f284a689ed0a_dee3-22fa2e73c63bc50f_c1a7-6ccc8b815fbc093a_5cca-32813f06255beef5_0bd5-18f6da623ba658a2_aa07-e32e722334301fa7_892d-aae955889a0ba5fa_d123-35025f516f41aba5_ba52-4b813e7c9bc088d0_8155-61e8f5910474b00b_53e6-aa310077d368fbbc_0a82-c2ffd6a81bfe2613_f91c-41b067f2ce6f3fef_8ee6-fef7c3fc3990d2e8_e2e9-fb7d765ba6874372_db67-59d897f4009147d8_1d27-a451af83aeece675_117b-e455dbf27ecaf413_8484-dd2efe33087ddc60_cb3a-48f25d2481974dee_e871-9d1c053084e66e7b_dc9f-c4c12513ffbf7d33_9e16-a76099fbab67c9da_4d48-15fa5e0caaf6a06f_46f8-fc0fe94a4c8e3a29_9052-d62a957ecbfa6792_8217-0ae40b26ad1ead81_6240-c02445dd7a5b6f26_86bd-f82346f1b273c70a_aaf6-53472cf3cabeb021_b7f8-6e26385c641764c7_fe5a-e035a44ebae9d3fd_c842-7d0db28e7d18c776_c97a-dbb41344c474217f_2e3e-8f7791c488b51c98_fa79-0-seq_specific_shortened_low_actions
[配置] 启用 FAISS 加速，索引类型: flat
[Forgetting] 命中缓存
[GraphAug] 命中图缓存 (nodes=7003, edges=20225)
Got 0 examples


 ============================== 


eval task_lookup('put all pillow on any sofa')
Updated/Defined variables after execution: {}
[结构化直答] low-action task lookup matched; returning Recommended answer directly
Tokens Used: 0
	Prompt Tokens: 0
	Completion Tokens: 0
Successful Requests: 0
Total Cost (USD): $0.0
Evaluating sample 464fb2558d308797_4110-5f3063384d77aa71_0ac8-bfa7505b440eadde_750f-249afd96389c8ae6_c966-dcc90b08c376f4dc_74ab-ebd80a433c115116_b3d7-555c981b1ecc6c8a_7c01-32e631d248583662_5835-c02445dd7a5b6f26_be05-93af984d7981fdaa_6fc9-a690a35743c855aa_4c00-b87bd55d7820c86e_8d92-345624f0e74dc947_8525-49c94e2372ffae4f_3917-2b5a33d4908ee77d_20f6-7c76f284a689ed0a_dee3-22fa2e73c63bc50f_c1a7-6ccc8b815fbc093a_5cca-32813f06255beef5_0bd5-18f6da623ba658a2_aa07-e32e722334301fa7_892d-aae955889a0ba5fa_d123-35025f516f41aba5_ba52-4b813e7c9bc088d0_8155-61e8f5910474b00b_53e6-aa310077d368fbbc_0a82-c2ffd6a81bfe2613_f91c-41b067f2ce6f3fef_8ee6-fef7c3fc3990d2e8_e2e9-fb7d765ba6874372_db67-59d897f4009147d8_1d27-a451af83aeece675_117b-e455dbf27ecaf413_8484-dd2efe33087ddc60_cb3a-48f25d2481974dee_e871-9d1c053084e66e7b_dc9f-c4c12513ffbf7d33_9e16-a76099fbab67c9da_4d48-15fa5e0caaf6a06f_46f8-fc0fe94a4c8e3a29_9052-d62a957ecbfa6792_8217-0ae40b26ad1ead81_6240-c02445dd7a5b6f26_86bd-f82346f1b273c70a_aaf6-53472cf3cabeb021_b7f8-6e26385c641764c7_fe5a-e035a44ebae9d3fd_c842-7d0db28e7d18c776_c97a-dbb41344c474217f_2e3e-8f7791c488b51c98_fa79-0-seq_right_after_questions
[配置] 启用 FAISS 加速，索引类型: flat
[Forgetting] 命中缓存
[GraphAug] 命中图缓存 (nodes=7003, edges=20225)
Got 0 examples


 ============================== 


eval temporal_neighbor('cook 1 slice(s) of potato and serve in a bowl', direction='after')
Updated/Defined variables after execution: {}

**SystemMessage**:
"""You are a smart humanoid robot answering user question about your past actions.
The history object contains information on what you did in the past, represented as a tree.
Use the method expand to look at details of a node.
Make sure to use collapse_all_but(idx) when you expanded irrelevant nodes, in order to keep the tree compact.
Enter Python expressions into the console to see the value and decide for the next command based on that result.
Answer concisely by calling answer("...") when you gathered enough information to answer the question.
Generate syntactically correct python console statements only, no explanations or other natural language statements.
IMPORTANT: If search() returns "No relevant records found", your next command MUST be answer("I have no record of that."). Do not search synonyms, do not expand further, and do not call vqa.
IMPORTANT: If you get "Nothing changed" twice, answer honestly that you have no record. Do NOT keep searching repeatedly. For just-before/just-after questions, first try one broader target search or inspect another relevant top-level time block before giving up.
For object yes/no questions, first use object_lookup("object name"). If it reports no matching summary, answer "No, I have no record of that." Do not call vqa unless you already have a directly relevant leaf image.
For task-list questions such as "List the tasks you performed", first use task_list(). Prefer its Recommended answer and chronological candidates instead of manually expanding the whole tree. For long histories, do not copy every task candidate verbatim unless the user explicitly asks for an exhaustive transcript.
For low-level action questions such as "what task did you perform when you toggle/open/pick up/place X", first use action_lookup("full low-level action"), for example action_lookup("open the drawer"). Do not call task_lookup first for these low-level action questions.
For task-description questions such as "describe what you did when you X", first use task_lookup("X"). Prefer its matching task candidates instead of manually expanding the whole tree. This does not apply to low-level action questions covered by action_lookup.
For exact date/time questions or "N days ago" questions asking what happened, first use date_lookup(question). Prefer its Recommended answer when it is confident instead of manually expanding by date.
For "How many days ago did you X?" or "When did you X?" questions, first use event_date_lookup(question). If it lists multiple days, include all of them in the final answer instead of only the most recent match.
For just-before or just-after questions, first use temporal_neighbor(target_task, direction="before" or "after") if a candidate is not already shown. Prefer the returned Recommended answer when it is confident. Only then inspect adjacent sibling or temporal nodes. Avoid expanding to raw leaf observations unless the summary is insufficient.
Do not call vqa for time, date, task-list, before/after, or yes/no object-existence questions when textual summaries already answer the question. Use vqa only for explicit visual appearance questions such as color, visible state, or what something looks like.
Never output bare parameters such as reasoning="..." answer="...". Always call answer("..."). You may call answer(reasoning="...", answer="...") only when a short reason is necessary.
Keep answer() short: answer under 60 words, and do not use markdown or backticks inside answer()."""

**HumanMessage**:
"""
def action_lookup(query: str, max_matches: int = 6) -> str # For low-level action questions, map raw leaf actions back to task-sized summaries
def answer(reasoning: str = None, answer: str = Ellipsis)
def ask(question: str)
def date_lookup(query: str, max_matches: int = 8) -> str # For exact date/time or N-days-ago questions, list matching history summaries directly
def event_date_lookup(query: str, max_matches: int = 12) -> str # For "how many days ago did you X" questions, find all matching event dates directly
def now() -> datetime.datetime
def object_lookup(object_name: str, max_matches: int = 8) -> str # For object yes/no questions, check whether task summaries mention the object
def task_list(max_tasks: int = 30) -> str # For task-list questions, list task-sized history summaries in chronological order
def task_lookup(query: str, max_matches: int = 8) -> str # For task-description questions, list task-sized summaries matching a query
def temporal_neighbor(target_task: str, direction: str = 'before', max_candidates: int = 6) -> str # For just-before/just-after questions, find the target task and return adjacent task candidates
def vqa(question: str, *images: PIL.Image.Image)
"""

**HumanMessage**:
"""Usage examples:
>>> history.expand()  # Shows the history tree with all child nodes expanded
>>> history.expand(date(2021, 12, 20))  # Expand the children that overlap with the given day
>>> history.expand(now() - timedelta(hours=6), now() - timedelta(hours=4))  # Expand all children that overlap with the given range (in this example "about 5 hours ago")
>>> history.expand((now() - timedelta(days=2)).date())  # Expand all children that overlap with the day before yesterday
>>> history.expand(0)  # Shows child node 0
>>> history[0].expand()  # Expands all child nodes of node 0 (node 0 must be expanded already to see them)
>>> history[5][2].expand()  # Shows child node 2 of child node 5 with all its child nodes expanded
>>> history.search("green cup") # Semantic index search. Expands the most relevant children according to similarity of the natural language query and the node's (recursively defined) index content.
>>> history[1][42].search("bicycle") # Semantic index search on some node further down the tree. Expands the children of node 1.42 most relevant to the search term
>>> history[3].collapse_all_but(1); history[3][1].expand()  # Zooms into details of child node 3.1 while collapsing all other childs of node 3
>>> vqa("What color is the ... in this image?",
...     history[2][4][-1][0].image)  # Invoke a model to answer a visual question about image(s) of some leaf (!) node(s)

# After gathering the relevant information, answer the question:
# Use a short final answer. Optionally provide a brief reasoning only when needed.
>>> answer("...")"""

**HumanMessage**:
"""User question: What task did you do just after cook 1 slice(s) of potato and serve in a bowl?"""

**AIMessage**:
"""temporal_neighbor('cook 1 slice(s) of potato and serve in a bowl', direction='after')"""

**HumanMessage**:
""""Temporal neighbor candidates for target='cook 1 slice(s) of potato and serve in a bowl', direction='after':\n1. score=0.79; target=2024/09/27 15:22:58 - 15:23:15: I picked up the cooked potato slices one by one and placed them into the bowl, as instructed.; after=2024/09/27 15:23:17 - 15:23:18: I attempted to place an item, but the action failed, and the user indicated the task was finished.\n2. score=0.71; target=2024/10/01 18:26:15 - 18:27:49: After the potato slices were cooked, I went to the shelving unit to retrieve a clean bowl. I emptied the bowl into the sink and placed it on the countertop.; after=2024/10/02 08:31:18 - 08:33:13: I cleared several items, including a dish sponge, cellphone, salt shaker, and potato, from the sink basin and placed them on the countertop.\n3. score=0.70; target=2024/10/01 18:27:52 - 18:28:38: I placed the three cooked potato slices into the clean bowl. The user then confirmed the task was completed successfully.; after=2024/10/02 08:31:18 - 08:33:13: I cleared several items, including a dish sponge, cellphone, salt shaker, and potato, from the sink basin and placed them on the countertop.\n4. score=0.63; target=2024/09/27 15:21:50 - 15:23:18: I located a bowl in a cabinet and placed it on the countertop. I then transferred all the cooked potato slices into the bowl, completing the task as instructed, despite a final fai...; after=2024/09/27 18:06:23 - 18:07:19: I was tasked with placing all tissue boxes on the side table with the lamp. I picked up the first tissue box from the armchair and placed it on the dresser.\n5. score=0.62; target=2024/10/01 18:26:15 - 18:28:38: After the potato slices were cooked, I retrieved a clean bowl, emptied it, and then placed the cooked potato slices into the bowl. The task was confirmed as completed.; after=2024/10/02 08:31:18 - 08:33:13: I cleared several items, including a dish sponge, cellphone, salt shaker, and potato, from the sink basin and placed them on the countertop.\n6. score=0.44; target=2024/10/01 08:58 - 18:28: On October 1, I cleaned a dirty pot in the morning, and prepared cooked potato slices on a plate and in a bowl during the afternoon and evening.; after=2024/10/02 08:31 - 08:44: On October 2, I prepared a lettuce sandwich on a cleaned plate.\nRecommended answer: I attempted to place an item, but the action failed, and the user indicated the task was finished.""""

**HumanMessage**:
"""Current state:
2024/09/19 - 2024/10/11: "Over the past few weeks, I have consistently managed household tasks by preparing various meals, brewing coffee, and cleaning kitchenware. I also maintained the living space by organizing items like remotes and pillows, watering houseplants, and keeping the area tidy."  
  ..."""
{}
command: answer("I attempted to place an item, but the action failed, and the user indicated the task was finished.")
expected output: 


 ============================== 


eval answer("I attempted to place an item, but the action failed, and the user indicated the task was finished.")
Answering I attempted to place an item, but the action failed, and the user indicated the task was finished.  with reason: None
Tokens Used: 2910
	Prompt Tokens: 2434
	Completion Tokens: 476
Successful Requests: 1
Total Cost (USD): $0.0
Evaluating sample 464fb2558d308797_4110-5f3063384d77aa71_0ac8-bfa7505b440eadde_750f-249afd96389c8ae6_c966-dcc90b08c376f4dc_74ab-ebd80a433c115116_b3d7-555c981b1ecc6c8a_7c01-32e631d248583662_5835-c02445dd7a5b6f26_be05-93af984d7981fdaa_6fc9-a690a35743c855aa_4c00-b87bd55d7820c86e_8d92-345624f0e74dc947_8525-49c94e2372ffae4f_3917-2b5a33d4908ee77d_20f6-7c76f284a689ed0a_dee3-22fa2e73c63bc50f_c1a7-6ccc8b815fbc093a_5cca-32813f06255beef5_0bd5-18f6da623ba658a2_aa07-e32e722334301fa7_892d-aae955889a0ba5fa_d123-35025f516f41aba5_ba52-4b813e7c9bc088d0_8155-61e8f5910474b00b_53e6-aa310077d368fbbc_0a82-c2ffd6a81bfe2613_f91c-41b067f2ce6f3fef_8ee6-fef7c3fc3990d2e8_e2e9-fb7d765ba6874372_db67-59d897f4009147d8_1d27-a451af83aeece675_117b-e455dbf27ecaf413_8484-dd2efe33087ddc60_cb3a-48f25d2481974dee_e871-9d1c053084e66e7b_dc9f-c4c12513ffbf7d33_9e16-a76099fbab67c9da_4d48-15fa5e0caaf6a06f_46f8-fc0fe94a4c8e3a29_9052-d62a957ecbfa6792_8217-0ae40b26ad1ead81_6240-c02445dd7a5b6f26_86bd-f82346f1b273c70a_aaf6-53472cf3cabeb021_b7f8-6e26385c641764c7_fe5a-e035a44ebae9d3fd_c842-7d0db28e7d18c776_c97a-dbb41344c474217f_2e3e-8f7791c488b51c98_fa79-0-seq_right_before_questions
[配置] 启用 FAISS 加速，索引类型: flat
[Forgetting] 命中缓存
[GraphAug] 命中图缓存 (nodes=7003, edges=20225)
Got 0 examples


 ============================== 


eval temporal_neighbor('clean all the pots', direction='before')
Updated/Defined variables after execution: {}

**SystemMessage**:
"""You are a smart humanoid robot answering user question about your past actions.
The history object contains information on what you did in the past, represented as a tree.
Use the method expand to look at details of a node.
Make sure to use collapse_all_but(idx) when you expanded irrelevant nodes, in order to keep the tree compact.
Enter Python expressions into the console to see the value and decide for the next command based on that result.
Answer concisely by calling answer("...") when you gathered enough information to answer the question.
Generate syntactically correct python console statements only, no explanations or other natural language statements.
IMPORTANT: If search() returns "No relevant records found", your next command MUST be answer("I have no record of that."). Do not search synonyms, do not expand further, and do not call vqa.
IMPORTANT: If you get "Nothing changed" twice, answer honestly that you have no record. Do NOT keep searching repeatedly. For just-before/just-after questions, first try one broader target search or inspect another relevant top-level time block before giving up.
For object yes/no questions, first use object_lookup("object name"). If it reports no matching summary, answer "No, I have no record of that." Do not call vqa unless you already have a directly relevant leaf image.
For task-list questions such as "List the tasks you performed", first use task_list(). Prefer its Recommended answer and chronological candidates instead of manually expanding the whole tree. For long histories, do not copy every task candidate verbatim unless the user explicitly asks for an exhaustive transcript.
For low-level action questions such as "what task did you perform when you toggle/open/pick up/place X", first use action_lookup("full low-level action"), for example action_lookup("open the drawer"). Do not call task_lookup first for these low-level action questions.
For task-description questions such as "describe what you did when you X", first use task_lookup("X"). Prefer its matching task candidates instead of manually expanding the whole tree. This does not apply to low-level action questions covered by action_lookup.
For exact date/time questions or "N days ago" questions asking what happened, first use date_lookup(question). Prefer its Recommended answer when it is confident instead of manually expanding by date.
For "How many days ago did you X?" or "When did you X?" questions, first use event_date_lookup(question). If it lists multiple days, include all of them in the final answer instead of only the most recent match.
For just-before or just-after questions, first use temporal_neighbor(target_task, direction="before" or "after") if a candidate is not already shown. Prefer the returned Recommended answer when it is confident. Only then inspect adjacent sibling or temporal nodes. Avoid expanding to raw leaf observations unless the summary is insufficient.
Do not call vqa for time, date, task-list, before/after, or yes/no object-existence questions when textual summaries already answer the question. Use vqa only for explicit visual appearance questions such as color, visible state, or what something looks like.
Never output bare parameters such as reasoning="..." answer="...". Always call answer("..."). You may call answer(reasoning="...", answer="...") only when a short reason is necessary.
Keep answer() short: answer under 60 words, and do not use markdown or backticks inside answer()."""

**HumanMessage**:
"""
def action_lookup(query: str, max_matches: int = 6) -> str # For low-level action questions, map raw leaf actions back to task-sized summaries
def answer(reasoning: str = None, answer: str = Ellipsis)
def ask(question: str)
def date_lookup(query: str, max_matches: int = 8) -> str # For exact date/time or N-days-ago questions, list matching history summaries directly
def event_date_lookup(query: str, max_matches: int = 12) -> str # For "how many days ago did you X" questions, find all matching event dates directly
def now() -> datetime.datetime
def object_lookup(object_name: str, max_matches: int = 8) -> str # For object yes/no questions, check whether task summaries mention the object
def task_list(max_tasks: int = 30) -> str # For task-list questions, list task-sized history summaries in chronological order
def task_lookup(query: str, max_matches: int = 8) -> str # For task-description questions, list task-sized summaries matching a query
def temporal_neighbor(target_task: str, direction: str = 'before', max_candidates: int = 6) -> str # For just-before/just-after questions, find the target task and return adjacent task candidates
def vqa(question: str, *images: PIL.Image.Image)
"""

**HumanMessage**:
"""Usage examples:
>>> history.expand()  # Shows the history tree with all child nodes expanded
>>> history.expand(date(2021, 12, 20))  # Expand the children that overlap with the given day
>>> history.expand(now() - timedelta(hours=6), now() - timedelta(hours=4))  # Expand all children that overlap with the given range (in this example "about 5 hours ago")
>>> history.expand((now() - timedelta(days=2)).date())  # Expand all children that overlap with the day before yesterday
>>> history.expand(0)  # Shows child node 0
>>> history[0].expand()  # Expands all child nodes of node 0 (node 0 must be expanded already to see them)
>>> history[5][2].expand()  # Shows child node 2 of child node 5 with all its child nodes expanded
>>> history.search("green cup") # Semantic index search. Expands the most relevant children according to similarity of the natural language query and the node's (recursively defined) index content.
>>> history[1][42].search("bicycle") # Semantic index search on some node further down the tree. Expands the children of node 1.42 most relevant to the search term
>>> history[3].collapse_all_but(1); history[3][1].expand()  # Zooms into details of child node 3.1 while collapsing all other childs of node 3
>>> vqa("What color is the ... in this image?",
...     history[2][4][-1][0].image)  # Invoke a model to answer a visual question about image(s) of some leaf (!) node(s)

# After gathering the relevant information, answer the question:
# Use a short final answer. Optionally provide a brief reasoning only when needed.
>>> answer("...")"""

**HumanMessage**:
"""User question: What task did you do just before clean all the pots?"""

**AIMessage**:
"""temporal_neighbor('clean all the pots', direction='before')"""

**HumanMessage**:
""""Temporal neighbor candidates for target='clean all the pots', direction='before':\n1. score=0.77; target=2024/10/01 08:58 - 09:01: I was instructed to clean a dirty pot. I picked up the pot, which was next to the stove, and placed it on the countertop.; before=2024/09/30 17:38:26 - 17:38:26: I attempted to open a cabinet (Cabinet_3) but there is no further action recorded for this cabinet, suggesting it might have been empty or the task was interrupted.\n2. score=0.76; target=2024/10/01 08:58 - 09:02: I was instructed to clean a dirty pot. I started by moving the pot from the stove to the countertop. Then, I cleared items from the sink basin, placed the pot in the sink, filled i...; before=2024/09/30 17:38:26 - 17:38:26: I attempted to open a cabinet (Cabinet_3) but there is no further action recorded for this cabinet, suggesting it might have been empty or the task was interrupted.\n3. score=0.69; target=2024/10/01 08:58 - 18:28: On October 1, I cleaned a dirty pot in the morning, and prepared cooked potato slices on a plate and in a bowl during the afternoon and evening.; before=2024/09/30 09:16 - 17:38: On September 30, I moved a newspaper to the dresser and organized remote controls onto an armchair and a dresser in two separate sessions.\n4. score=0.69; target=2024/10/04 10:04 - 10:08: I cleaned the dirty mug in the sink. I had to move some items (CreditCard, Knife, Pot) out of the way, then I filled the mug with water and rinsed it.; before=2024/10/04 10:00 - 10:04: The user wanted to make a cup of coffee. I searched the fridge, found a dirty mug, and picked it up.\nRecommended answer: I attempted to open a cabinet (Cabinet_3) but there is no further action recorded for this cabinet, suggesting it might have been empty or the task was interrupted.""""

**HumanMessage**:
"""Current state:
2024/09/19 - 2024/10/11: "Over the past few weeks, I have consistently managed household tasks by preparing various meals, brewing coffee, and cleaning kitchenware. I also maintained the living space by organizing items like remotes and pillows, watering houseplants, and keeping the area tidy."  
  ..."""
{}
command: answer(reasoning="The temporal_neighbor function provided a recommended answer for the task that occurred before cleaning the pot.", answer="Just before cleaning the pot, I attempted to open a cabinet, but the task was either interrupted or the cabinet was empty as no further action was recorded.")
expected output: 


 ============================== 


eval answer(reasoning="The temporal_neighbor function provided a recommended answer for the task that occurred before cleaning the pot.", answer="Just before cleaning the pot, I attempted to open a cabinet, but the task was either interrupted or the cabinet was empty as no further action was recorded.")
Answering Just before cleaning the pot, I attempted to open a cabinet, but the task was either interrupted or the cabinet was empty as no further action was recorded.  with reason: The temporal_neighbor function provided a recommended answer for the task that occurred before cleaning the pot.
Tokens Used: 2714
	Prompt Tokens: 2174
	Completion Tokens: 540
Successful Requests: 1
Total Cost (USD): $0.0
Evaluating sample 464fb2558d308797_4110-5f3063384d77aa71_0ac8-bfa7505b440eadde_750f-249afd96389c8ae6_c966-dcc90b08c376f4dc_74ab-ebd80a433c115116_b3d7-555c981b1ecc6c8a_7c01-32e631d248583662_5835-c02445dd7a5b6f26_be05-93af984d7981fdaa_6fc9-a690a35743c855aa_4c00-b87bd55d7820c86e_8d92-345624f0e74dc947_8525-49c94e2372ffae4f_3917-2b5a33d4908ee77d_20f6-7c76f284a689ed0a_dee3-22fa2e73c63bc50f_c1a7-6ccc8b815fbc093a_5cca-32813f06255beef5_0bd5-18f6da623ba658a2_aa07-e32e722334301fa7_892d-aae955889a0ba5fa_d123-35025f516f41aba5_ba52-4b813e7c9bc088d0_8155-61e8f5910474b00b_53e6-aa310077d368fbbc_0a82-c2ffd6a81bfe2613_f91c-41b067f2ce6f3fef_8ee6-fef7c3fc3990d2e8_e2e9-fb7d765ba6874372_db67-59d897f4009147d8_1d27-a451af83aeece675_117b-e455dbf27ecaf413_8484-dd2efe33087ddc60_cb3a-48f25d2481974dee_e871-9d1c053084e66e7b_dc9f-c4c12513ffbf7d33_9e16-a76099fbab67c9da_4d48-15fa5e0caaf6a06f_46f8-fc0fe94a4c8e3a29_9052-d62a957ecbfa6792_8217-0ae40b26ad1ead81_6240-c02445dd7a5b6f26_86bd-f82346f1b273c70a_aaf6-53472cf3cabeb021_b7f8-6e26385c641764c7_fe5a-e035a44ebae9d3fd_c842-7d0db28e7d18c776_c97a-dbb41344c474217f_2e3e-8f7791c488b51c98_fa79-0-seq_simple_object_yes_no
[配置] 启用 FAISS 加速，索引类型: flat
[Forgetting] 命中缓存
[GraphAug] 命中图缓存 (nodes=7003, edges=20225)
Got 0 examples


 ============================== 


eval object_lookup('desk')
Updated/Defined variables after execution: {}

**SystemMessage**:
"""You are a smart humanoid robot answering user question about your past actions.
The history object contains information on what you did in the past, represented as a tree.
Use the method expand to look at details of a node.
Make sure to use collapse_all_but(idx) when you expanded irrelevant nodes, in order to keep the tree compact.
Enter Python expressions into the console to see the value and decide for the next command based on that result.
Answer concisely by calling answer("...") when you gathered enough information to answer the question.
Generate syntactically correct python console statements only, no explanations or other natural language statements.
IMPORTANT: If search() returns "No relevant records found", your next command MUST be answer("I have no record of that."). Do not search synonyms, do not expand further, and do not call vqa.
IMPORTANT: If you get "Nothing changed" twice, answer honestly that you have no record. Do NOT keep searching repeatedly. For just-before/just-after questions, first try one broader target search or inspect another relevant top-level time block before giving up.
For object yes/no questions, first use object_lookup("object name"). If it reports no matching summary, answer "No, I have no record of that." Do not call vqa unless you already have a directly relevant leaf image.
For task-list questions such as "List the tasks you performed", first use task_list(). Prefer its Recommended answer and chronological candidates instead of manually expanding the whole tree. For long histories, do not copy every task candidate verbatim unless the user explicitly asks for an exhaustive transcript.
For low-level action questions such as "what task did you perform when you toggle/open/pick up/place X", first use action_lookup("full low-level action"), for example action_lookup("open the drawer"). Do not call task_lookup first for these low-level action questions.
For task-description questions such as "describe what you did when you X", first use task_lookup("X"). Prefer its matching task candidates instead of manually expanding the whole tree. This does not apply to low-level action questions covered by action_lookup.
For exact date/time questions or "N days ago" questions asking what happened, first use date_lookup(question). Prefer its Recommended answer when it is confident instead of manually expanding by date.
For "How many days ago did you X?" or "When did you X?" questions, first use event_date_lookup(question). If it lists multiple days, include all of them in the final answer instead of only the most recent match.
For just-before or just-after questions, first use temporal_neighbor(target_task, direction="before" or "after") if a candidate is not already shown. Prefer the returned Recommended answer when it is confident. Only then inspect adjacent sibling or temporal nodes. Avoid expanding to raw leaf observations unless the summary is insufficient.
Do not call vqa for time, date, task-list, before/after, or yes/no object-existence questions when textual summaries already answer the question. Use vqa only for explicit visual appearance questions such as color, visible state, or what something looks like.
Never output bare parameters such as reasoning="..." answer="...". Always call answer("..."). You may call answer(reasoning="...", answer="...") only when a short reason is necessary.
Keep answer() short: answer under 60 words, and do not use markdown or backticks inside answer()."""

**HumanMessage**:
"""
def action_lookup(query: str, max_matches: int = 6) -> str # For low-level action questions, map raw leaf actions back to task-sized summaries
def answer(reasoning: str = None, answer: str = Ellipsis)
def ask(question: str)
def date_lookup(query: str, max_matches: int = 8) -> str # For exact date/time or N-days-ago questions, list matching history summaries directly
def event_date_lookup(query: str, max_matches: int = 12) -> str # For "how many days ago did you X" questions, find all matching event dates directly
def now() -> datetime.datetime
def object_lookup(object_name: str, max_matches: int = 8) -> str # For object yes/no questions, check whether task summaries mention the object
def task_list(max_tasks: int = 30) -> str # For task-list questions, list task-sized history summaries in chronological order
def task_lookup(query: str, max_matches: int = 8) -> str # For task-description questions, list task-sized summaries matching a query
def temporal_neighbor(target_task: str, direction: str = 'before', max_candidates: int = 6) -> str # For just-before/just-after questions, find the target task and return adjacent task candidates
def vqa(question: str, *images: PIL.Image.Image)
"""

**HumanMessage**:
"""Usage examples:
>>> history.expand()  # Shows the history tree with all child nodes expanded
>>> history.expand(date(2021, 12, 20))  # Expand the children that overlap with the given day
>>> history.expand(now() - timedelta(hours=6), now() - timedelta(hours=4))  # Expand all children that overlap with the given range (in this example "about 5 hours ago")
>>> history.expand((now() - timedelta(days=2)).date())  # Expand all children that overlap with the day before yesterday
>>> history.expand(0)  # Shows child node 0
>>> history[0].expand()  # Expands all child nodes of node 0 (node 0 must be expanded already to see them)
>>> history[5][2].expand()  # Shows child node 2 of child node 5 with all its child nodes expanded
>>> history.search("green cup") # Semantic index search. Expands the most relevant children according to similarity of the natural language query and the node's (recursively defined) index content.
>>> history[1][42].search("bicycle") # Semantic index search on some node further down the tree. Expands the children of node 1.42 most relevant to the search term
>>> history[3].collapse_all_but(1); history[3][1].expand()  # Zooms into details of child node 3.1 while collapsing all other childs of node 3
>>> vqa("What color is the ... in this image?",
...     history[2][4][-1][0].image)  # Invoke a model to answer a visual question about image(s) of some leaf (!) node(s)

# After gathering the relevant information, answer the question:
# Use a short final answer. Optionally provide a brief reasoning only when needed.
>>> answer("...")"""

**HumanMessage**:
"""User question: Was there a desk ?"""

**AIMessage**:
"""object_lookup('desk')"""

**HumanMessage**:
""""Object lookup for object='desk':\nNo task-sized summaries mention this object.\nRecommended answer: No, I have no record of that.""""

**HumanMessage**:
"""Current state:
2024/09/19 - 2024/10/11: "Over the past few weeks, I have consistently managed household tasks by preparing various meals, brewing coffee, and cleaning kitchenware. I also maintained the living space by organizing items like remotes and pillows, watering houseplants, and keeping the area tidy."  
  ..."""
{}
command: answer("No, I have no record of that.")
expected output: 


 ============================== 


eval answer("No, I have no record of that.")
Answering No, I have no record of that.  with reason: None
Tokens Used: 1905
	Prompt Tokens: 1613
	Completion Tokens: 292
Successful Requests: 1
Total Cost (USD): $0.0
Evaluating sample 464fb2558d308797_4110-5f3063384d77aa71_0ac8-bfa7505b440eadde_750f-249afd96389c8ae6_c966-dcc90b08c376f4dc_74ab-ebd80a433c115116_b3d7-555c981b1ecc6c8a_7c01-32e631d248583662_5835-c02445dd7a5b6f26_be05-93af984d7981fdaa_6fc9-a690a35743c855aa_4c00-b87bd55d7820c86e_8d92-345624f0e74dc947_8525-49c94e2372ffae4f_3917-2b5a33d4908ee77d_20f6-7c76f284a689ed0a_dee3-22fa2e73c63bc50f_c1a7-6ccc8b815fbc093a_5cca-32813f06255beef5_0bd5-18f6da623ba658a2_aa07-e32e722334301fa7_892d-aae955889a0ba5fa_d123-35025f516f41aba5_ba52-4b813e7c9bc088d0_8155-61e8f5910474b00b_53e6-aa310077d368fbbc_0a82-c2ffd6a81bfe2613_f91c-41b067f2ce6f3fef_8ee6-fef7c3fc3990d2e8_e2e9-fb7d765ba6874372_db67-59d897f4009147d8_1d27-a451af83aeece675_117b-e455dbf27ecaf413_8484-dd2efe33087ddc60_cb3a-48f25d2481974dee_e871-9d1c053084e66e7b_dc9f-c4c12513ffbf7d33_9e16-a76099fbab67c9da_4d48-15fa5e0caaf6a06f_46f8-fc0fe94a4c8e3a29_9052-d62a957ecbfa6792_8217-0ae40b26ad1ead81_6240-c02445dd7a5b6f26_86bd-f82346f1b273c70a_aaf6-53472cf3cabeb021_b7f8-6e26385c641764c7_fe5a-e035a44ebae9d3fd_c842-7d0db28e7d18c776_c97a-dbb41344c474217f_2e3e-8f7791c488b51c98_fa79-0-seq_low_actions_to_episode_task_descs
[配置] 启用 FAISS 加速，索引类型: flat
[Forgetting] 命中缓存
[GraphAug] 命中图缓存 (nodes=7003, edges=20225)
Got 0 examples


 ============================== 


eval task_lookup('open the drawer')
Updated/Defined variables after execution: {}
[结构化直答] low-action task lookup matched; returning Recommended answer directly
Tokens Used: 0
	Prompt Tokens: 0
	Completion Tokens: 0
Successful Requests: 0
Total Cost (USD): $0.0
Evaluating sample 464fb2558d308797_4110-5f3063384d77aa71_0ac8-bfa7505b440eadde_750f-249afd96389c8ae6_c966-dcc90b08c376f4dc_74ab-ebd80a433c115116_b3d7-555c981b1ecc6c8a_7c01-32e631d248583662_5835-c02445dd7a5b6f26_be05-93af984d7981fdaa_6fc9-a690a35743c855aa_4c00-b87bd55d7820c86e_8d92-345624f0e74dc947_8525-49c94e2372ffae4f_3917-2b5a33d4908ee77d_20f6-7c76f284a689ed0a_dee3-22fa2e73c63bc50f_c1a7-6ccc8b815fbc093a_5cca-32813f06255beef5_0bd5-18f6da623ba658a2_aa07-e32e722334301fa7_892d-aae955889a0ba5fa_d123-35025f516f41aba5_ba52-4b813e7c9bc088d0_8155-61e8f5910474b00b_53e6-aa310077d368fbbc_0a82-c2ffd6a81bfe2613_f91c-41b067f2ce6f3fef_8ee6-fef7c3fc3990d2e8_e2e9-fb7d765ba6874372_db67-59d897f4009147d8_1d27-a451af83aeece675_117b-e455dbf27ecaf413_8484-dd2efe33087ddc60_cb3a-48f25d2481974dee_e871-9d1c053084e66e7b_dc9f-c4c12513ffbf7d33_9e16-a76099fbab67c9da_4d48-15fa5e0caaf6a06f_46f8-fc0fe94a4c8e3a29_9052-d62a957ecbfa6792_8217-0ae40b26ad1ead81_6240-c02445dd7a5b6f26_86bd-f82346f1b273c70a_aaf6-53472cf3cabeb021_b7f8-6e26385c641764c7_fe5a-e035a44ebae9d3fd_c842-7d0db28e7d18c776_c97a-dbb41344c474217f_2e3e-8f7791c488b51c98_fa79-0-exact_time_to_episode
[配置] 启用 FAISS 加速，索引类型: flat
[Forgetting] 命中缓存
[GraphAug] 命中图缓存 (nodes=7003, edges=20225)
Got 0 examples


 ============================== 


eval date_lookup('what did you do on Sep 23, 2024 at 12:11 PM?')
Updated/Defined variables after execution: {}

**SystemMessage**:
"""You are a smart humanoid robot answering user question about your past actions.
The history object contains information on what you did in the past, represented as a tree.
Use the method expand to look at details of a node.
Make sure to use collapse_all_but(idx) when you expanded irrelevant nodes, in order to keep the tree compact.
Enter Python expressions into the console to see the value and decide for the next command based on that result.
Answer concisely by calling answer("...") when you gathered enough information to answer the question.
Generate syntactically correct python console statements only, no explanations or other natural language statements.
IMPORTANT: If search() returns "No relevant records found", your next command MUST be answer("I have no record of that."). Do not search synonyms, do not expand further, and do not call vqa.
IMPORTANT: If you get "Nothing changed" twice, answer honestly that you have no record. Do NOT keep searching repeatedly. For just-before/just-after questions, first try one broader target search or inspect another relevant top-level time block before giving up.
For object yes/no questions, first use object_lookup("object name"). If it reports no matching summary, answer "No, I have no record of that." Do not call vqa unless you already have a directly relevant leaf image.
For task-list questions such as "List the tasks you performed", first use task_list(). Prefer its Recommended answer and chronological candidates instead of manually expanding the whole tree. For long histories, do not copy every task candidate verbatim unless the user explicitly asks for an exhaustive transcript.
For low-level action questions such as "what task did you perform when you toggle/open/pick up/place X", first use action_lookup("full low-level action"), for example action_lookup("open the drawer"). Do not call task_lookup first for these low-level action questions.
For task-description questions such as "describe what you did when you X", first use task_lookup("X"). Prefer its matching task candidates instead of manually expanding the whole tree. This does not apply to low-level action questions covered by action_lookup.
For exact date/time questions or "N days ago" questions asking what happened, first use date_lookup(question). Prefer its Recommended answer when it is confident instead of manually expanding by date.
For "How many days ago did you X?" or "When did you X?" questions, first use event_date_lookup(question). If it lists multiple days, include all of them in the final answer instead of only the most recent match.
For just-before or just-after questions, first use temporal_neighbor(target_task, direction="before" or "after") if a candidate is not already shown. Prefer the returned Recommended answer when it is confident. Only then inspect adjacent sibling or temporal nodes. Avoid expanding to raw leaf observations unless the summary is insufficient.
Do not call vqa for time, date, task-list, before/after, or yes/no object-existence questions when textual summaries already answer the question. Use vqa only for explicit visual appearance questions such as color, visible state, or what something looks like.
Never output bare parameters such as reasoning="..." answer="...". Always call answer("..."). You may call answer(reasoning="...", answer="...") only when a short reason is necessary.
Keep answer() short: answer under 60 words, and do not use markdown or backticks inside answer()."""

**HumanMessage**:
"""
def action_lookup(query: str, max_matches: int = 6) -> str # For low-level action questions, map raw leaf actions back to task-sized summaries
def answer(reasoning: str = None, answer: str = Ellipsis)
def ask(question: str)
def date_lookup(query: str, max_matches: int = 8) -> str # For exact date/time or N-days-ago questions, list matching history summaries directly
def event_date_lookup(query: str, max_matches: int = 12) -> str # For "how many days ago did you X" questions, find all matching event dates directly
def now() -> datetime.datetime
def object_lookup(object_name: str, max_matches: int = 8) -> str # For object yes/no questions, check whether task summaries mention the object
def task_list(max_tasks: int = 30) -> str # For task-list questions, list task-sized history summaries in chronological order
def task_lookup(query: str, max_matches: int = 8) -> str # For task-description questions, list task-sized summaries matching a query
def temporal_neighbor(target_task: str, direction: str = 'before', max_candidates: int = 6) -> str # For just-before/just-after questions, find the target task and return adjacent task candidates
def vqa(question: str, *images: PIL.Image.Image)
"""

**HumanMessage**:
"""Usage examples:
>>> history.expand()  # Shows the history tree with all child nodes expanded
>>> history.expand(date(2021, 12, 20))  # Expand the children that overlap with the given day
>>> history.expand(now() - timedelta(hours=6), now() - timedelta(hours=4))  # Expand all children that overlap with the given range (in this example "about 5 hours ago")
>>> history.expand((now() - timedelta(days=2)).date())  # Expand all children that overlap with the day before yesterday
>>> history.expand(0)  # Shows child node 0
>>> history[0].expand()  # Expands all child nodes of node 0 (node 0 must be expanded already to see them)
>>> history[5][2].expand()  # Shows child node 2 of child node 5 with all its child nodes expanded
>>> history.search("green cup") # Semantic index search. Expands the most relevant children according to similarity of the natural language query and the node's (recursively defined) index content.
>>> history[1][42].search("bicycle") # Semantic index search on some node further down the tree. Expands the children of node 1.42 most relevant to the search term
>>> history[3].collapse_all_but(1); history[3][1].expand()  # Zooms into details of child node 3.1 while collapsing all other childs of node 3
>>> vqa("What color is the ... in this image?",
...     history[2][4][-1][0].image)  # Invoke a model to answer a visual question about image(s) of some leaf (!) node(s)

# After gathering the relevant information, answer the question:
# Use a short final answer. Optionally provide a brief reasoning only when needed.
>>> answer("...")"""

**HumanMessage**:
"""User question: what did you do on Sep 23, 2024 at 12:11 PM?"""

**AIMessage**:
"""date_lookup('what did you do on Sep 23, 2024 at 12:11 PM?')"""

**HumanMessage**:
""""Date lookup for query='what did you do on Sep 23, 2024 at 12:11 PM?': resolved=2024/09/23 12:11:00.\n1. score=0.92; 2024/09/23 12:11:33 - 12:13:29: I greeted the user and received the task of rinsing a dirty mug and making fresh coffee. I picked up the mug from the coffee machine, placed it in the sink, and used the faucet to rinse it. After pouring out the excess w...\n2. score=0.91; 2024/09/23 12:11:33 - 12:13:09: Goal: Pickup(Mug_1) Visual observation: Mug_1 [dirty, filled], Cup_1, PaperTowelRoll_2, Pan_1 [dirty], Tomato_1, StoveBurner_0, StoveBurner_2, Cabinet_1, StoveBurner_3, Drawer_1, Cabinet_2, CounterTop_2, StoveKnob_0 [tog...\n3. score=0.84; 2024/09/23 12:11:33 - 12:14:01: I greeted the user and received the task of rinsing a dirty mug and making fresh coffee. I picked up the mug from the coffee machine, rinsed it in the sink, and then placed it back on the coffee machine to brew fresh cof...\n4. score=0.41; 2024/09/23 12:11 - 15:04: On September 23, I rinsed a mug to brew fresh coffee and cleaned a bowl in the sink.\n5. score=0.08; 2024/09/19 - 2024/10/11: Over the past few weeks, I have consistently managed household tasks by preparing various meals, brewing coffee, and cleaning kitchenware. I also maintained the living space by organizing items like remotes and pillows,...\nRecommended answer: I greeted the user and received the task of rinsing a dirty mug and making fresh coffee. I picked up the mug from the coffee machine, placed it in the sink, and used the faucet to rinse it. After pouring out the excess water, I held onto the clean mug.""""

**HumanMessage**:
"""Current state:
2024/09/19 - 2024/10/11: "Over the past few weeks, I have consistently managed household tasks by preparing various meals, brewing coffee, and cleaning kitchenware. I also maintained the living space by organizing items like remotes and pillows, watering houseplants, and keeping the area tidy."  
  ..."""
{}
command: answer(reasoning="The date lookup provided a direct answer for the specified time.", answer="I greeted the user and received the task of rinsing a dirty mug and making fresh coffee. I picked up the mug from the coffee machine, placed it in the sink, and used the faucet to rinse it. After pouring out the excess water, I held onto the clean mug.")
expected output: 


 ============================== 


eval answer(reasoning="The date lookup provided a direct answer for the specified time.", answer="I greeted the user and received the task of rinsing a dirty mug and making fresh coffee. I picked up the mug from the coffee machine, placed it in the sink, and used the faucet to rinse it. After pouring out the excess water, I held onto the clean mug.")
Answering I greeted the user and received the task of rinsing a dirty mug and making fresh coffee. I picked up the mug from the coffee machine, placed it in the sink, and used the faucet to rinse it. After pouring out the excess water, I held onto the clean mug.  with reason: The date lookup provided a direct answer for the specified time.
Tokens Used: 2499
	Prompt Tokens: 2171
	Completion Tokens: 328
Successful Requests: 1
Total Cost (USD): $0.0
Evaluating sample 464fb2558d308797_4110-5f3063384d77aa71_0ac8-bfa7505b440eadde_750f-249afd96389c8ae6_c966-dcc90b08c376f4dc_74ab-ebd80a433c115116_b3d7-555c981b1ecc6c8a_7c01-32e631d248583662_5835-c02445dd7a5b6f26_be05-93af984d7981fdaa_6fc9-a690a35743c855aa_4c00-b87bd55d7820c86e_8d92-345624f0e74dc947_8525-49c94e2372ffae4f_3917-2b5a33d4908ee77d_20f6-7c76f284a689ed0a_dee3-22fa2e73c63bc50f_c1a7-6ccc8b815fbc093a_5cca-32813f06255beef5_0bd5-18f6da623ba658a2_aa07-e32e722334301fa7_892d-aae955889a0ba5fa_d123-35025f516f41aba5_ba52-4b813e7c9bc088d0_8155-61e8f5910474b00b_53e6-aa310077d368fbbc_0a82-c2ffd6a81bfe2613_f91c-41b067f2ce6f3fef_8ee6-fef7c3fc3990d2e8_e2e9-fb7d765ba6874372_db67-59d897f4009147d8_1d27-a451af83aeece675_117b-e455dbf27ecaf413_8484-dd2efe33087ddc60_cb3a-48f25d2481974dee_e871-9d1c053084e66e7b_dc9f-c4c12513ffbf7d33_9e16-a76099fbab67c9da_4d48-15fa5e0caaf6a06f_46f8-fc0fe94a4c8e3a29_9052-d62a957ecbfa6792_8217-0ae40b26ad1ead81_6240-c02445dd7a5b6f26_86bd-f82346f1b273c70a_aaf6-53472cf3cabeb021_b7f8-6e26385c641764c7_fe5a-e035a44ebae9d3fd_c842-7d0db28e7d18c776_c97a-dbb41344c474217f_2e3e-8f7791c488b51c98_fa79-0-tasks_to_exact_times
[配置] 启用 FAISS 加速，索引类型: flat
[Forgetting] 命中缓存
[GraphAug] 命中图缓存 (nodes=7003, edges=20225)
Got 0 examples


 ============================== 


eval event_date_lookup('When did you cook 3 slice(s) of potato and serve in a bowl?')
Updated/Defined variables after execution: {}

**SystemMessage**:
"""You are a smart humanoid robot answering user question about your past actions.
The history object contains information on what you did in the past, represented as a tree.
Use the method expand to look at details of a node.
Make sure to use collapse_all_but(idx) when you expanded irrelevant nodes, in order to keep the tree compact.
Enter Python expressions into the console to see the value and decide for the next command based on that result.
Answer concisely by calling answer("...") when you gathered enough information to answer the question.
Generate syntactically correct python console statements only, no explanations or other natural language statements.
IMPORTANT: If search() returns "No relevant records found", your next command MUST be answer("I have no record of that."). Do not search synonyms, do not expand further, and do not call vqa.
IMPORTANT: If you get "Nothing changed" twice, answer honestly that you have no record. Do NOT keep searching repeatedly. For just-before/just-after questions, first try one broader target search or inspect another relevant top-level time block before giving up.
For object yes/no questions, first use object_lookup("object name"). If it reports no matching summary, answer "No, I have no record of that." Do not call vqa unless you already have a directly relevant leaf image.
For task-list questions such as "List the tasks you performed", first use task_list(). Prefer its Recommended answer and chronological candidates instead of manually expanding the whole tree. For long histories, do not copy every task candidate verbatim unless the user explicitly asks for an exhaustive transcript.
For low-level action questions such as "what task did you perform when you toggle/open/pick up/place X", first use action_lookup("full low-level action"), for example action_lookup("open the drawer"). Do not call task_lookup first for these low-level action questions.
For task-description questions such as "describe what you did when you X", first use task_lookup("X"). Prefer its matching task candidates instead of manually expanding the whole tree. This does not apply to low-level action questions covered by action_lookup.
For exact date/time questions or "N days ago" questions asking what happened, first use date_lookup(question). Prefer its Recommended answer when it is confident instead of manually expanding by date.
For "How many days ago did you X?" or "When did you X?" questions, first use event_date_lookup(question). If it lists multiple days, include all of them in the final answer instead of only the most recent match.
For just-before or just-after questions, first use temporal_neighbor(target_task, direction="before" or "after") if a candidate is not already shown. Prefer the returned Recommended answer when it is confident. Only then inspect adjacent sibling or temporal nodes. Avoid expanding to raw leaf observations unless the summary is insufficient.
Do not call vqa for time, date, task-list, before/after, or yes/no object-existence questions when textual summaries already answer the question. Use vqa only for explicit visual appearance questions such as color, visible state, or what something looks like.
Never output bare parameters such as reasoning="..." answer="...". Always call answer("..."). You may call answer(reasoning="...", answer="...") only when a short reason is necessary.
Keep answer() short: answer under 60 words, and do not use markdown or backticks inside answer()."""

**HumanMessage**:
"""
def action_lookup(query: str, max_matches: int = 6) -> str # For low-level action questions, map raw leaf actions back to task-sized summaries
def answer(reasoning: str = None, answer: str = Ellipsis)
def ask(question: str)
def date_lookup(query: str, max_matches: int = 8) -> str # For exact date/time or N-days-ago questions, list matching history summaries directly
def event_date_lookup(query: str, max_matches: int = 12) -> str # For "how many days ago did you X" questions, find all matching event dates directly
def now() -> datetime.datetime
def object_lookup(object_name: str, max_matches: int = 8) -> str # For object yes/no questions, check whether task summaries mention the object
def task_list(max_tasks: int = 30) -> str # For task-list questions, list task-sized history summaries in chronological order
def task_lookup(query: str, max_matches: int = 8) -> str # For task-description questions, list task-sized summaries matching a query
def temporal_neighbor(target_task: str, direction: str = 'before', max_candidates: int = 6) -> str # For just-before/just-after questions, find the target task and return adjacent task candidates
def vqa(question: str, *images: PIL.Image.Image)
"""

**HumanMessage**:
"""Usage examples:
>>> history.expand()  # Shows the history tree with all child nodes expanded
>>> history.expand(date(2021, 12, 20))  # Expand the children that overlap with the given day
>>> history.expand(now() - timedelta(hours=6), now() - timedelta(hours=4))  # Expand all children that overlap with the given range (in this example "about 5 hours ago")
>>> history.expand((now() - timedelta(days=2)).date())  # Expand all children that overlap with the day before yesterday
>>> history.expand(0)  # Shows child node 0
>>> history[0].expand()  # Expands all child nodes of node 0 (node 0 must be expanded already to see them)
>>> history[5][2].expand()  # Shows child node 2 of child node 5 with all its child nodes expanded
>>> history.search("green cup") # Semantic index search. Expands the most relevant children according to similarity of the natural language query and the node's (recursively defined) index content.
>>> history[1][42].search("bicycle") # Semantic index search on some node further down the tree. Expands the children of node 1.42 most relevant to the search term
>>> history[3].collapse_all_but(1); history[3][1].expand()  # Zooms into details of child node 3.1 while collapsing all other childs of node 3
>>> vqa("What color is the ... in this image?",
...     history[2][4][-1][0].image)  # Invoke a model to answer a visual question about image(s) of some leaf (!) node(s)

# After gathering the relevant information, answer the question:
# Use a short final answer. Optionally provide a brief reasoning only when needed.
>>> answer("...")"""

**HumanMessage**:
"""User question: When did you cook 3 slice(s) of potato and serve in a bowl?"""

**AIMessage**:
"""event_date_lookup('When did you cook 3 slice(s) of potato and serve in a bowl?')"""

**HumanMessage**:
""""Event date lookup for query='When did you cook 3 slice(s) of potato and serve in a bowl?': event='cook 3 slice(s) of potato and serve in a bowl', today=2024/10/12.\n1. score=0.61; days_ago=15; 2024/09/27 15:22:58 - 15:23:15: I picked up the cooked potato slices one by one and placed them into the bowl, as instructed.\n2. score=0.58; days_ago=11; 2024/10/01 18:27:52 - 18:28:38: I placed the three cooked potato slices into the clean bowl. The user then confirmed the task was completed successfully.\nRecommended answer: on 2024/09/27, and 2024/10/01""""

**HumanMessage**:
"""Current state:
2024/09/19 - 2024/10/11: "Over the past few weeks, I have consistently managed household tasks by preparing various meals, brewing coffee, and cleaning kitchenware. I also maintained the living space by organizing items like remotes and pillows, watering houseplants, and keeping the area tidy."  
  ..."""
{}
command: answer("I cooked 3 slices of potato and served them in a bowl on September 27, 2024 and October 1, 2024.")
expected output: 


 ============================== 


eval answer("I cooked 3 slices of potato and served them in a bowl on September 27, 2024 and October 1, 2024.")
Answering I cooked 3 slices of potato and served them in a bowl on September 27, 2024 and October 1, 2024.  with reason: None
Tokens Used: 2185
	Prompt Tokens: 1836
	Completion Tokens: 349
Successful Requests: 1
Total Cost (USD): $0.0
Evaluating sample 464fb2558d308797_4110-5f3063384d77aa71_0ac8-bfa7505b440eadde_750f-249afd96389c8ae6_c966-dcc90b08c376f4dc_74ab-ebd80a433c115116_b3d7-555c981b1ecc6c8a_7c01-32e631d248583662_5835-c02445dd7a5b6f26_be05-93af984d7981fdaa_6fc9-a690a35743c855aa_4c00-b87bd55d7820c86e_8d92-345624f0e74dc947_8525-49c94e2372ffae4f_3917-2b5a33d4908ee77d_20f6-7c76f284a689ed0a_dee3-22fa2e73c63bc50f_c1a7-6ccc8b815fbc093a_5cca-32813f06255beef5_0bd5-18f6da623ba658a2_aa07-e32e722334301fa7_892d-aae955889a0ba5fa_d123-35025f516f41aba5_ba52-4b813e7c9bc088d0_8155-61e8f5910474b00b_53e6-aa310077d368fbbc_0a82-c2ffd6a81bfe2613_f91c-41b067f2ce6f3fef_8ee6-fef7c3fc3990d2e8_e2e9-fb7d765ba6874372_db67-59d897f4009147d8_1d27-a451af83aeece675_117b-e455dbf27ecaf413_8484-dd2efe33087ddc60_cb3a-48f25d2481974dee_e871-9d1c053084e66e7b_dc9f-c4c12513ffbf7d33_9e16-a76099fbab67c9da_4d48-15fa5e0caaf6a06f_46f8-fc0fe94a4c8e3a29_9052-d62a957ecbfa6792_8217-0ae40b26ad1ead81_6240-c02445dd7a5b6f26_86bd-f82346f1b273c70a_aaf6-53472cf3cabeb021_b7f8-6e26385c641764c7_fe5a-e035a44ebae9d3fd_c842-7d0db28e7d18c776_c97a-dbb41344c474217f_2e3e-8f7791c488b51c98_fa79-0-tasks_to_days_ago
[配置] 启用 FAISS 加速，索引类型: flat
[Forgetting] 命中缓存
[GraphAug] 命中图缓存 (nodes=7003, edges=20225)
Got 0 examples


 ============================== 


eval event_date_lookup('Today is Oct 12, 2024 at 07:53 PM. How many days ago did you put all remote control on one armchair?')
Updated/Defined variables after execution: {}

**SystemMessage**:
"""You are a smart humanoid robot answering user question about your past actions.
The history object contains information on what you did in the past, represented as a tree.
Use the method expand to look at details of a node.
Make sure to use collapse_all_but(idx) when you expanded irrelevant nodes, in order to keep the tree compact.
Enter Python expressions into the console to see the value and decide for the next command based on that result.
Answer concisely by calling answer("...") when you gathered enough information to answer the question.
Generate syntactically correct python console statements only, no explanations or other natural language statements.
IMPORTANT: If search() returns "No relevant records found", your next command MUST be answer("I have no record of that."). Do not search synonyms, do not expand further, and do not call vqa.
IMPORTANT: If you get "Nothing changed" twice, answer honestly that you have no record. Do NOT keep searching repeatedly. For just-before/just-after questions, first try one broader target search or inspect another relevant top-level time block before giving up.
For object yes/no questions, first use object_lookup("object name"). If it reports no matching summary, answer "No, I have no record of that." Do not call vqa unless you already have a directly relevant leaf image.
For task-list questions such as "List the tasks you performed", first use task_list(). Prefer its Recommended answer and chronological candidates instead of manually expanding the whole tree. For long histories, do not copy every task candidate verbatim unless the user explicitly asks for an exhaustive transcript.
For low-level action questions such as "what task did you perform when you toggle/open/pick up/place X", first use action_lookup("full low-level action"), for example action_lookup("open the drawer"). Do not call task_lookup first for these low-level action questions.
For task-description questions such as "describe what you did when you X", first use task_lookup("X"). Prefer its matching task candidates instead of manually expanding the whole tree. This does not apply to low-level action questions covered by action_lookup.
For exact date/time questions or "N days ago" questions asking what happened, first use date_lookup(question). Prefer its Recommended answer when it is confident instead of manually expanding by date.
For "How many days ago did you X?" or "When did you X?" questions, first use event_date_lookup(question). If it lists multiple days, include all of them in the final answer instead of only the most recent match.
For just-before or just-after questions, first use temporal_neighbor(target_task, direction="before" or "after") if a candidate is not already shown. Prefer the returned Recommended answer when it is confident. Only then inspect adjacent sibling or temporal nodes. Avoid expanding to raw leaf observations unless the summary is insufficient.
Do not call vqa for time, date, task-list, before/after, or yes/no object-existence questions when textual summaries already answer the question. Use vqa only for explicit visual appearance questions such as color, visible state, or what something looks like.
Never output bare parameters such as reasoning="..." answer="...". Always call answer("..."). You may call answer(reasoning="...", answer="...") only when a short reason is necessary.
Keep answer() short: answer under 60 words, and do not use markdown or backticks inside answer()."""

**HumanMessage**:
"""
def action_lookup(query: str, max_matches: int = 6) -> str # For low-level action questions, map raw leaf actions back to task-sized summaries
def answer(reasoning: str = None, answer: str = Ellipsis)
def ask(question: str)
def date_lookup(query: str, max_matches: int = 8) -> str # For exact date/time or N-days-ago questions, list matching history summaries directly
def event_date_lookup(query: str, max_matches: int = 12) -> str # For "how many days ago did you X" questions, find all matching event dates directly
def now() -> datetime.datetime
def object_lookup(object_name: str, max_matches: int = 8) -> str # For object yes/no questions, check whether task summaries mention the object
def task_list(max_tasks: int = 30) -> str # For task-list questions, list task-sized history summaries in chronological order
def task_lookup(query: str, max_matches: int = 8) -> str # For task-description questions, list task-sized summaries matching a query
def temporal_neighbor(target_task: str, direction: str = 'before', max_candidates: int = 6) -> str # For just-before/just-after questions, find the target task and return adjacent task candidates
def vqa(question: str, *images: PIL.Image.Image)
"""

**HumanMessage**:
"""Usage examples:
>>> history.expand()  # Shows the history tree with all child nodes expanded
>>> history.expand(date(2021, 12, 20))  # Expand the children that overlap with the given day
>>> history.expand(now() - timedelta(hours=6), now() - timedelta(hours=4))  # Expand all children that overlap with the given range (in this example "about 5 hours ago")
>>> history.expand((now() - timedelta(days=2)).date())  # Expand all children that overlap with the day before yesterday
>>> history.expand(0)  # Shows child node 0
>>> history[0].expand()  # Expands all child nodes of node 0 (node 0 must be expanded already to see them)
>>> history[5][2].expand()  # Shows child node 2 of child node 5 with all its child nodes expanded
>>> history.search("green cup") # Semantic index search. Expands the most relevant children according to similarity of the natural language query and the node's (recursively defined) index content.
>>> history[1][42].search("bicycle") # Semantic index search on some node further down the tree. Expands the children of node 1.42 most relevant to the search term
>>> history[3].collapse_all_but(1); history[3][1].expand()  # Zooms into details of child node 3.1 while collapsing all other childs of node 3
>>> vqa("What color is the ... in this image?",
...     history[2][4][-1][0].image)  # Invoke a model to answer a visual question about image(s) of some leaf (!) node(s)

# After gathering the relevant information, answer the question:
# Use a short final answer. Optionally provide a brief reasoning only when needed.
>>> answer("...")"""

**HumanMessage**:
"""User question: Today is Oct 12, 2024 at 07:53 PM. How many days ago did you put all remote control on one armchair?"""

**AIMessage**:
"""event_date_lookup('Today is Oct 12, 2024 at 07:53 PM. How many days ago did you put all remote control on one armchair?')"""

**HumanMessage**:
""""Event date lookup for query='Today is Oct 12, 2024 at 07:53 PM. How many days ago did you put all remote control on one armchair?': event='put all remote control on one armchair', today=2024/10/12.\n1. score=0.83; days_ago=12; 2024/09/30 15:37:04 - 15:37:52: I then picked up a second remote control and placed it on the armchair, completing the task of placing both remotes on the armchair as instructed by the user.\nRecommended answer: 12 days ago""""

**HumanMessage**:
"""Current state:
2024/09/19 - 2024/10/11: "Over the past few weeks, I have consistently managed household tasks by preparing various meals, brewing coffee, and cleaning kitchenware. I also maintained the living space by organizing items like remotes and pillows, watering houseplants, and keeping the area tidy."  
  ..."""
{}
command: answer("I placed all the remote controls on one armchair 12 days ago.")
expected output: 


 ============================== 


eval answer("I placed all the remote controls on one armchair 12 days ago.")
Answering I placed all the remote controls on one armchair 12 days ago.  with reason: None
Tokens Used: 1991
	Prompt Tokens: 1802
	Completion Tokens: 189
Successful Requests: 1
Total Cost (USD): $0.0
Evaluating sample 464fb2558d308797_4110-5f3063384d77aa71_0ac8-bfa7505b440eadde_750f-249afd96389c8ae6_c966-dcc90b08c376f4dc_74ab-ebd80a433c115116_b3d7-555c981b1ecc6c8a_7c01-32e631d248583662_5835-c02445dd7a5b6f26_be05-93af984d7981fdaa_6fc9-a690a35743c855aa_4c00-b87bd55d7820c86e_8d92-345624f0e74dc947_8525-49c94e2372ffae4f_3917-2b5a33d4908ee77d_20f6-7c76f284a689ed0a_dee3-22fa2e73c63bc50f_c1a7-6ccc8b815fbc093a_5cca-32813f06255beef5_0bd5-18f6da623ba658a2_aa07-e32e722334301fa7_892d-aae955889a0ba5fa_d123-35025f516f41aba5_ba52-4b813e7c9bc088d0_8155-61e8f5910474b00b_53e6-aa310077d368fbbc_0a82-c2ffd6a81bfe2613_f91c-41b067f2ce6f3fef_8ee6-fef7c3fc3990d2e8_e2e9-fb7d765ba6874372_db67-59d897f4009147d8_1d27-a451af83aeece675_117b-e455dbf27ecaf413_8484-dd2efe33087ddc60_cb3a-48f25d2481974dee_e871-9d1c053084e66e7b_dc9f-c4c12513ffbf7d33_9e16-a76099fbab67c9da_4d48-15fa5e0caaf6a06f_46f8-fc0fe94a4c8e3a29_9052-d62a957ecbfa6792_8217-0ae40b26ad1ead81_6240-c02445dd7a5b6f26_86bd-f82346f1b273c70a_aaf6-53472cf3cabeb021_b7f8-6e26385c641764c7_fe5a-e035a44ebae9d3fd_c842-7d0db28e7d18c776_c97a-dbb41344c474217f_2e3e-8f7791c488b51c98_fa79-0-days_ago_to_episode
[配置] 启用 FAISS 加速，索引类型: flat
[Forgetting] 命中缓存
[GraphAug] 命中图缓存 (nodes=7003, edges=20225)
Got 0 examples


 ============================== 


eval date_lookup('Today is Oct 12, 2024 at 07:53 PM. What did you do 21 days ago?')
Updated/Defined variables after execution: {}

**SystemMessage**:
"""You are a smart humanoid robot answering user question about your past actions.
The history object contains information on what you did in the past, represented as a tree.
Use the method expand to look at details of a node.
Make sure to use collapse_all_but(idx) when you expanded irrelevant nodes, in order to keep the tree compact.
Enter Python expressions into the console to see the value and decide for the next command based on that result.
Answer concisely by calling answer("...") when you gathered enough information to answer the question.
Generate syntactically correct python console statements only, no explanations or other natural language statements.
IMPORTANT: If search() returns "No relevant records found", your next command MUST be answer("I have no record of that."). Do not search synonyms, do not expand further, and do not call vqa.
IMPORTANT: If you get "Nothing changed" twice, answer honestly that you have no record. Do NOT keep searching repeatedly. For just-before/just-after questions, first try one broader target search or inspect another relevant top-level time block before giving up.
For object yes/no questions, first use object_lookup("object name"). If it reports no matching summary, answer "No, I have no record of that." Do not call vqa unless you already have a directly relevant leaf image.
For task-list questions such as "List the tasks you performed", first use task_list(). Prefer its Recommended answer and chronological candidates instead of manually expanding the whole tree. For long histories, do not copy every task candidate verbatim unless the user explicitly asks for an exhaustive transcript.
For low-level action questions such as "what task did you perform when you toggle/open/pick up/place X", first use action_lookup("full low-level action"), for example action_lookup("open the drawer"). Do not call task_lookup first for these low-level action questions.
For task-description questions such as "describe what you did when you X", first use task_lookup("X"). Prefer its matching task candidates instead of manually expanding the whole tree. This does not apply to low-level action questions covered by action_lookup.
For exact date/time questions or "N days ago" questions asking what happened, first use date_lookup(question). Prefer its Recommended answer when it is confident instead of manually expanding by date.
For "How many days ago did you X?" or "When did you X?" questions, first use event_date_lookup(question). If it lists multiple days, include all of them in the final answer instead of only the most recent match.
For just-before or just-after questions, first use temporal_neighbor(target_task, direction="before" or "after") if a candidate is not already shown. Prefer the returned Recommended answer when it is confident. Only then inspect adjacent sibling or temporal nodes. Avoid expanding to raw leaf observations unless the summary is insufficient.
Do not call vqa for time, date, task-list, before/after, or yes/no object-existence questions when textual summaries already answer the question. Use vqa only for explicit visual appearance questions such as color, visible state, or what something looks like.
Never output bare parameters such as reasoning="..." answer="...". Always call answer("..."). You may call answer(reasoning="...", answer="...") only when a short reason is necessary.
Keep answer() short: answer under 60 words, and do not use markdown or backticks inside answer()."""

**HumanMessage**:
"""
def action_lookup(query: str, max_matches: int = 6) -> str # For low-level action questions, map raw leaf actions back to task-sized summaries
def answer(reasoning: str = None, answer: str = Ellipsis)
def ask(question: str)
def date_lookup(query: str, max_matches: int = 8) -> str # For exact date/time or N-days-ago questions, list matching history summaries directly
def event_date_lookup(query: str, max_matches: int = 12) -> str # For "how many days ago did you X" questions, find all matching event dates directly
def now() -> datetime.datetime
def object_lookup(object_name: str, max_matches: int = 8) -> str # For object yes/no questions, check whether task summaries mention the object
def task_list(max_tasks: int = 30) -> str # For task-list questions, list task-sized history summaries in chronological order
def task_lookup(query: str, max_matches: int = 8) -> str # For task-description questions, list task-sized summaries matching a query
def temporal_neighbor(target_task: str, direction: str = 'before', max_candidates: int = 6) -> str # For just-before/just-after questions, find the target task and return adjacent task candidates
def vqa(question: str, *images: PIL.Image.Image)
"""

**HumanMessage**:
"""Usage examples:
>>> history.expand()  # Shows the history tree with all child nodes expanded
>>> history.expand(date(2021, 12, 20))  # Expand the children that overlap with the given day
>>> history.expand(now() - timedelta(hours=6), now() - timedelta(hours=4))  # Expand all children that overlap with the given range (in this example "about 5 hours ago")
>>> history.expand((now() - timedelta(days=2)).date())  # Expand all children that overlap with the day before yesterday
>>> history.expand(0)  # Shows child node 0
>>> history[0].expand()  # Expands all child nodes of node 0 (node 0 must be expanded already to see them)
>>> history[5][2].expand()  # Shows child node 2 of child node 5 with all its child nodes expanded
>>> history.search("green cup") # Semantic index search. Expands the most relevant children according to similarity of the natural language query and the node's (recursively defined) index content.
>>> history[1][42].search("bicycle") # Semantic index search on some node further down the tree. Expands the children of node 1.42 most relevant to the search term
>>> history[3].collapse_all_but(1); history[3][1].expand()  # Zooms into details of child node 3.1 while collapsing all other childs of node 3
>>> vqa("What color is the ... in this image?",
...     history[2][4][-1][0].image)  # Invoke a model to answer a visual question about image(s) of some leaf (!) node(s)

# After gathering the relevant information, answer the question:
# Use a short final answer. Optionally provide a brief reasoning only when needed.
>>> answer("...")"""

**HumanMessage**:
"""User question: Today is Oct 12, 2024 at 07:53 PM. What did you do 21 days ago?"""

**AIMessage**:
"""date_lookup('Today is Oct 12, 2024 at 07:53 PM. What did you do 21 days ago?')"""

**HumanMessage**:
"""'Date lookup for query=\'Today is Oct 12, 2024 at 07:53 PM. What did you do 21 days ago?\': resolved=2024/09/21.\n1. score=0.78; 2024/09/21 08:46:20 - 08:48:00: I was instructed to make a cup of coffee. I located and picked up a mug, placed it into the coffee machine, toggled the coffee machine off and then on, and then announced the task was done, implying the coffee was made.\n2. score=0.77; 2024/09/21 08:46:20 - 08:47:40: Goal: Pickup(Mug_1) Visual observation: Mug_1, Vase_0, Vase_1, Shelf_0, Shelf_1, Shelf_2, ShelvingUnit, Floor Shelf_0, ShelvingUnit, Vase_0 are in/on Floor Speech: 2024-09-21 08:46:20.579633: make a cup of coffee 2024-09...\n3. score=0.77; 2024/09/21 08:47:41 - 08:47:51: Goal: Place(CoffeeMachine) Visual observation: Mug_1, Cup_1 [filled], StoveBurner_0, StoveBurner_1, StoveBurner_2, Cabinet_1, StoveBurner_3, Drawer_1, Cabinet_2, CounterTop_2, Knife, StoveKnob_0, StoveKnob_1 [toggled], S...\n4. score=0.77; 2024/09/21 08:47:55 - 08:47:55: Goal: ToggleOff(CoffeeMachine) Visual observation: Mug_1 [filled], Cup_1 [filled], StoveBurner_0, StoveBurner_1, StoveBurner_2, Cabinet_1, StoveBurner_3, Drawer_1, Cabinet_2, CounterTop_2, Knife, StoveKnob_0, StoveKnob_1...\n5. score=0.77; 2024/09/21 08:47:57 - 08:47:57: Goal: ToggleOn(CoffeeMachine) Visual observation: Mug_1 [filled], Cup_1 [filled], StoveBurner_0, StoveBurner_1, StoveBurner_2, Cabinet_1, StoveBurner_3, Drawer_1, Cabinet_2, CounterTop_2, Knife, StoveKnob_0, StoveKnob_1...\n6. score=0.77; 2024/09/21 08:48:00 - 08:48:00: Goal: Say("done") Visual observation: Mug_1 [filled], Cup_1 [filled], StoveBurner_0, StoveBurner_1, StoveBurner_2, Cabinet_1, StoveBurner_3, Drawer_1, Cabinet_2, CounterTop_2, Knife, StoveKnob_0, StoveKnob_1 [toggled], S...\n7. score=0.70; 2024/09/21 08:46:20 - 08:48:00: On September 21, I prepared a cup of coffee using the coffee machine.\n8. score=0.16; 2024/09/19 - 2024/10/11: Over the past few weeks, I have consistently managed household tasks by preparing various meals, brewing coffee, and cleaning kitchenware. I also maintained the living space by organizing items like remotes and pillows,...\nRecommended answer: I was instructed to make a cup of coffee. I located and picked up a mug, placed it into the coffee machine, toggled the coffee machine off and then on, and then announced the task was done, implying the coffee was made. Goal: Pickup(Mug_1) Visual observation: Mug_1, Vase_0, Vase_1, Shelf_0, Shelf_1, Shelf_2, ShelvingUnit, Floor Shelf_0, ShelvingUnit, Vase_0 are in/on Floor Speech: 2024-09-21 08:46:20.579633: make a cup of coffee 2024-09... Goal: Place(CoffeeMachine) Visual observation: Mug_1, Cup_1 [filled], StoveBurner_0, StoveBurner_1, StoveBurner_2, Cabinet_1, StoveBurner_3, Drawer_1, Cabinet_2, CounterTop_2, Knife, StoveKnob_0, StoveKnob_1 [toggled], S... Goal: ToggleOff(CoffeeMachine) Visual observation: Mug_1 [filled], Cup_1 [filled], StoveBurner_0, StoveBurner_1, StoveBurner_2, Cabinet_1, StoveBurner_3, Drawer_1, Cabinet_2, CounterTop_2, Knife, StoveKnob_0, StoveKnob_1...'"""

**HumanMessage**:
"""Current state:
2024/09/19 - 2024/10/11: "Over the past few weeks, I have consistently managed household tasks by preparing various meals, brewing coffee, and cleaning kitchenware. I also maintained the living space by organizing items like remotes and pillows, watering houseplants, and keeping the area tidy."  
  ..."""
{}
command: answer("21 days ago, on September 21, 2024, I made a cup of coffee. I picked up a mug, put it in the coffee machine, and operated the machine to brew the coffee.")
expected output: 


 ============================== 


eval answer("21 days ago, on September 21, 2024, I made a cup of coffee. I picked up a mug, put it in the coffee machine, and operated the machine to brew the coffee.")
Answering 21 days ago, on September 21, 2024, I made a cup of coffee. I picked up a mug, put it in the coffee machine, and operated the machine to brew the coffee.  with reason: None
Tokens Used: 3391
	Prompt Tokens: 2846
	Completion Tokens: 545
Successful Requests: 1
Total Cost (USD): $0.0
Evaluating sample 18e6380ba49c1f55_4ae0-e141c8f6246ebd83_9dee-88f8ad0d2d356270_bb95-05fbc1a35520554d_c1b9-9d1c053084e66e7b_dc9f-14995cb55fdcb9f9_e822-dbb41344c474217f_2e3e-369a8cd57dde1b82_096e-35351038f6f3be3b_9c0e-8b2af8ba42ca5cae_913a-af3ea35af62cb764_aea5-d8d05917aadc27f7_0e39-48f25d2481974dee_e871-064a69cb5d40b41f_9237-04ae108b77699c0f_2453-dfc3dfb3dd5ff1fd_69af-5aa3cbd322d4f163_3bda-d56ca9d2e98c55a5_5d2f-0de4b62afcd06138_f2bb-32e631d248583662_5835-f2fab283e8dd367a_cb1f-3a9da83a824cb52d_c626-faa9c7a273f50d7f_eeba-0ad91909295bf186_134b-7c0a07e02524ae40_f540-3574c805169b19b0_a532-e4909f617bc99db4_4ab8-578d2cc749317a6f_ae7b-af3ea35af62cb764_dbcb-9c97a83f60095487_02d9-7d0e059ca3243596_a484-9e23434a16a146b5_7f9a-c58ede352f7d040b_04a3-1e037cbd9977ec99_d8f3-f2f6723ebab1e6a2_6bea-93af984d7981fdaa_6fc9-9539c0004762d6a8_cdd8-c1eba1e4b831e04b_aab3-09916b24496645e4_5ff9-935fb97bba18de43_1130-6f4aca312776de7b_7e6e-dda9ea220761cc52_5a27-2623dd6b654da651_0cb3-5f3063384d77aa71_0ac8-8455e3db97f9a4dc_de9d-2f8d482d22e56fdd_3e5c-8e41a1f030035e13_d7f5-6e26385c641764c7_1d69-f0f408b728183c76_09d4-a72c03efd22ce41c_c338-0-sequence_of_task_descs
[配置] 启用 FAISS 加速，索引类型: flat
[Forgetting] 解析遗忘配置...
[Forgetting] 开始记忆巩固...
[Forgetting] 收集到 6499 个事件节点
[Forgetting] 构建临时轻量图计算度中心性...
[Forgetting] 临时图度中心性: max_degree=62, 有连接的节点数=6271
[Forgetting] 计算节点 embeddings...
Embedding 4029 , new: 2890
[Forgetting] 安全下限触发: θ₁ 从 0.500 下调到 0.236
[Forgetting] 巩固完成: 完整保留=1988 (30.6%), 去细节化=4511 (69.4%), 摘要保留=0 (0.0%), 豁免=744
[Forgetting] 统计: {'total': 6499, 'level_0_full_retain': 1988, 'level_1_detail_removed': 4511, 'level_2_summary_only': 0, 'immune_count': 744, 'effective_theta_1': 0.23572833218688152, 'effective_theta_2': 0.09429133287475261, 'retain_ratio': 0.3058932143406678, 'forgetting_ratio': 0.6941067856593323}
[GraphAug] 开始构建记忆图...
[MemoryGraph] 收集到 6499 个事件节点
[MemoryGraph] 时间相邻边: 5317
[MemoryGraph] 共享物体边: 13518
[MemoryGraph] 唯一动作数: 383, 相似动作对: 808
[MemoryGraph] 相似动作边: 1767
[MemoryGraph] 图构建完成: {'num_nodes': 6499, 'num_edges': 20602, 'edges_temporal_adjacent': 5317, 'edges_co_object': 13518, 'edges_similar_action': 1767}
[GraphAug] 记忆图构建完成
Got 0 examples


 ============================== 


eval task_list()
Updated/Defined variables after execution: {}

**SystemMessage**:
"""You are a smart humanoid robot answering user question about your past actions.
The history object contains information on what you did in the past, represented as a tree.
Use the method expand to look at details of a node.
Make sure to use collapse_all_but(idx) when you expanded irrelevant nodes, in order to keep the tree compact.
Enter Python expressions into the console to see the value and decide for the next command based on that result.
Answer concisely by calling answer("...") when you gathered enough information to answer the question.
Generate syntactically correct python console statements only, no explanations or other natural language statements.
IMPORTANT: If search() returns "No relevant records found", your next command MUST be answer("I have no record of that."). Do not search synonyms, do not expand further, and do not call vqa.
IMPORTANT: If you get "Nothing changed" twice, answer honestly that you have no record. Do NOT keep searching repeatedly. For just-before/just-after questions, first try one broader target search or inspect another relevant top-level time block before giving up.
For object yes/no questions, first use object_lookup("object name"). If it reports no matching summary, answer "No, I have no record of that." Do not call vqa unless you already have a directly relevant leaf image.
For task-list questions such as "List the tasks you performed", first use task_list(). Prefer its Recommended answer and chronological candidates instead of manually expanding the whole tree. For long histories, do not copy every task candidate verbatim unless the user explicitly asks for an exhaustive transcript.
For low-level action questions such as "what task did you perform when you toggle/open/pick up/place X", first use action_lookup("full low-level action"), for example action_lookup("open the drawer"). Do not call task_lookup first for these low-level action questions.
For task-description questions such as "describe what you did when you X", first use task_lookup("X"). Prefer its matching task candidates instead of manually expanding the whole tree. This does not apply to low-level action questions covered by action_lookup.
For exact date/time questions or "N days ago" questions asking what happened, first use date_lookup(question). Prefer its Recommended answer when it is confident instead of manually expanding by date.
For "How many days ago did you X?" or "When did you X?" questions, first use event_date_lookup(question). If it lists multiple days, include all of them in the final answer instead of only the most recent match.
For just-before or just-after questions, first use temporal_neighbor(target_task, direction="before" or "after") if a candidate is not already shown. Prefer the returned Recommended answer when it is confident. Only then inspect adjacent sibling or temporal nodes. Avoid expanding to raw leaf observations unless the summary is insufficient.
Do not call vqa for time, date, task-list, before/after, or yes/no object-existence questions when textual summaries already answer the question. Use vqa only for explicit visual appearance questions such as color, visible state, or what something looks like.
Never output bare parameters such as reasoning="..." answer="...". Always call answer("..."). You may call answer(reasoning="...", answer="...") only when a short reason is necessary.
Keep answer() short: answer under 60 words, and do not use markdown or backticks inside answer()."""

**HumanMessage**:
"""
def action_lookup(query: str, max_matches: int = 6) -> str # For low-level action questions, map raw leaf actions back to task-sized summaries
def answer(reasoning: str = None, answer: str = Ellipsis)
def ask(question: str)
def date_lookup(query: str, max_matches: int = 8) -> str # For exact date/time or N-days-ago questions, list matching history summaries directly
def event_date_lookup(query: str, max_matches: int = 12) -> str # For "how many days ago did you X" questions, find all matching event dates directly
def now() -> datetime.datetime
def object_lookup(object_name: str, max_matches: int = 8) -> str # For object yes/no questions, check whether task summaries mention the object
def task_list(max_tasks: int = 30) -> str # For task-list questions, list task-sized history summaries in chronological order
def task_lookup(query: str, max_matches: int = 8) -> str # For task-description questions, list task-sized summaries matching a query
def temporal_neighbor(target_task: str, direction: str = 'before', max_candidates: int = 6) -> str # For just-before/just-after questions, find the target task and return adjacent task candidates
def vqa(question: str, *images: PIL.Image.Image)
"""

**HumanMessage**:
"""Usage examples:
>>> history.expand()  # Shows the history tree with all child nodes expanded
>>> history.expand(date(2021, 12, 20))  # Expand the children that overlap with the given day
>>> history.expand(now() - timedelta(hours=6), now() - timedelta(hours=4))  # Expand all children that overlap with the given range (in this example "about 5 hours ago")
>>> history.expand((now() - timedelta(days=2)).date())  # Expand all children that overlap with the day before yesterday
>>> history.expand(0)  # Shows child node 0
>>> history[0].expand()  # Expands all child nodes of node 0 (node 0 must be expanded already to see them)
>>> history[5][2].expand()  # Shows child node 2 of child node 5 with all its child nodes expanded
>>> history.search("green cup") # Semantic index search. Expands the most relevant children according to similarity of the natural language query and the node's (recursively defined) index content.
>>> history[1][42].search("bicycle") # Semantic index search on some node further down the tree. Expands the children of node 1.42 most relevant to the search term
>>> history[3].collapse_all_but(1); history[3][1].expand()  # Zooms into details of child node 3.1 while collapsing all other childs of node 3
>>> vqa("What color is the ... in this image?",
...     history[2][4][-1][0].image)  # Invoke a model to answer a visual question about image(s) of some leaf (!) node(s)

# After gathering the relevant information, answer the question:
# Use a short final answer. Optionally provide a brief reasoning only when needed.
>>> answer("...")"""

**HumanMessage**:
"""User question: List the tasks you performed."""

**AIMessage**:
"""task_list()"""

**HumanMessage**:
"""'Task list candidates in chronological order:\nUse these as evidence. If there are many candidates, do not copy every candidate verbatim; use the Recommended answer unless the user explicitly asks for an exhaustive transcript.\n1. 2023/04/24 14:10 - 14:14: I picked up a mug from the sink basin, turned off the faucet, poured the contents of the mug into the sink, and placed the mug back into the sink basin.\n2. 2023/04/24 19:02:21 - 19:04:48: I turned off and opened the microwave before receiving a request to make a plate of toast.\n3. 2023/04/26 08:14 - 08:17: I started preparing breakfast by making coffee, retrieving a mug from the fridge, placing it in the coffee machine, filling it, and then moving the filled mug to the countertop.\n4. 2023/04/26 08:17:52 - 08:20:29: I began preparing a sandwich by slicing bread, toasting two slices, and placing them on a plate retrieved from the fridge.\n5. 2023/04/26 08:20 - 08:25: I gathered sandwich fillings by retrieving a tomato from the fridge and lettuce from a cabinet, then sliced both, and completed the sandwich by adding a slice of tomato and lettuce between the toasted bread on the plate. The user confirmed...\n6. 2023/04/28 10:35 - 10:38: I was asked to get a clean mug from the fridge and make coffee. I opened the fridge, picked up a dirty mug, closed the fridge, placed the mug in the sink, picked up the soap bottle, placed it on the countertop, turned the faucet on and off...\n7. 2023/04/28 18:32:59 - 18:34:52: I retrieved a plate from a chair and placed it on the countertop, while the user specified that I should place five potato slices on it.\n8. 2023/05/01 08:09 - 08:13: I began preparing coffee by cleaning a dirty mug. This involved picking up the mug from the sink, clearing other items (egg, spatula, butter knife, knife, credit card) from the sink basin, rinsing the mug under the faucet, and then placing...\n9. 2023/05/01 08:13:20 - 08:16:15: While the coffee brewed, I started preparing a sandwich. I took bread from the fridge, sliced it, toasted two slices, and then sliced a head of lettuce, placing all components on the countertop.\n10. 2023/05/01 08:16:22 - 08:18:50: To assemble the sandwich, I retrieved a plate from a cabinet, placed it on the countertop, and then arranged the two toasted bread slices, a slice of lettuce, and a sliced tomato onto the plate.\n11. 2023/05/01 08:37 - 08:44: I prepared the ingredients for a sandwich by finding and slicing bread, toasting two slices, and slicing a tomato.\n12. 2023/05/01 08:44 - 08:48: I retrieved a plate and assembled the sandwich by layering the toasted bread and tomato slices, including toasting one additional slice of bread, and finished the task once the user confirmed completion.\n13. 2023/05/02 17:22 - 17:25: I began by preparing coffee as instructed. I opened cabinets to find a mug, picked it up, emptied its contents into the sink, and then placed it in the coffee machine, turning the machine on and off.\n14. 2023/05/02 17:26 - 17:30: Next, I prepared toast. I opened a cabinet, picked up a knife, sliced bread, and placed one slice into the toaster. I then toasted the bread by toggling the toaster on and off.\n15. 2023/05/02 17:32 - 17:38: I then focused on the potato. I picked up a potato from a chair, placed it on the countertop, cooked it in the microwave, and then placed it on the countertop.\n16. 2023/05/02 17:39:46 - 17:41:38: I located a bowl on the chair as instructed, picked it up, and placed it on the countertop.\n17. 2023/05/02 17:41:45 - 17:43:49: I transferred two potato slices into the bowl and then poured out the contents of the bowl into the sink.\n18. 2023/05/03 08:53 - 08:57: I turned on the light, opened the fridge, and picked up a loaf of bread, which I then placed on the countertop.\n19. 2023/05/03 08:57:53 - 09:00:47: I toasted two slices of bread individually using the toaster and set them aside on the countertop.\n20. 2023/05/06 14:07 - 14:11: I cleared several items from the sink basin to the countertop and then prepared a cup of coffee using the coffee machine.\n21. 2023/05/06 14:11 - 14:14: I prepared the vegetables for a meal by slicing lettuce, a tomato, and a potato using butter knives.\n22. 2023/05/06 14:14:53 - 14:17:41: I cooked the sliced potato in the microwave and then assembled a plate with the cooked potato, sliced lettuce, and tomato pieces.\n23. 2023/05/08 17:26 - 17:30: I received instructions to prepare a slice of toast. I retrieved a butter knife, found bread in a cabinet, sliced it, and toasted a slice in the toaster.\n24. 2023/05/09 09:23:31 - 09:25:17: The user requested a plate of toast with one slice. I began by picking up a butter knife and a loaf of bread, placing the bread on the countertop.\n25. 2023/05/09 17:58:54 - 18:01:05: I prepared for boiling by moving a pot to the stove and clearing the sink of various items. I then filled the pot with water, turned on the stove, and placed the potato in the pot to boil, confirming task completion with the user.\n26. 2023/05/10 12:23:34 - 12:25:29: I picked up a potato as instructed and placed it inside a pot located on the stove.\n27. 2023/05/11 12:44 - 12:57: I retrieved a potato and cleared space on the countertop and burner by moving a bottle and a pan to prepare for cooking.\n28. 2023/05/11 12:58 - 13:01: I set up the stove by placing a pot on the burner, turning it on, and then putting the potato in the pot to boil.\n29. 2023/05/13 17:27:25 - 17:29:29: I picked up a knife from the fridge and opened the fridge to access the ingredients for a salad.\n30. 2023/05/13 17:33:50 - 17:35:41: I picked up two potato slices and placed them in a pan on the stove to cook them.\nRecommended answer: From 2023/04/24 to 2023/05/13, I performed 30 recorded task groups, including bread, toast, and sandwich preparation; potato cooking and slicing; salad, lettuce, and tomato preparation; coffee and drinkware tasks; dish, plate, bowl, and pan cleaning; household organization tasks; plant watering.'"""

**HumanMessage**:
"""Current state:
2023/04/23 - 2023/05/13: "I have consistently focused on preparing various meals, including coffee, toast, and dishes with sliced vegetables like potatoes, tomatoes, and lettuce. Additionally, I have assisted with household organization by locating and moving items such as remote controls, pillows, newspapers, and watches, and performed cleaning tasks like washing dishes and watering plants."  
  ..."""
{}
command: answer(answer="From 2023/04/24 to 2023/05/13, I performed 30 recorded task groups, including bread, toast, and sandwich preparation; potato cooking and slicing; salad, lettuce, and tomato preparation; coffee and drinkware tasks; dish, plate, bowl, and pan cleaning; household organization tasks; plant watering.")
expected output: 


 ============================== 


eval answer(answer="From 2023/04/24 to 2023/05/13, I performed 30 recorded task groups, including bread, toast, and sandwich preparation; potato cooking and slicing; salad, lettuce, and tomato preparation; coffee and drinkware tasks; dish, plate, bowl, and pan cleaning; household organization tasks; plant watering.")
Answering From 2023/04/24 to 2023/05/13, I performed 30 recorded task groups, including bread, toast, and sandwich preparation; potato cooking and slicing; salad, lettuce, and tomato preparation; coffee and drinkware tasks; dish, plate, bowl, and pan cleaning; household organization tasks; plant watering.  with reason: None
Tokens Used: 3859
	Prompt Tokens: 3595
	Completion Tokens: 264
Successful Requests: 1
Total Cost (USD): $0.0
Evaluating sample 18e6380ba49c1f55_4ae0-e141c8f6246ebd83_9dee-88f8ad0d2d356270_bb95-05fbc1a35520554d_c1b9-9d1c053084e66e7b_dc9f-14995cb55fdcb9f9_e822-dbb41344c474217f_2e3e-369a8cd57dde1b82_096e-35351038f6f3be3b_9c0e-8b2af8ba42ca5cae_913a-af3ea35af62cb764_aea5-d8d05917aadc27f7_0e39-48f25d2481974dee_e871-064a69cb5d40b41f_9237-04ae108b77699c0f_2453-dfc3dfb3dd5ff1fd_69af-5aa3cbd322d4f163_3bda-d56ca9d2e98c55a5_5d2f-0de4b62afcd06138_f2bb-32e631d248583662_5835-f2fab283e8dd367a_cb1f-3a9da83a824cb52d_c626-faa9c7a273f50d7f_eeba-0ad91909295bf186_134b-7c0a07e02524ae40_f540-3574c805169b19b0_a532-e4909f617bc99db4_4ab8-578d2cc749317a6f_ae7b-af3ea35af62cb764_dbcb-9c97a83f60095487_02d9-7d0e059ca3243596_a484-9e23434a16a146b5_7f9a-c58ede352f7d040b_04a3-1e037cbd9977ec99_d8f3-f2f6723ebab1e6a2_6bea-93af984d7981fdaa_6fc9-9539c0004762d6a8_cdd8-c1eba1e4b831e04b_aab3-09916b24496645e4_5ff9-935fb97bba18de43_1130-6f4aca312776de7b_7e6e-dda9ea220761cc52_5a27-2623dd6b654da651_0cb3-5f3063384d77aa71_0ac8-8455e3db97f9a4dc_de9d-2f8d482d22e56fdd_3e5c-8e41a1f030035e13_d7f5-6e26385c641764c7_1d69-f0f408b728183c76_09d4-a72c03efd22ce41c_c338-0-seq_specific_shortened_low_actions
[配置] 启用 FAISS 加速，索引类型: flat
[Forgetting] 命中缓存
[GraphAug] 命中图缓存 (nodes=6499, edges=20602)
Got 0 examples


 ============================== 


eval task_lookup('put all remote control on one chairs')
Updated/Defined variables after execution: {}
[结构化直答] low-action task lookup matched; returning Recommended answer directly
Tokens Used: 0
	Prompt Tokens: 0
	Completion Tokens: 0
Successful Requests: 0
Total Cost (USD): $0.0
Evaluating sample 18e6380ba49c1f55_4ae0-e141c8f6246ebd83_9dee-88f8ad0d2d356270_bb95-05fbc1a35520554d_c1b9-9d1c053084e66e7b_dc9f-14995cb55fdcb9f9_e822-dbb41344c474217f_2e3e-369a8cd57dde1b82_096e-35351038f6f3be3b_9c0e-8b2af8ba42ca5cae_913a-af3ea35af62cb764_aea5-d8d05917aadc27f7_0e39-48f25d2481974dee_e871-064a69cb5d40b41f_9237-04ae108b77699c0f_2453-dfc3dfb3dd5ff1fd_69af-5aa3cbd322d4f163_3bda-d56ca9d2e98c55a5_5d2f-0de4b62afcd06138_f2bb-32e631d248583662_5835-f2fab283e8dd367a_cb1f-3a9da83a824cb52d_c626-faa9c7a273f50d7f_eeba-0ad91909295bf186_134b-7c0a07e02524ae40_f540-3574c805169b19b0_a532-e4909f617bc99db4_4ab8-578d2cc749317a6f_ae7b-af3ea35af62cb764_dbcb-9c97a83f60095487_02d9-7d0e059ca3243596_a484-9e23434a16a146b5_7f9a-c58ede352f7d040b_04a3-1e037cbd9977ec99_d8f3-f2f6723ebab1e6a2_6bea-93af984d7981fdaa_6fc9-9539c0004762d6a8_cdd8-c1eba1e4b831e04b_aab3-09916b24496645e4_5ff9-935fb97bba18de43_1130-6f4aca312776de7b_7e6e-dda9ea220761cc52_5a27-2623dd6b654da651_0cb3-5f3063384d77aa71_0ac8-8455e3db97f9a4dc_de9d-2f8d482d22e56fdd_3e5c-8e41a1f030035e13_d7f5-6e26385c641764c7_1d69-f0f408b728183c76_09d4-a72c03efd22ce41c_c338-0-seq_right_after_questions
[配置] 启用 FAISS 加速，索引类型: flat
[Forgetting] 命中缓存
[GraphAug] 命中图缓存 (nodes=6499, edges=20602)
Got 0 examples


 ============================== 


eval temporal_neighbor('put all watch on any sidetable', direction='after')
Updated/Defined variables after execution: {}

**SystemMessage**:
"""You are a smart humanoid robot answering user question about your past actions.
The history object contains information on what you did in the past, represented as a tree.
Use the method expand to look at details of a node.
Make sure to use collapse_all_but(idx) when you expanded irrelevant nodes, in order to keep the tree compact.
Enter Python expressions into the console to see the value and decide for the next command based on that result.
Answer concisely by calling answer("...") when you gathered enough information to answer the question.
Generate syntactically correct python console statements only, no explanations or other natural language statements.
IMPORTANT: If search() returns "No relevant records found", your next command MUST be answer("I have no record of that."). Do not search synonyms, do not expand further, and do not call vqa.
IMPORTANT: If you get "Nothing changed" twice, answer honestly that you have no record. Do NOT keep searching repeatedly. For just-before/just-after questions, first try one broader target search or inspect another relevant top-level time block before giving up.
For object yes/no questions, first use object_lookup("object name"). If it reports no matching summary, answer "No, I have no record of that." Do not call vqa unless you already have a directly relevant leaf image.
For task-list questions such as "List the tasks you performed", first use task_list(). Prefer its Recommended answer and chronological candidates instead of manually expanding the whole tree. For long histories, do not copy every task candidate verbatim unless the user explicitly asks for an exhaustive transcript.
For low-level action questions such as "what task did you perform when you toggle/open/pick up/place X", first use action_lookup("full low-level action"), for example action_lookup("open the drawer"). Do not call task_lookup first for these low-level action questions.
For task-description questions such as "describe what you did when you X", first use task_lookup("X"). Prefer its matching task candidates instead of manually expanding the whole tree. This does not apply to low-level action questions covered by action_lookup.
For exact date/time questions or "N days ago" questions asking what happened, first use date_lookup(question). Prefer its Recommended answer when it is confident instead of manually expanding by date.
For "How many days ago did you X?" or "When did you X?" questions, first use event_date_lookup(question). If it lists multiple days, include all of them in the final answer instead of only the most recent match.
For just-before or just-after questions, first use temporal_neighbor(target_task, direction="before" or "after") if a candidate is not already shown. Prefer the returned Recommended answer when it is confident. Only then inspect adjacent sibling or temporal nodes. Avoid expanding to raw leaf observations unless the summary is insufficient.
Do not call vqa for time, date, task-list, before/after, or yes/no object-existence questions when textual summaries already answer the question. Use vqa only for explicit visual appearance questions such as color, visible state, or what something looks like.
Never output bare parameters such as reasoning="..." answer="...". Always call answer("..."). You may call answer(reasoning="...", answer="...") only when a short reason is necessary.
Keep answer() short: answer under 60 words, and do not use markdown or backticks inside answer()."""

**HumanMessage**:
"""
def action_lookup(query: str, max_matches: int = 6) -> str # For low-level action questions, map raw leaf actions back to task-sized summaries
def answer(reasoning: str = None, answer: str = Ellipsis)
def ask(question: str)
def date_lookup(query: str, max_matches: int = 8) -> str # For exact date/time or N-days-ago questions, list matching history summaries directly
def event_date_lookup(query: str, max_matches: int = 12) -> str # For "how many days ago did you X" questions, find all matching event dates directly
def now() -> datetime.datetime
def object_lookup(object_name: str, max_matches: int = 8) -> str # For object yes/no questions, check whether task summaries mention the object
def task_list(max_tasks: int = 30) -> str # For task-list questions, list task-sized history summaries in chronological order
def task_lookup(query: str, max_matches: int = 8) -> str # For task-description questions, list task-sized summaries matching a query
def temporal_neighbor(target_task: str, direction: str = 'before', max_candidates: int = 6) -> str # For just-before/just-after questions, find the target task and return adjacent task candidates
def vqa(question: str, *images: PIL.Image.Image)
"""

**HumanMessage**:
"""Usage examples:
>>> history.expand()  # Shows the history tree with all child nodes expanded
>>> history.expand(date(2021, 12, 20))  # Expand the children that overlap with the given day
>>> history.expand(now() - timedelta(hours=6), now() - timedelta(hours=4))  # Expand all children that overlap with the given range (in this example "about 5 hours ago")
>>> history.expand((now() - timedelta(days=2)).date())  # Expand all children that overlap with the day before yesterday
>>> history.expand(0)  # Shows child node 0
>>> history[0].expand()  # Expands all child nodes of node 0 (node 0 must be expanded already to see them)
>>> history[5][2].expand()  # Shows child node 2 of child node 5 with all its child nodes expanded
>>> history.search("green cup") # Semantic index search. Expands the most relevant children according to similarity of the natural language query and the node's (recursively defined) index content.
>>> history[1][42].search("bicycle") # Semantic index search on some node further down the tree. Expands the children of node 1.42 most relevant to the search term
>>> history[3].collapse_all_but(1); history[3][1].expand()  # Zooms into details of child node 3.1 while collapsing all other childs of node 3
>>> vqa("What color is the ... in this image?",
...     history[2][4][-1][0].image)  # Invoke a model to answer a visual question about image(s) of some leaf (!) node(s)

# After gathering the relevant information, answer the question:
# Use a short final answer. Optionally provide a brief reasoning only when needed.
>>> answer("...")"""

**HumanMessage**:
"""User question: What task did you do just after put all watch on any sidetable?"""

**AIMessage**:
"""temporal_neighbor('put all watch on any sidetable', direction='after')"""

**HumanMessage**:
""""Temporal neighbor candidates for target='put all watch on any sidetable', direction='after':\n1. score=0.79; target=2023/05/13 19:00:32 - 19:02:15: I moved both watches to their final destination on the side table and confirmed with the user that the task was complete.; no after sibling at this level\n2. score=0.73; target=2023/05/01 14:45:57 - 14:47:09: I received an instruction to place all watches on a side table, so I picked up the first watch and placed it on the side table.; after=2023/05/01 14:47:19 - 14:47:34: I opened and then immediately closed a drawer on the side table.\n3. score=0.71; target=2023/05/13 19:00:32 - 19:01:11: I picked up the watch from the dresser and correctly placed it on the side table.; after=2023/05/13 19:01:16 - 19:02:12: I picked up the first watch from the armchair and placed it on the side table, as instructed by the user.\n4. score=0.66; target=2023/05/01 14:45:57 - 14:48:43: I followed instructions to place all watches on a side table. I picked up the first watch and placed it there, searched for and found a second watch in a cabinet, and placed it on...; after=2023/05/02 13:24 - 13:27: I started by making coffee. I picked up a dirty mug, placed it in the sink, cleaned it by toggling the faucet on and off, poured out its contents, and then placed it in the coffee...\n5. score=0.65; target=2023/05/01 14:48:10 - 14:48:43: I placed the second watch on the side table alongside the first one and confirmed the task was complete after the user acknowledged my actions.; after=2023/05/02 13:24 - 13:27: I started by making coffee. I picked up a dirty mug, placed it in the sink, cleaned it by toggling the faucet on and off, poured out its contents, and then placed it in the coffee...\n6. score=0.55; target=2023/05/13 19:01:16 - 19:02:12: I picked up the first watch from the armchair and placed it on the side table, as instructed by the user.; no after sibling at this level\nRecommended answer: I opened and then immediately closed a drawer on the side table.""""

**HumanMessage**:
"""Current state:
2023/04/23 - 2023/05/13: "I have consistently focused on preparing various meals, including coffee, toast, and dishes with sliced vegetables like potatoes, tomatoes, and lettuce. Additionally, I have assisted with household organization by locating and moving items such as remote controls, pillows, newspapers, and watches, and performed cleaning tasks like washing dishes and watering plants."  
  ..."""
{}
command: answer("I opened and then immediately closed a drawer on the side table.")
expected output: 


 ============================== 


eval answer("I opened and then immediately closed a drawer on the side table.")
Answering I opened and then immediately closed a drawer on the side table.  with reason: None
Tokens Used: 2778
	Prompt Tokens: 2316
	Completion Tokens: 462
Successful Requests: 1
Total Cost (USD): $0.0
Evaluating sample 18e6380ba49c1f55_4ae0-e141c8f6246ebd83_9dee-88f8ad0d2d356270_bb95-05fbc1a35520554d_c1b9-9d1c053084e66e7b_dc9f-14995cb55fdcb9f9_e822-dbb41344c474217f_2e3e-369a8cd57dde1b82_096e-35351038f6f3be3b_9c0e-8b2af8ba42ca5cae_913a-af3ea35af62cb764_aea5-d8d05917aadc27f7_0e39-48f25d2481974dee_e871-064a69cb5d40b41f_9237-04ae108b77699c0f_2453-dfc3dfb3dd5ff1fd_69af-5aa3cbd322d4f163_3bda-d56ca9d2e98c55a5_5d2f-0de4b62afcd06138_f2bb-32e631d248583662_5835-f2fab283e8dd367a_cb1f-3a9da83a824cb52d_c626-faa9c7a273f50d7f_eeba-0ad91909295bf186_134b-7c0a07e02524ae40_f540-3574c805169b19b0_a532-e4909f617bc99db4_4ab8-578d2cc749317a6f_ae7b-af3ea35af62cb764_dbcb-9c97a83f60095487_02d9-7d0e059ca3243596_a484-9e23434a16a146b5_7f9a-c58ede352f7d040b_04a3-1e037cbd9977ec99_d8f3-f2f6723ebab1e6a2_6bea-93af984d7981fdaa_6fc9-9539c0004762d6a8_cdd8-c1eba1e4b831e04b_aab3-09916b24496645e4_5ff9-935fb97bba18de43_1130-6f4aca312776de7b_7e6e-dda9ea220761cc52_5a27-2623dd6b654da651_0cb3-5f3063384d77aa71_0ac8-8455e3db97f9a4dc_de9d-2f8d482d22e56fdd_3e5c-8e41a1f030035e13_d7f5-6e26385c641764c7_1d69-f0f408b728183c76_09d4-a72c03efd22ce41c_c338-0-seq_right_before_questions
[配置] 启用 FAISS 加速，索引类型: flat
[Forgetting] 命中缓存
[GraphAug] 命中图缓存 (nodes=6499, edges=20602)
Got 0 examples


 ============================== 


eval temporal_neighbor('serve 2 slice(s) of tomato on a plate', direction='before')
Updated/Defined variables after execution: {}

**SystemMessage**:
"""You are a smart humanoid robot answering user question about your past actions.
The history object contains information on what you did in the past, represented as a tree.
Use the method expand to look at details of a node.
Make sure to use collapse_all_but(idx) when you expanded irrelevant nodes, in order to keep the tree compact.
Enter Python expressions into the console to see the value and decide for the next command based on that result.
Answer concisely by calling answer("...") when you gathered enough information to answer the question.
Generate syntactically correct python console statements only, no explanations or other natural language statements.
IMPORTANT: If search() returns "No relevant records found", your next command MUST be answer("I have no record of that."). Do not search synonyms, do not expand further, and do not call vqa.
IMPORTANT: If you get "Nothing changed" twice, answer honestly that you have no record. Do NOT keep searching repeatedly. For just-before/just-after questions, first try one broader target search or inspect another relevant top-level time block before giving up.
For object yes/no questions, first use object_lookup("object name"). If it reports no matching summary, answer "No, I have no record of that." Do not call vqa unless you already have a directly relevant leaf image.
For task-list questions such as "List the tasks you performed", first use task_list(). Prefer its Recommended answer and chronological candidates instead of manually expanding the whole tree. For long histories, do not copy every task candidate verbatim unless the user explicitly asks for an exhaustive transcript.
For low-level action questions such as "what task did you perform when you toggle/open/pick up/place X", first use action_lookup("full low-level action"), for example action_lookup("open the drawer"). Do not call task_lookup first for these low-level action questions.
For task-description questions such as "describe what you did when you X", first use task_lookup("X"). Prefer its matching task candidates instead of manually expanding the whole tree. This does not apply to low-level action questions covered by action_lookup.
For exact date/time questions or "N days ago" questions asking what happened, first use date_lookup(question). Prefer its Recommended answer when it is confident instead of manually expanding by date.
For "How many days ago did you X?" or "When did you X?" questions, first use event_date_lookup(question). If it lists multiple days, include all of them in the final answer instead of only the most recent match.
For just-before or just-after questions, first use temporal_neighbor(target_task, direction="before" or "after") if a candidate is not already shown. Prefer the returned Recommended answer when it is confident. Only then inspect adjacent sibling or temporal nodes. Avoid expanding to raw leaf observations unless the summary is insufficient.
Do not call vqa for time, date, task-list, before/after, or yes/no object-existence questions when textual summaries already answer the question. Use vqa only for explicit visual appearance questions such as color, visible state, or what something looks like.
Never output bare parameters such as reasoning="..." answer="...". Always call answer("..."). You may call answer(reasoning="...", answer="...") only when a short reason is necessary.
Keep answer() short: answer under 60 words, and do not use markdown or backticks inside answer()."""

**HumanMessage**:
"""
def action_lookup(query: str, max_matches: int = 6) -> str # For low-level action questions, map raw leaf actions back to task-sized summaries
def answer(reasoning: str = None, answer: str = Ellipsis)
def ask(question: str)
def date_lookup(query: str, max_matches: int = 8) -> str # For exact date/time or N-days-ago questions, list matching history summaries directly
def event_date_lookup(query: str, max_matches: int = 12) -> str # For "how many days ago did you X" questions, find all matching event dates directly
def now() -> datetime.datetime
def object_lookup(object_name: str, max_matches: int = 8) -> str # For object yes/no questions, check whether task summaries mention the object
def task_list(max_tasks: int = 30) -> str # For task-list questions, list task-sized history summaries in chronological order
def task_lookup(query: str, max_matches: int = 8) -> str # For task-description questions, list task-sized summaries matching a query
def temporal_neighbor(target_task: str, direction: str = 'before', max_candidates: int = 6) -> str # For just-before/just-after questions, find the target task and return adjacent task candidates
def vqa(question: str, *images: PIL.Image.Image)
"""

**HumanMessage**:
"""Usage examples:
>>> history.expand()  # Shows the history tree with all child nodes expanded
>>> history.expand(date(2021, 12, 20))  # Expand the children that overlap with the given day
>>> history.expand(now() - timedelta(hours=6), now() - timedelta(hours=4))  # Expand all children that overlap with the given range (in this example "about 5 hours ago")
>>> history.expand((now() - timedelta(days=2)).date())  # Expand all children that overlap with the day before yesterday
>>> history.expand(0)  # Shows child node 0
>>> history[0].expand()  # Expands all child nodes of node 0 (node 0 must be expanded already to see them)
>>> history[5][2].expand()  # Shows child node 2 of child node 5 with all its child nodes expanded
>>> history.search("green cup") # Semantic index search. Expands the most relevant children according to similarity of the natural language query and the node's (recursively defined) index content.
>>> history[1][42].search("bicycle") # Semantic index search on some node further down the tree. Expands the children of node 1.42 most relevant to the search term
>>> history[3].collapse_all_but(1); history[3][1].expand()  # Zooms into details of child node 3.1 while collapsing all other childs of node 3
>>> vqa("What color is the ... in this image?",
...     history[2][4][-1][0].image)  # Invoke a model to answer a visual question about image(s) of some leaf (!) node(s)

# After gathering the relevant information, answer the question:
# Use a short final answer. Optionally provide a brief reasoning only when needed.
>>> answer("...")"""

**HumanMessage**:
"""User question: What task did you do just before serve 2 slice(s) of tomato on a plate?"""

**AIMessage**:
"""temporal_neighbor('serve 2 slice(s) of tomato on a plate', direction='before')"""

**HumanMessage**:
""""Temporal neighbor candidates for target='serve 2 slice(s) of tomato on a plate', direction='before':\n1. score=0.77; target=2023/05/04 11:23:47 - 11:23:59: I picked up two slices of tomato and placed them on the plate.; before=2023/05/04 11:23:40 - 11:23:43: I picked up the cooked potato slice from the pan and placed it on the plate.\n2. score=0.67; target=2023/05/13 17:33 - 17:38: I cooked the potato slices in a pan, prepared a plate, and assembled the salad with the lettuce and tomato before reporting the task as finished.; before=2023/05/13 17:27 - 17:33: I prepared the salad ingredients by gathering a knife, slicing lettuce and a tomato, and searching for and slicing a potato.\n3. score=0.63; target=2023/05/01 08:46:53 - 08:47:05: I added the first slice of tomato to the plate with the toast.; before=2023/05/01 08:45:59 - 08:46:50: I began assembling the sandwich by placing the first two slices of toasted bread onto the plate.\n4. score=0.62; target=2023/04/23 08:47:25 - 08:47:46: I sliced the tomato with a knife and placed two of the sliced tomato pieces onto the plate.; before=2023/04/23 08:46:23 - 08:47:22: I searched for tomatoes by opening and closing several cabinets, and then found a tomato in a cabinet, picked it up, and placed it on the countertop.\n5. score=0.61; target=2023/05/13 17:37:27 - 17:38:16: I retrieved a tomato slice from the garbage can, placed it on the plate to complete the salad, and reported the task as finished.; before=2023/05/13 17:36:51 - 17:37:24: I moved the cooked potato slices and a slice of lettuce onto the plate.\n6. score=0.60; target=2023/05/01 08:17:50 - 08:18:50: Finally, I sliced a tomato and added a tomato slice to the plate to complete the sandwich assembly.; before=2023/05/01 08:16:52 - 08:17:37: I began assembling the meal by placing the two toasted bread slices and a slice of lettuce onto the plate.\nRecommended answer: I picked up the cooked potato slice from the pan and placed it on the plate.""""

**HumanMessage**:
"""Current state:
2023/04/23 - 2023/05/13: "I have consistently focused on preparing various meals, including coffee, toast, and dishes with sliced vegetables like potatoes, tomatoes, and lettuce. Additionally, I have assisted with household organization by locating and moving items such as remote controls, pillows, newspapers, and watches, and performed cleaning tasks like washing dishes and watering plants."  
  ..."""
{}
command: answer("Just before serving two slices of tomato on a plate, I picked up the cooked potato slice from the pan and placed it on the plate.")
expected output: 


 ============================== 


eval answer("Just before serving two slices of tomato on a plate, I picked up the cooked potato slice from the pan and placed it on the plate.")
Answering Just before serving two slices of tomato on a plate, I picked up the cooked potato slice from the pan and placed it on the plate.  with reason: None
Tokens Used: 2759
	Prompt Tokens: 2352
	Completion Tokens: 407
Successful Requests: 1
Total Cost (USD): $0.0
Evaluating sample 18e6380ba49c1f55_4ae0-e141c8f6246ebd83_9dee-88f8ad0d2d356270_bb95-05fbc1a35520554d_c1b9-9d1c053084e66e7b_dc9f-14995cb55fdcb9f9_e822-dbb41344c474217f_2e3e-369a8cd57dde1b82_096e-35351038f6f3be3b_9c0e-8b2af8ba42ca5cae_913a-af3ea35af62cb764_aea5-d8d05917aadc27f7_0e39-48f25d2481974dee_e871-064a69cb5d40b41f_9237-04ae108b77699c0f_2453-dfc3dfb3dd5ff1fd_69af-5aa3cbd322d4f163_3bda-d56ca9d2e98c55a5_5d2f-0de4b62afcd06138_f2bb-32e631d248583662_5835-f2fab283e8dd367a_cb1f-3a9da83a824cb52d_c626-faa9c7a273f50d7f_eeba-0ad91909295bf186_134b-7c0a07e02524ae40_f540-3574c805169b19b0_a532-e4909f617bc99db4_4ab8-578d2cc749317a6f_ae7b-af3ea35af62cb764_dbcb-9c97a83f60095487_02d9-7d0e059ca3243596_a484-9e23434a16a146b5_7f9a-c58ede352f7d040b_04a3-1e037cbd9977ec99_d8f3-f2f6723ebab1e6a2_6bea-93af984d7981fdaa_6fc9-9539c0004762d6a8_cdd8-c1eba1e4b831e04b_aab3-09916b24496645e4_5ff9-935fb97bba18de43_1130-6f4aca312776de7b_7e6e-dda9ea220761cc52_5a27-2623dd6b654da651_0cb3-5f3063384d77aa71_0ac8-8455e3db97f9a4dc_de9d-2f8d482d22e56fdd_3e5c-8e41a1f030035e13_d7f5-6e26385c641764c7_1d69-f0f408b728183c76_09d4-a72c03efd22ce41c_c338-0-seq_simple_object_yes_no
[配置] 启用 FAISS 加速，索引类型: flat
[Forgetting] 命中缓存
[GraphAug] 命中图缓存 (nodes=6499, edges=20602)
Got 0 examples


 ============================== 


eval object_lookup('blinds')
Updated/Defined variables after execution: {}

**SystemMessage**:
"""You are a smart humanoid robot answering user question about your past actions.
The history object contains information on what you did in the past, represented as a tree.
Use the method expand to look at details of a node.
Make sure to use collapse_all_but(idx) when you expanded irrelevant nodes, in order to keep the tree compact.
Enter Python expressions into the console to see the value and decide for the next command based on that result.
Answer concisely by calling answer("...") when you gathered enough information to answer the question.
Generate syntactically correct python console statements only, no explanations or other natural language statements.
IMPORTANT: If search() returns "No relevant records found", your next command MUST be answer("I have no record of that."). Do not search synonyms, do not expand further, and do not call vqa.
IMPORTANT: If you get "Nothing changed" twice, answer honestly that you have no record. Do NOT keep searching repeatedly. For just-before/just-after questions, first try one broader target search or inspect another relevant top-level time block before giving up.
For object yes/no questions, first use object_lookup("object name"). If it reports no matching summary, answer "No, I have no record of that." Do not call vqa unless you already have a directly relevant leaf image.
For task-list questions such as "List the tasks you performed", first use task_list(). Prefer its Recommended answer and chronological candidates instead of manually expanding the whole tree. For long histories, do not copy every task candidate verbatim unless the user explicitly asks for an exhaustive transcript.
For low-level action questions such as "what task did you perform when you toggle/open/pick up/place X", first use action_lookup("full low-level action"), for example action_lookup("open the drawer"). Do not call task_lookup first for these low-level action questions.
For task-description questions such as "describe what you did when you X", first use task_lookup("X"). Prefer its matching task candidates instead of manually expanding the whole tree. This does not apply to low-level action questions covered by action_lookup.
For exact date/time questions or "N days ago" questions asking what happened, first use date_lookup(question). Prefer its Recommended answer when it is confident instead of manually expanding by date.
For "How many days ago did you X?" or "When did you X?" questions, first use event_date_lookup(question). If it lists multiple days, include all of them in the final answer instead of only the most recent match.
For just-before or just-after questions, first use temporal_neighbor(target_task, direction="before" or "after") if a candidate is not already shown. Prefer the returned Recommended answer when it is confident. Only then inspect adjacent sibling or temporal nodes. Avoid expanding to raw leaf observations unless the summary is insufficient.
Do not call vqa for time, date, task-list, before/after, or yes/no object-existence questions when textual summaries already answer the question. Use vqa only for explicit visual appearance questions such as color, visible state, or what something looks like.
Never output bare parameters such as reasoning="..." answer="...". Always call answer("..."). You may call answer(reasoning="...", answer="...") only when a short reason is necessary.
Keep answer() short: answer under 60 words, and do not use markdown or backticks inside answer()."""

**HumanMessage**:
"""
def action_lookup(query: str, max_matches: int = 6) -> str # For low-level action questions, map raw leaf actions back to task-sized summaries
def answer(reasoning: str = None, answer: str = Ellipsis)
def ask(question: str)
def date_lookup(query: str, max_matches: int = 8) -> str # For exact date/time or N-days-ago questions, list matching history summaries directly
def event_date_lookup(query: str, max_matches: int = 12) -> str # For "how many days ago did you X" questions, find all matching event dates directly
def now() -> datetime.datetime
def object_lookup(object_name: str, max_matches: int = 8) -> str # For object yes/no questions, check whether task summaries mention the object
def task_list(max_tasks: int = 30) -> str # For task-list questions, list task-sized history summaries in chronological order
def task_lookup(query: str, max_matches: int = 8) -> str # For task-description questions, list task-sized summaries matching a query
def temporal_neighbor(target_task: str, direction: str = 'before', max_candidates: int = 6) -> str # For just-before/just-after questions, find the target task and return adjacent task candidates
def vqa(question: str, *images: PIL.Image.Image)
"""

**HumanMessage**:
"""Usage examples:
>>> history.expand()  # Shows the history tree with all child nodes expanded
>>> history.expand(date(2021, 12, 20))  # Expand the children that overlap with the given day
>>> history.expand(now() - timedelta(hours=6), now() - timedelta(hours=4))  # Expand all children that overlap with the given range (in this example "about 5 hours ago")
>>> history.expand((now() - timedelta(days=2)).date())  # Expand all children that overlap with the day before yesterday
>>> history.expand(0)  # Shows child node 0
>>> history[0].expand()  # Expands all child nodes of node 0 (node 0 must be expanded already to see them)
>>> history[5][2].expand()  # Shows child node 2 of child node 5 with all its child nodes expanded
>>> history.search("green cup") # Semantic index search. Expands the most relevant children according to similarity of the natural language query and the node's (recursively defined) index content.
>>> history[1][42].search("bicycle") # Semantic index search on some node further down the tree. Expands the children of node 1.42 most relevant to the search term
>>> history[3].collapse_all_but(1); history[3][1].expand()  # Zooms into details of child node 3.1 while collapsing all other childs of node 3
>>> vqa("What color is the ... in this image?",
...     history[2][4][-1][0].image)  # Invoke a model to answer a visual question about image(s) of some leaf (!) node(s)

# After gathering the relevant information, answer the question:
# Use a short final answer. Optionally provide a brief reasoning only when needed.
>>> answer("...")"""

**HumanMessage**:
"""User question: Was there a blinds ?"""

**AIMessage**:
"""object_lookup('blinds')"""

**HumanMessage**:
""""Object lookup for object='blinds':\nNo task-sized summaries mention this object.\nRecommended answer: No, I have no record of that.""""

**HumanMessage**:
"""Current state:
2023/04/23 - 2023/05/13: "I have consistently focused on preparing various meals, including coffee, toast, and dishes with sliced vegetables like potatoes, tomatoes, and lettuce. Additionally, I have assisted with household organization by locating and moving items such as remote controls, pillows, newspapers, and watches, and performed cleaning tasks like washing dishes and watering plants."  
  ..."""
{}
command: answer("No, I have no record of that.")
expected output: 


 ============================== 


eval answer("No, I have no record of that.")
Answering No, I have no record of that.  with reason: None
Tokens Used: 1998
	Prompt Tokens: 1629
	Completion Tokens: 369
Successful Requests: 1
Total Cost (USD): $0.0
Evaluating sample 18e6380ba49c1f55_4ae0-e141c8f6246ebd83_9dee-88f8ad0d2d356270_bb95-05fbc1a35520554d_c1b9-9d1c053084e66e7b_dc9f-14995cb55fdcb9f9_e822-dbb41344c474217f_2e3e-369a8cd57dde1b82_096e-35351038f6f3be3b_9c0e-8b2af8ba42ca5cae_913a-af3ea35af62cb764_aea5-d8d05917aadc27f7_0e39-48f25d2481974dee_e871-064a69cb5d40b41f_9237-04ae108b77699c0f_2453-dfc3dfb3dd5ff1fd_69af-5aa3cbd322d4f163_3bda-d56ca9d2e98c55a5_5d2f-0de4b62afcd06138_f2bb-32e631d248583662_5835-f2fab283e8dd367a_cb1f-3a9da83a824cb52d_c626-faa9c7a273f50d7f_eeba-0ad91909295bf186_134b-7c0a07e02524ae40_f540-3574c805169b19b0_a532-e4909f617bc99db4_4ab8-578d2cc749317a6f_ae7b-af3ea35af62cb764_dbcb-9c97a83f60095487_02d9-7d0e059ca3243596_a484-9e23434a16a146b5_7f9a-c58ede352f7d040b_04a3-1e037cbd9977ec99_d8f3-f2f6723ebab1e6a2_6bea-93af984d7981fdaa_6fc9-9539c0004762d6a8_cdd8-c1eba1e4b831e04b_aab3-09916b24496645e4_5ff9-935fb97bba18de43_1130-6f4aca312776de7b_7e6e-dda9ea220761cc52_5a27-2623dd6b654da651_0cb3-5f3063384d77aa71_0ac8-8455e3db97f9a4dc_de9d-2f8d482d22e56fdd_3e5c-8e41a1f030035e13_d7f5-6e26385c641764c7_1d69-f0f408b728183c76_09d4-a72c03efd22ce41c_c338-0-seq_low_actions_to_episode_task_descs
[配置] 启用 FAISS 加速，索引类型: flat
[Forgetting] 命中缓存
[GraphAug] 命中图缓存 (nodes=6499, edges=20602)
Got 0 examples


 ============================== 


eval task_lookup('pick up the remotecontrol')
Updated/Defined variables after execution: {}
[结构化直答] low-action task lookup matched; returning Recommended answer directly
Tokens Used: 0
	Prompt Tokens: 0
	Completion Tokens: 0
Successful Requests: 0
Total Cost (USD): $0.0
Evaluating sample 18e6380ba49c1f55_4ae0-e141c8f6246ebd83_9dee-88f8ad0d2d356270_bb95-05fbc1a35520554d_c1b9-9d1c053084e66e7b_dc9f-14995cb55fdcb9f9_e822-dbb41344c474217f_2e3e-369a8cd57dde1b82_096e-35351038f6f3be3b_9c0e-8b2af8ba42ca5cae_913a-af3ea35af62cb764_aea5-d8d05917aadc27f7_0e39-48f25d2481974dee_e871-064a69cb5d40b41f_9237-04ae108b77699c0f_2453-dfc3dfb3dd5ff1fd_69af-5aa3cbd322d4f163_3bda-d56ca9d2e98c55a5_5d2f-0de4b62afcd06138_f2bb-32e631d248583662_5835-f2fab283e8dd367a_cb1f-3a9da83a824cb52d_c626-faa9c7a273f50d7f_eeba-0ad91909295bf186_134b-7c0a07e02524ae40_f540-3574c805169b19b0_a532-e4909f617bc99db4_4ab8-578d2cc749317a6f_ae7b-af3ea35af62cb764_dbcb-9c97a83f60095487_02d9-7d0e059ca3243596_a484-9e23434a16a146b5_7f9a-c58ede352f7d040b_04a3-1e037cbd9977ec99_d8f3-f2f6723ebab1e6a2_6bea-93af984d7981fdaa_6fc9-9539c0004762d6a8_cdd8-c1eba1e4b831e04b_aab3-09916b24496645e4_5ff9-935fb97bba18de43_1130-6f4aca312776de7b_7e6e-dda9ea220761cc52_5a27-2623dd6b654da651_0cb3-5f3063384d77aa71_0ac8-8455e3db97f9a4dc_de9d-2f8d482d22e56fdd_3e5c-8e41a1f030035e13_d7f5-6e26385c641764c7_1d69-f0f408b728183c76_09d4-a72c03efd22ce41c_c338-0-exact_time_to_episode
[配置] 启用 FAISS 加速，索引类型: flat
[Forgetting] 命中缓存
[GraphAug] 命中图缓存 (nodes=6499, edges=20602)
Got 0 examples


 ============================== 


eval date_lookup('what did you do on May 13, 2023 at 05:27 PM?')
Updated/Defined variables after execution: {}

**SystemMessage**:
"""You are a smart humanoid robot answering user question about your past actions.
The history object contains information on what you did in the past, represented as a tree.
Use the method expand to look at details of a node.
Make sure to use collapse_all_but(idx) when you expanded irrelevant nodes, in order to keep the tree compact.
Enter Python expressions into the console to see the value and decide for the next command based on that result.
Answer concisely by calling answer("...") when you gathered enough information to answer the question.
Generate syntactically correct python console statements only, no explanations or other natural language statements.
IMPORTANT: If search() returns "No relevant records found", your next command MUST be answer("I have no record of that."). Do not search synonyms, do not expand further, and do not call vqa.
IMPORTANT: If you get "Nothing changed" twice, answer honestly that you have no record. Do NOT keep searching repeatedly. For just-before/just-after questions, first try one broader target search or inspect another relevant top-level time block before giving up.
For object yes/no questions, first use object_lookup("object name"). If it reports no matching summary, answer "No, I have no record of that." Do not call vqa unless you already have a directly relevant leaf image.
For task-list questions such as "List the tasks you performed", first use task_list(). Prefer its Recommended answer and chronological candidates instead of manually expanding the whole tree. For long histories, do not copy every task candidate verbatim unless the user explicitly asks for an exhaustive transcript.
For low-level action questions such as "what task did you perform when you toggle/open/pick up/place X", first use action_lookup("full low-level action"), for example action_lookup("open the drawer"). Do not call task_lookup first for these low-level action questions.
For task-description questions such as "describe what you did when you X", first use task_lookup("X"). Prefer its matching task candidates instead of manually expanding the whole tree. This does not apply to low-level action questions covered by action_lookup.
For exact date/time questions or "N days ago" questions asking what happened, first use date_lookup(question). Prefer its Recommended answer when it is confident instead of manually expanding by date.
For "How many days ago did you X?" or "When did you X?" questions, first use event_date_lookup(question). If it lists multiple days, include all of them in the final answer instead of only the most recent match.
For just-before or just-after questions, first use temporal_neighbor(target_task, direction="before" or "after") if a candidate is not already shown. Prefer the returned Recommended answer when it is confident. Only then inspect adjacent sibling or temporal nodes. Avoid expanding to raw leaf observations unless the summary is insufficient.
Do not call vqa for time, date, task-list, before/after, or yes/no object-existence questions when textual summaries already answer the question. Use vqa only for explicit visual appearance questions such as color, visible state, or what something looks like.
Never output bare parameters such as reasoning="..." answer="...". Always call answer("..."). You may call answer(reasoning="...", answer="...") only when a short reason is necessary.
Keep answer() short: answer under 60 words, and do not use markdown or backticks inside answer()."""

**HumanMessage**:
"""
def action_lookup(query: str, max_matches: int = 6) -> str # For low-level action questions, map raw leaf actions back to task-sized summaries
def answer(reasoning: str = None, answer: str = Ellipsis)
def ask(question: str)
def date_lookup(query: str, max_matches: int = 8) -> str # For exact date/time or N-days-ago questions, list matching history summaries directly
def event_date_lookup(query: str, max_matches: int = 12) -> str # For "how many days ago did you X" questions, find all matching event dates directly
def now() -> datetime.datetime
def object_lookup(object_name: str, max_matches: int = 8) -> str # For object yes/no questions, check whether task summaries mention the object
def task_list(max_tasks: int = 30) -> str # For task-list questions, list task-sized history summaries in chronological order
def task_lookup(query: str, max_matches: int = 8) -> str # For task-description questions, list task-sized summaries matching a query
def temporal_neighbor(target_task: str, direction: str = 'before', max_candidates: int = 6) -> str # For just-before/just-after questions, find the target task and return adjacent task candidates
def vqa(question: str, *images: PIL.Image.Image)
"""

**HumanMessage**:
"""Usage examples:
>>> history.expand()  # Shows the history tree with all child nodes expanded
>>> history.expand(date(2021, 12, 20))  # Expand the children that overlap with the given day
>>> history.expand(now() - timedelta(hours=6), now() - timedelta(hours=4))  # Expand all children that overlap with the given range (in this example "about 5 hours ago")
>>> history.expand((now() - timedelta(days=2)).date())  # Expand all children that overlap with the day before yesterday
>>> history.expand(0)  # Shows child node 0
>>> history[0].expand()  # Expands all child nodes of node 0 (node 0 must be expanded already to see them)
>>> history[5][2].expand()  # Shows child node 2 of child node 5 with all its child nodes expanded
>>> history.search("green cup") # Semantic index search. Expands the most relevant children according to similarity of the natural language query and the node's (recursively defined) index content.
>>> history[1][42].search("bicycle") # Semantic index search on some node further down the tree. Expands the children of node 1.42 most relevant to the search term
>>> history[3].collapse_all_but(1); history[3][1].expand()  # Zooms into details of child node 3.1 while collapsing all other childs of node 3
>>> vqa("What color is the ... in this image?",
...     history[2][4][-1][0].image)  # Invoke a model to answer a visual question about image(s) of some leaf (!) node(s)

# After gathering the relevant information, answer the question:
# Use a short final answer. Optionally provide a brief reasoning only when needed.
>>> answer("...")"""

**HumanMessage**:
"""User question: what did you do on May 13, 2023 at 05:27 PM?"""

**AIMessage**:
"""date_lookup('what did you do on May 13, 2023 at 05:27 PM?')"""

**HumanMessage**:
""""Date lookup for query='what did you do on May 13, 2023 at 05:27 PM?': resolved=2023/05/13 17:27:00.\n1. score=0.99; 2023/05/13 17:27:25 - 17:29:29: I picked up a knife from the fridge and opened the fridge to access the ingredients for a salad.\n2. score=0.89; 2023/05/13 17:27 - 17:33: I prepared the salad ingredients by gathering a knife, slicing lettuce and a tomato, and searching for and slicing a potato.\n3. score=0.84; 2023/05/13 17:27:25 - 17:28:31: Goal: Pickup(Knife_0) Visual observation: Knife_0, Apple_0, Mug Speech: 2023-05-13 17:27:25.835470: Hello. We need to make a salad 2023-05-13 17:27:53.487425: You will need a knife. The knife is in the fridge. 2023-05-13...\n4. score=0.80; 2023/05/13 17:27 - 17:38: I prepared a salad by slicing lettuce, tomato, and potato, then cooked the potato slices and assembled all the ingredients on a plate to complete the task.\n5. score=0.39; 2023/05/13 15:45 - 19:02: On May 13th, I cleaned a mug by emptying it and rinsing it in the sink. Later, I prepared a salad by slicing lettuce, tomato, and potato, cooking the potato, and assembling the ingredients on a plate. Finally, I moved tw...\n6. score=0.08; 2023/04/23 - 2023/05/13: I have consistently focused on preparing various meals, including coffee, toast, and dishes with sliced vegetables like potatoes, tomatoes, and lettuce. Additionally, I have assisted with household organization by locati...\nRecommended answer: I picked up a knife from the fridge and opened the fridge to access the ingredients for a salad.""""

**HumanMessage**:
"""Current state:
2023/04/23 - 2023/05/13: "I have consistently focused on preparing various meals, including coffee, toast, and dishes with sliced vegetables like potatoes, tomatoes, and lettuce. Additionally, I have assisted with household organization by locating and moving items such as remote controls, pillows, newspapers, and watches, and performed cleaning tasks like washing dishes and watering plants."  
  ..."""
{}
command: answer("At 5:27 PM on May 13, 2023, I picked up a knife from the fridge and opened it to get the ingredients for a salad.")
expected output: 


 ============================== 


eval answer("At 5:27 PM on May 13, 2023, I picked up a knife from the fridge and opened it to get the ingredients for a salad.")
Answering At 5:27 PM on May 13, 2023, I picked up a knife from the fridge and opened it to get the ingredients for a salad.  with reason: None
Tokens Used: 2782
	Prompt Tokens: 2213
	Completion Tokens: 569
Successful Requests: 1
Total Cost (USD): $0.0
Evaluating sample 18e6380ba49c1f55_4ae0-e141c8f6246ebd83_9dee-88f8ad0d2d356270_bb95-05fbc1a35520554d_c1b9-9d1c053084e66e7b_dc9f-14995cb55fdcb9f9_e822-dbb41344c474217f_2e3e-369a8cd57dde1b82_096e-35351038f6f3be3b_9c0e-8b2af8ba42ca5cae_913a-af3ea35af62cb764_aea5-d8d05917aadc27f7_0e39-48f25d2481974dee_e871-064a69cb5d40b41f_9237-04ae108b77699c0f_2453-dfc3dfb3dd5ff1fd_69af-5aa3cbd322d4f163_3bda-d56ca9d2e98c55a5_5d2f-0de4b62afcd06138_f2bb-32e631d248583662_5835-f2fab283e8dd367a_cb1f-3a9da83a824cb52d_c626-faa9c7a273f50d7f_eeba-0ad91909295bf186_134b-7c0a07e02524ae40_f540-3574c805169b19b0_a532-e4909f617bc99db4_4ab8-578d2cc749317a6f_ae7b-af3ea35af62cb764_dbcb-9c97a83f60095487_02d9-7d0e059ca3243596_a484-9e23434a16a146b5_7f9a-c58ede352f7d040b_04a3-1e037cbd9977ec99_d8f3-f2f6723ebab1e6a2_6bea-93af984d7981fdaa_6fc9-9539c0004762d6a8_cdd8-c1eba1e4b831e04b_aab3-09916b24496645e4_5ff9-935fb97bba18de43_1130-6f4aca312776de7b_7e6e-dda9ea220761cc52_5a27-2623dd6b654da651_0cb3-5f3063384d77aa71_0ac8-8455e3db97f9a4dc_de9d-2f8d482d22e56fdd_3e5c-8e41a1f030035e13_d7f5-6e26385c641764c7_1d69-f0f408b728183c76_09d4-a72c03efd22ce41c_c338-0-tasks_to_exact_times
[配置] 启用 FAISS 加速，索引类型: flat
[Forgetting] 命中缓存
[GraphAug] 命中图缓存 (nodes=6499, edges=20602)
Got 0 examples


 ============================== 


eval event_date_lookup('When did you put all pillow on any armchair?')
Updated/Defined variables after execution: {}

**SystemMessage**:
"""You are a smart humanoid robot answering user question about your past actions.
The history object contains information on what you did in the past, represented as a tree.
Use the method expand to look at details of a node.
Make sure to use collapse_all_but(idx) when you expanded irrelevant nodes, in order to keep the tree compact.
Enter Python expressions into the console to see the value and decide for the next command based on that result.
Answer concisely by calling answer("...") when you gathered enough information to answer the question.
Generate syntactically correct python console statements only, no explanations or other natural language statements.
IMPORTANT: If search() returns "No relevant records found", your next command MUST be answer("I have no record of that."). Do not search synonyms, do not expand further, and do not call vqa.
IMPORTANT: If you get "Nothing changed" twice, answer honestly that you have no record. Do NOT keep searching repeatedly. For just-before/just-after questions, first try one broader target search or inspect another relevant top-level time block before giving up.
For object yes/no questions, first use object_lookup("object name"). If it reports no matching summary, answer "No, I have no record of that." Do not call vqa unless you already have a directly relevant leaf image.
For task-list questions such as "List the tasks you performed", first use task_list(). Prefer its Recommended answer and chronological candidates instead of manually expanding the whole tree. For long histories, do not copy every task candidate verbatim unless the user explicitly asks for an exhaustive transcript.
For low-level action questions such as "what task did you perform when you toggle/open/pick up/place X", first use action_lookup("full low-level action"), for example action_lookup("open the drawer"). Do not call task_lookup first for these low-level action questions.
For task-description questions such as "describe what you did when you X", first use task_lookup("X"). Prefer its matching task candidates instead of manually expanding the whole tree. This does not apply to low-level action questions covered by action_lookup.
For exact date/time questions or "N days ago" questions asking what happened, first use date_lookup(question). Prefer its Recommended answer when it is confident instead of manually expanding by date.
For "How many days ago did you X?" or "When did you X?" questions, first use event_date_lookup(question). If it lists multiple days, include all of them in the final answer instead of only the most recent match.
For just-before or just-after questions, first use temporal_neighbor(target_task, direction="before" or "after") if a candidate is not already shown. Prefer the returned Recommended answer when it is confident. Only then inspect adjacent sibling or temporal nodes. Avoid expanding to raw leaf observations unless the summary is insufficient.
Do not call vqa for time, date, task-list, before/after, or yes/no object-existence questions when textual summaries already answer the question. Use vqa only for explicit visual appearance questions such as color, visible state, or what something looks like.
Never output bare parameters such as reasoning="..." answer="...". Always call answer("..."). You may call answer(reasoning="...", answer="...") only when a short reason is necessary.
Keep answer() short: answer under 60 words, and do not use markdown or backticks inside answer()."""

**HumanMessage**:
"""
def action_lookup(query: str, max_matches: int = 6) -> str # For low-level action questions, map raw leaf actions back to task-sized summaries
def answer(reasoning: str = None, answer: str = Ellipsis)
def ask(question: str)
def date_lookup(query: str, max_matches: int = 8) -> str # For exact date/time or N-days-ago questions, list matching history summaries directly
def event_date_lookup(query: str, max_matches: int = 12) -> str # For "how many days ago did you X" questions, find all matching event dates directly
def now() -> datetime.datetime
def object_lookup(object_name: str, max_matches: int = 8) -> str # For object yes/no questions, check whether task summaries mention the object
def task_list(max_tasks: int = 30) -> str # For task-list questions, list task-sized history summaries in chronological order
def task_lookup(query: str, max_matches: int = 8) -> str # For task-description questions, list task-sized summaries matching a query
def temporal_neighbor(target_task: str, direction: str = 'before', max_candidates: int = 6) -> str # For just-before/just-after questions, find the target task and return adjacent task candidates
def vqa(question: str, *images: PIL.Image.Image)
"""

**HumanMessage**:
"""Usage examples:
>>> history.expand()  # Shows the history tree with all child nodes expanded
>>> history.expand(date(2021, 12, 20))  # Expand the children that overlap with the given day
>>> history.expand(now() - timedelta(hours=6), now() - timedelta(hours=4))  # Expand all children that overlap with the given range (in this example "about 5 hours ago")
>>> history.expand((now() - timedelta(days=2)).date())  # Expand all children that overlap with the day before yesterday
>>> history.expand(0)  # Shows child node 0
>>> history[0].expand()  # Expands all child nodes of node 0 (node 0 must be expanded already to see them)
>>> history[5][2].expand()  # Shows child node 2 of child node 5 with all its child nodes expanded
>>> history.search("green cup") # Semantic index search. Expands the most relevant children according to similarity of the natural language query and the node's (recursively defined) index content.
>>> history[1][42].search("bicycle") # Semantic index search on some node further down the tree. Expands the children of node 1.42 most relevant to the search term
>>> history[3].collapse_all_but(1); history[3][1].expand()  # Zooms into details of child node 3.1 while collapsing all other childs of node 3
>>> vqa("What color is the ... in this image?",
...     history[2][4][-1][0].image)  # Invoke a model to answer a visual question about image(s) of some leaf (!) node(s)

# After gathering the relevant information, answer the question:
# Use a short final answer. Optionally provide a brief reasoning only when needed.
>>> answer("...")"""

**HumanMessage**:
"""User question: When did you put all pillow on any armchair?"""

**AIMessage**:
"""event_date_lookup('When did you put all pillow on any armchair?')"""

**HumanMessage**:
""""Event date lookup for query='When did you put all pillow on any armchair?': event='put all pillow on any armchair', today=2023/05/14.\n1. score=0.71; days_ago=17; 2023/04/27 12:10:30 - 12:11:49: I started by picking up the first pillow from the dresser and placing it on the armchair.\n2. score=0.70; days_ago=10; 2023/05/04 10:07:00 - 10:08:24: I received an instruction to place three pillows on an armchair. I picked up the first two pillows from the dresser and placed them on the armchair. Meanwhile, I was informed that the last pillow was located in the drawe...\nRecommended answer: on 2023/04/27, and 2023/05/04""""

**HumanMessage**:
"""Current state:
2023/04/23 - 2023/05/13: "I have consistently focused on preparing various meals, including coffee, toast, and dishes with sliced vegetables like potatoes, tomatoes, and lettuce. Additionally, I have assisted with household organization by locating and moving items such as remote controls, pillows, newspapers, and watches, and performed cleaning tasks like washing dishes and watering plants."  
  ..."""
{}
command: answer("I have records of putting pillows on an armchair on April 27, 2023, and May 4, 2023.")
expected output: 


 ============================== 


eval answer("I have records of putting pillows on an armchair on April 27, 2023, and May 4, 2023.")
Answering I have records of putting pillows on an armchair on April 27, 2023, and May 4, 2023.  with reason: None
Tokens Used: 2069
	Prompt Tokens: 1839
	Completion Tokens: 230
Successful Requests: 1
Total Cost (USD): $0.0
Evaluating sample 18e6380ba49c1f55_4ae0-e141c8f6246ebd83_9dee-88f8ad0d2d356270_bb95-05fbc1a35520554d_c1b9-9d1c053084e66e7b_dc9f-14995cb55fdcb9f9_e822-dbb41344c474217f_2e3e-369a8cd57dde1b82_096e-35351038f6f3be3b_9c0e-8b2af8ba42ca5cae_913a-af3ea35af62cb764_aea5-d8d05917aadc27f7_0e39-48f25d2481974dee_e871-064a69cb5d40b41f_9237-04ae108b77699c0f_2453-dfc3dfb3dd5ff1fd_69af-5aa3cbd322d4f163_3bda-d56ca9d2e98c55a5_5d2f-0de4b62afcd06138_f2bb-32e631d248583662_5835-f2fab283e8dd367a_cb1f-3a9da83a824cb52d_c626-faa9c7a273f50d7f_eeba-0ad91909295bf186_134b-7c0a07e02524ae40_f540-3574c805169b19b0_a532-e4909f617bc99db4_4ab8-578d2cc749317a6f_ae7b-af3ea35af62cb764_dbcb-9c97a83f60095487_02d9-7d0e059ca3243596_a484-9e23434a16a146b5_7f9a-c58ede352f7d040b_04a3-1e037cbd9977ec99_d8f3-f2f6723ebab1e6a2_6bea-93af984d7981fdaa_6fc9-9539c0004762d6a8_cdd8-c1eba1e4b831e04b_aab3-09916b24496645e4_5ff9-935fb97bba18de43_1130-6f4aca312776de7b_7e6e-dda9ea220761cc52_5a27-2623dd6b654da651_0cb3-5f3063384d77aa71_0ac8-8455e3db97f9a4dc_de9d-2f8d482d22e56fdd_3e5c-8e41a1f030035e13_d7f5-6e26385c641764c7_1d69-f0f408b728183c76_09d4-a72c03efd22ce41c_c338-0-tasks_to_days_ago
[配置] 启用 FAISS 加速，索引类型: flat
[Forgetting] 命中缓存
[GraphAug] 命中图缓存 (nodes=6499, edges=20602)
Got 0 examples


 ============================== 


eval event_date_lookup('Today is May 14, 2023 at 05:50 PM. How many days ago did you put all pillow on any armchair?')
Updated/Defined variables after execution: {}

**SystemMessage**:
"""You are a smart humanoid robot answering user question about your past actions.
The history object contains information on what you did in the past, represented as a tree.
Use the method expand to look at details of a node.
Make sure to use collapse_all_but(idx) when you expanded irrelevant nodes, in order to keep the tree compact.
Enter Python expressions into the console to see the value and decide for the next command based on that result.
Answer concisely by calling answer("...") when you gathered enough information to answer the question.
Generate syntactically correct python console statements only, no explanations or other natural language statements.
IMPORTANT: If search() returns "No relevant records found", your next command MUST be answer("I have no record of that."). Do not search synonyms, do not expand further, and do not call vqa.
IMPORTANT: If you get "Nothing changed" twice, answer honestly that you have no record. Do NOT keep searching repeatedly. For just-before/just-after questions, first try one broader target search or inspect another relevant top-level time block before giving up.
For object yes/no questions, first use object_lookup("object name"). If it reports no matching summary, answer "No, I have no record of that." Do not call vqa unless you already have a directly relevant leaf image.
For task-list questions such as "List the tasks you performed", first use task_list(). Prefer its Recommended answer and chronological candidates instead of manually expanding the whole tree. For long histories, do not copy every task candidate verbatim unless the user explicitly asks for an exhaustive transcript.
For low-level action questions such as "what task did you perform when you toggle/open/pick up/place X", first use action_lookup("full low-level action"), for example action_lookup("open the drawer"). Do not call task_lookup first for these low-level action questions.
For task-description questions such as "describe what you did when you X", first use task_lookup("X"). Prefer its matching task candidates instead of manually expanding the whole tree. This does not apply to low-level action questions covered by action_lookup.
For exact date/time questions or "N days ago" questions asking what happened, first use date_lookup(question). Prefer its Recommended answer when it is confident instead of manually expanding by date.
For "How many days ago did you X?" or "When did you X?" questions, first use event_date_lookup(question). If it lists multiple days, include all of them in the final answer instead of only the most recent match.
For just-before or just-after questions, first use temporal_neighbor(target_task, direction="before" or "after") if a candidate is not already shown. Prefer the returned Recommended answer when it is confident. Only then inspect adjacent sibling or temporal nodes. Avoid expanding to raw leaf observations unless the summary is insufficient.
Do not call vqa for time, date, task-list, before/after, or yes/no object-existence questions when textual summaries already answer the question. Use vqa only for explicit visual appearance questions such as color, visible state, or what something looks like.
Never output bare parameters such as reasoning="..." answer="...". Always call answer("..."). You may call answer(reasoning="...", answer="...") only when a short reason is necessary.
Keep answer() short: answer under 60 words, and do not use markdown or backticks inside answer()."""

**HumanMessage**:
"""
def action_lookup(query: str, max_matches: int = 6) -> str # For low-level action questions, map raw leaf actions back to task-sized summaries
def answer(reasoning: str = None, answer: str = Ellipsis)
def ask(question: str)
def date_lookup(query: str, max_matches: int = 8) -> str # For exact date/time or N-days-ago questions, list matching history summaries directly
def event_date_lookup(query: str, max_matches: int = 12) -> str # For "how many days ago did you X" questions, find all matching event dates directly
def now() -> datetime.datetime
def object_lookup(object_name: str, max_matches: int = 8) -> str # For object yes/no questions, check whether task summaries mention the object
def task_list(max_tasks: int = 30) -> str # For task-list questions, list task-sized history summaries in chronological order
def task_lookup(query: str, max_matches: int = 8) -> str # For task-description questions, list task-sized summaries matching a query
def temporal_neighbor(target_task: str, direction: str = 'before', max_candidates: int = 6) -> str # For just-before/just-after questions, find the target task and return adjacent task candidates
def vqa(question: str, *images: PIL.Image.Image)
"""

**HumanMessage**:
"""Usage examples:
>>> history.expand()  # Shows the history tree with all child nodes expanded
>>> history.expand(date(2021, 12, 20))  # Expand the children that overlap with the given day
>>> history.expand(now() - timedelta(hours=6), now() - timedelta(hours=4))  # Expand all children that overlap with the given range (in this example "about 5 hours ago")
>>> history.expand((now() - timedelta(days=2)).date())  # Expand all children that overlap with the day before yesterday
>>> history.expand(0)  # Shows child node 0
>>> history[0].expand()  # Expands all child nodes of node 0 (node 0 must be expanded already to see them)
>>> history[5][2].expand()  # Shows child node 2 of child node 5 with all its child nodes expanded
>>> history.search("green cup") # Semantic index search. Expands the most relevant children according to similarity of the natural language query and the node's (recursively defined) index content.
>>> history[1][42].search("bicycle") # Semantic index search on some node further down the tree. Expands the children of node 1.42 most relevant to the search term
>>> history[3].collapse_all_but(1); history[3][1].expand()  # Zooms into details of child node 3.1 while collapsing all other childs of node 3
>>> vqa("What color is the ... in this image?",
...     history[2][4][-1][0].image)  # Invoke a model to answer a visual question about image(s) of some leaf (!) node(s)

# After gathering the relevant information, answer the question:
# Use a short final answer. Optionally provide a brief reasoning only when needed.
>>> answer("...")"""

**HumanMessage**:
"""User question: Today is May 14, 2023 at 05:50 PM. How many days ago did you put all pillow on any armchair?"""

**AIMessage**:
"""event_date_lookup('Today is May 14, 2023 at 05:50 PM. How many days ago did you put all pillow on any armchair?')"""

**HumanMessage**:
""""Event date lookup for query='Today is May 14, 2023 at 05:50 PM. How many days ago did you put all pillow on any armchair?': event='put all pillow on any armchair', today=2023/05/14.\n1. score=0.71; days_ago=17; 2023/04/27 12:10:30 - 12:11:49: I started by picking up the first pillow from the dresser and placing it on the armchair.\n2. score=0.70; days_ago=10; 2023/05/04 10:07:00 - 10:08:24: I received an instruction to place three pillows on an armchair. I picked up the first two pillows from the dresser and placed them on the armchair. Meanwhile, I was informed that the last pillow was located in the drawe...\nRecommended answer: 17 days ago and 10 days ago""""

**HumanMessage**:
"""Current state:
2023/04/23 - 2023/05/13: "I have consistently focused on preparing various meals, including coffee, toast, and dishes with sliced vegetables like potatoes, tomatoes, and lettuce. Additionally, I have assisted with household organization by locating and moving items such as remote controls, pillows, newspapers, and watches, and performed cleaning tasks like washing dishes and watering plants."  
  ..."""
{}
command: answer("I have records of putting pillows on an armchair 17 days ago and 10 days ago.")
expected output: 


 ============================== 


eval answer("I have records of putting pillows on an armchair 17 days ago and 10 days ago.")
Answering I have records of putting pillows on an armchair 17 days ago and 10 days ago.  with reason: None
Tokens Used: 2138
	Prompt Tokens: 1897
	Completion Tokens: 241
Successful Requests: 1
Total Cost (USD): $0.0
Evaluating sample 18e6380ba49c1f55_4ae0-e141c8f6246ebd83_9dee-88f8ad0d2d356270_bb95-05fbc1a35520554d_c1b9-9d1c053084e66e7b_dc9f-14995cb55fdcb9f9_e822-dbb41344c474217f_2e3e-369a8cd57dde1b82_096e-35351038f6f3be3b_9c0e-8b2af8ba42ca5cae_913a-af3ea35af62cb764_aea5-d8d05917aadc27f7_0e39-48f25d2481974dee_e871-064a69cb5d40b41f_9237-04ae108b77699c0f_2453-dfc3dfb3dd5ff1fd_69af-5aa3cbd322d4f163_3bda-d56ca9d2e98c55a5_5d2f-0de4b62afcd06138_f2bb-32e631d248583662_5835-f2fab283e8dd367a_cb1f-3a9da83a824cb52d_c626-faa9c7a273f50d7f_eeba-0ad91909295bf186_134b-7c0a07e02524ae40_f540-3574c805169b19b0_a532-e4909f617bc99db4_4ab8-578d2cc749317a6f_ae7b-af3ea35af62cb764_dbcb-9c97a83f60095487_02d9-7d0e059ca3243596_a484-9e23434a16a146b5_7f9a-c58ede352f7d040b_04a3-1e037cbd9977ec99_d8f3-f2f6723ebab1e6a2_6bea-93af984d7981fdaa_6fc9-9539c0004762d6a8_cdd8-c1eba1e4b831e04b_aab3-09916b24496645e4_5ff9-935fb97bba18de43_1130-6f4aca312776de7b_7e6e-dda9ea220761cc52_5a27-2623dd6b654da651_0cb3-5f3063384d77aa71_0ac8-8455e3db97f9a4dc_de9d-2f8d482d22e56fdd_3e5c-8e41a1f030035e13_d7f5-6e26385c641764c7_1d69-f0f408b728183c76_09d4-a72c03efd22ce41c_c338-0-days_ago_to_episode
[配置] 启用 FAISS 加速，索引类型: flat
[Forgetting] 命中缓存
[GraphAug] 命中图缓存 (nodes=6499, edges=20602)
Got 0 examples


 ============================== 


eval date_lookup('Today is May 14, 2023 at 05:50 PM. What did you do 12 days ago?')
Updated/Defined variables after execution: {}

**SystemMessage**:
"""You are a smart humanoid robot answering user question about your past actions.
The history object contains information on what you did in the past, represented as a tree.
Use the method expand to look at details of a node.
Make sure to use collapse_all_but(idx) when you expanded irrelevant nodes, in order to keep the tree compact.
Enter Python expressions into the console to see the value and decide for the next command based on that result.
Answer concisely by calling answer("...") when you gathered enough information to answer the question.
Generate syntactically correct python console statements only, no explanations or other natural language statements.
IMPORTANT: If search() returns "No relevant records found", your next command MUST be answer("I have no record of that."). Do not search synonyms, do not expand further, and do not call vqa.
IMPORTANT: If you get "Nothing changed" twice, answer honestly that you have no record. Do NOT keep searching repeatedly. For just-before/just-after questions, first try one broader target search or inspect another relevant top-level time block before giving up.
For object yes/no questions, first use object_lookup("object name"). If it reports no matching summary, answer "No, I have no record of that." Do not call vqa unless you already have a directly relevant leaf image.
For task-list questions such as "List the tasks you performed", first use task_list(). Prefer its Recommended answer and chronological candidates instead of manually expanding the whole tree. For long histories, do not copy every task candidate verbatim unless the user explicitly asks for an exhaustive transcript.
For low-level action questions such as "what task did you perform when you toggle/open/pick up/place X", first use action_lookup("full low-level action"), for example action_lookup("open the drawer"). Do not call task_lookup first for these low-level action questions.
For task-description questions such as "describe what you did when you X", first use task_lookup("X"). Prefer its matching task candidates instead of manually expanding the whole tree. This does not apply to low-level action questions covered by action_lookup.
For exact date/time questions or "N days ago" questions asking what happened, first use date_lookup(question). Prefer its Recommended answer when it is confident instead of manually expanding by date.
For "How many days ago did you X?" or "When did you X?" questions, first use event_date_lookup(question). If it lists multiple days, include all of them in the final answer instead of only the most recent match.
For just-before or just-after questions, first use temporal_neighbor(target_task, direction="before" or "after") if a candidate is not already shown. Prefer the returned Recommended answer when it is confident. Only then inspect adjacent sibling or temporal nodes. Avoid expanding to raw leaf observations unless the summary is insufficient.
Do not call vqa for time, date, task-list, before/after, or yes/no object-existence questions when textual summaries already answer the question. Use vqa only for explicit visual appearance questions such as color, visible state, or what something looks like.
Never output bare parameters such as reasoning="..." answer="...". Always call answer("..."). You may call answer(reasoning="...", answer="...") only when a short reason is necessary.
Keep answer() short: answer under 60 words, and do not use markdown or backticks inside answer()."""

**HumanMessage**:
"""
def action_lookup(query: str, max_matches: int = 6) -> str # For low-level action questions, map raw leaf actions back to task-sized summaries
def answer(reasoning: str = None, answer: str = Ellipsis)
def ask(question: str)
def date_lookup(query: str, max_matches: int = 8) -> str # For exact date/time or N-days-ago questions, list matching history summaries directly
def event_date_lookup(query: str, max_matches: int = 12) -> str # For "how many days ago did you X" questions, find all matching event dates directly
def now() -> datetime.datetime
def object_lookup(object_name: str, max_matches: int = 8) -> str # For object yes/no questions, check whether task summaries mention the object
def task_list(max_tasks: int = 30) -> str # For task-list questions, list task-sized history summaries in chronological order
def task_lookup(query: str, max_matches: int = 8) -> str # For task-description questions, list task-sized summaries matching a query
def temporal_neighbor(target_task: str, direction: str = 'before', max_candidates: int = 6) -> str # For just-before/just-after questions, find the target task and return adjacent task candidates
def vqa(question: str, *images: PIL.Image.Image)
"""

**HumanMessage**:
"""Usage examples:
>>> history.expand()  # Shows the history tree with all child nodes expanded
>>> history.expand(date(2021, 12, 20))  # Expand the children that overlap with the given day
>>> history.expand(now() - timedelta(hours=6), now() - timedelta(hours=4))  # Expand all children that overlap with the given range (in this example "about 5 hours ago")
>>> history.expand((now() - timedelta(days=2)).date())  # Expand all children that overlap with the day before yesterday
>>> history.expand(0)  # Shows child node 0
>>> history[0].expand()  # Expands all child nodes of node 0 (node 0 must be expanded already to see them)
>>> history[5][2].expand()  # Shows child node 2 of child node 5 with all its child nodes expanded
>>> history.search("green cup") # Semantic index search. Expands the most relevant children according to similarity of the natural language query and the node's (recursively defined) index content.
>>> history[1][42].search("bicycle") # Semantic index search on some node further down the tree. Expands the children of node 1.42 most relevant to the search term
>>> history[3].collapse_all_but(1); history[3][1].expand()  # Zooms into details of child node 3.1 while collapsing all other childs of node 3
>>> vqa("What color is the ... in this image?",
...     history[2][4][-1][0].image)  # Invoke a model to answer a visual question about image(s) of some leaf (!) node(s)

# After gathering the relevant information, answer the question:
# Use a short final answer. Optionally provide a brief reasoning only when needed.
>>> answer("...")"""

**HumanMessage**:
"""User question: Today is May 14, 2023 at 05:50 PM. What did you do 12 days ago?"""

**AIMessage**:
"""date_lookup('Today is May 14, 2023 at 05:50 PM. What did you do 12 days ago?')"""

**HumanMessage**:
""""Date lookup for query='Today is May 14, 2023 at 05:50 PM. What did you do 12 days ago?': resolved=2023/05/02.\n1. score=0.85; 2023/05/02 17:32 - 17:47: I then prepared a potato, slicing it after cooking it in the microwave. I placed two potato slices in a bowl, emptied the bowl, cleaned it in the sink, and finally sliced an apple and placed a slice on the plate with the...\n2. score=0.85; 2023/05/02 17:22 - 17:32: I prepared breakfast by making coffee, toasting a slice of bread, and placing the toast on a plate.\n3. score=0.85; 2023/05/02 13:24 - 13:27: I started by making coffee. I picked up a dirty mug, placed it in the sink, cleaned it by toggling the faucet on and off, poured out its contents, and then placed it in the coffee machine, which I then toggled on and off...\n4. score=0.85; 2023/05/02 13:31:08 - 13:33:23: I located a tomato on a chair, placed it on the countertop, picked up the knife again to slice the tomato, and then placed one slice of tomato on the plate with the toasted bread.\n5. score=0.85; 2023/05/02 17:18:17 - 17:20:27: I received a request to boil a potato, picked one up from the shelving unit, and placed it on the countertop.\n6. score=0.85; 2023/05/02 13:28:03 - 13:29:30: Next, I prepared for a sandwich. I opened the fridge, took out some bread, placed it on the countertop, picked up a knife, and sliced the bread.\n7. score=0.85; 2023/05/02 13:29:41 - 13:31:06: I took a plate from the fridge, closed the fridge, placed the plate on the countertop, and then toasted two slices of bread by picking them up, placing them in the toaster, turning the toaster on, and then retrieving the...\n8. score=0.85; 2023/05/02 17:20:31 - 17:21:39: I picked up a pot and moved it to the countertop next to the potato.\nRecommended answer: I then prepared a potato, slicing it after cooking it in the microwave. I placed two potato slices in a bowl, emptied the bowl, cleaned it in the sink, and finally sliced an apple and placed a slice on the plate with the... I prepared breakfast by making coffee, toasting a slice of bread, and placing the toast on a plate. I started by making coffee. I picked up a dirty mug, placed it in the sink, cleaned it by toggling the faucet on and off, poured out its contents, and then placed it in the coffee machine, which I then toggled on and off... I located a tomato on a chair, placed it on the countertop, picked up the knife again to slice the tomato, and then placed one slice of tomato on the plate with the toasted bread.""""

**HumanMessage**:
"""Current state:
2023/04/23 - 2023/05/13: "I have consistently focused on preparing various meals, including coffee, toast, and dishes with sliced vegetables like potatoes, tomatoes, and lettuce. Additionally, I have assisted with household organization by locating and moving items such as remote controls, pillows, newspapers, and watches, and performed cleaning tasks like washing dishes and watering plants."  
  ..."""
{}
command: answer("On May 2, 2023, I performed several food preparation tasks. I made coffee and toast, prepared a potato and an apple, and made a sandwich with tomato.")
expected output: 


 ============================== 


eval answer("On May 2, 2023, I performed several food preparation tasks. I made coffee and toast, prepared a potato and an apple, and made a sandwich with tomato.")
Answering On May 2, 2023, I performed several food preparation tasks. I made coffee and toast, prepared a potato and an apple, and made a sandwich with tomato.  with reason: None
Tokens Used: 3067
	Prompt Tokens: 2462
	Completion Tokens: 605
Successful Requests: 1
Total Cost (USD): $0.0
Evaluating sample 94a921b29def9f26_9157-c81332c37968338f_4641-b001404996cd3a29_0181-ba8bcc8d1e38b29c_a4c6-dfc3dfb3dd5ff1fd_69af-a4352bf3d6d33265_46d2-88ddc0cbf1a23687_43ea-fb63d82d79e5a2f7_5622-66015369bcfd9dea_464c-05a5b8e82c4d198e_a899-f3bd012a65dbb5df_9b4f-3cc94d435588751b_fa04-4cd977ff61272336_4706-c66cfa360ba2ee00_45b2-d442e2b6bd559455_e091-b63996c03c2d6b3e_5234-dda9ea220761cc52_5a27-b53c115c99ca34dd_5e2b-95cb6d56c9a3d66a_7b48-64c836cb91614ac6_913a-1b382ab21a3bffcd_561a-064a69cb5d40b41f_9237-4c98e155c32cdc6f_7acc-47f966f6920a05d6_742e-09916b24496645e4_5ff9-e4f148195c6e2fd9_c290-6ccc8b815fbc093a_e921-11ed5eaa6ebb7198_c80b-6f4aca312776de7b_97f3-ad2e4eb0b24a5940_69e9-b221d3f0ccfccea1_2abf-fb7d765ba6874372_2361-81b10da74f7ac9ff_15c8-25b52159ad56e77c_ff7f-0955031ec589b508_aa4c-3eea22aeefd4b6ec_a76b-8463e3c141964336_c9cc-ce6428e9c062e409_9fae-173518e3f508ca80_9ffa-cf32d4a95cdbcd3a_9fa2-96f5c7fccc368de7_dfe9-0de4b62afcd06138_f2bb-a259c276e58a6548_0c8d-32813f06255beef5_0bd5-c63cc11d19216a88_1356-464fb2558d308797_5a27-2b5a33d4908ee77d_20f6-d94b413680f6d6de_17a8-dbb41344c474217f_2e3e-f22a5e8ac037a420_1c14-0-sequence_of_task_descs
[配置] 启用 FAISS 加速，索引类型: flat
[Forgetting] 解析遗忘配置...
[Forgetting] 开始记忆巩固...
[Forgetting] 收集到 4866 个事件节点
[Forgetting] 构建临时轻量图计算度中心性...
[Forgetting] 临时图度中心性: max_degree=66, 有连接的节点数=4724
[Forgetting] 计算节点 embeddings...
Embedding 3150 , new: 1964
[Forgetting] 安全下限触发: θ₁ 从 0.500 下调到 0.249
[Forgetting] 巩固完成: 完整保留=1511 (31.1%), 去细节化=3355 (68.9%), 摘要保留=0 (0.0%), 豁免=580
[Forgetting] 统计: {'total': 4866, 'level_0_full_retain': 1511, 'level_1_detail_removed': 3355, 'level_2_summary_only': 0, 'immune_count': 580, 'effective_theta_1': 0.24877536269358191, 'effective_theta_2': 0.09951014507743278, 'retain_ratio': 0.3105219893136046, 'forgetting_ratio': 0.6894780106863954}
[GraphAug] 开始构建记忆图...
[MemoryGraph] 收集到 4866 个事件节点
[MemoryGraph] 时间相邻边: 3990
[MemoryGraph] 共享物体边: 12014
[MemoryGraph] 唯一动作数: 422, 相似动作对: 650
[MemoryGraph] 相似动作边: 1297
[MemoryGraph] 图构建完成: {'num_nodes': 4866, 'num_edges': 17301, 'edges_temporal_adjacent': 3990, 'edges_co_object': 12014, 'edges_similar_action': 1297}
[GraphAug] 记忆图构建完成
Got 0 examples


 ============================== 


eval task_list()
Updated/Defined variables after execution: {}

**SystemMessage**:
"""You are a smart humanoid robot answering user question about your past actions.
The history object contains information on what you did in the past, represented as a tree.
Use the method expand to look at details of a node.
Make sure to use collapse_all_but(idx) when you expanded irrelevant nodes, in order to keep the tree compact.
Enter Python expressions into the console to see the value and decide for the next command based on that result.
Answer concisely by calling answer("...") when you gathered enough information to answer the question.
Generate syntactically correct python console statements only, no explanations or other natural language statements.
IMPORTANT: If search() returns "No relevant records found", your next command MUST be answer("I have no record of that."). Do not search synonyms, do not expand further, and do not call vqa.
IMPORTANT: If you get "Nothing changed" twice, answer honestly that you have no record. Do NOT keep searching repeatedly. For just-before/just-after questions, first try one broader target search or inspect another relevant top-level time block before giving up.
For object yes/no questions, first use object_lookup("object name"). If it reports no matching summary, answer "No, I have no record of that." Do not call vqa unless you already have a directly relevant leaf image.
For task-list questions such as "List the tasks you performed", first use task_list(). Prefer its Recommended answer and chronological candidates instead of manually expanding the whole tree. For long histories, do not copy every task candidate verbatim unless the user explicitly asks for an exhaustive transcript.
For low-level action questions such as "what task did you perform when you toggle/open/pick up/place X", first use action_lookup("full low-level action"), for example action_lookup("open the drawer"). Do not call task_lookup first for these low-level action questions.
For task-description questions such as "describe what you did when you X", first use task_lookup("X"). Prefer its matching task candidates instead of manually expanding the whole tree. This does not apply to low-level action questions covered by action_lookup.
For exact date/time questions or "N days ago" questions asking what happened, first use date_lookup(question). Prefer its Recommended answer when it is confident instead of manually expanding by date.
For "How many days ago did you X?" or "When did you X?" questions, first use event_date_lookup(question). If it lists multiple days, include all of them in the final answer instead of only the most recent match.
For just-before or just-after questions, first use temporal_neighbor(target_task, direction="before" or "after") if a candidate is not already shown. Prefer the returned Recommended answer when it is confident. Only then inspect adjacent sibling or temporal nodes. Avoid expanding to raw leaf observations unless the summary is insufficient.
Do not call vqa for time, date, task-list, before/after, or yes/no object-existence questions when textual summaries already answer the question. Use vqa only for explicit visual appearance questions such as color, visible state, or what something looks like.
Never output bare parameters such as reasoning="..." answer="...". Always call answer("..."). You may call answer(reasoning="...", answer="...") only when a short reason is necessary.
Keep answer() short: answer under 60 words, and do not use markdown or backticks inside answer()."""

**HumanMessage**:
"""
def action_lookup(query: str, max_matches: int = 6) -> str # For low-level action questions, map raw leaf actions back to task-sized summaries
def answer(reasoning: str = None, answer: str = Ellipsis)
def ask(question: str)
def date_lookup(query: str, max_matches: int = 8) -> str # For exact date/time or N-days-ago questions, list matching history summaries directly
def event_date_lookup(query: str, max_matches: int = 12) -> str # For "how many days ago did you X" questions, find all matching event dates directly
def now() -> datetime.datetime
def object_lookup(object_name: str, max_matches: int = 8) -> str # For object yes/no questions, check whether task summaries mention the object
def task_list(max_tasks: int = 30) -> str # For task-list questions, list task-sized history summaries in chronological order
def task_lookup(query: str, max_matches: int = 8) -> str # For task-description questions, list task-sized summaries matching a query
def temporal_neighbor(target_task: str, direction: str = 'before', max_candidates: int = 6) -> str # For just-before/just-after questions, find the target task and return adjacent task candidates
def vqa(question: str, *images: PIL.Image.Image)
"""

**HumanMessage**:
"""Usage examples:
>>> history.expand()  # Shows the history tree with all child nodes expanded
>>> history.expand(date(2021, 12, 20))  # Expand the children that overlap with the given day
>>> history.expand(now() - timedelta(hours=6), now() - timedelta(hours=4))  # Expand all children that overlap with the given range (in this example "about 5 hours ago")
>>> history.expand((now() - timedelta(days=2)).date())  # Expand all children that overlap with the day before yesterday
>>> history.expand(0)  # Shows child node 0
>>> history[0].expand()  # Expands all child nodes of node 0 (node 0 must be expanded already to see them)
>>> history[5][2].expand()  # Shows child node 2 of child node 5 with all its child nodes expanded
>>> history.search("green cup") # Semantic index search. Expands the most relevant children according to similarity of the natural language query and the node's (recursively defined) index content.
>>> history[1][42].search("bicycle") # Semantic index search on some node further down the tree. Expands the children of node 1.42 most relevant to the search term
>>> history[3].collapse_all_but(1); history[3][1].expand()  # Zooms into details of child node 3.1 while collapsing all other childs of node 3
>>> vqa("What color is the ... in this image?",
...     history[2][4][-1][0].image)  # Invoke a model to answer a visual question about image(s) of some leaf (!) node(s)

# After gathering the relevant information, answer the question:
# Use a short final answer. Optionally provide a brief reasoning only when needed.
>>> answer("...")"""

**HumanMessage**:
"""User question: List the tasks you performed."""

**AIMessage**:
"""task_list()"""

**HumanMessage**:
""""Task list candidates in chronological order:\nUse these as evidence. If there are many candidates, do not copy every candidate verbatim; use the Recommended answer unless the user explicitly asks for an exhaustive transcript.\n1. 2023/10/28 17:58 - 18:04: I prepared coffee by picking up a mug from a chair, cleaning it at the sink, and then using the coffee machine to brew the coffee before announcing the task's completion.\n2. 2023/10/29 19:58 - 20:03: I received instructions to place two newspapers on the dresser. I searched for them within the dresser's drawers and cabinets, found both, and placed them on top of the dresser, confirming the task was complete.\n3. 2023/10/30 13:25 - 13:29: I was instructed to place two remotes on the side table. I picked up the first remote from the sofa and the second remote from the armchair, placing both on the side table, and the user confirmed task completion.\n4. 2023/10/31 13:31 - 13:36: I was tasked with preparing coffee. I located a mug on the middle shelf of a shelving unit and brought it over to the kitchen.\n5. 2023/11/01 08:12 - 08:22: I fulfilled a request for a tomato slice by retrieving a tomato and a knife, slicing the tomato, cleaning a plate from the cabinet, and serving the tomato slice on the clean plate.\n6. 2023/11/01 14:53 - 14:59: I prepared a salad by slicing a tomato, an egg, and a potato. I then cleared the sink, washed a plate, placed two tomato slices on it, cooked a potato slice, and added it to the plate, announcing the meal was ready.\n7. 2023/11/02 13:44 - 13:50: I searched for a potato, moving items out of the way, and then placed it in a pot on the stove to boil, completing the task as instructed.\n8. 2023/11/02 15:28 - 15:35: I cleaned a dirty plate by first picking it up, clearing various items from the sink basin—including a vase, soap bottle, potato, and cutlery—to make space, and then washing the plate before placing it on the countertop.\n9. 2023/11/03 08:59 - 09:02: I prepared coffee by first getting a plate from the fridge and placing it on the countertop. Then, I picked up a dirty mug, washed it in the sink, and placed it in the coffee machine, which I then turned on to make coffee. Finally, I confir...\n10. 2023/11/07 11:25 - 11:29: I tidied up the living area by moving a pillow to the sofa, clearing a keychain from the armchair, and placing two newspapers on it. I then closed the cabinets I had used and opened a side table drawer before completing the task.\n11. 2023/11/07 19:52 - 20:03: I gathered all tissue boxes onto the side table. This involved moving the first tissue box from the dresser to the safe, placing two more tissue boxes on the side table after moving them from the dresser, and finally retrieving the first ti...\n12. 2023/11/08 08:39 - 08:45: I prepared the potato by moving it to the countertop, turning on the stove, and slicing it with a knife. Then, I retrieved a plate and placed five potato slices on it to complete the task.\n13. 2023/11/08 13:27 - 13:35: I was instructed to slice a tomato. I located a knife in the trash can, found a tomato on a shelf, and sliced it. I then retrieved a plate from the fridge, placed it on the countertop, and transferred two slices of tomato onto the plate, co...\n14. 2023/11/09 18:57 - 19:03: Following the instruction to cook a potato, I retrieved it from a bookshelf, cooked it on the stove, and sliced it. Afterwards, I got a plate from the fridge and placed the potato slices on it.\n15. 2023/11/10 10:20 - 10:26: I prepared a mug for coffee by cleaning it in the sink and then placed it into the coffee machine, checking if the machine was working.\n16. 2023/11/10 19:21 - 19:28: I followed instructions to boil a potato by retrieving a pot and the potato, clearing space on the countertop and stove, filling the pot with water, and placing it on the stove to boil.\n17. 2023/11/12 10:40 - 10:45: I successfully boiled a potato by retrieving it from a cabinet, placing it in a pot, and filling the pot with water after clearing the sink area. I then moved the pot to the stove, boiled the potato, and turned off the heat upon completion.\n18. 2023/11/13 13:54 - 13:59: I retrieved a potato from the garbage, sliced it, cooked a slice in the microwave, and finally placed the cooked potato slice on a plate inside the fridge as instructed.\n19. 2023/11/14 17:42 - 17:56: I prepared toast by slicing and toasting bread, cleaning a dirty plate retrieved from the garbage, and then placing the finished toast onto the clean plate to complete the task.\n20. 2023/11/15 12:04 - 12:09: I prepared a lettuce sandwich by slicing and toasting bread, slicing lettuce, and assembling the ingredients on a plate retrieved from the fridge.\n21. 2023/11/15 13:13 - 13:39: I prepared coffee and then made a salad by gathering and slicing lettuce, a tomato, and a cooked potato, retrieving a plate, and assembling the ingredients before completing the task.\n22. 2023/11/15 14:17 - 14:20: I placed three credit cards on the bed as instructed by the user, picking them up from the desk and a bookshelf, and the user confirmed the task was completed.\n23. 2023/11/16 09:46 - 09:50: I prepared a piece of toast by slicing the bread, placing it in the toaster, and washing a plate while it cooked. Once the toast was ready, I placed it onto the clean plate.\n24. 2023/11/16 14:53 - 15:02: I fulfilled the user's request for two slices of lettuce and a cooked potato. I retrieved and sliced both the lettuce and potato using a knife. Then, I found a clean plate in a cabinet, washed it, and placed the sliced lettuce and potato on...\n25. 2023/11/18 10:10 - 10:13: After receiving the instruction to cook potato slices, I prepared the tools, cooked a potato in the microwave, and then sliced it into several pieces.\n26. 2023/11/18 16:04 - 16:10: I prepared a tomato slice by retrieving a tomato from the cabinet, slicing it with a knife, and then placing one slice into a clean bowl on the countertop, confirming the task was finished.\n27. 2023/11/18 18:54 - 19:06: Following the instruction to consolidate watches, I placed Watch_1 from the side table and Watch_0 from the safe into Box_1. During this process, I organized the boxes by moving them between the floor, armchair, and sofa, and I set aside a...\n28. 2023/11/19 11:36 - 11:41: I cleaned two dirty plates by washing them in the sink and placing them on the countertop. This included retrieving one of the plates from the fridge before finishing the task as requested by the user.\n29. 2023/11/21 12:19 - 12:24: I started by moving a butter knife to the countertop, then cleaned a mug in preparation for boiling a potato. Subsequently, I boiled a potato by placing it in a pot of water on the stove and turning on the burners, reporting the task as com...\n30. 2023/11/21 12:36 - 12:42: I prepared a tomato slice and placed it in a bowl for the user. When the user informed me that the first bowl I selected was dirty, I found a clean one, transferred the tomato slice into it, and completed the task.\nRecommended answer: From 2023/10/28 to 2023/11/21, I performed 30 recorded task groups, including bread, toast, and sandwich preparation; potato cooking and slicing; salad, lettuce, and tomato preparation; coffee and drinkware tasks; dish, plate, bowl, and pan cleaning; household organization tasks; plant watering.""""

**HumanMessage**:
"""Current state:
2023/10/28 - 2023/11/21: "Between late October and late November, I maintained the household by consistently preparing meals, particularly potato and tomato-based dishes and coffee, while also performing regular cleaning tasks and organizing various personal and household items."  
  ..."""
{}
command: answer("From 2023/10/28 to 2023/11/21, I performed 30 recorded task groups, including bread, toast, and sandwich preparation; potato cooking and slicing; salad, lettuce, and tomato preparation; coffee and drinkware tasks; dish, plate, bowl, and pan cleaning; household organization tasks; and plant watering.")
expected output: 


 ============================== 


eval answer("From 2023/10/28 to 2023/11/21, I performed 30 recorded task groups, including bread, toast, and sandwich preparation; potato cooking and slicing; salad, lettuce, and tomato preparation; coffee and drinkware tasks; dish, plate, bowl, and pan cleaning; household organization tasks; and plant watering.")
Answering From 2023/10/28 to 2023/11/21, I performed 30 recorded task groups, including bread, toast, and sandwich preparation; potato cooking and slicing; salad, lettuce, and tomato preparation; coffee and drinkware tasks; dish, plate, bowl, and pan cleaning; household organization tasks; and plant watering.  with reason: None
Tokens Used: 3930
	Prompt Tokens: 3789
	Completion Tokens: 141
Successful Requests: 1
Total Cost (USD): $0.0
Evaluating sample 94a921b29def9f26_9157-c81332c37968338f_4641-b001404996cd3a29_0181-ba8bcc8d1e38b29c_a4c6-dfc3dfb3dd5ff1fd_69af-a4352bf3d6d33265_46d2-88ddc0cbf1a23687_43ea-fb63d82d79e5a2f7_5622-66015369bcfd9dea_464c-05a5b8e82c4d198e_a899-f3bd012a65dbb5df_9b4f-3cc94d435588751b_fa04-4cd977ff61272336_4706-c66cfa360ba2ee00_45b2-d442e2b6bd559455_e091-b63996c03c2d6b3e_5234-dda9ea220761cc52_5a27-b53c115c99ca34dd_5e2b-95cb6d56c9a3d66a_7b48-64c836cb91614ac6_913a-1b382ab21a3bffcd_561a-064a69cb5d40b41f_9237-4c98e155c32cdc6f_7acc-47f966f6920a05d6_742e-09916b24496645e4_5ff9-e4f148195c6e2fd9_c290-6ccc8b815fbc093a_e921-11ed5eaa6ebb7198_c80b-6f4aca312776de7b_97f3-ad2e4eb0b24a5940_69e9-b221d3f0ccfccea1_2abf-fb7d765ba6874372_2361-81b10da74f7ac9ff_15c8-25b52159ad56e77c_ff7f-0955031ec589b508_aa4c-3eea22aeefd4b6ec_a76b-8463e3c141964336_c9cc-ce6428e9c062e409_9fae-173518e3f508ca80_9ffa-cf32d4a95cdbcd3a_9fa2-96f5c7fccc368de7_dfe9-0de4b62afcd06138_f2bb-a259c276e58a6548_0c8d-32813f06255beef5_0bd5-c63cc11d19216a88_1356-464fb2558d308797_5a27-2b5a33d4908ee77d_20f6-d94b413680f6d6de_17a8-dbb41344c474217f_2e3e-f22a5e8ac037a420_1c14-0-seq_specific_shortened_low_actions
[配置] 启用 FAISS 加速，索引类型: flat
[Forgetting] 命中缓存
[GraphAug] 命中图缓存 (nodes=4866, edges=17301)
Got 0 examples


 ============================== 


eval task_lookup('put all remote control on any sofa')
Updated/Defined variables after execution: {}
[结构化直答] low-action task lookup matched; returning Recommended answer directly
Tokens Used: 0
	Prompt Tokens: 0
	Completion Tokens: 0
Successful Requests: 0
Total Cost (USD): $0.0
Evaluating sample 94a921b29def9f26_9157-c81332c37968338f_4641-b001404996cd3a29_0181-ba8bcc8d1e38b29c_a4c6-dfc3dfb3dd5ff1fd_69af-a4352bf3d6d33265_46d2-88ddc0cbf1a23687_43ea-fb63d82d79e5a2f7_5622-66015369bcfd9dea_464c-05a5b8e82c4d198e_a899-f3bd012a65dbb5df_9b4f-3cc94d435588751b_fa04-4cd977ff61272336_4706-c66cfa360ba2ee00_45b2-d442e2b6bd559455_e091-b63996c03c2d6b3e_5234-dda9ea220761cc52_5a27-b53c115c99ca34dd_5e2b-95cb6d56c9a3d66a_7b48-64c836cb91614ac6_913a-1b382ab21a3bffcd_561a-064a69cb5d40b41f_9237-4c98e155c32cdc6f_7acc-47f966f6920a05d6_742e-09916b24496645e4_5ff9-e4f148195c6e2fd9_c290-6ccc8b815fbc093a_e921-11ed5eaa6ebb7198_c80b-6f4aca312776de7b_97f3-ad2e4eb0b24a5940_69e9-b221d3f0ccfccea1_2abf-fb7d765ba6874372_2361-81b10da74f7ac9ff_15c8-25b52159ad56e77c_ff7f-0955031ec589b508_aa4c-3eea22aeefd4b6ec_a76b-8463e3c141964336_c9cc-ce6428e9c062e409_9fae-173518e3f508ca80_9ffa-cf32d4a95cdbcd3a_9fa2-96f5c7fccc368de7_dfe9-0de4b62afcd06138_f2bb-a259c276e58a6548_0c8d-32813f06255beef5_0bd5-c63cc11d19216a88_1356-464fb2558d308797_5a27-2b5a33d4908ee77d_20f6-d94b413680f6d6de_17a8-dbb41344c474217f_2e3e-f22a5e8ac037a420_1c14-0-seq_right_after_questions
[配置] 启用 FAISS 加速，索引类型: flat
[Forgetting] 命中缓存
[GraphAug] 命中图缓存 (nodes=4866, edges=17301)
Got 0 examples


 ============================== 


eval temporal_neighbor('serve 2 slice(s) of tomato on a plate', direction='after')
Updated/Defined variables after execution: {}

**SystemMessage**:
"""You are a smart humanoid robot answering user question about your past actions.
The history object contains information on what you did in the past, represented as a tree.
Use the method expand to look at details of a node.
Make sure to use collapse_all_but(idx) when you expanded irrelevant nodes, in order to keep the tree compact.
Enter Python expressions into the console to see the value and decide for the next command based on that result.
Answer concisely by calling answer("...") when you gathered enough information to answer the question.
Generate syntactically correct python console statements only, no explanations or other natural language statements.
IMPORTANT: If search() returns "No relevant records found", your next command MUST be answer("I have no record of that."). Do not search synonyms, do not expand further, and do not call vqa.
IMPORTANT: If you get "Nothing changed" twice, answer honestly that you have no record. Do NOT keep searching repeatedly. For just-before/just-after questions, first try one broader target search or inspect another relevant top-level time block before giving up.
For object yes/no questions, first use object_lookup("object name"). If it reports no matching summary, answer "No, I have no record of that." Do not call vqa unless you already have a directly relevant leaf image.
For task-list questions such as "List the tasks you performed", first use task_list(). Prefer its Recommended answer and chronological candidates instead of manually expanding the whole tree. For long histories, do not copy every task candidate verbatim unless the user explicitly asks for an exhaustive transcript.
For low-level action questions such as "what task did you perform when you toggle/open/pick up/place X", first use action_lookup("full low-level action"), for example action_lookup("open the drawer"). Do not call task_lookup first for these low-level action questions.
For task-description questions such as "describe what you did when you X", first use task_lookup("X"). Prefer its matching task candidates instead of manually expanding the whole tree. This does not apply to low-level action questions covered by action_lookup.
For exact date/time questions or "N days ago" questions asking what happened, first use date_lookup(question). Prefer its Recommended answer when it is confident instead of manually expanding by date.
For "How many days ago did you X?" or "When did you X?" questions, first use event_date_lookup(question). If it lists multiple days, include all of them in the final answer instead of only the most recent match.
For just-before or just-after questions, first use temporal_neighbor(target_task, direction="before" or "after") if a candidate is not already shown. Prefer the returned Recommended answer when it is confident. Only then inspect adjacent sibling or temporal nodes. Avoid expanding to raw leaf observations unless the summary is insufficient.
Do not call vqa for time, date, task-list, before/after, or yes/no object-existence questions when textual summaries already answer the question. Use vqa only for explicit visual appearance questions such as color, visible state, or what something looks like.
Never output bare parameters such as reasoning="..." answer="...". Always call answer("..."). You may call answer(reasoning="...", answer="...") only when a short reason is necessary.
Keep answer() short: answer under 60 words, and do not use markdown or backticks inside answer()."""

**HumanMessage**:
"""
def action_lookup(query: str, max_matches: int = 6) -> str # For low-level action questions, map raw leaf actions back to task-sized summaries
def answer(reasoning: str = None, answer: str = Ellipsis)
def ask(question: str)
def date_lookup(query: str, max_matches: int = 8) -> str # For exact date/time or N-days-ago questions, list matching history summaries directly
def event_date_lookup(query: str, max_matches: int = 12) -> str # For "how many days ago did you X" questions, find all matching event dates directly
def now() -> datetime.datetime
def object_lookup(object_name: str, max_matches: int = 8) -> str # For object yes/no questions, check whether task summaries mention the object
def task_list(max_tasks: int = 30) -> str # For task-list questions, list task-sized history summaries in chronological order
def task_lookup(query: str, max_matches: int = 8) -> str # For task-description questions, list task-sized summaries matching a query
def temporal_neighbor(target_task: str, direction: str = 'before', max_candidates: int = 6) -> str # For just-before/just-after questions, find the target task and return adjacent task candidates
def vqa(question: str, *images: PIL.Image.Image)
"""

**HumanMessage**:
"""Usage examples:
>>> history.expand()  # Shows the history tree with all child nodes expanded
>>> history.expand(date(2021, 12, 20))  # Expand the children that overlap with the given day
>>> history.expand(now() - timedelta(hours=6), now() - timedelta(hours=4))  # Expand all children that overlap with the given range (in this example "about 5 hours ago")
>>> history.expand((now() - timedelta(days=2)).date())  # Expand all children that overlap with the day before yesterday
>>> history.expand(0)  # Shows child node 0
>>> history[0].expand()  # Expands all child nodes of node 0 (node 0 must be expanded already to see them)
>>> history[5][2].expand()  # Shows child node 2 of child node 5 with all its child nodes expanded
>>> history.search("green cup") # Semantic index search. Expands the most relevant children according to similarity of the natural language query and the node's (recursively defined) index content.
>>> history[1][42].search("bicycle") # Semantic index search on some node further down the tree. Expands the children of node 1.42 most relevant to the search term
>>> history[3].collapse_all_but(1); history[3][1].expand()  # Zooms into details of child node 3.1 while collapsing all other childs of node 3
>>> vqa("What color is the ... in this image?",
...     history[2][4][-1][0].image)  # Invoke a model to answer a visual question about image(s) of some leaf (!) node(s)

# After gathering the relevant information, answer the question:
# Use a short final answer. Optionally provide a brief reasoning only when needed.
>>> answer("...")"""

**HumanMessage**:
"""User question: What task did you do just after serve 2 slice(s) of tomato on a plate?"""

**AIMessage**:
"""temporal_neighbor('serve 2 slice(s) of tomato on a plate', direction='after')"""

**HumanMessage**:
""""Temporal neighbor candidates for target='serve 2 slice(s) of tomato on a plate', direction='after':\n1. score=0.76; target=2023/11/08 13:27 - 13:35: I was instructed to slice a tomato. I located a knife in the trash can, found a tomato on a shelf, and sliced it. I then retrieved a plate from the fridge, placed it on the counter...; after=2023/11/09 09:11 - 09:14: I prepared a plate of toast with one slice by slicing and toasting bread and placing it on a plate from the fridge.\n2. score=0.66; target=2023/11/08 08:39 - 13:35: I prepared a potato by slicing it and placing the slices on a plate, and also sliced a tomato and placed two slices on a plate. I also emptied a mug and placed it in the coffee mac...; after=2023/11/09 09:11 - 09:14: I prepared a plate of toast with one slice by slicing and toasting bread and placing it on a plate from the fridge.\n3. score=0.63; target=2023/11/01 08:12 - 08:22: I fulfilled a request for a tomato slice by retrieving a tomato and a knife, slicing the tomato, cleaning a plate from the cabinet, and serving the tomato slice on the clean plate.; after=2023/11/01 08:17:15 - 08:18:52: I boiled a potato by placing it in a pot and turning on the stove, then reported the task as completed.\n4. score=0.63; target=2023/11/08 13:34:23 - 13:34:31: I picked up the first tomato slice and placed it onto the plate.; after=2023/11/09 09:11 - 09:14: I prepared a plate of toast with one slice by slicing and toasting bread and placing it on a plate from the fridge.\n5. score=0.62; target=2023/11/08 13:34:42 - 13:35:15: I picked up a second tomato slice from the shelf and placed it on the plate as well, then confirmed the task was done.; after=2023/11/09 09:11 - 09:14: I prepared a plate of toast with one slice by slicing and toasting bread and placing it on a plate from the fridge.\n6. score=0.62; target=2023/11/20 09:08:43 - 09:11:35: I sliced a tomato using a knife. Then, I cleared space on the countertop, picked up a dirty plate, washed it in the sink, and placed the clean plate on the countertop with the toma...; after=2023/11/20 10:17:21 - 10:19:52: I cleaned two mugs by rinsing them in the sink and washing them with the faucet, placing the first one on the countertop and leaving the second one in the sink.\nRecommended answer: I prepared a plate of toast with one slice by slicing and toasting bread and placing it on a plate from the fridge.""""

**HumanMessage**:
"""Current state:
2023/10/28 - 2023/11/21: "Between late October and late November, I maintained the household by consistently preparing meals, particularly potato and tomato-based dishes and coffee, while also performing regular cleaning tasks and organizing various personal and household items."  
  ..."""
{}
command: answer("I prepared a plate of toast with one slice by slicing and toasting bread and placing it on a plate from the fridge.")
expected output: 


 ============================== 


eval answer("I prepared a plate of toast with one slice by slicing and toasting bread and placing it on a plate from the fridge.")
Answering I prepared a plate of toast with one slice by slicing and toasting bread and placing it on a plate from the fridge.  with reason: None
Tokens Used: 2850
	Prompt Tokens: 2419
	Completion Tokens: 431
Successful Requests: 1
Total Cost (USD): $0.0
Evaluating sample 94a921b29def9f26_9157-c81332c37968338f_4641-b001404996cd3a29_0181-ba8bcc8d1e38b29c_a4c6-dfc3dfb3dd5ff1fd_69af-a4352bf3d6d33265_46d2-88ddc0cbf1a23687_43ea-fb63d82d79e5a2f7_5622-66015369bcfd9dea_464c-05a5b8e82c4d198e_a899-f3bd012a65dbb5df_9b4f-3cc94d435588751b_fa04-4cd977ff61272336_4706-c66cfa360ba2ee00_45b2-d442e2b6bd559455_e091-b63996c03c2d6b3e_5234-dda9ea220761cc52_5a27-b53c115c99ca34dd_5e2b-95cb6d56c9a3d66a_7b48-64c836cb91614ac6_913a-1b382ab21a3bffcd_561a-064a69cb5d40b41f_9237-4c98e155c32cdc6f_7acc-47f966f6920a05d6_742e-09916b24496645e4_5ff9-e4f148195c6e2fd9_c290-6ccc8b815fbc093a_e921-11ed5eaa6ebb7198_c80b-6f4aca312776de7b_97f3-ad2e4eb0b24a5940_69e9-b221d3f0ccfccea1_2abf-fb7d765ba6874372_2361-81b10da74f7ac9ff_15c8-25b52159ad56e77c_ff7f-0955031ec589b508_aa4c-3eea22aeefd4b6ec_a76b-8463e3c141964336_c9cc-ce6428e9c062e409_9fae-173518e3f508ca80_9ffa-cf32d4a95cdbcd3a_9fa2-96f5c7fccc368de7_dfe9-0de4b62afcd06138_f2bb-a259c276e58a6548_0c8d-32813f06255beef5_0bd5-c63cc11d19216a88_1356-464fb2558d308797_5a27-2b5a33d4908ee77d_20f6-d94b413680f6d6de_17a8-dbb41344c474217f_2e3e-f22a5e8ac037a420_1c14-0-seq_right_before_questions
[配置] 启用 FAISS 加速，索引类型: flat
[Forgetting] 命中缓存
[GraphAug] 命中图缓存 (nodes=4866, edges=17301)
Got 0 examples


 ============================== 


eval temporal_neighbor('put all book on any desk', direction='before')
Updated/Defined variables after execution: {}

**SystemMessage**:
"""You are a smart humanoid robot answering user question about your past actions.
The history object contains information on what you did in the past, represented as a tree.
Use the method expand to look at details of a node.
Make sure to use collapse_all_but(idx) when you expanded irrelevant nodes, in order to keep the tree compact.
Enter Python expressions into the console to see the value and decide for the next command based on that result.
Answer concisely by calling answer("...") when you gathered enough information to answer the question.
Generate syntactically correct python console statements only, no explanations or other natural language statements.
IMPORTANT: If search() returns "No relevant records found", your next command MUST be answer("I have no record of that."). Do not search synonyms, do not expand further, and do not call vqa.
IMPORTANT: If you get "Nothing changed" twice, answer honestly that you have no record. Do NOT keep searching repeatedly. For just-before/just-after questions, first try one broader target search or inspect another relevant top-level time block before giving up.
For object yes/no questions, first use object_lookup("object name"). If it reports no matching summary, answer "No, I have no record of that." Do not call vqa unless you already have a directly relevant leaf image.
For task-list questions such as "List the tasks you performed", first use task_list(). Prefer its Recommended answer and chronological candidates instead of manually expanding the whole tree. For long histories, do not copy every task candidate verbatim unless the user explicitly asks for an exhaustive transcript.
For low-level action questions such as "what task did you perform when you toggle/open/pick up/place X", first use action_lookup("full low-level action"), for example action_lookup("open the drawer"). Do not call task_lookup first for these low-level action questions.
For task-description questions such as "describe what you did when you X", first use task_lookup("X"). Prefer its matching task candidates instead of manually expanding the whole tree. This does not apply to low-level action questions covered by action_lookup.
For exact date/time questions or "N days ago" questions asking what happened, first use date_lookup(question). Prefer its Recommended answer when it is confident instead of manually expanding by date.
For "How many days ago did you X?" or "When did you X?" questions, first use event_date_lookup(question). If it lists multiple days, include all of them in the final answer instead of only the most recent match.
For just-before or just-after questions, first use temporal_neighbor(target_task, direction="before" or "after") if a candidate is not already shown. Prefer the returned Recommended answer when it is confident. Only then inspect adjacent sibling or temporal nodes. Avoid expanding to raw leaf observations unless the summary is insufficient.
Do not call vqa for time, date, task-list, before/after, or yes/no object-existence questions when textual summaries already answer the question. Use vqa only for explicit visual appearance questions such as color, visible state, or what something looks like.
Never output bare parameters such as reasoning="..." answer="...". Always call answer("..."). You may call answer(reasoning="...", answer="...") only when a short reason is necessary.
Keep answer() short: answer under 60 words, and do not use markdown or backticks inside answer()."""

**HumanMessage**:
"""
def action_lookup(query: str, max_matches: int = 6) -> str # For low-level action questions, map raw leaf actions back to task-sized summaries
def answer(reasoning: str = None, answer: str = Ellipsis)
def ask(question: str)
def date_lookup(query: str, max_matches: int = 8) -> str # For exact date/time or N-days-ago questions, list matching history summaries directly
def event_date_lookup(query: str, max_matches: int = 12) -> str # For "how many days ago did you X" questions, find all matching event dates directly
def now() -> datetime.datetime
def object_lookup(object_name: str, max_matches: int = 8) -> str # For object yes/no questions, check whether task summaries mention the object
def task_list(max_tasks: int = 30) -> str # For task-list questions, list task-sized history summaries in chronological order
def task_lookup(query: str, max_matches: int = 8) -> str # For task-description questions, list task-sized summaries matching a query
def temporal_neighbor(target_task: str, direction: str = 'before', max_candidates: int = 6) -> str # For just-before/just-after questions, find the target task and return adjacent task candidates
def vqa(question: str, *images: PIL.Image.Image)
"""

**HumanMessage**:
"""Usage examples:
>>> history.expand()  # Shows the history tree with all child nodes expanded
>>> history.expand(date(2021, 12, 20))  # Expand the children that overlap with the given day
>>> history.expand(now() - timedelta(hours=6), now() - timedelta(hours=4))  # Expand all children that overlap with the given range (in this example "about 5 hours ago")
>>> history.expand((now() - timedelta(days=2)).date())  # Expand all children that overlap with the day before yesterday
>>> history.expand(0)  # Shows child node 0
>>> history[0].expand()  # Expands all child nodes of node 0 (node 0 must be expanded already to see them)
>>> history[5][2].expand()  # Shows child node 2 of child node 5 with all its child nodes expanded
>>> history.search("green cup") # Semantic index search. Expands the most relevant children according to similarity of the natural language query and the node's (recursively defined) index content.
>>> history[1][42].search("bicycle") # Semantic index search on some node further down the tree. Expands the children of node 1.42 most relevant to the search term
>>> history[3].collapse_all_but(1); history[3][1].expand()  # Zooms into details of child node 3.1 while collapsing all other childs of node 3
>>> vqa("What color is the ... in this image?",
...     history[2][4][-1][0].image)  # Invoke a model to answer a visual question about image(s) of some leaf (!) node(s)

# After gathering the relevant information, answer the question:
# Use a short final answer. Optionally provide a brief reasoning only when needed.
>>> answer("...")"""

**HumanMessage**:
"""User question: What task did you do just before put all book on any desk?"""

**AIMessage**:
"""temporal_neighbor('put all book on any desk', direction='before')"""

**HumanMessage**:
""""Temporal neighbor candidates for target='put all book on any desk', direction='before':\n1. score=0.75; target=2023/11/17 18:34:12 - 18:35:44: I picked up a book as instructed and placed it on the desk.; before=2023/11/16 14:53 - 15:02: I fulfilled the user's request for two slices of lettuce and a cooked potato. I retrieved and sliced both the lettuce and potato using a knife. Then, I found a clean plate in a cab...\n2. score=0.58; target=2023/11/17 - 2023/11/18: Between November 17th and 18th, I moved a book to the desk, prepared a microwave-cooked potato, and organized a collection of watches into a box.; before=2023/11/16 09:46 - 15:02: On November 16th, I prepared toast in the morning, cleaned dishes mid-day, and later prepared a plate with lettuce and a cooked potato.\n3. score=0.36; target=2023/11/16 - 2023/11/21: Between November 16th and 21st, I concluded the period by cleaning numerous dishes, preparing several potato and tomato-based meals, and organizing personal items like books and wa...; before=2023/11/08 - 2023/11/15: From November 8th to 15th, I spent time on frequent food and drink preparation, specifically coffee and various potato and tomato dishes, and also organized credit cards.\nRecommended answer: I fulfilled the user's request for two slices of lettuce and a cooked potato. I retrieved and sliced both the lettuce and potato using a knife. Then, I found a clean plate in a cab...""""

**HumanMessage**:
"""Current state:
2023/10/28 - 2023/11/21: "Between late October and late November, I maintained the household by consistently preparing meals, particularly potato and tomato-based dishes and coffee, while also performing regular cleaning tasks and organizing various personal and household items."  
  ..."""
{}
command: answer("I fulfilled the user's request for two slices of lettuce and a cooked potato. I retrieved and sliced both the lettuce and potato using a knife. Then, I found a clean plate in a cabinet and placed the food on it.")
expected output: 


 ============================== 


eval answer("I fulfilled the user's request for two slices of lettuce and a cooked potato. I retrieved and sliced both the lettuce and potato using a knife. Then, I found a clean plate in a cabinet and placed the food on it.")
Answering I fulfilled the user's request for two slices of lettuce and a cooked potato. I retrieved and sliced both the lettuce and potato using a knife. Then, I found a clean plate in a cabinet and placed the food on it.  with reason: None
Tokens Used: 2460
	Prompt Tokens: 2043
	Completion Tokens: 417
Successful Requests: 1
Total Cost (USD): $0.0
Evaluating sample 94a921b29def9f26_9157-c81332c37968338f_4641-b001404996cd3a29_0181-ba8bcc8d1e38b29c_a4c6-dfc3dfb3dd5ff1fd_69af-a4352bf3d6d33265_46d2-88ddc0cbf1a23687_43ea-fb63d82d79e5a2f7_5622-66015369bcfd9dea_464c-05a5b8e82c4d198e_a899-f3bd012a65dbb5df_9b4f-3cc94d435588751b_fa04-4cd977ff61272336_4706-c66cfa360ba2ee00_45b2-d442e2b6bd559455_e091-b63996c03c2d6b3e_5234-dda9ea220761cc52_5a27-b53c115c99ca34dd_5e2b-95cb6d56c9a3d66a_7b48-64c836cb91614ac6_913a-1b382ab21a3bffcd_561a-064a69cb5d40b41f_9237-4c98e155c32cdc6f_7acc-47f966f6920a05d6_742e-09916b24496645e4_5ff9-e4f148195c6e2fd9_c290-6ccc8b815fbc093a_e921-11ed5eaa6ebb7198_c80b-6f4aca312776de7b_97f3-ad2e4eb0b24a5940_69e9-b221d3f0ccfccea1_2abf-fb7d765ba6874372_2361-81b10da74f7ac9ff_15c8-25b52159ad56e77c_ff7f-0955031ec589b508_aa4c-3eea22aeefd4b6ec_a76b-8463e3c141964336_c9cc-ce6428e9c062e409_9fae-173518e3f508ca80_9ffa-cf32d4a95cdbcd3a_9fa2-96f5c7fccc368de7_dfe9-0de4b62afcd06138_f2bb-a259c276e58a6548_0c8d-32813f06255beef5_0bd5-c63cc11d19216a88_1356-464fb2558d308797_5a27-2b5a33d4908ee77d_20f6-d94b413680f6d6de_17a8-dbb41344c474217f_2e3e-f22a5e8ac037a420_1c14-0-seq_simple_object_yes_no
[配置] 启用 FAISS 加速，索引类型: flat
[Forgetting] 命中缓存
[GraphAug] 命中图缓存 (nodes=4866, edges=17301)
Got 0 examples
Tokens Used: 0
	Prompt Tokens: 0
	Completion Tokens: 0
Successful Requests: 0
Total Cost (USD): $0.0
Evaluating sample 94a921b29def9f26_9157-c81332c37968338f_4641-b001404996cd3a29_0181-ba8bcc8d1e38b29c_a4c6-dfc3dfb3dd5ff1fd_69af-a4352bf3d6d33265_46d2-88ddc0cbf1a23687_43ea-fb63d82d79e5a2f7_5622-66015369bcfd9dea_464c-05a5b8e82c4d198e_a899-f3bd012a65dbb5df_9b4f-3cc94d435588751b_fa04-4cd977ff61272336_4706-c66cfa360ba2ee00_45b2-d442e2b6bd559455_e091-b63996c03c2d6b3e_5234-dda9ea220761cc52_5a27-b53c115c99ca34dd_5e2b-95cb6d56c9a3d66a_7b48-64c836cb91614ac6_913a-1b382ab21a3bffcd_561a-064a69cb5d40b41f_9237-4c98e155c32cdc6f_7acc-47f966f6920a05d6_742e-09916b24496645e4_5ff9-e4f148195c6e2fd9_c290-6ccc8b815fbc093a_e921-11ed5eaa6ebb7198_c80b-6f4aca312776de7b_97f3-ad2e4eb0b24a5940_69e9-b221d3f0ccfccea1_2abf-fb7d765ba6874372_2361-81b10da74f7ac9ff_15c8-25b52159ad56e77c_ff7f-0955031ec589b508_aa4c-3eea22aeefd4b6ec_a76b-8463e3c141964336_c9cc-ce6428e9c062e409_9fae-173518e3f508ca80_9ffa-cf32d4a95cdbcd3a_9fa2-96f5c7fccc368de7_dfe9-0de4b62afcd06138_f2bb-a259c276e58a6548_0c8d-32813f06255beef5_0bd5-c63cc11d19216a88_1356-464fb2558d308797_5a27-2b5a33d4908ee77d_20f6-d94b413680f6d6de_17a8-dbb41344c474217f_2e3e-f22a5e8ac037a420_1c14-0-seq_low_actions_to_episode_task_descs
[配置] 启用 FAISS 加速，索引类型: flat
[Forgetting] 命中缓存
[GraphAug] 命中图缓存 (nodes=4866, edges=17301)
Got 0 examples


 ============================== 


eval task_lookup('place the egg on the countertop')
Updated/Defined variables after execution: {}
[结构化直答] low-action task lookup matched; returning Recommended answer directly
Tokens Used: 0
	Prompt Tokens: 0
	Completion Tokens: 0
Successful Requests: 0
Total Cost (USD): $0.0
Evaluating sample 94a921b29def9f26_9157-c81332c37968338f_4641-b001404996cd3a29_0181-ba8bcc8d1e38b29c_a4c6-dfc3dfb3dd5ff1fd_69af-a4352bf3d6d33265_46d2-88ddc0cbf1a23687_43ea-fb63d82d79e5a2f7_5622-66015369bcfd9dea_464c-05a5b8e82c4d198e_a899-f3bd012a65dbb5df_9b4f-3cc94d435588751b_fa04-4cd977ff61272336_4706-c66cfa360ba2ee00_45b2-d442e2b6bd559455_e091-b63996c03c2d6b3e_5234-dda9ea220761cc52_5a27-b53c115c99ca34dd_5e2b-95cb6d56c9a3d66a_7b48-64c836cb91614ac6_913a-1b382ab21a3bffcd_561a-064a69cb5d40b41f_9237-4c98e155c32cdc6f_7acc-47f966f6920a05d6_742e-09916b24496645e4_5ff9-e4f148195c6e2fd9_c290-6ccc8b815fbc093a_e921-11ed5eaa6ebb7198_c80b-6f4aca312776de7b_97f3-ad2e4eb0b24a5940_69e9-b221d3f0ccfccea1_2abf-fb7d765ba6874372_2361-81b10da74f7ac9ff_15c8-25b52159ad56e77c_ff7f-0955031ec589b508_aa4c-3eea22aeefd4b6ec_a76b-8463e3c141964336_c9cc-ce6428e9c062e409_9fae-173518e3f508ca80_9ffa-cf32d4a95cdbcd3a_9fa2-96f5c7fccc368de7_dfe9-0de4b62afcd06138_f2bb-a259c276e58a6548_0c8d-32813f06255beef5_0bd5-c63cc11d19216a88_1356-464fb2558d308797_5a27-2b5a33d4908ee77d_20f6-d94b413680f6d6de_17a8-dbb41344c474217f_2e3e-f22a5e8ac037a420_1c14-0-exact_time_to_episode
[配置] 启用 FAISS 加速，索引类型: flat
[Forgetting] 命中缓存
[GraphAug] 命中图缓存 (nodes=4866, edges=17301)
Got 0 examples


 ============================== 


eval date_lookup('what did you do on Nov 16, 2023 at 09:46 AM?')
Updated/Defined variables after execution: {}

**SystemMessage**:
"""You are a smart humanoid robot answering user question about your past actions.
The history object contains information on what you did in the past, represented as a tree.
Use the method expand to look at details of a node.
Make sure to use collapse_all_but(idx) when you expanded irrelevant nodes, in order to keep the tree compact.
Enter Python expressions into the console to see the value and decide for the next command based on that result.
Answer concisely by calling answer("...") when you gathered enough information to answer the question.
Generate syntactically correct python console statements only, no explanations or other natural language statements.
IMPORTANT: If search() returns "No relevant records found", your next command MUST be answer("I have no record of that."). Do not search synonyms, do not expand further, and do not call vqa.
IMPORTANT: If you get "Nothing changed" twice, answer honestly that you have no record. Do NOT keep searching repeatedly. For just-before/just-after questions, first try one broader target search or inspect another relevant top-level time block before giving up.
For object yes/no questions, first use object_lookup("object name"). If it reports no matching summary, answer "No, I have no record of that." Do not call vqa unless you already have a directly relevant leaf image.
For task-list questions such as "List the tasks you performed", first use task_list(). Prefer its Recommended answer and chronological candidates instead of manually expanding the whole tree. For long histories, do not copy every task candidate verbatim unless the user explicitly asks for an exhaustive transcript.
For low-level action questions such as "what task did you perform when you toggle/open/pick up/place X", first use action_lookup("full low-level action"), for example action_lookup("open the drawer"). Do not call task_lookup first for these low-level action questions.
For task-description questions such as "describe what you did when you X", first use task_lookup("X"). Prefer its matching task candidates instead of manually expanding the whole tree. This does not apply to low-level action questions covered by action_lookup.
For exact date/time questions or "N days ago" questions asking what happened, first use date_lookup(question). Prefer its Recommended answer when it is confident instead of manually expanding by date.
For "How many days ago did you X?" or "When did you X?" questions, first use event_date_lookup(question). If it lists multiple days, include all of them in the final answer instead of only the most recent match.
For just-before or just-after questions, first use temporal_neighbor(target_task, direction="before" or "after") if a candidate is not already shown. Prefer the returned Recommended answer when it is confident. Only then inspect adjacent sibling or temporal nodes. Avoid expanding to raw leaf observations unless the summary is insufficient.
Do not call vqa for time, date, task-list, before/after, or yes/no object-existence questions when textual summaries already answer the question. Use vqa only for explicit visual appearance questions such as color, visible state, or what something looks like.
Never output bare parameters such as reasoning="..." answer="...". Always call answer("..."). You may call answer(reasoning="...", answer="...") only when a short reason is necessary.
Keep answer() short: answer under 60 words, and do not use markdown or backticks inside answer()."""

**HumanMessage**:
"""
def action_lookup(query: str, max_matches: int = 6) -> str # For low-level action questions, map raw leaf actions back to task-sized summaries
def answer(reasoning: str = None, answer: str = Ellipsis)
def ask(question: str)
def date_lookup(query: str, max_matches: int = 8) -> str # For exact date/time or N-days-ago questions, list matching history summaries directly
def event_date_lookup(query: str, max_matches: int = 12) -> str # For "how many days ago did you X" questions, find all matching event dates directly
def now() -> datetime.datetime
def object_lookup(object_name: str, max_matches: int = 8) -> str # For object yes/no questions, check whether task summaries mention the object
def task_list(max_tasks: int = 30) -> str # For task-list questions, list task-sized history summaries in chronological order
def task_lookup(query: str, max_matches: int = 8) -> str # For task-description questions, list task-sized summaries matching a query
def temporal_neighbor(target_task: str, direction: str = 'before', max_candidates: int = 6) -> str # For just-before/just-after questions, find the target task and return adjacent task candidates
def vqa(question: str, *images: PIL.Image.Image)
"""

**HumanMessage**:
"""Usage examples:
>>> history.expand()  # Shows the history tree with all child nodes expanded
>>> history.expand(date(2021, 12, 20))  # Expand the children that overlap with the given day
>>> history.expand(now() - timedelta(hours=6), now() - timedelta(hours=4))  # Expand all children that overlap with the given range (in this example "about 5 hours ago")
>>> history.expand((now() - timedelta(days=2)).date())  # Expand all children that overlap with the day before yesterday
>>> history.expand(0)  # Shows child node 0
>>> history[0].expand()  # Expands all child nodes of node 0 (node 0 must be expanded already to see them)
>>> history[5][2].expand()  # Shows child node 2 of child node 5 with all its child nodes expanded
>>> history.search("green cup") # Semantic index search. Expands the most relevant children according to similarity of the natural language query and the node's (recursively defined) index content.
>>> history[1][42].search("bicycle") # Semantic index search on some node further down the tree. Expands the children of node 1.42 most relevant to the search term
>>> history[3].collapse_all_but(1); history[3][1].expand()  # Zooms into details of child node 3.1 while collapsing all other childs of node 3
>>> vqa("What color is the ... in this image?",
...     history[2][4][-1][0].image)  # Invoke a model to answer a visual question about image(s) of some leaf (!) node(s)

# After gathering the relevant information, answer the question:
# Use a short final answer. Optionally provide a brief reasoning only when needed.
>>> answer("...")"""

**HumanMessage**:
"""User question: what did you do on Nov 16, 2023 at 09:46 AM?"""

**AIMessage**:
"""date_lookup('what did you do on Nov 16, 2023 at 09:46 AM?')"""

**HumanMessage**:
""""Date lookup for query='what did you do on Nov 16, 2023 at 09:46 AM?': resolved=2023/11/16 09:46:00.\n1. score=0.98; 2023/11/16 09:46 - 09:50: I prepared a piece of toast by slicing the bread, placing it in the toaster, and washing a plate while it cooked. Once the toast was ready, I placed it onto the clean plate.\n2. score=0.92; 2023/11/16 09:46:59 - 09:48:25: I picked up a knife and sliced the bread, then placed the sliced bread on the countertop.\n3. score=0.91; 2023/11/16 09:46 - 09:50: I prepared a piece of toast by slicing and toasting bread, and serving it on a clean plate.\n4. score=0.76; 2023/11/16 09:46:59 - 09:48:13: Goal: Pickup(Knife) Visual observation: Knife, Spatula_0, Shelf_0, Shelf_1, Shelf_2, ShelvingUnit, Floor Knife, Spatula_0 are in/on Shelf_1 ShelvingUnit, Shelf_0 are in/on Floor Speech: 2023-11-16 09:47:01.558555: Hi. Pl...\n5. score=0.40; 2023/11/16 09:46 - 15:02: On November 16th, I prepared toast in the morning, cleaned dishes mid-day, and later prepared a plate with lettuce and a cooked potato.\n6. score=0.16; 2023/11/16 - 2023/11/21: Between November 16th and 21st, I concluded the period by cleaning numerous dishes, preparing several potato and tomato-based meals, and organizing personal items like books and watches.\n7. score=0.08; 2023/10/28 - 2023/11/21: Between late October and late November, I maintained the household by consistently preparing meals, particularly potato and tomato-based dishes and coffee, while also performing regular cleaning tasks and organizing vari...\nRecommended answer: I prepared a piece of toast by slicing the bread, placing it in the toaster, and washing a plate while it cooked. Once the toast was ready, I placed it onto the clean plate.""""

**HumanMessage**:
"""Current state:
2023/10/28 - 2023/11/21: "Between late October and late November, I maintained the household by consistently preparing meals, particularly potato and tomato-based dishes and coffee, while also performing regular cleaning tasks and organizing various personal and household items."  
  ..."""
{}
command: answer("I prepared a piece of toast by slicing the bread, placing it in the toaster, and washing a plate while it cooked. Once the toast was ready, I placed it onto the clean plate.")
expected output: 


 ============================== 


eval answer("I prepared a piece of toast by slicing the bread, placing it in the toaster, and washing a plate while it cooked. Once the toast was ready, I placed it onto the clean plate.")
Answering I prepared a piece of toast by slicing the bread, placing it in the toaster, and washing a plate while it cooked. Once the toast was ready, I placed it onto the clean plate.  with reason: None
Tokens Used: 2788
	Prompt Tokens: 2244
	Completion Tokens: 544
Successful Requests: 1
Total Cost (USD): $0.0
Evaluating sample 94a921b29def9f26_9157-c81332c37968338f_4641-b001404996cd3a29_0181-ba8bcc8d1e38b29c_a4c6-dfc3dfb3dd5ff1fd_69af-a4352bf3d6d33265_46d2-88ddc0cbf1a23687_43ea-fb63d82d79e5a2f7_5622-66015369bcfd9dea_464c-05a5b8e82c4d198e_a899-f3bd012a65dbb5df_9b4f-3cc94d435588751b_fa04-4cd977ff61272336_4706-c66cfa360ba2ee00_45b2-d442e2b6bd559455_e091-b63996c03c2d6b3e_5234-dda9ea220761cc52_5a27-b53c115c99ca34dd_5e2b-95cb6d56c9a3d66a_7b48-64c836cb91614ac6_913a-1b382ab21a3bffcd_561a-064a69cb5d40b41f_9237-4c98e155c32cdc6f_7acc-47f966f6920a05d6_742e-09916b24496645e4_5ff9-e4f148195c6e2fd9_c290-6ccc8b815fbc093a_e921-11ed5eaa6ebb7198_c80b-6f4aca312776de7b_97f3-ad2e4eb0b24a5940_69e9-b221d3f0ccfccea1_2abf-fb7d765ba6874372_2361-81b10da74f7ac9ff_15c8-25b52159ad56e77c_ff7f-0955031ec589b508_aa4c-3eea22aeefd4b6ec_a76b-8463e3c141964336_c9cc-ce6428e9c062e409_9fae-173518e3f508ca80_9ffa-cf32d4a95cdbcd3a_9fa2-96f5c7fccc368de7_dfe9-0de4b62afcd06138_f2bb-a259c276e58a6548_0c8d-32813f06255beef5_0bd5-c63cc11d19216a88_1356-464fb2558d308797_5a27-2b5a33d4908ee77d_20f6-d94b413680f6d6de_17a8-dbb41344c474217f_2e3e-f22a5e8ac037a420_1c14-0-tasks_to_exact_times
[配置] 启用 FAISS 加速，索引类型: flat
[Forgetting] 命中缓存
[GraphAug] 命中图缓存 (nodes=4866, edges=17301)
Got 0 examples


 ============================== 


eval event_date_lookup('When did you prepare breakfast?')
Updated/Defined variables after execution: {}

**SystemMessage**:
"""You are a smart humanoid robot answering user question about your past actions.
The history object contains information on what you did in the past, represented as a tree.
Use the method expand to look at details of a node.
Make sure to use collapse_all_but(idx) when you expanded irrelevant nodes, in order to keep the tree compact.
Enter Python expressions into the console to see the value and decide for the next command based on that result.
Answer concisely by calling answer("...") when you gathered enough information to answer the question.
Generate syntactically correct python console statements only, no explanations or other natural language statements.
IMPORTANT: If search() returns "No relevant records found", your next command MUST be answer("I have no record of that."). Do not search synonyms, do not expand further, and do not call vqa.
IMPORTANT: If you get "Nothing changed" twice, answer honestly that you have no record. Do NOT keep searching repeatedly. For just-before/just-after questions, first try one broader target search or inspect another relevant top-level time block before giving up.
For object yes/no questions, first use object_lookup("object name"). If it reports no matching summary, answer "No, I have no record of that." Do not call vqa unless you already have a directly relevant leaf image.
For task-list questions such as "List the tasks you performed", first use task_list(). Prefer its Recommended answer and chronological candidates instead of manually expanding the whole tree. For long histories, do not copy every task candidate verbatim unless the user explicitly asks for an exhaustive transcript.
For low-level action questions such as "what task did you perform when you toggle/open/pick up/place X", first use action_lookup("full low-level action"), for example action_lookup("open the drawer"). Do not call task_lookup first for these low-level action questions.
For task-description questions such as "describe what you did when you X", first use task_lookup("X"). Prefer its matching task candidates instead of manually expanding the whole tree. This does not apply to low-level action questions covered by action_lookup.
For exact date/time questions or "N days ago" questions asking what happened, first use date_lookup(question). Prefer its Recommended answer when it is confident instead of manually expanding by date.
For "How many days ago did you X?" or "When did you X?" questions, first use event_date_lookup(question). If it lists multiple days, include all of them in the final answer instead of only the most recent match.
For just-before or just-after questions, first use temporal_neighbor(target_task, direction="before" or "after") if a candidate is not already shown. Prefer the returned Recommended answer when it is confident. Only then inspect adjacent sibling or temporal nodes. Avoid expanding to raw leaf observations unless the summary is insufficient.
Do not call vqa for time, date, task-list, before/after, or yes/no object-existence questions when textual summaries already answer the question. Use vqa only for explicit visual appearance questions such as color, visible state, or what something looks like.
Never output bare parameters such as reasoning="..." answer="...". Always call answer("..."). You may call answer(reasoning="...", answer="...") only when a short reason is necessary.
Keep answer() short: answer under 60 words, and do not use markdown or backticks inside answer()."""

**HumanMessage**:
"""
def action_lookup(query: str, max_matches: int = 6) -> str # For low-level action questions, map raw leaf actions back to task-sized summaries
def answer(reasoning: str = None, answer: str = Ellipsis)
def ask(question: str)
def date_lookup(query: str, max_matches: int = 8) -> str # For exact date/time or N-days-ago questions, list matching history summaries directly
def event_date_lookup(query: str, max_matches: int = 12) -> str # For "how many days ago did you X" questions, find all matching event dates directly
def now() -> datetime.datetime
def object_lookup(object_name: str, max_matches: int = 8) -> str # For object yes/no questions, check whether task summaries mention the object
def task_list(max_tasks: int = 30) -> str # For task-list questions, list task-sized history summaries in chronological order
def task_lookup(query: str, max_matches: int = 8) -> str # For task-description questions, list task-sized summaries matching a query
def temporal_neighbor(target_task: str, direction: str = 'before', max_candidates: int = 6) -> str # For just-before/just-after questions, find the target task and return adjacent task candidates
def vqa(question: str, *images: PIL.Image.Image)
"""

**HumanMessage**:
"""Usage examples:
>>> history.expand()  # Shows the history tree with all child nodes expanded
>>> history.expand(date(2021, 12, 20))  # Expand the children that overlap with the given day
>>> history.expand(now() - timedelta(hours=6), now() - timedelta(hours=4))  # Expand all children that overlap with the given range (in this example "about 5 hours ago")
>>> history.expand((now() - timedelta(days=2)).date())  # Expand all children that overlap with the day before yesterday
>>> history.expand(0)  # Shows child node 0
>>> history[0].expand()  # Expands all child nodes of node 0 (node 0 must be expanded already to see them)
>>> history[5][2].expand()  # Shows child node 2 of child node 5 with all its child nodes expanded
>>> history.search("green cup") # Semantic index search. Expands the most relevant children according to similarity of the natural language query and the node's (recursively defined) index content.
>>> history[1][42].search("bicycle") # Semantic index search on some node further down the tree. Expands the children of node 1.42 most relevant to the search term
>>> history[3].collapse_all_but(1); history[3][1].expand()  # Zooms into details of child node 3.1 while collapsing all other childs of node 3
>>> vqa("What color is the ... in this image?",
...     history[2][4][-1][0].image)  # Invoke a model to answer a visual question about image(s) of some leaf (!) node(s)

# After gathering the relevant information, answer the question:
# Use a short final answer. Optionally provide a brief reasoning only when needed.
>>> answer("...")"""

**HumanMessage**:
"""User question: When did you prepare breakfast?"""

**AIMessage**:
"""event_date_lookup('When did you prepare breakfast?')"""

**HumanMessage**:
""""Event date lookup for query='When did you prepare breakfast?': event='prepare breakfast', today=2023/11/22.\n1. score=0.46; days_ago=8; 2023/11/14 17:42 - 17:56: I prepared toast by slicing and toasting bread, cleaning a dirty plate retrieved from the garbage, and then placing the finished toast onto the clean plate to complete the task.\nRecommended answer: on 2023/11/14""""

**HumanMessage**:
"""Current state:
2023/10/28 - 2023/11/21: "Between late October and late November, I maintained the household by consistently preparing meals, particularly potato and tomato-based dishes and coffee, while also performing regular cleaning tasks and organizing various personal and household items."  
  ..."""
{}
command: answer("I prepared breakfast on November 14, 2023.")
expected output: 


 ============================== 


eval answer("I prepared breakfast on November 14, 2023.")
Answering I prepared breakfast on November 14, 2023.  with reason: None
Tokens Used: 1973
	Prompt Tokens: 1703
	Completion Tokens: 270
Successful Requests: 1
Total Cost (USD): $0.0
Evaluating sample 94a921b29def9f26_9157-c81332c37968338f_4641-b001404996cd3a29_0181-ba8bcc8d1e38b29c_a4c6-dfc3dfb3dd5ff1fd_69af-a4352bf3d6d33265_46d2-88ddc0cbf1a23687_43ea-fb63d82d79e5a2f7_5622-66015369bcfd9dea_464c-05a5b8e82c4d198e_a899-f3bd012a65dbb5df_9b4f-3cc94d435588751b_fa04-4cd977ff61272336_4706-c66cfa360ba2ee00_45b2-d442e2b6bd559455_e091-b63996c03c2d6b3e_5234-dda9ea220761cc52_5a27-b53c115c99ca34dd_5e2b-95cb6d56c9a3d66a_7b48-64c836cb91614ac6_913a-1b382ab21a3bffcd_561a-064a69cb5d40b41f_9237-4c98e155c32cdc6f_7acc-47f966f6920a05d6_742e-09916b24496645e4_5ff9-e4f148195c6e2fd9_c290-6ccc8b815fbc093a_e921-11ed5eaa6ebb7198_c80b-6f4aca312776de7b_97f3-ad2e4eb0b24a5940_69e9-b221d3f0ccfccea1_2abf-fb7d765ba6874372_2361-81b10da74f7ac9ff_15c8-25b52159ad56e77c_ff7f-0955031ec589b508_aa4c-3eea22aeefd4b6ec_a76b-8463e3c141964336_c9cc-ce6428e9c062e409_9fae-173518e3f508ca80_9ffa-cf32d4a95cdbcd3a_9fa2-96f5c7fccc368de7_dfe9-0de4b62afcd06138_f2bb-a259c276e58a6548_0c8d-32813f06255beef5_0bd5-c63cc11d19216a88_1356-464fb2558d308797_5a27-2b5a33d4908ee77d_20f6-d94b413680f6d6de_17a8-dbb41344c474217f_2e3e-f22a5e8ac037a420_1c14-0-tasks_to_days_ago
[配置] 启用 FAISS 加速，索引类型: flat
[Forgetting] 命中缓存
[GraphAug] 命中图缓存 (nodes=4866, edges=17301)
Got 0 examples


 ============================== 


eval event_date_lookup('Today is Nov 22, 2023 at 10:57 AM. How many days ago did you serve 1 slice(s) of tomato in a bowl?')
Updated/Defined variables after execution: {}

**SystemMessage**:
"""You are a smart humanoid robot answering user question about your past actions.
The history object contains information on what you did in the past, represented as a tree.
Use the method expand to look at details of a node.
Make sure to use collapse_all_but(idx) when you expanded irrelevant nodes, in order to keep the tree compact.
Enter Python expressions into the console to see the value and decide for the next command based on that result.
Answer concisely by calling answer("...") when you gathered enough information to answer the question.
Generate syntactically correct python console statements only, no explanations or other natural language statements.
IMPORTANT: If search() returns "No relevant records found", your next command MUST be answer("I have no record of that."). Do not search synonyms, do not expand further, and do not call vqa.
IMPORTANT: If you get "Nothing changed" twice, answer honestly that you have no record. Do NOT keep searching repeatedly. For just-before/just-after questions, first try one broader target search or inspect another relevant top-level time block before giving up.
For object yes/no questions, first use object_lookup("object name"). If it reports no matching summary, answer "No, I have no record of that." Do not call vqa unless you already have a directly relevant leaf image.
For task-list questions such as "List the tasks you performed", first use task_list(). Prefer its Recommended answer and chronological candidates instead of manually expanding the whole tree. For long histories, do not copy every task candidate verbatim unless the user explicitly asks for an exhaustive transcript.
For low-level action questions such as "what task did you perform when you toggle/open/pick up/place X", first use action_lookup("full low-level action"), for example action_lookup("open the drawer"). Do not call task_lookup first for these low-level action questions.
For task-description questions such as "describe what you did when you X", first use task_lookup("X"). Prefer its matching task candidates instead of manually expanding the whole tree. This does not apply to low-level action questions covered by action_lookup.
For exact date/time questions or "N days ago" questions asking what happened, first use date_lookup(question). Prefer its Recommended answer when it is confident instead of manually expanding by date.
For "How many days ago did you X?" or "When did you X?" questions, first use event_date_lookup(question). If it lists multiple days, include all of them in the final answer instead of only the most recent match.
For just-before or just-after questions, first use temporal_neighbor(target_task, direction="before" or "after") if a candidate is not already shown. Prefer the returned Recommended answer when it is confident. Only then inspect adjacent sibling or temporal nodes. Avoid expanding to raw leaf observations unless the summary is insufficient.
Do not call vqa for time, date, task-list, before/after, or yes/no object-existence questions when textual summaries already answer the question. Use vqa only for explicit visual appearance questions such as color, visible state, or what something looks like.
Never output bare parameters such as reasoning="..." answer="...". Always call answer("..."). You may call answer(reasoning="...", answer="...") only when a short reason is necessary.
Keep answer() short: answer under 60 words, and do not use markdown or backticks inside answer()."""

**HumanMessage**:
"""
def action_lookup(query: str, max_matches: int = 6) -> str # For low-level action questions, map raw leaf actions back to task-sized summaries
def answer(reasoning: str = None, answer: str = Ellipsis)
def ask(question: str)
def date_lookup(query: str, max_matches: int = 8) -> str # For exact date/time or N-days-ago questions, list matching history summaries directly
def event_date_lookup(query: str, max_matches: int = 12) -> str # For "how many days ago did you X" questions, find all matching event dates directly
def now() -> datetime.datetime
def object_lookup(object_name: str, max_matches: int = 8) -> str # For object yes/no questions, check whether task summaries mention the object
def task_list(max_tasks: int = 30) -> str # For task-list questions, list task-sized history summaries in chronological order
def task_lookup(query: str, max_matches: int = 8) -> str # For task-description questions, list task-sized summaries matching a query
def temporal_neighbor(target_task: str, direction: str = 'before', max_candidates: int = 6) -> str # For just-before/just-after questions, find the target task and return adjacent task candidates
def vqa(question: str, *images: PIL.Image.Image)
"""

**HumanMessage**:
"""Usage examples:
>>> history.expand()  # Shows the history tree with all child nodes expanded
>>> history.expand(date(2021, 12, 20))  # Expand the children that overlap with the given day
>>> history.expand(now() - timedelta(hours=6), now() - timedelta(hours=4))  # Expand all children that overlap with the given range (in this example "about 5 hours ago")
>>> history.expand((now() - timedelta(days=2)).date())  # Expand all children that overlap with the day before yesterday
>>> history.expand(0)  # Shows child node 0
>>> history[0].expand()  # Expands all child nodes of node 0 (node 0 must be expanded already to see them)
>>> history[5][2].expand()  # Shows child node 2 of child node 5 with all its child nodes expanded
>>> history.search("green cup") # Semantic index search. Expands the most relevant children according to similarity of the natural language query and the node's (recursively defined) index content.
>>> history[1][42].search("bicycle") # Semantic index search on some node further down the tree. Expands the children of node 1.42 most relevant to the search term
>>> history[3].collapse_all_but(1); history[3][1].expand()  # Zooms into details of child node 3.1 while collapsing all other childs of node 3
>>> vqa("What color is the ... in this image?",
...     history[2][4][-1][0].image)  # Invoke a model to answer a visual question about image(s) of some leaf (!) node(s)

# After gathering the relevant information, answer the question:
# Use a short final answer. Optionally provide a brief reasoning only when needed.
>>> answer("...")"""

**HumanMessage**:
"""User question: Today is Nov 22, 2023 at 10:57 AM. How many days ago did you serve 1 slice(s) of tomato in a bowl?"""

**AIMessage**:
"""event_date_lookup('Today is Nov 22, 2023 at 10:57 AM. How many days ago did you serve 1 slice(s) of tomato in a bowl?')"""

**HumanMessage**:
""""Event date lookup for query='Today is Nov 22, 2023 at 10:57 AM. How many days ago did you serve 1 slice(s) of tomato in a bowl?': event='serve 1 slice(s) of tomato in a bowl', today=2023/11/22.\n1. score=0.70; days_ago=4; 2023/11/18 16:04 - 16:10: I prepared a tomato slice by retrieving a tomato from the cabinet, slicing it with a knife, and then placing one slice into a clean bowl on the countertop, confirming the task was finished.\n2. score=0.65; days_ago=1; 2023/11/21 12:42:21 - 12:42:31: I placed the tomato slice into the clean bowl, completing the task as requested by the user.\nRecommended answer: 4 days ago and 1 day ago""""

**HumanMessage**:
"""Current state:
2023/10/28 - 2023/11/21: "Between late October and late November, I maintained the household by consistently preparing meals, particularly potato and tomato-based dishes and coffee, while also performing regular cleaning tasks and organizing various personal and household items."  
  ..."""
{}
command: answer("I served a slice of tomato in a bowl 4 days ago and 1 day ago.")
expected output: 


 ============================== 


eval answer("I served a slice of tomato in a bowl 4 days ago and 1 day ago.")
Answering I served a slice of tomato in a bowl 4 days ago and 1 day ago.  with reason: None
Tokens Used: 2258
	Prompt Tokens: 1882
	Completion Tokens: 376
Successful Requests: 1
Total Cost (USD): $0.0
Evaluating sample 94a921b29def9f26_9157-c81332c37968338f_4641-b001404996cd3a29_0181-ba8bcc8d1e38b29c_a4c6-dfc3dfb3dd5ff1fd_69af-a4352bf3d6d33265_46d2-88ddc0cbf1a23687_43ea-fb63d82d79e5a2f7_5622-66015369bcfd9dea_464c-05a5b8e82c4d198e_a899-f3bd012a65dbb5df_9b4f-3cc94d435588751b_fa04-4cd977ff61272336_4706-c66cfa360ba2ee00_45b2-d442e2b6bd559455_e091-b63996c03c2d6b3e_5234-dda9ea220761cc52_5a27-b53c115c99ca34dd_5e2b-95cb6d56c9a3d66a_7b48-64c836cb91614ac6_913a-1b382ab21a3bffcd_561a-064a69cb5d40b41f_9237-4c98e155c32cdc6f_7acc-47f966f6920a05d6_742e-09916b24496645e4_5ff9-e4f148195c6e2fd9_c290-6ccc8b815fbc093a_e921-11ed5eaa6ebb7198_c80b-6f4aca312776de7b_97f3-ad2e4eb0b24a5940_69e9-b221d3f0ccfccea1_2abf-fb7d765ba6874372_2361-81b10da74f7ac9ff_15c8-25b52159ad56e77c_ff7f-0955031ec589b508_aa4c-3eea22aeefd4b6ec_a76b-8463e3c141964336_c9cc-ce6428e9c062e409_9fae-173518e3f508ca80_9ffa-cf32d4a95cdbcd3a_9fa2-96f5c7fccc368de7_dfe9-0de4b62afcd06138_f2bb-a259c276e58a6548_0c8d-32813f06255beef5_0bd5-c63cc11d19216a88_1356-464fb2558d308797_5a27-2b5a33d4908ee77d_20f6-d94b413680f6d6de_17a8-dbb41344c474217f_2e3e-f22a5e8ac037a420_1c14-0-days_ago_to_episode
[配置] 启用 FAISS 加速，索引类型: flat
[Forgetting] 命中缓存
[GraphAug] 命中图缓存 (nodes=4866, edges=17301)
Got 0 examples


 ============================== 


eval date_lookup('Today is Nov 22, 2023 at 10:57 AM. What did you do 7 days ago?')
Updated/Defined variables after execution: {}

**SystemMessage**:
"""You are a smart humanoid robot answering user question about your past actions.
The history object contains information on what you did in the past, represented as a tree.
Use the method expand to look at details of a node.
Make sure to use collapse_all_but(idx) when you expanded irrelevant nodes, in order to keep the tree compact.
Enter Python expressions into the console to see the value and decide for the next command based on that result.
Answer concisely by calling answer("...") when you gathered enough information to answer the question.
Generate syntactically correct python console statements only, no explanations or other natural language statements.
IMPORTANT: If search() returns "No relevant records found", your next command MUST be answer("I have no record of that."). Do not search synonyms, do not expand further, and do not call vqa.
IMPORTANT: If you get "Nothing changed" twice, answer honestly that you have no record. Do NOT keep searching repeatedly. For just-before/just-after questions, first try one broader target search or inspect another relevant top-level time block before giving up.
For object yes/no questions, first use object_lookup("object name"). If it reports no matching summary, answer "No, I have no record of that." Do not call vqa unless you already have a directly relevant leaf image.
For task-list questions such as "List the tasks you performed", first use task_list(). Prefer its Recommended answer and chronological candidates instead of manually expanding the whole tree. For long histories, do not copy every task candidate verbatim unless the user explicitly asks for an exhaustive transcript.
For low-level action questions such as "what task did you perform when you toggle/open/pick up/place X", first use action_lookup("full low-level action"), for example action_lookup("open the drawer"). Do not call task_lookup first for these low-level action questions.
For task-description questions such as "describe what you did when you X", first use task_lookup("X"). Prefer its matching task candidates instead of manually expanding the whole tree. This does not apply to low-level action questions covered by action_lookup.
For exact date/time questions or "N days ago" questions asking what happened, first use date_lookup(question). Prefer its Recommended answer when it is confident instead of manually expanding by date.
For "How many days ago did you X?" or "When did you X?" questions, first use event_date_lookup(question). If it lists multiple days, include all of them in the final answer instead of only the most recent match.
For just-before or just-after questions, first use temporal_neighbor(target_task, direction="before" or "after") if a candidate is not already shown. Prefer the returned Recommended answer when it is confident. Only then inspect adjacent sibling or temporal nodes. Avoid expanding to raw leaf observations unless the summary is insufficient.
Do not call vqa for time, date, task-list, before/after, or yes/no object-existence questions when textual summaries already answer the question. Use vqa only for explicit visual appearance questions such as color, visible state, or what something looks like.
Never output bare parameters such as reasoning="..." answer="...". Always call answer("..."). You may call answer(reasoning="...", answer="...") only when a short reason is necessary.
Keep answer() short: answer under 60 words, and do not use markdown or backticks inside answer()."""

**HumanMessage**:
"""
def action_lookup(query: str, max_matches: int = 6) -> str # For low-level action questions, map raw leaf actions back to task-sized summaries
def answer(reasoning: str = None, answer: str = Ellipsis)
def ask(question: str)
def date_lookup(query: str, max_matches: int = 8) -> str # For exact date/time or N-days-ago questions, list matching history summaries directly
def event_date_lookup(query: str, max_matches: int = 12) -> str # For "how many days ago did you X" questions, find all matching event dates directly
def now() -> datetime.datetime
def object_lookup(object_name: str, max_matches: int = 8) -> str # For object yes/no questions, check whether task summaries mention the object
def task_list(max_tasks: int = 30) -> str # For task-list questions, list task-sized history summaries in chronological order
def task_lookup(query: str, max_matches: int = 8) -> str # For task-description questions, list task-sized summaries matching a query
def temporal_neighbor(target_task: str, direction: str = 'before', max_candidates: int = 6) -> str # For just-before/just-after questions, find the target task and return adjacent task candidates
def vqa(question: str, *images: PIL.Image.Image)
"""

**HumanMessage**:
"""Usage examples:
>>> history.expand()  # Shows the history tree with all child nodes expanded
>>> history.expand(date(2021, 12, 20))  # Expand the children that overlap with the given day
>>> history.expand(now() - timedelta(hours=6), now() - timedelta(hours=4))  # Expand all children that overlap with the given range (in this example "about 5 hours ago")
>>> history.expand((now() - timedelta(days=2)).date())  # Expand all children that overlap with the day before yesterday
>>> history.expand(0)  # Shows child node 0
>>> history[0].expand()  # Expands all child nodes of node 0 (node 0 must be expanded already to see them)
>>> history[5][2].expand()  # Shows child node 2 of child node 5 with all its child nodes expanded
>>> history.search("green cup") # Semantic index search. Expands the most relevant children according to similarity of the natural language query and the node's (recursively defined) index content.
>>> history[1][42].search("bicycle") # Semantic index search on some node further down the tree. Expands the children of node 1.42 most relevant to the search term
>>> history[3].collapse_all_but(1); history[3][1].expand()  # Zooms into details of child node 3.1 while collapsing all other childs of node 3
>>> vqa("What color is the ... in this image?",
...     history[2][4][-1][0].image)  # Invoke a model to answer a visual question about image(s) of some leaf (!) node(s)

# After gathering the relevant information, answer the question:
# Use a short final answer. Optionally provide a brief reasoning only when needed.
>>> answer("...")"""

**HumanMessage**:
"""User question: Today is Nov 22, 2023 at 10:57 AM. What did you do 7 days ago?"""

**AIMessage**:
"""date_lookup('Today is Nov 22, 2023 at 10:57 AM. What did you do 7 days ago?')"""

**HumanMessage**:
Traceback (most recent call last):
  File "/home/user22303471/Project/Active-H-EMV/llm_emv/eval/__main__.py", line 418, in main
    hypothesis = model(sample.question, sample.question_time, sample.history)
  File "/home/user22303471/Project/Active-H-EMV/llm_emv/eval/__main__.py", line 237, in run_model
    lmp = setup_llm_emv(cfg, history, now_time=question_time,
  File "/home/user22303471/Project/Active-H-EMV/llm_emv/setup.py", line 74, in setup_llm_emv
    history = apply_memory_consolidation_cached(history, now_time, search_emb, forgetting_cfg)
  File "/home/user22303471/Project/Active-H-EMV/llm_emv/setup.py", line 300, in apply_memory_consolidation_cached
    history = apply_memory_consolidation(history, now_time, embedding_fn, forgetting_cfg)
  File "/home/user22303471/Project/Active-H-EMV/llm_emv/setup.py", line 401, in apply_memory_consolidation
    history, stats = memory_consolidation(
  File "/home/user22303471/Project/Active-H-EMV/llm_emv/memory_consolidation.py", line 456, in memory_consolidation
    u = compute_uniqueness(idx, all_embeddings)
  File "/home/user22303471/Project/Active-H-EMV/llm_emv/memory_consolidation.py", line 83, in compute_uniqueness
    similarities = util.cos_sim(node_emb, all_embeddings).squeeze(0)  # (N,)
  File "/home/user22303471/.conda/envs/active-h-emv/lib/python3.10/site-packages/sentence_transformers/util/similarity.py", line 48, in cos_sim
    b_norm = normalize_embeddings(b)
  File "/home/user22303471/.conda/envs/active-h-emv/lib/python3.10/site-packages/sentence_transformers/util/tensor.py", line 79, in normalize_embeddings
    return torch.nn.functional.normalize(embeddings, p=2, dim=1)
  File "/home/user22303471/Project/Active-H-EMV/llm_emv/eval/__main__.py", line 32, in _raise_sample_timeout
    raise SampleTimeoutError('Sample timed out.')
SampleTimeoutError: Sample timed out.
""""Date lookup for query='Today is Nov 22, 2023 at 10:57 AM. What did you do 7 days ago?': resolved=2023/11/15.\n1. score=0.88; 2023/11/15 12:04 - 14:20: I prepared a lettuce sandwich by slicing and toasting bread, slicing lettuce, and assembling it on a plate. I also prepared coffee and a salad (lettuce, tomato, potato) and moved three credit cards to the bed.\n2. score=0.78; 2023/11/15 13:13 - 13:39: I prepared coffee and then made a salad by gathering and slicing lettuce, a tomato, and a cooked potato, retrieving a plate, and assembling the ingredients before completing the task.\n3. score=0.78; 2023/11/15 12:04 - 12:09: I prepared a lettuce sandwich by slicing and toasting bread, slicing lettuce, and assembling the ingredients on a plate retrieved from the fridge.\n4. score=0.78; 2023/11/15 14:17 - 14:20: I placed three credit cards on the bed as instructed by the user, picking them up from the desk and a bookshelf, and the user confirmed the task was completed.\n5. score=0.71; 2023/11/15 13:18 - 13:30: I gathered and prepared the salad ingredients by finding and slicing lettuce, a tomato, and a cooked potato.\n6. score=0.70; 2023/11/15 13:31 - 13:39: I retrieved a plate from the fridge and assembled the salad with lettuce, potato, and tomato slices, making adjustments based on feedback before completing the task.\n7. score=0.70; 2023/11/15 13:13 - 13:18: I prepared a clean mug and started making coffee using the coffee machine.\n8. score=0.70; 2023/11/15 12:04 - 12:07: I prepared for the sandwich by retrieving bread from the fridge, slicing it, and toasting two slices.\nRecommended answer: I prepared a lettuce sandwich by slicing and toasting bread, slicing lettuce, and assembling it on a plate. I also prepared coffee and a salad (lettuce, tomato, potato) and moved three credit cards to the bed. I prepared coffee and then made a salad by gathering and slicing lettuce, a tomato, and a cooked potato, retrieving a plate, and assembling the ingredients before completing the task. I prepared a lettuce sandwich by slicing and toasting bread, slicing lettuce, and assembling the ingredients on a plate retrieved from the fridge. I placed three credit cards on the bed as instructed by the user, picking them up from the desk and a bookshelf, and the user confirmed the task was completed.""""

**HumanMessage**:
"""Current state:
2023/10/28 - 2023/11/21: "Between late October and late November, I maintained the household by consistently preparing meals, particularly potato and tomato-based dishes and coffee, while also performing regular cleaning tasks and organizing various personal and household items."  
  ..."""
{}
command: answer("Seven days ago, on November 15, 2023, I prepared a lettuce sandwich, a salad, and coffee. I also moved three credit cards to the bed.")
expected output: 


 ============================== 


eval answer("Seven days ago, on November 15, 2023, I prepared a lettuce sandwich, a salad, and coffee. I also moved three credit cards to the bed.")
Answering Seven days ago, on November 15, 2023, I prepared a lettuce sandwich, a salad, and coffee. I also moved three credit cards to the bed.  with reason: None
Tokens Used: 2895
	Prompt Tokens: 2329
	Completion Tokens: 566
Successful Requests: 1
Total Cost (USD): $0.0
Evaluating sample 6e4fc617d59944fa_915c-2bb159500f5ee79b_77a4-cf32d4a95cdbcd3a_9fa2-4aafdc038df138e8_58f0-9ac845c7d33ba73a_7fa8-133d52a8aaf9db3f_8ed8-612f99763b6978b6_0c1a-f2f6723ebab1e6a2_bfeb-b001404996cd3a29_0181-1bbfe20e48fba275_22dc-0460150bc5699dc0_4640-b87bd55d7820c86e_8d92-fc0fe94a4c8e3a29_9052-f892b2976d0955e0_b0d9-53c031a953194d07_d936-c3aabf431a64e351_e223-b2815444299854b0_2b84-345624f0e74dc947_8525-7172fd55ac8095bd_e687-0196f21923a77e88_288f-c66cfa360ba2ee00_45b2-271e4ccbac4343e1_87d1-f3bd012a65dbb5df_1a9a-e8f7cd03e3683657_4d70-b389be8338cc3292_add9-b385a8c7a7538571_e6cd-f2fab283e8dd367a_cb1f-6f4aca312776de7b_7e6e-bc081581cf493d71_0be6-f9b2ea9da7e5220a_b121-d4c51dc230306c8b_d93b-fb7d765ba6874372_06ed-c2ffd6a81bfe2613_f91c-eccc0afc91fb9b74_d5ba-78ae8aaf1a80a972_6371-4f4013ceab294a80_3864-7337be5c30b1b5d1_874c-d774a2a9ef601400_0ce5-a137cf3264d8a96d_83d2-c02445dd7a5b6f26_be05-36492265af47de94_a352-32fe2fa7cc43fbc3_b8f3-f2f6723ebab1e6a2_6bea-2cea84be063eb017_3d2f-915fdf90f4bc33cd_6c72-7affadfe549cbeb4_1df8-d8d05917aadc27f7_05a0-09d537bcc73a42fc_52e8-e860a105f7c30a29_64c8-488f96fab858496c_d6e2-0-sequence_of_task_descs
[配置] 启用 FAISS 加速，索引类型: flat
[Forgetting] 解析遗忘配置...
[Forgetting] 开始记忆巩固...
[Forgetting] 收集到 5684 个事件节点
[Forgetting] 构建临时轻量图计算度中心性...
[Forgetting] 临时图度中心性: max_degree=70, 有连接的节点数=5393
[Forgetting] 计算节点 embeddings...
Embedding 3518 , new: 1761
Evaluating sample 6e4fc617d59944fa_915c-2bb159500f5ee79b_77a4-cf32d4a95cdbcd3a_9fa2-4aafdc038df138e8_58f0-9ac845c7d33ba73a_7fa8-133d52a8aaf9db3f_8ed8-612f99763b6978b6_0c1a-f2f6723ebab1e6a2_bfeb-b001404996cd3a29_0181-1bbfe20e48fba275_22dc-0460150bc5699dc0_4640-b87bd55d7820c86e_8d92-fc0fe94a4c8e3a29_9052-f892b2976d0955e0_b0d9-53c031a953194d07_d936-c3aabf431a64e351_e223-b2815444299854b0_2b84-345624f0e74dc947_8525-7172fd55ac8095bd_e687-0196f21923a77e88_288f-c66cfa360ba2ee00_45b2-271e4ccbac4343e1_87d1-f3bd012a65dbb5df_1a9a-e8f7cd03e3683657_4d70-b389be8338cc3292_add9-b385a8c7a7538571_e6cd-f2fab283e8dd367a_cb1f-6f4aca312776de7b_7e6e-bc081581cf493d71_0be6-f9b2ea9da7e5220a_b121-d4c51dc230306c8b_d93b-fb7d765ba6874372_06ed-c2ffd6a81bfe2613_f91c-eccc0afc91fb9b74_d5ba-78ae8aaf1a80a972_6371-4f4013ceab294a80_3864-7337be5c30b1b5d1_874c-d774a2a9ef601400_0ce5-a137cf3264d8a96d_83d2-c02445dd7a5b6f26_be05-36492265af47de94_a352-32fe2fa7cc43fbc3_b8f3-f2f6723ebab1e6a2_6bea-2cea84be063eb017_3d2f-915fdf90f4bc33cd_6c72-7affadfe549cbeb4_1df8-d8d05917aadc27f7_05a0-09d537bcc73a42fc_52e8-e860a105f7c30a29_64c8-488f96fab858496c_d6e2-0-seq_specific_shortened_low_actions
[配置] 启用 FAISS 加速，索引类型: flat
[Forgetting] 解析遗忘配置...
[Forgetting] 开始记忆巩固...
[Forgetting] 收集到 5684 个事件节点
[Forgetting] 构建临时轻量图计算度中心性...
[Forgetting] 临时图度中心性: max_degree=70, 有连接的节点数=5393
[Forgetting] 计算节点 embeddings...
[Forgetting] 安全下限触发: θ₁ 从 0.500 下调到 0.245
[Forgetting] 巩固完成: 完整保留=1744 (30.7%), 去细节化=3940 (69.3%), 摘要保留=0 (0.0%), 豁免=703
[Forgetting] 统计: {'total': 5684, 'level_0_full_retain': 1744, 'level_1_detail_removed': 3940, 'level_2_summary_only': 0, 'immune_count': 703, 'effective_theta_1': 0.24524533296283224, 'effective_theta_2': 0.0980981331851329, 'retain_ratio': 0.306826178747361, 'forgetting_ratio': 0.6931738212526389}
[GraphAug] 开始构建记忆图...
[MemoryGraph] 收集到 5684 个事件节点
[MemoryGraph] 时间相邻边: 4570
[MemoryGraph] 共享物体边: 11671
[MemoryGraph] 唯一动作数: 412, 相似动作对: 697
[MemoryGraph] 相似动作边: 1638
[MemoryGraph] 图构建完成: {'num_nodes': 5684, 'num_edges': 17879, 'edges_temporal_adjacent': 4570, 'edges_co_object': 11671, 'edges_similar_action': 1638}
[GraphAug] 记忆图构建完成
Got 0 examples


 ============================== 


eval task_lookup('put all tissue box on any dresser')
Updated/Defined variables after execution: {}
[结构化直答] low-action task lookup matched; returning Recommended answer directly
Tokens Used: 0
	Prompt Tokens: 0
	Completion Tokens: 0
Successful Requests: 0
Total Cost (USD): $0.0
Evaluating sample 6e4fc617d59944fa_915c-2bb159500f5ee79b_77a4-cf32d4a95cdbcd3a_9fa2-4aafdc038df138e8_58f0-9ac845c7d33ba73a_7fa8-133d52a8aaf9db3f_8ed8-612f99763b6978b6_0c1a-f2f6723ebab1e6a2_bfeb-b001404996cd3a29_0181-1bbfe20e48fba275_22dc-0460150bc5699dc0_4640-b87bd55d7820c86e_8d92-fc0fe94a4c8e3a29_9052-f892b2976d0955e0_b0d9-53c031a953194d07_d936-c3aabf431a64e351_e223-b2815444299854b0_2b84-345624f0e74dc947_8525-7172fd55ac8095bd_e687-0196f21923a77e88_288f-c66cfa360ba2ee00_45b2-271e4ccbac4343e1_87d1-f3bd012a65dbb5df_1a9a-e8f7cd03e3683657_4d70-b389be8338cc3292_add9-b385a8c7a7538571_e6cd-f2fab283e8dd367a_cb1f-6f4aca312776de7b_7e6e-bc081581cf493d71_0be6-f9b2ea9da7e5220a_b121-d4c51dc230306c8b_d93b-fb7d765ba6874372_06ed-c2ffd6a81bfe2613_f91c-eccc0afc91fb9b74_d5ba-78ae8aaf1a80a972_6371-4f4013ceab294a80_3864-7337be5c30b1b5d1_874c-d774a2a9ef601400_0ce5-a137cf3264d8a96d_83d2-c02445dd7a5b6f26_be05-36492265af47de94_a352-32fe2fa7cc43fbc3_b8f3-f2f6723ebab1e6a2_6bea-2cea84be063eb017_3d2f-915fdf90f4bc33cd_6c72-7affadfe549cbeb4_1df8-d8d05917aadc27f7_05a0-09d537bcc73a42fc_52e8-e860a105f7c30a29_64c8-488f96fab858496c_d6e2-0-seq_right_after_questions
[配置] 启用 FAISS 加速，索引类型: flat
[Forgetting] 命中缓存
[GraphAug] 命中图缓存 (nodes=5684, edges=17879)
Got 0 examples


 ============================== 


eval temporal_neighbor('clean all the pots', direction='after')
Updated/Defined variables after execution: {}

**SystemMessage**:
"""You are a smart humanoid robot answering user question about your past actions.
The history object contains information on what you did in the past, represented as a tree.
Use the method expand to look at details of a node.
Make sure to use collapse_all_but(idx) when you expanded irrelevant nodes, in order to keep the tree compact.
Enter Python expressions into the console to see the value and decide for the next command based on that result.
Answer concisely by calling answer("...") when you gathered enough information to answer the question.
Generate syntactically correct python console statements only, no explanations or other natural language statements.
IMPORTANT: If search() returns "No relevant records found", your next command MUST be answer("I have no record of that."). Do not search synonyms, do not expand further, and do not call vqa.
IMPORTANT: If you get "Nothing changed" twice, answer honestly that you have no record. Do NOT keep searching repeatedly. For just-before/just-after questions, first try one broader target search or inspect another relevant top-level time block before giving up.
For object yes/no questions, first use object_lookup("object name"). If it reports no matching summary, answer "No, I have no record of that." Do not call vqa unless you already have a directly relevant leaf image.
For task-list questions such as "List the tasks you performed", first use task_list(). Prefer its Recommended answer and chronological candidates instead of manually expanding the whole tree. For long histories, do not copy every task candidate verbatim unless the user explicitly asks for an exhaustive transcript.
For low-level action questions such as "what task did you perform when you toggle/open/pick up/place X", first use action_lookup("full low-level action"), for example action_lookup("open the drawer"). Do not call task_lookup first for these low-level action questions.
For task-description questions such as "describe what you did when you X", first use task_lookup("X"). Prefer its matching task candidates instead of manually expanding the whole tree. This does not apply to low-level action questions covered by action_lookup.
For exact date/time questions or "N days ago" questions asking what happened, first use date_lookup(question). Prefer its Recommended answer when it is confident instead of manually expanding by date.
For "How many days ago did you X?" or "When did you X?" questions, first use event_date_lookup(question). If it lists multiple days, include all of them in the final answer instead of only the most recent match.
For just-before or just-after questions, first use temporal_neighbor(target_task, direction="before" or "after") if a candidate is not already shown. Prefer the returned Recommended answer when it is confident. Only then inspect adjacent sibling or temporal nodes. Avoid expanding to raw leaf observations unless the summary is insufficient.
Do not call vqa for time, date, task-list, before/after, or yes/no object-existence questions when textual summaries already answer the question. Use vqa only for explicit visual appearance questions such as color, visible state, or what something looks like.
Never output bare parameters such as reasoning="..." answer="...". Always call answer("..."). You may call answer(reasoning="...", answer="...") only when a short reason is necessary.
Keep answer() short: answer under 60 words, and do not use markdown or backticks inside answer()."""

**HumanMessage**:
"""
def action_lookup(query: str, max_matches: int = 6) -> str # For low-level action questions, map raw leaf actions back to task-sized summaries
def answer(reasoning: str = None, answer: str = Ellipsis)
def ask(question: str)
def date_lookup(query: str, max_matches: int = 8) -> str # For exact date/time or N-days-ago questions, list matching history summaries directly
def event_date_lookup(query: str, max_matches: int = 12) -> str # For "how many days ago did you X" questions, find all matching event dates directly
def now() -> datetime.datetime
def object_lookup(object_name: str, max_matches: int = 8) -> str # For object yes/no questions, check whether task summaries mention the object
def task_list(max_tasks: int = 30) -> str # For task-list questions, list task-sized history summaries in chronological order
def task_lookup(query: str, max_matches: int = 8) -> str # For task-description questions, list task-sized summaries matching a query
def temporal_neighbor(target_task: str, direction: str = 'before', max_candidates: int = 6) -> str # For just-before/just-after questions, find the target task and return adjacent task candidates
def vqa(question: str, *images: PIL.Image.Image)
"""

**HumanMessage**:
"""Usage examples:
>>> history.expand()  # Shows the history tree with all child nodes expanded
>>> history.expand(date(2021, 12, 20))  # Expand the children that overlap with the given day
>>> history.expand(now() - timedelta(hours=6), now() - timedelta(hours=4))  # Expand all children that overlap with the given range (in this example "about 5 hours ago")
>>> history.expand((now() - timedelta(days=2)).date())  # Expand all children that overlap with the day before yesterday
>>> history.expand(0)  # Shows child node 0
>>> history[0].expand()  # Expands all child nodes of node 0 (node 0 must be expanded already to see them)
>>> history[5][2].expand()  # Shows child node 2 of child node 5 with all its child nodes expanded
>>> history.search("green cup") # Semantic index search. Expands the most relevant children according to similarity of the natural language query and the node's (recursively defined) index content.
>>> history[1][42].search("bicycle") # Semantic index search on some node further down the tree. Expands the children of node 1.42 most relevant to the search term
>>> history[3].collapse_all_but(1); history[3][1].expand()  # Zooms into details of child node 3.1 while collapsing all other childs of node 3
>>> vqa("What color is the ... in this image?",
...     history[2][4][-1][0].image)  # Invoke a model to answer a visual question about image(s) of some leaf (!) node(s)

# After gathering the relevant information, answer the question:
# Use a short final answer. Optionally provide a brief reasoning only when needed.
>>> answer("...")"""

**HumanMessage**:
"""User question: What task did you do just after clean all the pots?"""

**AIMessage**:
"""temporal_neighbor('clean all the pots', direction='after')"""

**HumanMessage**:
""""Temporal neighbor candidates for target='clean all the pots', direction='after':\n1. score=1.00; target=2023/04/02 11:25:03 - 11:25:51: Next, as instructed, I picked up the dirty pot from the stove, emptied its contents into the sink, placed the pot in the sink basin, and turned on the faucet to begin washing it, w...; after=2023/04/02 18:58:24 - 18:59:12: I picked up a bowl filled with water and, following the user's instruction, watered a houseplant with it. Afterwards, I placed the empty bowl on the countertop.\n2. score=0.74; target=2023/04/03 11:09:29 - 11:11:00: Following the user's instruction to clean the pot, I opened the fridge, retrieved the pot, and placed it on the countertop.; after=2023/04/03 11:11:03 - 11:11:43: To prepare for washing, I cleared the sink basin by moving a soap bottle, an egg, a cup, and a mug to the countertop.\n3. score=0.68; target=2023/04/03 11:09:29 - 11:12:03: Following the user's instruction to clean a pot, I retrieved it from the fridge. I then cleared the sink by moving a soap bottle, an egg, a cup, and a mug to the countertop. Finall...; after=2023/04/03 14:25 - 14:28: I was instructed to rinse a mug. I found the dirty mug on a shelf, picked it up, rinsed it in the sink, and then placed it in the coffee machine.\n4. score=0.63; target=2023/04/02 11:23:14 - 11:25:51: I was instructed to clean the cookware. To do this, I first cleared the sink by moving a cup, a credit card, a butterknife, and a pepper shaker to the countertop. Then, I placed th...; after=2023/04/02 18:58:24 - 18:59:12: I picked up a bowl filled with water and, following the user's instruction, watered a houseplant with it. Afterwards, I placed the empty bowl on the countertop.\n5. score=0.60; target=2023/04/08 12:03 - 12:13: When instructed to boil a potato, I initially misunderstood and attempted to boil an egg. I took an egg from the fridge, washed a pan but used a different dirty pot, and placed the...; after=2023/04/08 12:09:41 - 12:12:27: I cleaned three dirty plates. First, I cleaned a plate from the chair, then one from the countertop, and finally one from the fridge, placing each in the sink, cleaning it with the...\n6. score=0.58; target=2023/03/31 - 2023/04/02: From March 31st to April 2nd, I handled both organizational and household chores. I moved remote controls to an armchair, prepared toast and a salad, cleaned a dirty pot, and water...; after=2023/04/03 11:09 - 14:28: On April 3rd, I focused on cleaning, first preparing to wash a pot by clearing the sink and then rinsing a dirty mug before placing it in the coffee machine.\nRecommended answer: I picked up a bowl filled with water and, following the user's instruction, watered a houseplant with it. Afterwards, I placed the empty bowl on the countertop.""""

**HumanMessage**:
"""Current state:
2023/03/11 - 2023/04/09: "Over the course of a month, from March 11th to April 9th, I consistently performed a range of household duties. My tasks were centered on kitchen activities, including preparing various meals like toast, coffee, and salads, and cleaning dishes. I also focused on general tidying by organizing items such as newspapers and personal belongings, and I regularly watered the houseplant."  
  ..."""
{}
command: answer("I picked up a bowl filled with water and, following the user's instruction, watered a houseplant with it. Afterwards, I placed the empty bowl on the countertop.")
expected output: 


 ============================== 


eval answer("I picked up a bowl filled with water and, following the user's instruction, watered a houseplant with it. Afterwards, I placed the empty bowl on the countertop.")
Answering I picked up a bowl filled with water and, following the user's instruction, watered a houseplant with it. Afterwards, I placed the empty bowl on the countertop.  with reason: None
Tokens Used: 2961
	Prompt Tokens: 2552
	Completion Tokens: 409
Successful Requests: 1
Total Cost (USD): $0.0
Evaluating sample 6e4fc617d59944fa_915c-2bb159500f5ee79b_77a4-cf32d4a95cdbcd3a_9fa2-4aafdc038df138e8_58f0-9ac845c7d33ba73a_7fa8-133d52a8aaf9db3f_8ed8-612f99763b6978b6_0c1a-f2f6723ebab1e6a2_bfeb-b001404996cd3a29_0181-1bbfe20e48fba275_22dc-0460150bc5699dc0_4640-b87bd55d7820c86e_8d92-fc0fe94a4c8e3a29_9052-f892b2976d0955e0_b0d9-53c031a953194d07_d936-c3aabf431a64e351_e223-b2815444299854b0_2b84-345624f0e74dc947_8525-7172fd55ac8095bd_e687-0196f21923a77e88_288f-c66cfa360ba2ee00_45b2-271e4ccbac4343e1_87d1-f3bd012a65dbb5df_1a9a-e8f7cd03e3683657_4d70-b389be8338cc3292_add9-b385a8c7a7538571_e6cd-f2fab283e8dd367a_cb1f-6f4aca312776de7b_7e6e-bc081581cf493d71_0be6-f9b2ea9da7e5220a_b121-d4c51dc230306c8b_d93b-fb7d765ba6874372_06ed-c2ffd6a81bfe2613_f91c-eccc0afc91fb9b74_d5ba-78ae8aaf1a80a972_6371-4f4013ceab294a80_3864-7337be5c30b1b5d1_874c-d774a2a9ef601400_0ce5-a137cf3264d8a96d_83d2-c02445dd7a5b6f26_be05-36492265af47de94_a352-32fe2fa7cc43fbc3_b8f3-f2f6723ebab1e6a2_6bea-2cea84be063eb017_3d2f-915fdf90f4bc33cd_6c72-7affadfe549cbeb4_1df8-d8d05917aadc27f7_05a0-09d537bcc73a42fc_52e8-e860a105f7c30a29_64c8-488f96fab858496c_d6e2-0-seq_right_before_questions
[配置] 启用 FAISS 加速，索引类型: flat
[Forgetting] 命中缓存
[GraphAug] 命中图缓存 (nodes=5684, edges=17879)
Got 0 examples


 ============================== 


eval temporal_neighbor('put all sportsequipment on any bed', direction='before')
Updated/Defined variables after execution: {}

**SystemMessage**:
"""You are a smart humanoid robot answering user question about your past actions.
The history object contains information on what you did in the past, represented as a tree.
Use the method expand to look at details of a node.
Make sure to use collapse_all_but(idx) when you expanded irrelevant nodes, in order to keep the tree compact.
Enter Python expressions into the console to see the value and decide for the next command based on that result.
Answer concisely by calling answer("...") when you gathered enough information to answer the question.
Generate syntactically correct python console statements only, no explanations or other natural language statements.
IMPORTANT: If search() returns "No relevant records found", your next command MUST be answer("I have no record of that."). Do not search synonyms, do not expand further, and do not call vqa.
IMPORTANT: If you get "Nothing changed" twice, answer honestly that you have no record. Do NOT keep searching repeatedly. For just-before/just-after questions, first try one broader target search or inspect another relevant top-level time block before giving up.
For object yes/no questions, first use object_lookup("object name"). If it reports no matching summary, answer "No, I have no record of that." Do not call vqa unless you already have a directly relevant leaf image.
For task-list questions such as "List the tasks you performed", first use task_list(). Prefer its Recommended answer and chronological candidates instead of manually expanding the whole tree. For long histories, do not copy every task candidate verbatim unless the user explicitly asks for an exhaustive transcript.
For low-level action questions such as "what task did you perform when you toggle/open/pick up/place X", first use action_lookup("full low-level action"), for example action_lookup("open the drawer"). Do not call task_lookup first for these low-level action questions.
For task-description questions such as "describe what you did when you X", first use task_lookup("X"). Prefer its matching task candidates instead of manually expanding the whole tree. This does not apply to low-level action questions covered by action_lookup.
For exact date/time questions or "N days ago" questions asking what happened, first use date_lookup(question). Prefer its Recommended answer when it is confident instead of manually expanding by date.
For "How many days ago did you X?" or "When did you X?" questions, first use event_date_lookup(question). If it lists multiple days, include all of them in the final answer instead of only the most recent match.
For just-before or just-after questions, first use temporal_neighbor(target_task, direction="before" or "after") if a candidate is not already shown. Prefer the returned Recommended answer when it is confident. Only then inspect adjacent sibling or temporal nodes. Avoid expanding to raw leaf observations unless the summary is insufficient.
Do not call vqa for time, date, task-list, before/after, or yes/no object-existence questions when textual summaries already answer the question. Use vqa only for explicit visual appearance questions such as color, visible state, or what something looks like.
Never output bare parameters such as reasoning="..." answer="...". Always call answer("..."). You may call answer(reasoning="...", answer="...") only when a short reason is necessary.
Keep answer() short: answer under 60 words, and do not use markdown or backticks inside answer()."""

**HumanMessage**:
"""
def action_lookup(query: str, max_matches: int = 6) -> str # For low-level action questions, map raw leaf actions back to task-sized summaries
def answer(reasoning: str = None, answer: str = Ellipsis)
def ask(question: str)
def date_lookup(query: str, max_matches: int = 8) -> str # For exact date/time or N-days-ago questions, list matching history summaries directly
def event_date_lookup(query: str, max_matches: int = 12) -> str # For "how many days ago did you X" questions, find all matching event dates directly
def now() -> datetime.datetime
def object_lookup(object_name: str, max_matches: int = 8) -> str # For object yes/no questions, check whether task summaries mention the object
def task_list(max_tasks: int = 30) -> str # For task-list questions, list task-sized history summaries in chronological order
def task_lookup(query: str, max_matches: int = 8) -> str # For task-description questions, list task-sized summaries matching a query
def temporal_neighbor(target_task: str, direction: str = 'before', max_candidates: int = 6) -> str # For just-before/just-after questions, find the target task and return adjacent task candidates
def vqa(question: str, *images: PIL.Image.Image)
"""

**HumanMessage**:
"""Usage examples:
>>> history.expand()  # Shows the history tree with all child nodes expanded
>>> history.expand(date(2021, 12, 20))  # Expand the children that overlap with the given day
>>> history.expand(now() - timedelta(hours=6), now() - timedelta(hours=4))  # Expand all children that overlap with the given range (in this example "about 5 hours ago")
>>> history.expand((now() - timedelta(days=2)).date())  # Expand all children that overlap with the day before yesterday
>>> history.expand(0)  # Shows child node 0
>>> history[0].expand()  # Expands all child nodes of node 0 (node 0 must be expanded already to see them)
>>> history[5][2].expand()  # Shows child node 2 of child node 5 with all its child nodes expanded
>>> history.search("green cup") # Semantic index search. Expands the most relevant children according to similarity of the natural language query and the node's (recursively defined) index content.
>>> history[1][42].search("bicycle") # Semantic index search on some node further down the tree. Expands the children of node 1.42 most relevant to the search term
>>> history[3].collapse_all_but(1); history[3][1].expand()  # Zooms into details of child node 3.1 while collapsing all other childs of node 3
>>> vqa("What color is the ... in this image?",
...     history[2][4][-1][0].image)  # Invoke a model to answer a visual question about image(s) of some leaf (!) node(s)

# After gathering the relevant information, answer the question:
# Use a short final answer. Optionally provide a brief reasoning only when needed.
>>> answer("...")"""

**HumanMessage**:
"""User question: What task did you do just before put all sportsequipment on any bed?"""

**AIMessage**:
"""temporal_neighbor('put all sportsequipment on any bed', direction='before')"""

**HumanMessage**:
""""Temporal neighbor candidates for target='put all sportsequipment on any bed', direction='before':\n1. score=0.65; target=2023/03/16 19:35:28 - 19:36:58: I was instructed to put all sports equipment on the bed. I picked up a baseball bat and a basketball from the floor and placed them on the bed. I then confirmed that the task was c...; before=2023/03/16 13:12 - 13:19: I prepared breakfast by making coffee, slicing and toasting bread, and slicing a tomato. I then assembled the sandwich on a plate and moved both the coffee and the plate to the mai...\n2. score=0.46; target=2023/03/15 - 2023/03/16: On March 15th, I moved pillows to an armchair as requested. The next day, I prepared two separate meals—a tomato sandwich and a full breakfast with coffee—and also organized sports...; before=2023/03/14 14:50:44 - 14:52:47: I was instructed to water the plant. I picked up a pot filled with water, poured it into the houseplant on the countertop, and then placed the empty pot back down, completing the t...\nRecommended answer: I prepared breakfast by making coffee, slicing and toasting bread, and slicing a tomato. I then assembled the sandwich on a plate and moved both the coffee and the plate to the mai...""""

**HumanMessage**:
"""Current state:
2023/03/11 - 2023/04/09: "Over the course of a month, from March 11th to April 9th, I consistently performed a range of household duties. My tasks were centered on kitchen activities, including preparing various meals like toast, coffee, and salads, and cleaning dishes. I also focused on general tidying by organizing items such as newspapers and personal belongings, and I regularly watered the houseplant."  
  ..."""
{}
command: answer("Just before putting the sports equipment on the bed, I prepared breakfast. I made coffee, sliced and toasted bread, sliced a tomato, and assembled a sandwich.")
expected output: 


 ============================== 


eval answer("Just before putting the sports equipment on the bed, I prepared breakfast. I made coffee, sliced and toasted bread, sliced a tomato, and assembled a sandwich.")
Answering Just before putting the sports equipment on the bed, I prepared breakfast. I made coffee, sliced and toasted bread, sliced a tomato, and assembled a sandwich.  with reason: None
Tokens Used: 2304
	Prompt Tokens: 1990
	Completion Tokens: 314
Successful Requests: 1
Total Cost (USD): $0.0
Evaluating sample 6e4fc617d59944fa_915c-2bb159500f5ee79b_77a4-cf32d4a95cdbcd3a_9fa2-4aafdc038df138e8_58f0-9ac845c7d33ba73a_7fa8-133d52a8aaf9db3f_8ed8-612f99763b6978b6_0c1a-f2f6723ebab1e6a2_bfeb-b001404996cd3a29_0181-1bbfe20e48fba275_22dc-0460150bc5699dc0_4640-b87bd55d7820c86e_8d92-fc0fe94a4c8e3a29_9052-f892b2976d0955e0_b0d9-53c031a953194d07_d936-c3aabf431a64e351_e223-b2815444299854b0_2b84-345624f0e74dc947_8525-7172fd55ac8095bd_e687-0196f21923a77e88_288f-c66cfa360ba2ee00_45b2-271e4ccbac4343e1_87d1-f3bd012a65dbb5df_1a9a-e8f7cd03e3683657_4d70-b389be8338cc3292_add9-b385a8c7a7538571_e6cd-f2fab283e8dd367a_cb1f-6f4aca312776de7b_7e6e-bc081581cf493d71_0be6-f9b2ea9da7e5220a_b121-d4c51dc230306c8b_d93b-fb7d765ba6874372_06ed-c2ffd6a81bfe2613_f91c-eccc0afc91fb9b74_d5ba-78ae8aaf1a80a972_6371-4f4013ceab294a80_3864-7337be5c30b1b5d1_874c-d774a2a9ef601400_0ce5-a137cf3264d8a96d_83d2-c02445dd7a5b6f26_be05-36492265af47de94_a352-32fe2fa7cc43fbc3_b8f3-f2f6723ebab1e6a2_6bea-2cea84be063eb017_3d2f-915fdf90f4bc33cd_6c72-7affadfe549cbeb4_1df8-d8d05917aadc27f7_05a0-09d537bcc73a42fc_52e8-e860a105f7c30a29_64c8-488f96fab858496c_d6e2-0-seq_simple_object_yes_no
[配置] 启用 FAISS 加速，索引类型: flat
[Forgetting] 命中缓存
[GraphAug] 命中图缓存 (nodes=5684, edges=17879)
Got 0 examples


 ============================== 


eval object_lookup('knife')
Updated/Defined variables after execution: {}

**SystemMessage**:
"""You are a smart humanoid robot answering user question about your past actions.
The history object contains information on what you did in the past, represented as a tree.
Use the method expand to look at details of a node.
Make sure to use collapse_all_but(idx) when you expanded irrelevant nodes, in order to keep the tree compact.
Enter Python expressions into the console to see the value and decide for the next command based on that result.
Answer concisely by calling answer("...") when you gathered enough information to answer the question.
Generate syntactically correct python console statements only, no explanations or other natural language statements.
IMPORTANT: If search() returns "No relevant records found", your next command MUST be answer("I have no record of that."). Do not search synonyms, do not expand further, and do not call vqa.
IMPORTANT: If you get "Nothing changed" twice, answer honestly that you have no record. Do NOT keep searching repeatedly. For just-before/just-after questions, first try one broader target search or inspect another relevant top-level time block before giving up.
For object yes/no questions, first use object_lookup("object name"). If it reports no matching summary, answer "No, I have no record of that." Do not call vqa unless you already have a directly relevant leaf image.
For task-list questions such as "List the tasks you performed", first use task_list(). Prefer its Recommended answer and chronological candidates instead of manually expanding the whole tree. For long histories, do not copy every task candidate verbatim unless the user explicitly asks for an exhaustive transcript.
For low-level action questions such as "what task did you perform when you toggle/open/pick up/place X", first use action_lookup("full low-level action"), for example action_lookup("open the drawer"). Do not call task_lookup first for these low-level action questions.
For task-description questions such as "describe what you did when you X", first use task_lookup("X"). Prefer its matching task candidates instead of manually expanding the whole tree. This does not apply to low-level action questions covered by action_lookup.
For exact date/time questions or "N days ago" questions asking what happened, first use date_lookup(question). Prefer its Recommended answer when it is confident instead of manually expanding by date.
For "How many days ago did you X?" or "When did you X?" questions, first use event_date_lookup(question). If it lists multiple days, include all of them in the final answer instead of only the most recent match.
For just-before or just-after questions, first use temporal_neighbor(target_task, direction="before" or "after") if a candidate is not already shown. Prefer the returned Recommended answer when it is confident. Only then inspect adjacent sibling or temporal nodes. Avoid expanding to raw leaf observations unless the summary is insufficient.
Do not call vqa for time, date, task-list, before/after, or yes/no object-existence questions when textual summaries already answer the question. Use vqa only for explicit visual appearance questions such as color, visible state, or what something looks like.
Never output bare parameters such as reasoning="..." answer="...". Always call answer("..."). You may call answer(reasoning="...", answer="...") only when a short reason is necessary.
Keep answer() short: answer under 60 words, and do not use markdown or backticks inside answer()."""

**HumanMessage**:
"""
def action_lookup(query: str, max_matches: int = 6) -> str # For low-level action questions, map raw leaf actions back to task-sized summaries
def answer(reasoning: str = None, answer: str = Ellipsis)
def ask(question: str)
def date_lookup(query: str, max_matches: int = 8) -> str # For exact date/time or N-days-ago questions, list matching history summaries directly
def event_date_lookup(query: str, max_matches: int = 12) -> str # For "how many days ago did you X" questions, find all matching event dates directly
def now() -> datetime.datetime
def object_lookup(object_name: str, max_matches: int = 8) -> str # For object yes/no questions, check whether task summaries mention the object
def task_list(max_tasks: int = 30) -> str # For task-list questions, list task-sized history summaries in chronological order
def task_lookup(query: str, max_matches: int = 8) -> str # For task-description questions, list task-sized summaries matching a query
def temporal_neighbor(target_task: str, direction: str = 'before', max_candidates: int = 6) -> str # For just-before/just-after questions, find the target task and return adjacent task candidates
def vqa(question: str, *images: PIL.Image.Image)
"""

**HumanMessage**:
"""Usage examples:
>>> history.expand()  # Shows the history tree with all child nodes expanded
>>> history.expand(date(2021, 12, 20))  # Expand the children that overlap with the given day
>>> history.expand(now() - timedelta(hours=6), now() - timedelta(hours=4))  # Expand all children that overlap with the given range (in this example "about 5 hours ago")
>>> history.expand((now() - timedelta(days=2)).date())  # Expand all children that overlap with the day before yesterday
>>> history.expand(0)  # Shows child node 0
>>> history[0].expand()  # Expands all child nodes of node 0 (node 0 must be expanded already to see them)
>>> history[5][2].expand()  # Shows child node 2 of child node 5 with all its child nodes expanded
>>> history.search("green cup") # Semantic index search. Expands the most relevant children according to similarity of the natural language query and the node's (recursively defined) index content.
>>> history[1][42].search("bicycle") # Semantic index search on some node further down the tree. Expands the children of node 1.42 most relevant to the search term
>>> history[3].collapse_all_but(1); history[3][1].expand()  # Zooms into details of child node 3.1 while collapsing all other childs of node 3
>>> vqa("What color is the ... in this image?",
...     history[2][4][-1][0].image)  # Invoke a model to answer a visual question about image(s) of some leaf (!) node(s)

# After gathering the relevant information, answer the question:
# Use a short final answer. Optionally provide a brief reasoning only when needed.
>>> answer("...")"""

**HumanMessage**:
"""User question: Was there a knife ?"""

**AIMessage**:
"""object_lookup('knife')"""

**HumanMessage**:
""""Object lookup for object='knife':\n1. score=1.00; 2023/04/08 16:04 - 16:08: To complete the task, I searched for a plate, washed it as it was dirty, and then placed the cooked potato slices and a slice of lettuce on it.\n2. score=1.00; 2023/04/08 15:59 - 16:04: I prepared the food components by slicing lettuce, slicing a potato, and then cooking two potato slices in the microwave.\n3. score=1.00; 2023/04/05 14:06 - 14:12: I attempted to assemble the plate with toast and lettuce. I got confused during this process, moving items around incorrectly between the counter, sink, and plate, and even toasted an unnecessary third slice of bread bef...\n4. score=1.00; 2023/04/05 14:01 - 14:06: When asked to arrange the food on a plate, I was first directed to a plate by the sink, then to another one in the fridge. As the second plate was dirty, I cleared the sink and washed it.\n5. score=1.00; 2023/04/05 13:59:06 - 14:00:55: I toasted two slices of bread one by one, placing them on the countertop after they were cooked.\n6. score=1.00; 2023/04/05 13:56:37 - 13:58:49: The user asked me to make two slices of toast. I retrieved the bread from a cabinet, placed it on the counter, and sliced it with a knife.\n7. score=1.00; 2023/04/05 13:50 - 13:53: I began the task of watering a plant by first moving a statue to the countertop. I then searched for a container, moving a bowl around the countertops, before eventually picking up another bowl, filling it from the sink,...\n8. score=1.00; 2023/04/04 11:50:56 - 11:53:06: I cleaned a dirty pan from the stove. To do this, I temporarily placed it on the countertop while I cleared the obstructed sink by moving several items out of the basin. Then, I placed the pan in the sink, rinsed it by t...\nRecommended answer: Yes, I have records mentioning knife.""""

**HumanMessage**:
"""Current state:
2023/03/11 - 2023/04/09: "Over the course of a month, from March 11th to April 9th, I consistently performed a range of household duties. My tasks were centered on kitchen activities, including preparing various meals like toast, coffee, and salads, and cleaning dishes. I also focused on general tidying by organizing items such as newspapers and personal belongings, and I regularly watered the houseplant."  
  ..."""
{}
command: answer("Yes, I have records mentioning a knife.")
expected output: 


 ============================== 


eval answer("Yes, I have records mentioning a knife.")
Answering Yes, I have records mentioning a knife.  with reason: None
Tokens Used: 2500
	Prompt Tokens: 2217
	Completion Tokens: 283
Successful Requests: 1
Total Cost (USD): $0.0
Evaluating sample 6e4fc617d59944fa_915c-2bb159500f5ee79b_77a4-cf32d4a95cdbcd3a_9fa2-4aafdc038df138e8_58f0-9ac845c7d33ba73a_7fa8-133d52a8aaf9db3f_8ed8-612f99763b6978b6_0c1a-f2f6723ebab1e6a2_bfeb-b001404996cd3a29_0181-1bbfe20e48fba275_22dc-0460150bc5699dc0_4640-b87bd55d7820c86e_8d92-fc0fe94a4c8e3a29_9052-f892b2976d0955e0_b0d9-53c031a953194d07_d936-c3aabf431a64e351_e223-b2815444299854b0_2b84-345624f0e74dc947_8525-7172fd55ac8095bd_e687-0196f21923a77e88_288f-c66cfa360ba2ee00_45b2-271e4ccbac4343e1_87d1-f3bd012a65dbb5df_1a9a-e8f7cd03e3683657_4d70-b389be8338cc3292_add9-b385a8c7a7538571_e6cd-f2fab283e8dd367a_cb1f-6f4aca312776de7b_7e6e-bc081581cf493d71_0be6-f9b2ea9da7e5220a_b121-d4c51dc230306c8b_d93b-fb7d765ba6874372_06ed-c2ffd6a81bfe2613_f91c-eccc0afc91fb9b74_d5ba-78ae8aaf1a80a972_6371-4f4013ceab294a80_3864-7337be5c30b1b5d1_874c-d774a2a9ef601400_0ce5-a137cf3264d8a96d_83d2-c02445dd7a5b6f26_be05-36492265af47de94_a352-32fe2fa7cc43fbc3_b8f3-f2f6723ebab1e6a2_6bea-2cea84be063eb017_3d2f-915fdf90f4bc33cd_6c72-7affadfe549cbeb4_1df8-d8d05917aadc27f7_05a0-09d537bcc73a42fc_52e8-e860a105f7c30a29_64c8-488f96fab858496c_d6e2-0-seq_low_actions_to_episode_task_descs
[配置] 启用 FAISS 加速，索引类型: flat
[Forgetting] 命中缓存
[GraphAug] 命中图缓存 (nodes=5684, edges=17879)
Got 0 examples


 ============================== 


eval task_lookup('place the pot on the stoveburner')
Updated/Defined variables after execution: {}
[结构化直答] low-action task lookup matched; returning Recommended answer directly
Tokens Used: 0
	Prompt Tokens: 0
	Completion Tokens: 0
Successful Requests: 0
Total Cost (USD): $0.0
Evaluating sample 6e4fc617d59944fa_915c-2bb159500f5ee79b_77a4-cf32d4a95cdbcd3a_9fa2-4aafdc038df138e8_58f0-9ac845c7d33ba73a_7fa8-133d52a8aaf9db3f_8ed8-612f99763b6978b6_0c1a-f2f6723ebab1e6a2_bfeb-b001404996cd3a29_0181-1bbfe20e48fba275_22dc-0460150bc5699dc0_4640-b87bd55d7820c86e_8d92-fc0fe94a4c8e3a29_9052-f892b2976d0955e0_b0d9-53c031a953194d07_d936-c3aabf431a64e351_e223-b2815444299854b0_2b84-345624f0e74dc947_8525-7172fd55ac8095bd_e687-0196f21923a77e88_288f-c66cfa360ba2ee00_45b2-271e4ccbac4343e1_87d1-f3bd012a65dbb5df_1a9a-e8f7cd03e3683657_4d70-b389be8338cc3292_add9-b385a8c7a7538571_e6cd-f2fab283e8dd367a_cb1f-6f4aca312776de7b_7e6e-bc081581cf493d71_0be6-f9b2ea9da7e5220a_b121-d4c51dc230306c8b_d93b-fb7d765ba6874372_06ed-c2ffd6a81bfe2613_f91c-eccc0afc91fb9b74_d5ba-78ae8aaf1a80a972_6371-4f4013ceab294a80_3864-7337be5c30b1b5d1_874c-d774a2a9ef601400_0ce5-a137cf3264d8a96d_83d2-c02445dd7a5b6f26_be05-36492265af47de94_a352-32fe2fa7cc43fbc3_b8f3-f2f6723ebab1e6a2_6bea-2cea84be063eb017_3d2f-915fdf90f4bc33cd_6c72-7affadfe549cbeb4_1df8-d8d05917aadc27f7_05a0-09d537bcc73a42fc_52e8-e860a105f7c30a29_64c8-488f96fab858496c_d6e2-0-exact_time_to_episode
[配置] 启用 FAISS 加速，索引类型: flat
[Forgetting] 命中缓存
[GraphAug] 命中图缓存 (nodes=5684, edges=17879)
Got 0 examples


 ============================== 


eval date_lookup('what did you do on Mar 23, 2023 at 09:19 AM?')
Updated/Defined variables after execution: {}

**SystemMessage**:
"""You are a smart humanoid robot answering user question about your past actions.
The history object contains information on what you did in the past, represented as a tree.
Use the method expand to look at details of a node.
Make sure to use collapse_all_but(idx) when you expanded irrelevant nodes, in order to keep the tree compact.
Enter Python expressions into the console to see the value and decide for the next command based on that result.
Answer concisely by calling answer("...") when you gathered enough information to answer the question.
Generate syntactically correct python console statements only, no explanations or other natural language statements.
IMPORTANT: If search() returns "No relevant records found", your next command MUST be answer("I have no record of that."). Do not search synonyms, do not expand further, and do not call vqa.
IMPORTANT: If you get "Nothing changed" twice, answer honestly that you have no record. Do NOT keep searching repeatedly. For just-before/just-after questions, first try one broader target search or inspect another relevant top-level time block before giving up.
For object yes/no questions, first use object_lookup("object name"). If it reports no matching summary, answer "No, I have no record of that." Do not call vqa unless you already have a directly relevant leaf image.
For task-list questions such as "List the tasks you performed", first use task_list(). Prefer its Recommended answer and chronological candidates instead of manually expanding the whole tree. For long histories, do not copy every task candidate verbatim unless the user explicitly asks for an exhaustive transcript.
For low-level action questions such as "what task did you perform when you toggle/open/pick up/place X", first use action_lookup("full low-level action"), for example action_lookup("open the drawer"). Do not call task_lookup first for these low-level action questions.
For task-description questions such as "describe what you did when you X", first use task_lookup("X"). Prefer its matching task candidates instead of manually expanding the whole tree. This does not apply to low-level action questions covered by action_lookup.
For exact date/time questions or "N days ago" questions asking what happened, first use date_lookup(question). Prefer its Recommended answer when it is confident instead of manually expanding by date.
For "How many days ago did you X?" or "When did you X?" questions, first use event_date_lookup(question). If it lists multiple days, include all of them in the final answer instead of only the most recent match.
For just-before or just-after questions, first use temporal_neighbor(target_task, direction="before" or "after") if a candidate is not already shown. Prefer the returned Recommended answer when it is confident. Only then inspect adjacent sibling or temporal nodes. Avoid expanding to raw leaf observations unless the summary is insufficient.
Do not call vqa for time, date, task-list, before/after, or yes/no object-existence questions when textual summaries already answer the question. Use vqa only for explicit visual appearance questions such as color, visible state, or what something looks like.
Never output bare parameters such as reasoning="..." answer="...". Always call answer("..."). You may call answer(reasoning="...", answer="...") only when a short reason is necessary.
Keep answer() short: answer under 60 words, and do not use markdown or backticks inside answer()."""

**HumanMessage**:
"""
def action_lookup(query: str, max_matches: int = 6) -> str # For low-level action questions, map raw leaf actions back to task-sized summaries
def answer(reasoning: str = None, answer: str = Ellipsis)
def ask(question: str)
def date_lookup(query: str, max_matches: int = 8) -> str # For exact date/time or N-days-ago questions, list matching history summaries directly
def event_date_lookup(query: str, max_matches: int = 12) -> str # For "how many days ago did you X" questions, find all matching event dates directly
def now() -> datetime.datetime
def object_lookup(object_name: str, max_matches: int = 8) -> str # For object yes/no questions, check whether task summaries mention the object
def task_list(max_tasks: int = 30) -> str # For task-list questions, list task-sized history summaries in chronological order
def task_lookup(query: str, max_matches: int = 8) -> str # For task-description questions, list task-sized summaries matching a query
def temporal_neighbor(target_task: str, direction: str = 'before', max_candidates: int = 6) -> str # For just-before/just-after questions, find the target task and return adjacent task candidates
def vqa(question: str, *images: PIL.Image.Image)
"""

**HumanMessage**:
"""Usage examples:
>>> history.expand()  # Shows the history tree with all child nodes expanded
>>> history.expand(date(2021, 12, 20))  # Expand the children that overlap with the given day
>>> history.expand(now() - timedelta(hours=6), now() - timedelta(hours=4))  # Expand all children that overlap with the given range (in this example "about 5 hours ago")
>>> history.expand((now() - timedelta(days=2)).date())  # Expand all children that overlap with the day before yesterday
>>> history.expand(0)  # Shows child node 0
>>> history[0].expand()  # Expands all child nodes of node 0 (node 0 must be expanded already to see them)
>>> history[5][2].expand()  # Shows child node 2 of child node 5 with all its child nodes expanded
>>> history.search("green cup") # Semantic index search. Expands the most relevant children according to similarity of the natural language query and the node's (recursively defined) index content.
>>> history[1][42].search("bicycle") # Semantic index search on some node further down the tree. Expands the children of node 1.42 most relevant to the search term
>>> history[3].collapse_all_but(1); history[3][1].expand()  # Zooms into details of child node 3.1 while collapsing all other childs of node 3
>>> vqa("What color is the ... in this image?",
...     history[2][4][-1][0].image)  # Invoke a model to answer a visual question about image(s) of some leaf (!) node(s)

# After gathering the relevant information, answer the question:
# Use a short final answer. Optionally provide a brief reasoning only when needed.
>>> answer("...")"""

**HumanMessage**:
"""User question: what did you do on Mar 23, 2023 at 09:19 AM?"""

**AIMessage**:
"""date_lookup('what did you do on Mar 23, 2023 at 09:19 AM?')"""

**HumanMessage**:
""""Date lookup for query='what did you do on Mar 23, 2023 at 09:19 AM?': resolved=2023/03/23 09:19:00.\n1. score=0.99; 2023/03/23 09:19:15 - 09:21:26: I was instructed to find and rinse a mug. I picked up a dirty mug from a stool, placed it in the sink, turned on the faucet, rinsed the mug by picking it up and pouring the water out, and then placed it on the countertop...\n2. score=0.91; 2023/03/23 09:19 - 09:23: I was instructed to prepare coffee. I began by rinsing a dirty mug and a green cup in the sink. Afterwards, I placed the rinsed mug into the coffee machine and operated it to make coffee, successfully completing the task...\n3. score=0.84; 2023/03/23 09:19:15 - 09:19:58: Goal: Pickup(Mug) Visual observation: CounterTop_0, CellPhone_0 [toggled], Lettuce_0, GarbageCan, ButterKnife, Mug [dirty], Chair_0, Chair_1 Speech: 2023-03-23 09:19:31.093734: mug* 2023-03-23 09:19:44.142740: It is sitt...\n4. score=0.84; 2023/03/23 09:19:59 - 09:20:24: Goal: Place(Sink_Basin) Visual observation: PaperTowelRoll_1, Fork_1, CounterTop_0, Sink, Fork_0, Apple, Sink_Basin, SoapBottle_0, DishSponge, Mug [dirty], Faucet, agent hand Mug is inside agent hand Speech: 2023-03-23 0...\n5. score=0.24; 2023/03/21 - 2023/03/24: Between March 21st and 24th, my activities included organizing newspapers, cleaning a plate, and preparing coffee. On the 24th, I had a busy day in the kitchen, where I boiled a potato, prepared a toast and tomato meal,...\n6. score=0.16; 2023/03/21 - 2023/03/30: During the latter part of March, from the 21st to the 30th, my activities centered on kitchen preparations and general tidying. I organized newspapers, boiled a potato, made coffee, and prepared several meals involving t...\n7. score=0.08; 2023/03/11 - 2023/04/09: Over the course of a month, from March 11th to April 9th, I consistently performed a range of household duties. My tasks were centered on kitchen activities, including preparing various meals like toast, coffee, and sala...\nRecommended answer: I was instructed to find and rinse a mug. I picked up a dirty mug from a stool, placed it in the sink, turned on the faucet, rinsed the mug by picking it up and pouring the water out, and then placed it on the countertop.""""

**HumanMessage**:
"""Current state:
2023/03/11 - 2023/04/09: "Over the course of a month, from March 11th to April 9th, I consistently performed a range of household duties. My tasks were centered on kitchen activities, including preparing various meals like toast, coffee, and salads, and cleaning dishes. I also focused on general tidying by organizing items such as newspapers and personal belongings, and I regularly watered the houseplant."  
  ..."""
{}
command: answer("I was instructed to find and rinse a mug. I picked up a dirty mug from a stool, placed it in the sink, turned on the faucet, rinsed the mug by picking it up and pouring the water out, and then placed it on the countertop.")
expected output: 


 ============================== 


eval answer("I was instructed to find and rinse a mug. I picked up a dirty mug from a stool, placed it in the sink, turned on the faucet, rinsed the mug by picking it up and pouring the water out, and then placed it on the countertop.")
Answering I was instructed to find and rinse a mug. I picked up a dirty mug from a stool, placed it in the sink, turned on the faucet, rinsed the mug by picking it up and pouring the water out, and then placed it on the countertop.  with reason: None
Tokens Used: 3065
	Prompt Tokens: 2457
	Completion Tokens: 608
Successful Requests: 1
Total Cost (USD): $0.0
Evaluating sample 6e4fc617d59944fa_915c-2bb159500f5ee79b_77a4-cf32d4a95cdbcd3a_9fa2-4aafdc038df138e8_58f0-9ac845c7d33ba73a_7fa8-133d52a8aaf9db3f_8ed8-612f99763b6978b6_0c1a-f2f6723ebab1e6a2_bfeb-b001404996cd3a29_0181-1bbfe20e48fba275_22dc-0460150bc5699dc0_4640-b87bd55d7820c86e_8d92-fc0fe94a4c8e3a29_9052-f892b2976d0955e0_b0d9-53c031a953194d07_d936-c3aabf431a64e351_e223-b2815444299854b0_2b84-345624f0e74dc947_8525-7172fd55ac8095bd_e687-0196f21923a77e88_288f-c66cfa360ba2ee00_45b2-271e4ccbac4343e1_87d1-f3bd012a65dbb5df_1a9a-e8f7cd03e3683657_4d70-b389be8338cc3292_add9-b385a8c7a7538571_e6cd-f2fab283e8dd367a_cb1f-6f4aca312776de7b_7e6e-bc081581cf493d71_0be6-f9b2ea9da7e5220a_b121-d4c51dc230306c8b_d93b-fb7d765ba6874372_06ed-c2ffd6a81bfe2613_f91c-eccc0afc91fb9b74_d5ba-78ae8aaf1a80a972_6371-4f4013ceab294a80_3864-7337be5c30b1b5d1_874c-d774a2a9ef601400_0ce5-a137cf3264d8a96d_83d2-c02445dd7a5b6f26_be05-36492265af47de94_a352-32fe2fa7cc43fbc3_b8f3-f2f6723ebab1e6a2_6bea-2cea84be063eb017_3d2f-915fdf90f4bc33cd_6c72-7affadfe549cbeb4_1df8-d8d05917aadc27f7_05a0-09d537bcc73a42fc_52e8-e860a105f7c30a29_64c8-488f96fab858496c_d6e2-0-tasks_to_exact_times
[配置] 启用 FAISS 加速，索引类型: flat
[Forgetting] 命中缓存
[GraphAug] 命中图缓存 (nodes=5684, edges=17879)
Got 0 examples


 ============================== 


eval event_date_lookup('When did you clean all the pots?')
Updated/Defined variables after execution: {}

**SystemMessage**:
"""You are a smart humanoid robot answering user question about your past actions.
The history object contains information on what you did in the past, represented as a tree.
Use the method expand to look at details of a node.
Make sure to use collapse_all_but(idx) when you expanded irrelevant nodes, in order to keep the tree compact.
Enter Python expressions into the console to see the value and decide for the next command based on that result.
Answer concisely by calling answer("...") when you gathered enough information to answer the question.
Generate syntactically correct python console statements only, no explanations or other natural language statements.
IMPORTANT: If search() returns "No relevant records found", your next command MUST be answer("I have no record of that."). Do not search synonyms, do not expand further, and do not call vqa.
IMPORTANT: If you get "Nothing changed" twice, answer honestly that you have no record. Do NOT keep searching repeatedly. For just-before/just-after questions, first try one broader target search or inspect another relevant top-level time block before giving up.
For object yes/no questions, first use object_lookup("object name"). If it reports no matching summary, answer "No, I have no record of that." Do not call vqa unless you already have a directly relevant leaf image.
For task-list questions such as "List the tasks you performed", first use task_list(). Prefer its Recommended answer and chronological candidates instead of manually expanding the whole tree. For long histories, do not copy every task candidate verbatim unless the user explicitly asks for an exhaustive transcript.
For low-level action questions such as "what task did you perform when you toggle/open/pick up/place X", first use action_lookup("full low-level action"), for example action_lookup("open the drawer"). Do not call task_lookup first for these low-level action questions.
For task-description questions such as "describe what you did when you X", first use task_lookup("X"). Prefer its matching task candidates instead of manually expanding the whole tree. This does not apply to low-level action questions covered by action_lookup.
For exact date/time questions or "N days ago" questions asking what happened, first use date_lookup(question). Prefer its Recommended answer when it is confident instead of manually expanding by date.
For "How many days ago did you X?" or "When did you X?" questions, first use event_date_lookup(question). If it lists multiple days, include all of them in the final answer instead of only the most recent match.
For just-before or just-after questions, first use temporal_neighbor(target_task, direction="before" or "after") if a candidate is not already shown. Prefer the returned Recommended answer when it is confident. Only then inspect adjacent sibling or temporal nodes. Avoid expanding to raw leaf observations unless the summary is insufficient.
Do not call vqa for time, date, task-list, before/after, or yes/no object-existence questions when textual summaries already answer the question. Use vqa only for explicit visual appearance questions such as color, visible state, or what something looks like.
Never output bare parameters such as reasoning="..." answer="...". Always call answer("..."). You may call answer(reasoning="...", answer="...") only when a short reason is necessary.
Keep answer() short: answer under 60 words, and do not use markdown or backticks inside answer()."""

**HumanMessage**:
"""
def action_lookup(query: str, max_matches: int = 6) -> str # For low-level action questions, map raw leaf actions back to task-sized summaries
def answer(reasoning: str = None, answer: str = Ellipsis)
def ask(question: str)
def date_lookup(query: str, max_matches: int = 8) -> str # For exact date/time or N-days-ago questions, list matching history summaries directly
def event_date_lookup(query: str, max_matches: int = 12) -> str # For "how many days ago did you X" questions, find all matching event dates directly
def now() -> datetime.datetime
def object_lookup(object_name: str, max_matches: int = 8) -> str # For object yes/no questions, check whether task summaries mention the object
def task_list(max_tasks: int = 30) -> str # For task-list questions, list task-sized history summaries in chronological order
def task_lookup(query: str, max_matches: int = 8) -> str # For task-description questions, list task-sized summaries matching a query
def temporal_neighbor(target_task: str, direction: str = 'before', max_candidates: int = 6) -> str # For just-before/just-after questions, find the target task and return adjacent task candidates
def vqa(question: str, *images: PIL.Image.Image)
"""

**HumanMessage**:
"""Usage examples:
>>> history.expand()  # Shows the history tree with all child nodes expanded
>>> history.expand(date(2021, 12, 20))  # Expand the children that overlap with the given day
>>> history.expand(now() - timedelta(hours=6), now() - timedelta(hours=4))  # Expand all children that overlap with the given range (in this example "about 5 hours ago")
>>> history.expand((now() - timedelta(days=2)).date())  # Expand all children that overlap with the day before yesterday
>>> history.expand(0)  # Shows child node 0
>>> history[0].expand()  # Expands all child nodes of node 0 (node 0 must be expanded already to see them)
>>> history[5][2].expand()  # Shows child node 2 of child node 5 with all its child nodes expanded
>>> history.search("green cup") # Semantic index search. Expands the most relevant children according to similarity of the natural language query and the node's (recursively defined) index content.
>>> history[1][42].search("bicycle") # Semantic index search on some node further down the tree. Expands the children of node 1.42 most relevant to the search term
>>> history[3].collapse_all_but(1); history[3][1].expand()  # Zooms into details of child node 3.1 while collapsing all other childs of node 3
>>> vqa("What color is the ... in this image?",
...     history[2][4][-1][0].image)  # Invoke a model to answer a visual question about image(s) of some leaf (!) node(s)

# After gathering the relevant information, answer the question:
# Use a short final answer. Optionally provide a brief reasoning only when needed.
>>> answer("...")"""

**HumanMessage**:
"""User question: When did you clean all the pots?"""

**AIMessage**:
"""event_date_lookup('When did you clean all the pots?')"""

**HumanMessage**:
""""Event date lookup for query='When did you clean all the pots?': event='clean all the pots', today=2023/04/09.\n1. score=0.68; days_ago=26; 2023/03/14 13:59 - 14:52: On March 14th, I first prepared coffee by cleaning a mug and using the machine, and about an hour later, I watered the houseplant using a pot.\n2. score=0.85; days_ago=7; 2023/04/02 11:23:14 - 11:25:51: I was instructed to clean the cookware. To do this, I first cleared the sink by moving a cup, a credit card, a butterknife, and a pepper shaker to the countertop. Then, I placed the dirty pot from the stove into the sink...\n3. score=0.77; days_ago=6; 2023/04/03 11:09:29 - 11:11:00: Following the user's instruction to clean the pot, I opened the fridge, retrieved the pot, and placed it on the countertop.\n4. score=0.83; days_ago=1; 2023/04/08 12:05:56 - 12:08:36: After closing the fridge, I made another mistake by putting the clean pan on the floor and grabbing a different, dirty pot. I then placed the egg into this pot and put it on the stove to cook, moving it between burners u...\nRecommended answer: on 2023/03/14, 2023/04/02, 2023/04/03, and 2023/04/08""""

**HumanMessage**:
"""Current state:
2023/03/11 - 2023/04/09: "Over the course of a month, from March 11th to April 9th, I consistently performed a range of household duties. My tasks were centered on kitchen activities, including preparing various meals like toast, coffee, and salads, and cleaning dishes. I also focused on general tidying by organizing items such as newspapers and personal belongings, and I regularly watered the houseplant."  
  ..."""
{}
command: answer(reasoning="The event_date_lookup tool found records of me cleaning or handling pots on four separate days.", answer="I
expected output: 


 ============================== 


eval answer(reasoning="The event_date_lookup tool found records of me cleaning or handling pots on four separate days.", answer="I


 ============================== 


eval answer(reasoning="The event_date_lookup tool found records of me cleaning or handling pots on four separate days.", answer="I


 ============================== 




answer(reasoning="The event_date_lookup tool found records of me cleaning or handling pots on four separate days.", answer="I

[结构化回退] answer(...) 语法错误，返回结构化推荐答案
Tokens Used: 2819
	Prompt Tokens: 2055
	Completion Tokens: 764
Successful Requests: 1
Total Cost (USD): $0.0
Evaluating sample 6e4fc617d59944fa_915c-2bb159500f5ee79b_77a4-cf32d4a95cdbcd3a_9fa2-4aafdc038df138e8_58f0-9ac845c7d33ba73a_7fa8-133d52a8aaf9db3f_8ed8-612f99763b6978b6_0c1a-f2f6723ebab1e6a2_bfeb-b001404996cd3a29_0181-1bbfe20e48fba275_22dc-0460150bc5699dc0_4640-b87bd55d7820c86e_8d92-fc0fe94a4c8e3a29_9052-f892b2976d0955e0_b0d9-53c031a953194d07_d936-c3aabf431a64e351_e223-b2815444299854b0_2b84-345624f0e74dc947_8525-7172fd55ac8095bd_e687-0196f21923a77e88_288f-c66cfa360ba2ee00_45b2-271e4ccbac4343e1_87d1-f3bd012a65dbb5df_1a9a-e8f7cd03e3683657_4d70-b389be8338cc3292_add9-b385a8c7a7538571_e6cd-f2fab283e8dd367a_cb1f-6f4aca312776de7b_7e6e-bc081581cf493d71_0be6-f9b2ea9da7e5220a_b121-d4c51dc230306c8b_d93b-fb7d765ba6874372_06ed-c2ffd6a81bfe2613_f91c-eccc0afc91fb9b74_d5ba-78ae8aaf1a80a972_6371-4f4013ceab294a80_3864-7337be5c30b1b5d1_874c-d774a2a9ef601400_0ce5-a137cf3264d8a96d_83d2-c02445dd7a5b6f26_be05-36492265af47de94_a352-32fe2fa7cc43fbc3_b8f3-f2f6723ebab1e6a2_6bea-2cea84be063eb017_3d2f-915fdf90f4bc33cd_6c72-7affadfe549cbeb4_1df8-d8d05917aadc27f7_05a0-09d537bcc73a42fc_52e8-e860a105f7c30a29_64c8-488f96fab858496c_d6e2-0-tasks_to_days_ago
[配置] 启用 FAISS 加速，索引类型: flat
[Forgetting] 命中缓存
[GraphAug] 命中图缓存 (nodes=5684, edges=17879)
Got 0 examples


 ============================== 


eval event_date_lookup('Today is Apr 09, 2023 at 01:56 PM. How many days ago did you make a sandwich?')
Updated/Defined variables after execution: {}

**SystemMessage**:
"""You are a smart humanoid robot answering user question about your past actions.
The history object contains information on what you did in the past, represented as a tree.
Use the method expand to look at details of a node.
Make sure to use collapse_all_but(idx) when you expanded irrelevant nodes, in order to keep the tree compact.
Enter Python expressions into the console to see the value and decide for the next command based on that result.
Answer concisely by calling answer("...") when you gathered enough information to answer the question.
Generate syntactically correct python console statements only, no explanations or other natural language statements.
IMPORTANT: If search() returns "No relevant records found", your next command MUST be answer("I have no record of that."). Do not search synonyms, do not expand further, and do not call vqa.
IMPORTANT: If you get "Nothing changed" twice, answer honestly that you have no record. Do NOT keep searching repeatedly. For just-before/just-after questions, first try one broader target search or inspect another relevant top-level time block before giving up.
For object yes/no questions, first use object_lookup("object name"). If it reports no matching summary, answer "No, I have no record of that." Do not call vqa unless you already have a directly relevant leaf image.
For task-list questions such as "List the tasks you performed", first use task_list(). Prefer its Recommended answer and chronological candidates instead of manually expanding the whole tree. For long histories, do not copy every task candidate verbatim unless the user explicitly asks for an exhaustive transcript.
For low-level action questions such as "what task did you perform when you toggle/open/pick up/place X", first use action_lookup("full low-level action"), for example action_lookup("open the drawer"). Do not call task_lookup first for these low-level action questions.
For task-description questions such as "describe what you did when you X", first use task_lookup("X"). Prefer its matching task candidates instead of manually expanding the whole tree. This does not apply to low-level action questions covered by action_lookup.
For exact date/time questions or "N days ago" questions asking what happened, first use date_lookup(question). Prefer its Recommended answer when it is confident instead of manually expanding by date.
For "How many days ago did you X?" or "When did you X?" questions, first use event_date_lookup(question). If it lists multiple days, include all of them in the final answer instead of only the most recent match.
For just-before or just-after questions, first use temporal_neighbor(target_task, direction="before" or "after") if a candidate is not already shown. Prefer the returned Recommended answer when it is confident. Only then inspect adjacent sibling or temporal nodes. Avoid expanding to raw leaf observations unless the summary is insufficient.
Do not call vqa for time, date, task-list, before/after, or yes/no object-existence questions when textual summaries already answer the question. Use vqa only for explicit visual appearance questions such as color, visible state, or what something looks like.
Never output bare parameters such as reasoning="..." answer="...". Always call answer("..."). You may call answer(reasoning="...", answer="...") only when a short reason is necessary.
Keep answer() short: answer under 60 words, and do not use markdown or backticks inside answer()."""

**HumanMessage**:
"""
def action_lookup(query: str, max_matches: int = 6) -> str # For low-level action questions, map raw leaf actions back to task-sized summaries
def answer(reasoning: str = None, answer: str = Ellipsis)
def ask(question: str)
def date_lookup(query: str, max_matches: int = 8) -> str # For exact date/time or N-days-ago questions, list matching history summaries directly
def event_date_lookup(query: str, max_matches: int = 12) -> str # For "how many days ago did you X" questions, find all matching event dates directly
def now() -> datetime.datetime
def object_lookup(object_name: str, max_matches: int = 8) -> str # For object yes/no questions, check whether task summaries mention the object
def task_list(max_tasks: int = 30) -> str # For task-list questions, list task-sized history summaries in chronological order
def task_lookup(query: str, max_matches: int = 8) -> str # For task-description questions, list task-sized summaries matching a query
def temporal_neighbor(target_task: str, direction: str = 'before', max_candidates: int = 6) -> str # For just-before/just-after questions, find the target task and return adjacent task candidates
def vqa(question: str, *images: PIL.Image.Image)
"""

**HumanMessage**:
"""Usage examples:
>>> history.expand()  # Shows the history tree with all child nodes expanded
>>> history.expand(date(2021, 12, 20))  # Expand the children that overlap with the given day
>>> history.expand(now() - timedelta(hours=6), now() - timedelta(hours=4))  # Expand all children that overlap with the given range (in this example "about 5 hours ago")
>>> history.expand((now() - timedelta(days=2)).date())  # Expand all children that overlap with the day before yesterday
>>> history.expand(0)  # Shows child node 0
>>> history[0].expand()  # Expands all child nodes of node 0 (node 0 must be expanded already to see them)
>>> history[5][2].expand()  # Shows child node 2 of child node 5 with all its child nodes expanded
>>> history.search("green cup") # Semantic index search. Expands the most relevant children according to similarity of the natural language query and the node's (recursively defined) index content.
>>> history[1][42].search("bicycle") # Semantic index search on some node further down the tree. Expands the children of node 1.42 most relevant to the search term
>>> history[3].collapse_all_but(1); history[3][1].expand()  # Zooms into details of child node 3.1 while collapsing all other childs of node 3
>>> vqa("What color is the ... in this image?",
...     history[2][4][-1][0].image)  # Invoke a model to answer a visual question about image(s) of some leaf (!) node(s)

# After gathering the relevant information, answer the question:
# Use a short final answer. Optionally provide a brief reasoning only when needed.
>>> answer("...")"""

**HumanMessage**:
"""User question: Today is Apr 09, 2023 at 01:56 PM. How many days ago did you make a sandwich?"""

**AIMessage**:
"""event_date_lookup('Today is Apr 09, 2023 at 01:56 PM. How many days ago did you make a sandwich?')"""

**HumanMessage**:
""""Event date lookup for query='Today is Apr 09, 2023 at 01:56 PM. How many days ago did you make a sandwich?': event='make a sandwich', today=2023/04/09.\n1. score=0.74; days_ago=24; 2023/03/16 13:13:28 - 13:14:57: I moved on to preparing the sandwich. I retrieved bread from the fridge, placed it on the countertop, and used a knife to slice it.\n2. score=0.72; days_ago=21; 2023/03/19 18:56:24 - 18:58:07: After receiving instructions to make a sandwich and toast, I fetched a plate, then located and retrieved a knife from the fridge based on user guidance.\n3. score=0.68; days_ago=15; 2023/03/25 11:30 - 11:36: I prepared the ingredients for a sandwich by finding and slicing bread, toasting two slices, and slicing a tomato.\nRecommended answer: 24 days ago and 21 days ago and 15 days ago""""

**HumanMessage**:
"""Current state:
2023/03/11 - 2023/04/09: "Over the course of a month, from March 11th to April 9th, I consistently performed a range of household duties. My tasks were centered on kitchen activities, including preparing various meals like toast, coffee, and salads, and cleaning dishes. I also focused on general tidying by organizing items such as newspapers and personal belongings, and I regularly watered the houseplant."  
  ..."""
{}
command: answer("I made a sandwich 24 days ago, 21 days ago, and 15 days ago.")
expected output: 


 ============================== 


eval answer("I made a sandwich 24 days ago, 21 days ago, and 15 days ago.")
Answering I made a sandwich 24 days ago, 21 days ago, and 15 days ago.  with reason: None
Tokens Used: 2279
	Prompt Tokens: 1965
	Completion Tokens: 314
Successful Requests: 1
Total Cost (USD): $0.0
Evaluating sample 6e4fc617d59944fa_915c-2bb159500f5ee79b_77a4-cf32d4a95cdbcd3a_9fa2-4aafdc038df138e8_58f0-9ac845c7d33ba73a_7fa8-133d52a8aaf9db3f_8ed8-612f99763b6978b6_0c1a-f2f6723ebab1e6a2_bfeb-b001404996cd3a29_0181-1bbfe20e48fba275_22dc-0460150bc5699dc0_4640-b87bd55d7820c86e_8d92-fc0fe94a4c8e3a29_9052-f892b2976d0955e0_b0d9-53c031a953194d07_d936-c3aabf431a64e351_e223-b2815444299854b0_2b84-345624f0e74dc947_8525-7172fd55ac8095bd_e687-0196f21923a77e88_288f-c66cfa360ba2ee00_45b2-271e4ccbac4343e1_87d1-f3bd012a65dbb5df_1a9a-e8f7cd03e3683657_4d70-b389be8338cc3292_add9-b385a8c7a7538571_e6cd-f2fab283e8dd367a_cb1f-6f4aca312776de7b_7e6e-bc081581cf493d71_0be6-f9b2ea9da7e5220a_b121-d4c51dc230306c8b_d93b-fb7d765ba6874372_06ed-c2ffd6a81bfe2613_f91c-eccc0afc91fb9b74_d5ba-78ae8aaf1a80a972_6371-4f4013ceab294a80_3864-7337be5c30b1b5d1_874c-d774a2a9ef601400_0ce5-a137cf3264d8a96d_83d2-c02445dd7a5b6f26_be05-36492265af47de94_a352-32fe2fa7cc43fbc3_b8f3-f2f6723ebab1e6a2_6bea-2cea84be063eb017_3d2f-915fdf90f4bc33cd_6c72-7affadfe549cbeb4_1df8-d8d05917aadc27f7_05a0-09d537bcc73a42fc_52e8-e860a105f7c30a29_64c8-488f96fab858496c_d6e2-0-days_ago_to_episode
[配置] 启用 FAISS 加速，索引类型: flat
[Forgetting] 命中缓存
[GraphAug] 命中图缓存 (nodes=5684, edges=17879)
Got 0 examples


 ============================== 


eval date_lookup('Today is Apr 09, 2023 at 01:56 PM. What did you do 15 days ago?')
Updated/Defined variables after execution: {}

**SystemMessage**:
"""You are a smart humanoid robot answering user question about your past actions.
The history object contains information on what you did in the past, represented as a tree.
Use the method expand to look at details of a node.
Make sure to use collapse_all_but(idx) when you expanded irrelevant nodes, in order to keep the tree compact.
Enter Python expressions into the console to see the value and decide for the next command based on that result.
Answer concisely by calling answer("...") when you gathered enough information to answer the question.
Generate syntactically correct python console statements only, no explanations or other natural language statements.
IMPORTANT: If search() returns "No relevant records found", your next command MUST be answer("I have no record of that."). Do not search synonyms, do not expand further, and do not call vqa.
IMPORTANT: If you get "Nothing changed" twice, answer honestly that you have no record. Do NOT keep searching repeatedly. For just-before/just-after questions, first try one broader target search or inspect another relevant top-level time block before giving up.
For object yes/no questions, first use object_lookup("object name"). If it reports no matching summary, answer "No, I have no record of that." Do not call vqa unless you already have a directly relevant leaf image.
For task-list questions such as "List the tasks you performed", first use task_list(). Prefer its Recommended answer and chronological candidates instead of manually expanding the whole tree. For long histories, do not copy every task candidate verbatim unless the user explicitly asks for an exhaustive transcript.
For low-level action questions such as "what task did you perform when you toggle/open/pick up/place X", first use action_lookup("full low-level action"), for example action_lookup("open the drawer"). Do not call task_lookup first for these low-level action questions.
For task-description questions such as "describe what you did when you X", first use task_lookup("X"). Prefer its matching task candidates instead of manually expanding the whole tree. This does not apply to low-level action questions covered by action_lookup.
For exact date/time questions or "N days ago" questions asking what happened, first use date_lookup(question). Prefer its Recommended answer when it is confident instead of manually expanding by date.
For "How many days ago did you X?" or "When did you X?" questions, first use event_date_lookup(question). If it lists multiple days, include all of them in the final answer instead of only the most recent match.
For just-before or just-after questions, first use temporal_neighbor(target_task, direction="before" or "after") if a candidate is not already shown. Prefer the returned Recommended answer when it is confident. Only then inspect adjacent sibling or temporal nodes. Avoid expanding to raw leaf observations unless the summary is insufficient.
Do not call vqa for time, date, task-list, before/after, or yes/no object-existence questions when textual summaries already answer the question. Use vqa only for explicit visual appearance questions such as color, visible state, or what something looks like.
Never output bare parameters such as reasoning="..." answer="...". Always call answer("..."). You may call answer(reasoning="...", answer="...") only when a short reason is necessary.
Keep answer() short: answer under 60 words, and do not use markdown or backticks inside answer()."""

**HumanMessage**:
"""
def action_lookup(query: str, max_matches: int = 6) -> str # For low-level action questions, map raw leaf actions back to task-sized summaries
def answer(reasoning: str = None, answer: str = Ellipsis)
def ask(question: str)
def date_lookup(query: str, max_matches: int = 8) -> str # For exact date/time or N-days-ago questions, list matching history summaries directly
def event_date_lookup(query: str, max_matches: int = 12) -> str # For "how many days ago did you X" questions, find all matching event dates directly
def now() -> datetime.datetime
def object_lookup(object_name: str, max_matches: int = 8) -> str # For object yes/no questions, check whether task summaries mention the object
def task_list(max_tasks: int = 30) -> str # For task-list questions, list task-sized history summaries in chronological order
def task_lookup(query: str, max_matches: int = 8) -> str # For task-description questions, list task-sized summaries matching a query
def temporal_neighbor(target_task: str, direction: str = 'before', max_candidates: int = 6) -> str # For just-before/just-after questions, find the target task and return adjacent task candidates
def vqa(question: str, *images: PIL.Image.Image)
"""

**HumanMessage**:
"""Usage examples:
>>> history.expand()  # Shows the history tree with all child nodes expanded
>>> history.expand(date(2021, 12, 20))  # Expand the children that overlap with the given day
>>> history.expand(now() - timedelta(hours=6), now() - timedelta(hours=4))  # Expand all children that overlap with the given range (in this example "about 5 hours ago")
>>> history.expand((now() - timedelta(days=2)).date())  # Expand all children that overlap with the day before yesterday
>>> history.expand(0)  # Shows child node 0
>>> history[0].expand()  # Expands all child nodes of node 0 (node 0 must be expanded already to see them)
>>> history[5][2].expand()  # Shows child node 2 of child node 5 with all its child nodes expanded
>>> history.search("green cup") # Semantic index search. Expands the most relevant children according to similarity of the natural language query and the node's (recursively defined) index content.
>>> history[1][42].search("bicycle") # Semantic index search on some node further down the tree. Expands the children of node 1.42 most relevant to the search term
>>> history[3].collapse_all_but(1); history[3][1].expand()  # Zooms into details of child node 3.1 while collapsing all other childs of node 3
>>> vqa("What color is the ... in this image?",
...     history[2][4][-1][0].image)  # Invoke a model to answer a visual question about image(s) of some leaf (!) node(s)

# After gathering the relevant information, answer the question:
# Use a short final answer. Optionally provide a brief reasoning only when needed.
>>> answer("...")"""

**HumanMessage**:
"""User question: Today is Apr 09, 2023 at 01:56 PM. What did you do 15 days ago?"""

**AIMessage**:
"""date_lookup('Today is Apr 09, 2023 at 01:56 PM. What did you do 15 days ago?')"""

**HumanMessage**:
""""Date lookup for query='Today is Apr 09, 2023 at 01:56 PM. What did you do 15 days ago?': resolved=2023/03/25.\n1. score=0.85; 2023/03/25 11:30 - 11:40: I prepared a sandwich by finding and slicing bread, toasting three slices, slicing a tomato, and then assembling the sandwich on a plate. The user confirmed the completion of the task.\n2. score=0.85; 2023/03/25 10:16 - 10:19: Upon being instructed to water the plant, I filled a mug with water from the sink, poured the water into the houseplant, placed the empty mug on the countertop, and then confirmed the task was complete.\n3. score=0.79; 2023/03/25 10:16 - 11:40: On the morning of March 25th, I watered the houseplant and then prepared a sandwich with toasted bread and tomato.\n4. score=0.78; 2023/03/25 11:30 - 11:36: I prepared the ingredients for a sandwich by finding and slicing bread, toasting two slices, and slicing a tomato.\n5. score=0.78; 2023/03/25 11:37 - 11:40: I retrieved a plate and assembled the sandwich by layering the toasted bread and tomato slices, including toasting one additional slice of bread, and finished the task once the user confirmed completion.\n6. score=0.70; 2023/03/25 11:30 - 11:34: I searched for bread by checking the fridge and several cabinets, eventually opening the cabinet above the coffee maker.\n7. score=0.70; 2023/03/25 11:37:00 - 11:38:07: I opened the fridge to find a clean plate, retrieved it, and placed it on the countertop.\n8. score=0.70; 2023/03/25 11:30:07 - 11:30:49: I picked up a knife and placed it on the countertop to begin preparing a sandwich.\nRecommended answer: I prepared a sandwich by finding and slicing bread, toasting three slices, slicing a tomato, and then assembling the sandwich on a plate. The user confirmed the completion of the task. Upon being instructed to water the plant, I filled a mug with water from the sink, poured the water into the houseplant, placed the empty mug on the countertop, and then confirmed the task was complete. On the morning of March 25th, I watered the houseplant and then prepared a sandwich with toasted bread and tomato. I prepared the ingredients for a sandwich by finding and slicing bread, toasting two slices, and slicing a tomato.""""

**HumanMessage**:
"""Current state:
2023/03/11 - 2023/04/09: "Over the course of a month, from March 11th to April 9th, I consistently performed a range of household duties. My tasks were centered on kitchen activities, including preparing various meals like toast, coffee, and salads, and cleaning dishes. I also focused on general tidying by organizing items such as newspapers and personal belongings, and I regularly watered the houseplant."  
  ..."""
{}
command: answer("15 days ago, on March 25, 2023, I watered the houseplant and prepared a sandwich. This involved
expected output: 


 ============================== 


eval answer("15 days ago, on March 25, 2023, I watered the houseplant and prepared a sandwich. This involved


 ============================== 


eval answer("15 days ago, on March 25, 2023, I watered the houseplant and prepared a sandwich. This involved


 ============================== 




answer("15 days ago, on March 25, 2023, I watered the houseplant and prepared a sandwich. This involved

[结构化回退] answer(...) 语法错误，返回结构化推荐答案
Tokens Used: 3125
	Prompt Tokens: 2361
	Completion Tokens: 764
Successful Requests: 1
Total Cost (USD): $0.0
Evaluating sample d9a7f5476eac3df6_7a11-bfb3e4eaf7ba458f_81db-92a60929e3b1b576_97aa-af3ea35af62cb764_aea5-cb0e41e1b364ad27_9a72-05a5b8e82c4d198e_a899-8f7791c488b51c98_fa79-13c9487a42718fd2_86a2-ae0ef037bccf67c9_c77e-8e3082fd7bbed04c_3f32-2d37ef841a64b660_8a6a-133d52a8aaf9db3f_8ed8-1023a6f334db1f63_a47b-f211958a124a5ea7_cbf0-4e893adaff5699af_ab4f-d4c51dc230306c8b_d93b-906e85fef4d34675_4f7b-03379f213dfbda39_79a2-a690a35743c855aa_ef68-474a8460bc35eb12_20d0-724c11f87d95f819_7d28-4e8496b9f642bba0_36f1-6ccc8b815fbc093a_3e3a-72b699523a1191ff_6dc8-b389be8338cc3292_add9-95cb6d56c9a3d66a_bf80-8455e3db97f9a4dc_707d-977b52faf01e6c05_d71f-b53c115c99ca34dd_5e2b-b20314fc5fe107f3_80ee-f25eed33d1c37931_ed58-0e6278225ef19b63_c9c2-b87bd55d7820c86e_e74c-1bbfe20e48fba275_22dc-1b382ab21a3bffcd_561a-20df70c5052d0ef2_2152-22fa2e73c63bc50f_c1a7-ebd80a433c115116_b3d7-d774a2a9ef601400_0ce5-26460009b5b1f985_5847-04ac7b9babaad610_384a-60adcb4590587fb8_3e77-94a921b29def9f26_9157-5ab41ea72487ce0f_e5be-a0ccd363ffb0ee94_c237-e8f7cd03e3683657_4d70-bd7327d5d2853453_fad6-fba42374cb666e28_86e5-7cac16735d83af9f_0f84-25ef88cce38adfbc_d042-0-sequence_of_task_descs
[配置] 启用 FAISS 加速，索引类型: flat
[Forgetting] 解析遗忘配置...
[Forgetting] 开始记忆巩固...
[Forgetting] 收集到 6312 个事件节点
[Forgetting] 构建临时轻量图计算度中心性...
[Forgetting] 临时图度中心性: max_degree=66, 有连接的节点数=6001
[Forgetting] 计算节点 embeddings...
Embedding 3863 , new: 2071
[Forgetting] 安全下限触发: θ₁ 从 0.500 下调到 0.243
[Forgetting] 巩固完成: 完整保留=1928 (30.5%), 去细节化=4384 (69.5%), 摘要保留=0 (0.0%), 豁免=711
[Forgetting] 统计: {'total': 6312, 'level_0_full_retain': 1928, 'level_1_detail_removed': 4384, 'level_2_summary_only': 0, 'immune_count': 711, 'effective_theta_1': 0.2426268406867487, 'effective_theta_2': 0.09705073627469948, 'retain_ratio': 0.30544993662864384, 'forgetting_ratio': 0.6945500633713562}
[GraphAug] 开始构建记忆图...
[MemoryGraph] 收集到 6312 个事件节点
[MemoryGraph] 时间相邻边: 5036
[MemoryGraph] 共享物体边: 14373
[MemoryGraph] 唯一动作数: 415, 相似动作对: 784
[MemoryGraph] 相似动作边: 1854
[MemoryGraph] 图构建完成: {'num_nodes': 6312, 'num_edges': 21263, 'edges_temporal_adjacent': 5036, 'edges_co_object': 14373, 'edges_similar_action': 1854}
[GraphAug] 记忆图构建完成
Got 0 examples


 ============================== 


eval task_list()
Updated/Defined variables after execution: {}

**SystemMessage**:
"""You are a smart humanoid robot answering user question about your past actions.
The history object contains information on what you did in the past, represented as a tree.
Use the method expand to look at details of a node.
Make sure to use collapse_all_but(idx) when you expanded irrelevant nodes, in order to keep the tree compact.
Enter Python expressions into the console to see the value and decide for the next command based on that result.
Answer concisely by calling answer("...") when you gathered enough information to answer the question.
Generate syntactically correct python console statements only, no explanations or other natural language statements.
IMPORTANT: If search() returns "No relevant records found", your next command MUST be answer("I have no record of that."). Do not search synonyms, do not expand further, and do not call vqa.
IMPORTANT: If you get "Nothing changed" twice, answer honestly that you have no record. Do NOT keep searching repeatedly. For just-before/just-after questions, first try one broader target search or inspect another relevant top-level time block before giving up.
For object yes/no questions, first use object_lookup("object name"). If it reports no matching summary, answer "No, I have no record of that." Do not call vqa unless you already have a directly relevant leaf image.
For task-list questions such as "List the tasks you performed", first use task_list(). Prefer its Recommended answer and chronological candidates instead of manually expanding the whole tree. For long histories, do not copy every task candidate verbatim unless the user explicitly asks for an exhaustive transcript.
For low-level action questions such as "what task did you perform when you toggle/open/pick up/place X", first use action_lookup("full low-level action"), for example action_lookup("open the drawer"). Do not call task_lookup first for these low-level action questions.
For task-description questions such as "describe what you did when you X", first use task_lookup("X"). Prefer its matching task candidates instead of manually expanding the whole tree. This does not apply to low-level action questions covered by action_lookup.
For exact date/time questions or "N days ago" questions asking what happened, first use date_lookup(question). Prefer its Recommended answer when it is confident instead of manually expanding by date.
For "How many days ago did you X?" or "When did you X?" questions, first use event_date_lookup(question). If it lists multiple days, include all of them in the final answer instead of only the most recent match.
For just-before or just-after questions, first use temporal_neighbor(target_task, direction="before" or "after") if a candidate is not already shown. Prefer the returned Recommended answer when it is confident. Only then inspect adjacent sibling or temporal nodes. Avoid expanding to raw leaf observations unless the summary is insufficient.
Do not call vqa for time, date, task-list, before/after, or yes/no object-existence questions when textual summaries already answer the question. Use vqa only for explicit visual appearance questions such as color, visible state, or what something looks like.
Never output bare parameters such as reasoning="..." answer="...". Always call answer("..."). You may call answer(reasoning="...", answer="...") only when a short reason is necessary.
Keep answer() short: answer under 60 words, and do not use markdown or backticks inside answer()."""

**HumanMessage**:
"""
def action_lookup(query: str, max_matches: int = 6) -> str # For low-level action questions, map raw leaf actions back to task-sized summaries
def answer(reasoning: str = None, answer: str = Ellipsis)
def ask(question: str)
def date_lookup(query: str, max_matches: int = 8) -> str # For exact date/time or N-days-ago questions, list matching history summaries directly
def event_date_lookup(query: str, max_matches: int = 12) -> str # For "how many days ago did you X" questions, find all matching event dates directly
def now() -> datetime.datetime
def object_lookup(object_name: str, max_matches: int = 8) -> str # For object yes/no questions, check whether task summaries mention the object
def task_list(max_tasks: int = 30) -> str # For task-list questions, list task-sized history summaries in chronological order
def task_lookup(query: str, max_matches: int = 8) -> str # For task-description questions, list task-sized summaries matching a query
def temporal_neighbor(target_task: str, direction: str = 'before', max_candidates: int = 6) -> str # For just-before/just-after questions, find the target task and return adjacent task candidates
def vqa(question: str, *images: PIL.Image.Image)
"""

**HumanMessage**:
"""Usage examples:
>>> history.expand()  # Shows the history tree with all child nodes expanded
>>> history.expand(date(2021, 12, 20))  # Expand the children that overlap with the given day
>>> history.expand(now() - timedelta(hours=6), now() - timedelta(hours=4))  # Expand all children that overlap with the given range (in this example "about 5 hours ago")
>>> history.expand((now() - timedelta(days=2)).date())  # Expand all children that overlap with the day before yesterday
>>> history.expand(0)  # Shows child node 0
>>> history[0].expand()  # Expands all child nodes of node 0 (node 0 must be expanded already to see them)
>>> history[5][2].expand()  # Shows child node 2 of child node 5 with all its child nodes expanded
>>> history.search("green cup") # Semantic index search. Expands the most relevant children according to similarity of the natural language query and the node's (recursively defined) index content.
>>> history[1][42].search("bicycle") # Semantic index search on some node further down the tree. Expands the children of node 1.42 most relevant to the search term
>>> history[3].collapse_all_but(1); history[3][1].expand()  # Zooms into details of child node 3.1 while collapsing all other childs of node 3
>>> vqa("What color is the ... in this image?",
...     history[2][4][-1][0].image)  # Invoke a model to answer a visual question about image(s) of some leaf (!) node(s)

# After gathering the relevant information, answer the question:
# Use a short final answer. Optionally provide a brief reasoning only when needed.
>>> answer("...")"""

**HumanMessage**:
"""User question: List the tasks you performed."""

**AIMessage**:
"""task_list()"""

**HumanMessage**:
"""'Task list candidates in chronological order:\nUse these as evidence. If there are many candidates, do not copy every candidate verbatim; use the Recommended answer unless the user explicitly asks for an exhaustive transcript.\n1. 2023/07/26 09:17 - 09:20: To begin making a sandwich, I was instructed to find bread in a cabinet. I retrieved the bread, placed it on the counter, found a knife in the sink, and sliced the bread.\n2. 2023/07/27 10:17 - 10:21: Following the instruction to place newspapers on the armchair, I picked up one newspaper from the dresser and two more from the sofa, placing all three of them on the armchair.\n3. 2023/07/28 15:01 - 15:07: I received instructions to slice and cook three potato slices. I brought a potato to the countertop, sliced it, and cooked three pieces in the microwave after clearing some space, then placed the cooked slices back on the countertop.\n4. 2023/07/28 18:15:51 - 18:18:44: As the plate was dirty, I moved soap and the plate to the sink, rinsed the plate, and then returned it to the countertop.\n5. 2023/08/01 18:56 - 19:01: I picked up a tissue box from a dresser and placed it on a side table, but was then corrected by the user to return it to the brown dresser, which I did.\n6. 2023/08/03 14:49 - 14:54: Following an instruction to cook the potato slices, I placed three slices into a pan on the stove and cooked them.\n7. 2023/08/03 14:55 - 15:11: To complete the task, I was instructed to plate the salad. I retrieved a plate and assembled the final dish with the cooked potato slices and a slice of lettuce, after which the user confirmed the task was complete.\n8. 2023/08/04 18:03 - 18:08: I prepared the food components by retrieving and slicing a loaf of bread, toasting two slices, and slicing a head of lettuce.\n9. 2023/08/05 18:58 - 19:01: As instructed, I began making a salad by retrieving a knife from a chair and a tomato from a garbage can. I then sliced the tomato and placed one slice on a plate.\n10. 2023/08/06 14:04 - 14:08: I prepared to serve five cooked potato slices by picking up a potato, slicing it, picking up an already cooked potato, placing it on the counter, and clearing the workspace by moving a pan and turning off a stove knob.\n11. 2023/08/06 14:08 - 14:13: I cooked five freshly cut potato slices in the microwave, then retrieved a clean plate from the fridge, and transferred the cooked slices to the plate.\n12. 2023/08/06 17:28 - 17:32: I prepared the coffee machine by rinsing a dirty mug and starting the brewing process.\n13. 2023/08/06 17:32 - 17:37: While the coffee brewed, I prepared the sandwich ingredients by slicing and toasting bread and slicing lettuce.\n14. 2023/08/06 17:37 - 17:40: I cleaned a plate and tidied the sink area before assembling the sandwich and finishing the task.\n15. 2023/08/06 18:26 - 18:31: I was asked to make a salad. I started by getting a knife from a cabinet, then took the lettuce from the sink, placed it on the counter, and sliced it.\n16. 2023/08/08 14:40 - 14:43: In response to an instruction to microwave a potato, I first moved an egg out of the way, then retrieved a potato from the sink, cooked it in the microwave, and placed it on the countertop.\n17. 2023/08/08 14:44 - 14:47: Following a new instruction to prepare potato slices, I retrieved a knife from a garbage can to slice the cooked potato. I then emptied a bowl and placed two potato slices into it, completing the task.\n18. 2023/08/10 09:12 - 09:18: I continued assembling the dish, attempting to add more tomato and lettuce to the plate. After being prompted, I confirmed the completion of the task.\n19. 2023/08/11 13:29 - 13:33: I gathered a butter knife and located the bread in the kitchen.\n20. 2023/08/11 13:35:27 - 13:38:11: I sliced a tomato and prepared a plate for the meal.\n21. 2023/08/11 13:38 - 13:49: I arranged the toasted bread and tomato slices on the plate, toasting additional pieces and making adjustments until the meal was ready.\n22. 2023/08/13 15:17 - 15:21: I placed two additional tissue boxes onto the dresser and subsequently moved both of them to the side table.\n23. 2023/08/13 15:21 - 15:25: After some clarification regarding the location, I opened the safe, picked up the first tissue box from inside it, and placed it on the side table with the others, completing the task of gathering all tissue boxes on the side table.\n24. 2023/08/15 14:45 - 14:49: I prepared the workspace for watering the plants by locating and organizing two vases on the kitchen countertop.\n25. 2023/08/16 11:30 - 11:33: I started by picking up a loaf of bread and placing it on the countertop, then moved a pan to clear some space.\n26. 2023/08/16 11:38 - 11:42: I began assembling the plate with toast and tomato slices, but after some feedback from the user, I adjusted the arrangement and prepared to toast fresh slices.\n27. 2023/08/17 13:29 - 13:36: Prepared a salad by slicing lettuce, a tomato, and a microwaved potato, then assembled the ingredients on a clean plate.\n28. 2023/08/19 13:46:21 - 13:49:08: I sliced and toasted two pieces of bread and cleaned a dirty plate to serve them on.\n29. 2023/08/19 17:58 - 18:06: Between 17:58 and 18:06, I prepared a meal by toasting bread, slicing a tomato, and assembling the ingredients onto a plate along with items retrieved from the fridge.\n30. 2023/08/20 11:00 - 11:05: I prepared a tomato sandwich by retrieving and slicing bread, clearing workspace on the countertop, toasting the bread slices, and then slicing a tomato and assembling the sandwich on a plate.\nRecommended answer: From 2023/07/26 to 2023/08/20, I performed 30 recorded task groups, including bread, toast, and sandwich preparation; potato cooking and slicing; salad, lettuce, and tomato preparation; coffee and drinkware tasks; dish, plate, bowl, and pan cleaning; household organization tasks.'"""

**HumanMessage**:
"""Current state:
2023/07/26 - 2023/08/20: "From July 26th to August 20th, I maintained a consistent routine centered on meal preparation and household maintenance. I regularly prepared breakfasts and light meals involving coffee, toast, potatoes, and salads. In addition to cooking, I performed various organizational tasks such as tidying books and pillows, and I took on recurring chores like watering houseplants and managing household items like tissue boxes and remote controls."  
  ..."""
{}
command: answer("From 2023/07/26 to 2023/08/20, I performed 30 recorded task groups, including bread, toast, and sandwich preparation; potato cooking and slicing; salad, lettuce, and tomato preparation; coffee and drinkware tasks; dish, plate, bowl, and pan cleaning; household organization tasks.")
expected output: 


 ============================== 


eval answer("From 2023/07/26 to 2023/08/20, I performed 30 recorded task groups, including bread, toast, and sandwich preparation; potato cooking and slicing; salad, lettuce, and tomato preparation; coffee and drinkware tasks; dish, plate, bowl, and pan cleaning; household organization tasks.")
Answering From 2023/07/26 to 2023/08/20, I performed 30 recorded task groups, including bread, toast, and sandwich preparation; potato cooking and slicing; salad, lettuce, and tomato preparation; coffee and drinkware tasks; dish, plate, bowl, and pan cleaning; household organization tasks.  with reason: None
Tokens Used: 3938
	Prompt Tokens: 3508
	Completion Tokens: 430
Successful Requests: 1
Total Cost (USD): $0.0
Evaluating sample d9a7f5476eac3df6_7a11-bfb3e4eaf7ba458f_81db-92a60929e3b1b576_97aa-af3ea35af62cb764_aea5-cb0e41e1b364ad27_9a72-05a5b8e82c4d198e_a899-8f7791c488b51c98_fa79-13c9487a42718fd2_86a2-ae0ef037bccf67c9_c77e-8e3082fd7bbed04c_3f32-2d37ef841a64b660_8a6a-133d52a8aaf9db3f_8ed8-1023a6f334db1f63_a47b-f211958a124a5ea7_cbf0-4e893adaff5699af_ab4f-d4c51dc230306c8b_d93b-906e85fef4d34675_4f7b-03379f213dfbda39_79a2-a690a35743c855aa_ef68-474a8460bc35eb12_20d0-724c11f87d95f819_7d28-4e8496b9f642bba0_36f1-6ccc8b815fbc093a_3e3a-72b699523a1191ff_6dc8-b389be8338cc3292_add9-95cb6d56c9a3d66a_bf80-8455e3db97f9a4dc_707d-977b52faf01e6c05_d71f-b53c115c99ca34dd_5e2b-b20314fc5fe107f3_80ee-f25eed33d1c37931_ed58-0e6278225ef19b63_c9c2-b87bd55d7820c86e_e74c-1bbfe20e48fba275_22dc-1b382ab21a3bffcd_561a-20df70c5052d0ef2_2152-22fa2e73c63bc50f_c1a7-ebd80a433c115116_b3d7-d774a2a9ef601400_0ce5-26460009b5b1f985_5847-04ac7b9babaad610_384a-60adcb4590587fb8_3e77-94a921b29def9f26_9157-5ab41ea72487ce0f_e5be-a0ccd363ffb0ee94_c237-e8f7cd03e3683657_4d70-bd7327d5d2853453_fad6-fba42374cb666e28_86e5-7cac16735d83af9f_0f84-25ef88cce38adfbc_d042-0-seq_specific_shortened_low_actions
[配置] 启用 FAISS 加速，索引类型: flat
[Forgetting] 命中缓存
[GraphAug] 命中图缓存 (nodes=6312, edges=21263)
Got 0 examples


 ============================== 


eval task_lookup('cook 5 slice(s) of potato and serve on a plate')
Updated/Defined variables after execution: {}

**SystemMessage**:
"""You are a smart humanoid robot answering user question about your past actions.
The history object contains information on what you did in the past, represented as a tree.
Use the method expand to look at details of a node.
Make sure to use collapse_all_but(idx) when you expanded irrelevant nodes, in order to keep the tree compact.
Enter Python expressions into the console to see the value and decide for the next command based on that result.
Answer concisely by calling answer("...") when you gathered enough information to answer the question.
Generate syntactically correct python console statements only, no explanations or other natural language statements.
IMPORTANT: If search() returns "No relevant records found", your next command MUST be answer("I have no record of that."). Do not search synonyms, do not expand further, and do not call vqa.
IMPORTANT: If you get "Nothing changed" twice, answer honestly that you have no record. Do NOT keep searching repeatedly. For just-before/just-after questions, first try one broader target search or inspect another relevant top-level time block before giving up.
For object yes/no questions, first use object_lookup("object name"). If it reports no matching summary, answer "No, I have no record of that." Do not call vqa unless you already have a directly relevant leaf image.
For task-list questions such as "List the tasks you performed", first use task_list(). Prefer its Recommended answer and chronological candidates instead of manually expanding the whole tree. For long histories, do not copy every task candidate verbatim unless the user explicitly asks for an exhaustive transcript.
For low-level action questions such as "what task did you perform when you toggle/open/pick up/place X", first use action_lookup("full low-level action"), for example action_lookup("open the drawer"). Do not call task_lookup first for these low-level action questions.
For task-description questions such as "describe what you did when you X", first use task_lookup("X"). Prefer its matching task candidates instead of manually expanding the whole tree. This does not apply to low-level action questions covered by action_lookup.
For exact date/time questions or "N days ago" questions asking what happened, first use date_lookup(question). Prefer its Recommended answer when it is confident instead of manually expanding by date.
For "How many days ago did you X?" or "When did you X?" questions, first use event_date_lookup(question). If it lists multiple days, include all of them in the final answer instead of only the most recent match.
For just-before or just-after questions, first use temporal_neighbor(target_task, direction="before" or "after") if a candidate is not already shown. Prefer the returned Recommended answer when it is confident. Only then inspect adjacent sibling or temporal nodes. Avoid expanding to raw leaf observations unless the summary is insufficient.
Do not call vqa for time, date, task-list, before/after, or yes/no object-existence questions when textual summaries already answer the question. Use vqa only for explicit visual appearance questions such as color, visible state, or what something looks like.
Never output bare parameters such as reasoning="..." answer="...". Always call answer("..."). You may call answer(reasoning="...", answer="...") only when a short reason is necessary.
Keep answer() short: answer under 60 words, and do not use markdown or backticks inside answer()."""

**HumanMessage**:
"""
def action_lookup(query: str, max_matches: int = 6) -> str # For low-level action questions, map raw leaf actions back to task-sized summaries
def answer(reasoning: str = None, answer: str = Ellipsis)
def ask(question: str)
def date_lookup(query: str, max_matches: int = 8) -> str # For exact date/time or N-days-ago questions, list matching history summaries directly
def event_date_lookup(query: str, max_matches: int = 12) -> str # For "how many days ago did you X" questions, find all matching event dates directly
def now() -> datetime.datetime
def object_lookup(object_name: str, max_matches: int = 8) -> str # For object yes/no questions, check whether task summaries mention the object
def task_list(max_tasks: int = 30) -> str # For task-list questions, list task-sized history summaries in chronological order
def task_lookup(query: str, max_matches: int = 8) -> str # For task-description questions, list task-sized summaries matching a query
def temporal_neighbor(target_task: str, direction: str = 'before', max_candidates: int = 6) -> str # For just-before/just-after questions, find the target task and return adjacent task candidates
def vqa(question: str, *images: PIL.Image.Image)
"""

**HumanMessage**:
"""Usage examples:
>>> history.expand()  # Shows the history tree with all child nodes expanded
>>> history.expand(date(2021, 12, 20))  # Expand the children that overlap with the given day
>>> history.expand(now() - timedelta(hours=6), now() - timedelta(hours=4))  # Expand all children that overlap with the given range (in this example "about 5 hours ago")
>>> history.expand((now() - timedelta(days=2)).date())  # Expand all children that overlap with the day before yesterday
>>> history.expand(0)  # Shows child node 0
>>> history[0].expand()  # Expands all child nodes of node 0 (node 0 must be expanded already to see them)
>>> history[5][2].expand()  # Shows child node 2 of child node 5 with all its child nodes expanded
>>> history.search("green cup") # Semantic index search. Expands the most relevant children according to similarity of the natural language query and the node's (recursively defined) index content.
>>> history[1][42].search("bicycle") # Semantic index search on some node further down the tree. Expands the children of node 1.42 most relevant to the search term
>>> history[3].collapse_all_but(1); history[3][1].expand()  # Zooms into details of child node 3.1 while collapsing all other childs of node 3
>>> vqa("What color is the ... in this image?",
...     history[2][4][-1][0].image)  # Invoke a model to answer a visual question about image(s) of some leaf (!) node(s)

# After gathering the relevant information, answer the question:
# Use a short final answer. Optionally provide a brief reasoning only when needed.
>>> answer("...")"""

**HumanMessage**:
"""User question: describe what you did when you cook 5 slice(s) of potato and serve on a plate."""

**AIMessage**:
"""task_lookup('cook 5 slice(s) of potato and serve on a plate')"""

**HumanMessage**:
""""Task lookup candidates for query='cook 5 slice(s) of potato and serve on a plate':\n1. score=0.88; 2023/08/06 14:04 - 14:13: I prepared and served five cooked potato slices. This involved slicing a potato, clearing the workspace, cooking five freshly cut slices in the microwave, and then transferring them to a clean plate.\n2. score=0.87; 2023/08/06 14:04 - 18:34: On August 6th, I prepared and served five cooked potato slices (14:04-14:13), then brewed coffee and made a sandwich with toasted bread and lettuce (17:28-17:40), and finally made a salad with sliced lettuce and microwaved potato (18:26-18:...\n3. score=0.84; 2023/08/06 14:04 - 14:08: I prepared to serve five cooked potato slices by picking up a potato, slicing it, picking up an already cooked potato, placing it on the counter, and clearing the workspace by moving a pan and turning off a stove knob.\n4. score=0.81; 2023/08/06 14:04:47 - 14:07:00: Following the instruction to serve five cooked potato slices, I picked up a potato, placed it on the counter, and sliced it with a knife.\n5. score=0.76; 2023/08/05 19:04:16 - 19:05:22: Following the user's final instructions, I placed two cooked potato slices on the plate with the tomato slice, after which the user confirmed the task was complete.\n6. score=0.73; 2023/08/06 14:08:29 - 14:10:58: I turned off and opened the microwave, placed five freshly cut potato slices inside, cooked them by toggling the microwave on and off, and then opened the door again.\n7. score=0.73; 2023/07/28 15:01 - 15:09: I sliced and cooked three potato slices in the microwave, then retrieved a plate from the cabinet and plated them to complete the task.\n8. score=0.73; 2023/08/08 14:44 - 14:47: Following a new instruction to prepare potato slices, I retrieved a knife from a garbage can to slice the cooked potato. I then emptied a bowl and placed two potato slices into it, completing the task.\nRecommended answer: I prepared and served five cooked potato slices. This involved slicing a potato, clearing the workspace...; I prepared and served five cooked potato slices (14:04-14:13)...; I prepared to serve five cooked potato slices by picking up a potato, slicing it, picking up an already cooked potato...""""

**HumanMessage**:
"""Current state:
2023/07/26 - 2023/08/20: "From July 26th to August 20th, I maintained a consistent routine centered on meal preparation and household maintenance. I regularly prepared breakfasts and light meals involving coffee, toast, potatoes, and salads. In addition to cooking, I performed various organizational tasks such as tidying books and pillows, and I took on recurring chores like watering houseplants and managing household items like tissue boxes and remote controls."  
  ..."""
{}
command: answer("I prepared and served five cooked potato slices. This involved slicing a potato, clearing the workspace, cooking five freshly cut slices in the microwave, and then transferring them to a clean plate.")
expected output: 


 ============================== 


eval answer("I prepared and served five cooked potato slices. This involved slicing a potato, clearing the workspace, cooking five freshly cut slices in the microwave, and then transferring them to a clean plate.")
Answering I prepared and served five cooked potato slices. This involved slicing a potato, clearing the workspace, cooking five freshly cut slices in the microwave, and then transferring them to a clean plate.  with reason: None
Tokens Used: 2794
	Prompt Tokens: 2351
	Completion Tokens: 443
Successful Requests: 1
Total Cost (USD): $0.0
Evaluating sample d9a7f5476eac3df6_7a11-bfb3e4eaf7ba458f_81db-92a60929e3b1b576_97aa-af3ea35af62cb764_aea5-cb0e41e1b364ad27_9a72-05a5b8e82c4d198e_a899-8f7791c488b51c98_fa79-13c9487a42718fd2_86a2-ae0ef037bccf67c9_c77e-8e3082fd7bbed04c_3f32-2d37ef841a64b660_8a6a-133d52a8aaf9db3f_8ed8-1023a6f334db1f63_a47b-f211958a124a5ea7_cbf0-4e893adaff5699af_ab4f-d4c51dc230306c8b_d93b-906e85fef4d34675_4f7b-03379f213dfbda39_79a2-a690a35743c855aa_ef68-474a8460bc35eb12_20d0-724c11f87d95f819_7d28-4e8496b9f642bba0_36f1-6ccc8b815fbc093a_3e3a-72b699523a1191ff_6dc8-b389be8338cc3292_add9-95cb6d56c9a3d66a_bf80-8455e3db97f9a4dc_707d-977b52faf01e6c05_d71f-b53c115c99ca34dd_5e2b-b20314fc5fe107f3_80ee-f25eed33d1c37931_ed58-0e6278225ef19b63_c9c2-b87bd55d7820c86e_e74c-1bbfe20e48fba275_22dc-1b382ab21a3bffcd_561a-20df70c5052d0ef2_2152-22fa2e73c63bc50f_c1a7-ebd80a433c115116_b3d7-d774a2a9ef601400_0ce5-26460009b5b1f985_5847-04ac7b9babaad610_384a-60adcb4590587fb8_3e77-94a921b29def9f26_9157-5ab41ea72487ce0f_e5be-a0ccd363ffb0ee94_c237-e8f7cd03e3683657_4d70-bd7327d5d2853453_fad6-fba42374cb666e28_86e5-7cac16735d83af9f_0f84-25ef88cce38adfbc_d042-0-seq_right_after_questions
[配置] 启用 FAISS 加速，索引类型: flat
[Forgetting] 命中缓存
[GraphAug] 命中图缓存 (nodes=6312, edges=21263)
Got 0 examples


 ============================== 


eval temporal_neighbor('put all tissue box on any dresser', direction='after')
Updated/Defined variables after execution: {}

**SystemMessage**:
"""You are a smart humanoid robot answering user question about your past actions.
The history object contains information on what you did in the past, represented as a tree.
Use the method expand to look at details of a node.
Make sure to use collapse_all_but(idx) when you expanded irrelevant nodes, in order to keep the tree compact.
Enter Python expressions into the console to see the value and decide for the next command based on that result.
Answer concisely by calling answer("...") when you gathered enough information to answer the question.
Generate syntactically correct python console statements only, no explanations or other natural language statements.
IMPORTANT: If search() returns "No relevant records found", your next command MUST be answer("I have no record of that."). Do not search synonyms, do not expand further, and do not call vqa.
IMPORTANT: If you get "Nothing changed" twice, answer honestly that you have no record. Do NOT keep searching repeatedly. For just-before/just-after questions, first try one broader target search or inspect another relevant top-level time block before giving up.
For object yes/no questions, first use object_lookup("object name"). If it reports no matching summary, answer "No, I have no record of that." Do not call vqa unless you already have a directly relevant leaf image.
For task-list questions such as "List the tasks you performed", first use task_list(). Prefer its Recommended answer and chronological candidates instead of manually expanding the whole tree. For long histories, do not copy every task candidate verbatim unless the user explicitly asks for an exhaustive transcript.
For low-level action questions such as "what task did you perform when you toggle/open/pick up/place X", first use action_lookup("full low-level action"), for example action_lookup("open the drawer"). Do not call task_lookup first for these low-level action questions.
For task-description questions such as "describe what you did when you X", first use task_lookup("X"). Prefer its matching task candidates instead of manually expanding the whole tree. This does not apply to low-level action questions covered by action_lookup.
For exact date/time questions or "N days ago" questions asking what happened, first use date_lookup(question). Prefer its Recommended answer when it is confident instead of manually expanding by date.
For "How many days ago did you X?" or "When did you X?" questions, first use event_date_lookup(question). If it lists multiple days, include all of them in the final answer instead of only the most recent match.
For just-before or just-after questions, first use temporal_neighbor(target_task, direction="before" or "after") if a candidate is not already shown. Prefer the returned Recommended answer when it is confident. Only then inspect adjacent sibling or temporal nodes. Avoid expanding to raw leaf observations unless the summary is insufficient.
Do not call vqa for time, date, task-list, before/after, or yes/no object-existence questions when textual summaries already answer the question. Use vqa only for explicit visual appearance questions such as color, visible state, or what something looks like.
Never output bare parameters such as reasoning="..." answer="...". Always call answer("..."). You may call answer(reasoning="...", answer="...") only when a short reason is necessary.
Keep answer() short: answer under 60 words, and do not use markdown or backticks inside answer()."""

**HumanMessage**:
"""
def action_lookup(query: str, max_matches: int = 6) -> str # For low-level action questions, map raw leaf actions back to task-sized summaries
def answer(reasoning: str = None, answer: str = Ellipsis)
def ask(question: str)
def date_lookup(query: str, max_matches: int = 8) -> str # For exact date/time or N-days-ago questions, list matching history summaries directly
def event_date_lookup(query: str, max_matches: int = 12) -> str # For "how many days ago did you X" questions, find all matching event dates directly
def now() -> datetime.datetime
def object_lookup(object_name: str, max_matches: int = 8) -> str # For object yes/no questions, check whether task summaries mention the object
def task_list(max_tasks: int = 30) -> str # For task-list questions, list task-sized history summaries in chronological order
def task_lookup(query: str, max_matches: int = 8) -> str # For task-description questions, list task-sized summaries matching a query
def temporal_neighbor(target_task: str, direction: str = 'before', max_candidates: int = 6) -> str # For just-before/just-after questions, find the target task and return adjacent task candidates
def vqa(question: str, *images: PIL.Image.Image)
"""

**HumanMessage**:
"""Usage examples:
>>> history.expand()  # Shows the history tree with all child nodes expanded
>>> history.expand(date(2021, 12, 20))  # Expand the children that overlap with the given day
>>> history.expand(now() - timedelta(hours=6), now() - timedelta(hours=4))  # Expand all children that overlap with the given range (in this example "about 5 hours ago")
>>> history.expand((now() - timedelta(days=2)).date())  # Expand all children that overlap with the day before yesterday
>>> history.expand(0)  # Shows child node 0
>>> history[0].expand()  # Expands all child nodes of node 0 (node 0 must be expanded already to see them)
>>> history[5][2].expand()  # Shows child node 2 of child node 5 with all its child nodes expanded
>>> history.search("green cup") # Semantic index search. Expands the most relevant children according to similarity of the natural language query and the node's (recursively defined) index content.
>>> history[1][42].search("bicycle") # Semantic index search on some node further down the tree. Expands the children of node 1.42 most relevant to the search term
>>> history[3].collapse_all_but(1); history[3][1].expand()  # Zooms into details of child node 3.1 while collapsing all other childs of node 3
>>> vqa("What color is the ... in this image?",
...     history[2][4][-1][0].image)  # Invoke a model to answer a visual question about image(s) of some leaf (!) node(s)

# After gathering the relevant information, answer the question:
# Use a short final answer. Optionally provide a brief reasoning only when needed.
>>> answer("...")"""

**HumanMessage**:
"""User question: What task did you do just after put all tissue box on any dresser?"""

**AIMessage**:
"""temporal_neighbor('put all tissue box on any dresser', direction='after')"""

**HumanMessage**:
""""Temporal neighbor candidates for target='put all tissue box on any dresser', direction='after':\n1. score=1.00; target=2023/08/13 15:17 - 15:21: I placed two additional tissue boxes onto the dresser and subsequently moved both of them to the side table.; after=2023/08/13 15:21 - 15:25: After some clarification regarding the location, I opened the safe, picked up the first tissue box from inside it, and placed it on the side table with the others, completing the t...\n2. score=0.88; target=2023/08/01 18:56 - 19:04: On August 1st, I located and placed three tissue boxes on a dresser (18:56-19:04).; after=2023/08/02 08:41 - 13:15: On August 2nd, I prepared breakfast, including coffee, toast, and tomato (08:41-08:47), and later cleaned a bowl from the fridge (13:13-13:15).\n3. score=0.84; target=2023/08/01 19:02:35 - 19:03:30: Following the user's hint that a box was near the trash, I located a tissue box on the floor by the garbage can and placed it on the dresser.; after=2023/08/01 19:03:34 - 19:04:13: Acting on the final instruction, I retrieved the last tissue box from a top shelf and placed it on the dresser with the others, completing the task.\n4. score=0.83; target=2023/08/01 19:03:34 - 19:04:13: Acting on the final instruction, I retrieved the last tissue box from a top shelf and placed it on the dresser with the others, completing the task.; after=2023/08/02 08:41:53 - 08:42:39: I was instructed to prepare breakfast, starting with cleaning a mug. I began by picking up a plate and placing it on the countertop, noting that the mug was in the garbage can.\n5. score=0.78; target=2023/08/13 15:14 - 15:25: I gathered all tissue boxes onto the side table. This involved moving the first tissue box from the dresser to the safe, placing two more tissue boxes on the side table after movin...; after=2023/08/13 18:03 - 18:06: I watered a houseplant by picking up a bowl of water from the sink and pouring it into the plant.\n6. score=0.74; target=2023/08/13 15:19:30 - 15:21:24: Following instructions to use the table with the lamp, I moved both the second and third tissue boxes from the dresser to the side table.; after=2023/08/13 15:21 - 15:25: After some clarification regarding the location, I opened the safe, picked up the first tissue box from inside it, and placed it on the side table with the others, completing the t...\nRecommended answer: I was instructed to prepare breakfast, starting with cleaning a mug. I began by picking up a plate and placing it on the countertop, noting that the mug was in the garbage can.""""

**HumanMessage**:
"""Current state:
2023/07/26 - 2023/08/20: "From July 26th to August 20th, I maintained a consistent routine centered on meal preparation and household maintenance. I regularly prepared breakfasts and light meals involving coffee, toast, potatoes, and salads. In addition to cooking, I performed various organizational tasks such as tidying books and pillows, and I took on recurring chores like watering houseplants and managing household items like tissue boxes and remote controls."  
  ..."""
{}
command: answer("I was instructed to prepare breakfast, starting with cleaning a mug. I began by picking up a plate and placing it on the countertop, noting that the mug was in the garbage can.")
expected output: 


 ============================== 


eval answer("I was instructed to prepare breakfast, starting with cleaning a mug. I began by picking up a plate and placing it on the countertop, noting that the mug was in the garbage can.")
Answering I was instructed to prepare breakfast, starting with cleaning a mug. I began by picking up a plate and placing it on the countertop, noting that the mug was in the garbage can.  with reason: None
Tokens Used: 3078
	Prompt Tokens: 2488
	Completion Tokens: 590
Successful Requests: 1
Total Cost (USD): $0.0
Evaluating sample d9a7f5476eac3df6_7a11-bfb3e4eaf7ba458f_81db-92a60929e3b1b576_97aa-af3ea35af62cb764_aea5-cb0e41e1b364ad27_9a72-05a5b8e82c4d198e_a899-8f7791c488b51c98_fa79-13c9487a42718fd2_86a2-ae0ef037bccf67c9_c77e-8e3082fd7bbed04c_3f32-2d37ef841a64b660_8a6a-133d52a8aaf9db3f_8ed8-1023a6f334db1f63_a47b-f211958a124a5ea7_cbf0-4e893adaff5699af_ab4f-d4c51dc230306c8b_d93b-906e85fef4d34675_4f7b-03379f213dfbda39_79a2-a690a35743c855aa_ef68-474a8460bc35eb12_20d0-724c11f87d95f819_7d28-4e8496b9f642bba0_36f1-6ccc8b815fbc093a_3e3a-72b699523a1191ff_6dc8-b389be8338cc3292_add9-95cb6d56c9a3d66a_bf80-8455e3db97f9a4dc_707d-977b52faf01e6c05_d71f-b53c115c99ca34dd_5e2b-b20314fc5fe107f3_80ee-f25eed33d1c37931_ed58-0e6278225ef19b63_c9c2-b87bd55d7820c86e_e74c-1bbfe20e48fba275_22dc-1b382ab21a3bffcd_561a-20df70c5052d0ef2_2152-22fa2e73c63bc50f_c1a7-ebd80a433c115116_b3d7-d774a2a9ef601400_0ce5-26460009b5b1f985_5847-04ac7b9babaad610_384a-60adcb4590587fb8_3e77-94a921b29def9f26_9157-5ab41ea72487ce0f_e5be-a0ccd363ffb0ee94_c237-e8f7cd03e3683657_4d70-bd7327d5d2853453_fad6-fba42374cb666e28_86e5-7cac16735d83af9f_0f84-25ef88cce38adfbc_d042-0-seq_right_before_questions
[配置] 启用 FAISS 加速，索引类型: flat
[Forgetting] 命中缓存
[GraphAug] 命中图缓存 (nodes=6312, edges=21263)
Got 0 examples


 ============================== 


eval temporal_neighbor('put all newspaper on any armchair', direction='before')
Updated/Defined variables after execution: {}

**SystemMessage**:
"""You are a smart humanoid robot answering user question about your past actions.
The history object contains information on what you did in the past, represented as a tree.
Use the method expand to look at details of a node.
Make sure to use collapse_all_but(idx) when you expanded irrelevant nodes, in order to keep the tree compact.
Enter Python expressions into the console to see the value and decide for the next command based on that result.
Answer concisely by calling answer("...") when you gathered enough information to answer the question.
Generate syntactically correct python console statements only, no explanations or other natural language statements.
IMPORTANT: If search() returns "No relevant records found", your next command MUST be answer("I have no record of that."). Do not search synonyms, do not expand further, and do not call vqa.
IMPORTANT: If you get "Nothing changed" twice, answer honestly that you have no record. Do NOT keep searching repeatedly. For just-before/just-after questions, first try one broader target search or inspect another relevant top-level time block before giving up.
For object yes/no questions, first use object_lookup("object name"). If it reports no matching summary, answer "No, I have no record of that." Do not call vqa unless you already have a directly relevant leaf image.
For task-list questions such as "List the tasks you performed", first use task_list(). Prefer its Recommended answer and chronological candidates instead of manually expanding the whole tree. For long histories, do not copy every task candidate verbatim unless the user explicitly asks for an exhaustive transcript.
For low-level action questions such as "what task did you perform when you toggle/open/pick up/place X", first use action_lookup("full low-level action"), for example action_lookup("open the drawer"). Do not call task_lookup first for these low-level action questions.
For task-description questions such as "describe what you did when you X", first use task_lookup("X"). Prefer its matching task candidates instead of manually expanding the whole tree. This does not apply to low-level action questions covered by action_lookup.
For exact date/time questions or "N days ago" questions asking what happened, first use date_lookup(question). Prefer its Recommended answer when it is confident instead of manually expanding by date.
For "How many days ago did you X?" or "When did you X?" questions, first use event_date_lookup(question). If it lists multiple days, include all of them in the final answer instead of only the most recent match.
For just-before or just-after questions, first use temporal_neighbor(target_task, direction="before" or "after") if a candidate is not already shown. Prefer the returned Recommended answer when it is confident. Only then inspect adjacent sibling or temporal nodes. Avoid expanding to raw leaf observations unless the summary is insufficient.
Do not call vqa for time, date, task-list, before/after, or yes/no object-existence questions when textual summaries already answer the question. Use vqa only for explicit visual appearance questions such as color, visible state, or what something looks like.
Never output bare parameters such as reasoning="..." answer="...". Always call answer("..."). You may call answer(reasoning="...", answer="...") only when a short reason is necessary.
Keep answer() short: answer under 60 words, and do not use markdown or backticks inside answer()."""

**HumanMessage**:
"""
def action_lookup(query: str, max_matches: int = 6) -> str # For low-level action questions, map raw leaf actions back to task-sized summaries
def answer(reasoning: str = None, answer: str = Ellipsis)
def ask(question: str)
def date_lookup(query: str, max_matches: int = 8) -> str # For exact date/time or N-days-ago questions, list matching history summaries directly
def event_date_lookup(query: str, max_matches: int = 12) -> str # For "how many days ago did you X" questions, find all matching event dates directly
def now() -> datetime.datetime
def object_lookup(object_name: str, max_matches: int = 8) -> str # For object yes/no questions, check whether task summaries mention the object
def task_list(max_tasks: int = 30) -> str # For task-list questions, list task-sized history summaries in chronological order
def task_lookup(query: str, max_matches: int = 8) -> str # For task-description questions, list task-sized summaries matching a query
def temporal_neighbor(target_task: str, direction: str = 'before', max_candidates: int = 6) -> str # For just-before/just-after questions, find the target task and return adjacent task candidates
def vqa(question: str, *images: PIL.Image.Image)
"""

**HumanMessage**:
"""Usage examples:
>>> history.expand()  # Shows the history tree with all child nodes expanded
>>> history.expand(date(2021, 12, 20))  # Expand the children that overlap with the given day
>>> history.expand(now() - timedelta(hours=6), now() - timedelta(hours=4))  # Expand all children that overlap with the given range (in this example "about 5 hours ago")
>>> history.expand((now() - timedelta(days=2)).date())  # Expand all children that overlap with the day before yesterday
>>> history.expand(0)  # Shows child node 0
>>> history[0].expand()  # Expands all child nodes of node 0 (node 0 must be expanded already to see them)
>>> history[5][2].expand()  # Shows child node 2 of child node 5 with all its child nodes expanded
>>> history.search("green cup") # Semantic index search. Expands the most relevant children according to similarity of the natural language query and the node's (recursively defined) index content.
>>> history[1][42].search("bicycle") # Semantic index search on some node further down the tree. Expands the children of node 1.42 most relevant to the search term
>>> history[3].collapse_all_but(1); history[3][1].expand()  # Zooms into details of child node 3.1 while collapsing all other childs of node 3
>>> vqa("What color is the ... in this image?",
...     history[2][4][-1][0].image)  # Invoke a model to answer a visual question about image(s) of some leaf (!) node(s)

# After gathering the relevant information, answer the question:
# Use a short final answer. Optionally provide a brief reasoning only when needed.
>>> answer("...")"""

**HumanMessage**:
"""User question: What task did you do just before put all newspaper on any armchair?"""

**AIMessage**:
"""temporal_neighbor('put all newspaper on any armchair', direction='before')"""

**HumanMessage**:
""""Temporal neighbor candidates for target='put all newspaper on any armchair', direction='before':\n1. score=0.83; target=2023/07/27 10:17 - 10:21: Following the instruction to place newspapers on the armchair, I gathered three newspapers from the dresser and sofa, placed them on the armchair, and confirmed the task's completi...; before=2023/07/26 14:46:24 - 14:46:46: Finally, I placed the clean mug into the coffee machine and waited for the coffee to be prepared, after which the user acknowledged completion.\n2. score=0.79; target=2023/07/27 10:17 - 10:21: On July 27th, I gathered three newspapers and placed them on an armchair (10:17-10:21).; before=2023/07/26 09:17 - 14:46: On July 26th, I prepared a sandwich by toasting bread and slicing a tomato (09:17-09:24), and later prepared coffee by cleaning a mug and brewing it (14:44-14:46).\n3. score=0.73; target=2023/07/27 10:17 - 10:21: Following the instruction to place newspapers on the armchair, I picked up one newspaper from the dresser and two more from the sofa, placing all three of them on the armchair.; before=2023/07/26 14:46:24 - 14:46:46: Finally, I placed the clean mug into the coffee machine and waited for the coffee to be prepared, after which the user acknowledged completion.\nRecommended answer: Finally, I placed the clean mug into the coffee machine and waited for the coffee to be prepared, after which the user acknowledged completion.""""

**HumanMessage**:
"""Current state:
2023/07/26 - 2023/08/20: "From July 26th to August 20th, I maintained a consistent routine centered on meal preparation and household maintenance. I regularly prepared breakfasts and light meals involving coffee, toast, potatoes, and salads. In addition to cooking, I performed various organizational tasks such as tidying books and pillows, and I took on recurring chores like watering houseplants and managing household items like tissue boxes and remote controls."  
  ..."""
{}
command: answer("Just before putting the newspapers on the armchair, I placed a clean mug into the coffee machine and waited for the coffee to be prepared.")
expected output: 


 ============================== 


eval answer("Just before putting the newspapers on the armchair, I placed a clean mug into the coffee machine and waited for the coffee to be prepared.")
Answering Just before putting the newspapers on the armchair, I placed a clean mug into the coffee machine and waited for the coffee to be prepared.  with reason: None
Tokens Used: 2317
	Prompt Tokens: 2090
	Completion Tokens: 227
Successful Requests: 1
Total Cost (USD): $0.0
Evaluating sample d9a7f5476eac3df6_7a11-bfb3e4eaf7ba458f_81db-92a60929e3b1b576_97aa-af3ea35af62cb764_aea5-cb0e41e1b364ad27_9a72-05a5b8e82c4d198e_a899-8f7791c488b51c98_fa79-13c9487a42718fd2_86a2-ae0ef037bccf67c9_c77e-8e3082fd7bbed04c_3f32-2d37ef841a64b660_8a6a-133d52a8aaf9db3f_8ed8-1023a6f334db1f63_a47b-f211958a124a5ea7_cbf0-4e893adaff5699af_ab4f-d4c51dc230306c8b_d93b-906e85fef4d34675_4f7b-03379f213dfbda39_79a2-a690a35743c855aa_ef68-474a8460bc35eb12_20d0-724c11f87d95f819_7d28-4e8496b9f642bba0_36f1-6ccc8b815fbc093a_3e3a-72b699523a1191ff_6dc8-b389be8338cc3292_add9-95cb6d56c9a3d66a_bf80-8455e3db97f9a4dc_707d-977b52faf01e6c05_d71f-b53c115c99ca34dd_5e2b-b20314fc5fe107f3_80ee-f25eed33d1c37931_ed58-0e6278225ef19b63_c9c2-b87bd55d7820c86e_e74c-1bbfe20e48fba275_22dc-1b382ab21a3bffcd_561a-20df70c5052d0ef2_2152-22fa2e73c63bc50f_c1a7-ebd80a433c115116_b3d7-d774a2a9ef601400_0ce5-26460009b5b1f985_5847-04ac7b9babaad610_384a-60adcb4590587fb8_3e77-94a921b29def9f26_9157-5ab41ea72487ce0f_e5be-a0ccd363ffb0ee94_c237-e8f7cd03e3683657_4d70-bd7327d5d2853453_fad6-fba42374cb666e28_86e5-7cac16735d83af9f_0f84-25ef88cce38adfbc_d042-0-seq_simple_object_yes_no
[配置] 启用 FAISS 加速，索引类型: flat
[Forgetting] 命中缓存
[GraphAug] 命中图缓存 (nodes=6312, edges=21263)
Got 0 examples


 ============================== 


eval object_lookup('book')
Updated/Defined variables after execution: {}

**SystemMessage**:
"""You are a smart humanoid robot answering user question about your past actions.
The history object contains information on what you did in the past, represented as a tree.
Use the method expand to look at details of a node.
Make sure to use collapse_all_but(idx) when you expanded irrelevant nodes, in order to keep the tree compact.
Enter Python expressions into the console to see the value and decide for the next command based on that result.
Answer concisely by calling answer("...") when you gathered enough information to answer the question.
Generate syntactically correct python console statements only, no explanations or other natural language statements.
IMPORTANT: If search() returns "No relevant records found", your next command MUST be answer("I have no record of that."). Do not search synonyms, do not expand further, and do not call vqa.
IMPORTANT: If you get "Nothing changed" twice, answer honestly that you have no record. Do NOT keep searching repeatedly. For just-before/just-after questions, first try one broader target search or inspect another relevant top-level time block before giving up.
For object yes/no questions, first use object_lookup("object name"). If it reports no matching summary, answer "No, I have no record of that." Do not call vqa unless you already have a directly relevant leaf image.
For task-list questions such as "List the tasks you performed", first use task_list(). Prefer its Recommended answer and chronological candidates instead of manually expanding the whole tree. For long histories, do not copy every task candidate verbatim unless the user explicitly asks for an exhaustive transcript.
For low-level action questions such as "what task did you perform when you toggle/open/pick up/place X", first use action_lookup("full low-level action"), for example action_lookup("open the drawer"). Do not call task_lookup first for these low-level action questions.
For task-description questions such as "describe what you did when you X", first use task_lookup("X"). Prefer its matching task candidates instead of manually expanding the whole tree. This does not apply to low-level action questions covered by action_lookup.
For exact date/time questions or "N days ago" questions asking what happened, first use date_lookup(question). Prefer its Recommended answer when it is confident instead of manually expanding by date.
For "How many days ago did you X?" or "When did you X?" questions, first use event_date_lookup(question). If it lists multiple days, include all of them in the final answer instead of only the most recent match.
For just-before or just-after questions, first use temporal_neighbor(target_task, direction="before" or "after") if a candidate is not already shown. Prefer the returned Recommended answer when it is confident. Only then inspect adjacent sibling or temporal nodes. Avoid expanding to raw leaf observations unless the summary is insufficient.
Do not call vqa for time, date, task-list, before/after, or yes/no object-existence questions when textual summaries already answer the question. Use vqa only for explicit visual appearance questions such as color, visible state, or what something looks like.
Never output bare parameters such as reasoning="..." answer="...". Always call answer("..."). You may call answer(reasoning="...", answer="...") only when a short reason is necessary.
Keep answer() short: answer under 60 words, and do not use markdown or backticks inside answer()."""

**HumanMessage**:
"""
def action_lookup(query: str, max_matches: int = 6) -> str # For low-level action questions, map raw leaf actions back to task-sized summaries
def answer(reasoning: str = None, answer: str = Ellipsis)
def ask(question: str)
def date_lookup(query: str, max_matches: int = 8) -> str # For exact date/time or N-days-ago questions, list matching history summaries directly
def event_date_lookup(query: str, max_matches: int = 12) -> str # For "how many days ago did you X" questions, find all matching event dates directly
def now() -> datetime.datetime
def object_lookup(object_name: str, max_matches: int = 8) -> str # For object yes/no questions, check whether task summaries mention the object
def task_list(max_tasks: int = 30) -> str # For task-list questions, list task-sized history summaries in chronological order
def task_lookup(query: str, max_matches: int = 8) -> str # For task-description questions, list task-sized summaries matching a query
def temporal_neighbor(target_task: str, direction: str = 'before', max_candidates: int = 6) -> str # For just-before/just-after questions, find the target task and return adjacent task candidates
def vqa(question: str, *images: PIL.Image.Image)
"""

**HumanMessage**:
"""Usage examples:
>>> history.expand()  # Shows the history tree with all child nodes expanded
>>> history.expand(date(2021, 12, 20))  # Expand the children that overlap with the given day
>>> history.expand(now() - timedelta(hours=6), now() - timedelta(hours=4))  # Expand all children that overlap with the given range (in this example "about 5 hours ago")
>>> history.expand((now() - timedelta(days=2)).date())  # Expand all children that overlap with the day before yesterday
>>> history.expand(0)  # Shows child node 0
>>> history[0].expand()  # Expands all child nodes of node 0 (node 0 must be expanded already to see them)
>>> history[5][2].expand()  # Shows child node 2 of child node 5 with all its child nodes expanded
>>> history.search("green cup") # Semantic index search. Expands the most relevant children according to similarity of the natural language query and the node's (recursively defined) index content.
>>> history[1][42].search("bicycle") # Semantic index search on some node further down the tree. Expands the children of node 1.42 most relevant to the search term
>>> history[3].collapse_all_but(1); history[3][1].expand()  # Zooms into details of child node 3.1 while collapsing all other childs of node 3
>>> vqa("What color is the ... in this image?",
...     history[2][4][-1][0].image)  # Invoke a model to answer a visual question about image(s) of some leaf (!) node(s)

# After gathering the relevant information, answer the question:
# Use a short final answer. Optionally provide a brief reasoning only when needed.
>>> answer("...")"""

**HumanMessage**:
"""User question: Was there a book ?"""

**AIMessage**:
"""object_lookup('book')"""

**HumanMessage**:
""""Object lookup for object='book':\n1. score=1.00; 2023/08/20 12:57:33 - 12:59:09: I picked up two credit cards and placed them on the bed.\n2. score=1.00; 2023/08/07 08:27:29 - 08:29:16: I located another pencil on a desk and moved it to the safe as well.\nRecommended answer: Yes, I have records mentioning book.""""

**HumanMessage**:
"""Current state:
2023/07/26 - 2023/08/20: "From July 26th to August 20th, I maintained a consistent routine centered on meal preparation and household maintenance. I regularly prepared breakfasts and light meals involving coffee, toast, potatoes, and salads. In addition to cooking, I performed various organizational tasks such as tidying books and pillows, and I took on recurring chores like watering houseplants and managing household items like tissue boxes and remote controls."  
  ..."""
{}
command: answer("Yes, I have a record of tidying books.")
expected output: 


 ============================== 


eval answer("Yes, I have a record of tidying books.")
Answering Yes, I have a record of tidying books.  with reason: None
Tokens Used: 2251
	Prompt Tokens: 1745
	Completion Tokens: 506
Successful Requests: 1
Total Cost (USD): $0.0
Evaluating sample d9a7f5476eac3df6_7a11-bfb3e4eaf7ba458f_81db-92a60929e3b1b576_97aa-af3ea35af62cb764_aea5-cb0e41e1b364ad27_9a72-05a5b8e82c4d198e_a899-8f7791c488b51c98_fa79-13c9487a42718fd2_86a2-ae0ef037bccf67c9_c77e-8e3082fd7bbed04c_3f32-2d37ef841a64b660_8a6a-133d52a8aaf9db3f_8ed8-1023a6f334db1f63_a47b-f211958a124a5ea7_cbf0-4e893adaff5699af_ab4f-d4c51dc230306c8b_d93b-906e85fef4d34675_4f7b-03379f213dfbda39_79a2-a690a35743c855aa_ef68-474a8460bc35eb12_20d0-724c11f87d95f819_7d28-4e8496b9f642bba0_36f1-6ccc8b815fbc093a_3e3a-72b699523a1191ff_6dc8-b389be8338cc3292_add9-95cb6d56c9a3d66a_bf80-8455e3db97f9a4dc_707d-977b52faf01e6c05_d71f-b53c115c99ca34dd_5e2b-b20314fc5fe107f3_80ee-f25eed33d1c37931_ed58-0e6278225ef19b63_c9c2-b87bd55d7820c86e_e74c-1bbfe20e48fba275_22dc-1b382ab21a3bffcd_561a-20df70c5052d0ef2_2152-22fa2e73c63bc50f_c1a7-ebd80a433c115116_b3d7-d774a2a9ef601400_0ce5-26460009b5b1f985_5847-04ac7b9babaad610_384a-60adcb4590587fb8_3e77-94a921b29def9f26_9157-5ab41ea72487ce0f_e5be-a0ccd363ffb0ee94_c237-e8f7cd03e3683657_4d70-bd7327d5d2853453_fad6-fba42374cb666e28_86e5-7cac16735d83af9f_0f84-25ef88cce38adfbc_d042-0-seq_low_actions_to_episode_task_descs
[配置] 启用 FAISS 加速，索引类型: flat
[Forgetting] 命中缓存
[GraphAug] 命中图缓存 (nodes=6312, edges=21263)
Got 0 examples


 ============================== 


eval task_lookup('pick up the pencil')
Updated/Defined variables after execution: {}
[结构化直答] low-action task lookup matched; returning Recommended answer directly
Tokens Used: 0
	Prompt Tokens: 0
	Completion Tokens: 0
Successful Requests: 0
Total Cost (USD): $0.0
Evaluating sample d9a7f5476eac3df6_7a11-bfb3e4eaf7ba458f_81db-92a60929e3b1b576_97aa-af3ea35af62cb764_aea5-cb0e41e1b364ad27_9a72-05a5b8e82c4d198e_a899-8f7791c488b51c98_fa79-13c9487a42718fd2_86a2-ae0ef037bccf67c9_c77e-8e3082fd7bbed04c_3f32-2d37ef841a64b660_8a6a-133d52a8aaf9db3f_8ed8-1023a6f334db1f63_a47b-f211958a124a5ea7_cbf0-4e893adaff5699af_ab4f-d4c51dc230306c8b_d93b-906e85fef4d34675_4f7b-03379f213dfbda39_79a2-a690a35743c855aa_ef68-474a8460bc35eb12_20d0-724c11f87d95f819_7d28-4e8496b9f642bba0_36f1-6ccc8b815fbc093a_3e3a-72b699523a1191ff_6dc8-b389be8338cc3292_add9-95cb6d56c9a3d66a_bf80-8455e3db97f9a4dc_707d-977b52faf01e6c05_d71f-b53c115c99ca34dd_5e2b-b20314fc5fe107f3_80ee-f25eed33d1c37931_ed58-0e6278225ef19b63_c9c2-b87bd55d7820c86e_e74c-1bbfe20e48fba275_22dc-1b382ab21a3bffcd_561a-20df70c5052d0ef2_2152-22fa2e73c63bc50f_c1a7-ebd80a433c115116_b3d7-d774a2a9ef601400_0ce5-26460009b5b1f985_5847-04ac7b9babaad610_384a-60adcb4590587fb8_3e77-94a921b29def9f26_9157-5ab41ea72487ce0f_e5be-a0ccd363ffb0ee94_c237-e8f7cd03e3683657_4d70-bd7327d5d2853453_fad6-fba42374cb666e28_86e5-7cac16735d83af9f_0f84-25ef88cce38adfbc_d042-0-exact_time_to_episode
[配置] 启用 FAISS 加速，索引类型: flat
[Forgetting] 命中缓存
[GraphAug] 命中图缓存 (nodes=6312, edges=21263)
Got 0 examples


 ============================== 


eval date_lookup('what did you do on Jul 26, 2023 at 02:44 PM?')
Updated/Defined variables after execution: {}

**SystemMessage**:
"""You are a smart humanoid robot answering user question about your past actions.
The history object contains information on what you did in the past, represented as a tree.
Use the method expand to look at details of a node.
Make sure to use collapse_all_but(idx) when you expanded irrelevant nodes, in order to keep the tree compact.
Enter Python expressions into the console to see the value and decide for the next command based on that result.
Answer concisely by calling answer("...") when you gathered enough information to answer the question.
Generate syntactically correct python console statements only, no explanations or other natural language statements.
IMPORTANT: If search() returns "No relevant records found", your next command MUST be answer("I have no record of that."). Do not search synonyms, do not expand further, and do not call vqa.
IMPORTANT: If you get "Nothing changed" twice, answer honestly that you have no record. Do NOT keep searching repeatedly. For just-before/just-after questions, first try one broader target search or inspect another relevant top-level time block before giving up.
For object yes/no questions, first use object_lookup("object name"). If it reports no matching summary, answer "No, I have no record of that." Do not call vqa unless you already have a directly relevant leaf image.
For task-list questions such as "List the tasks you performed", first use task_list(). Prefer its Recommended answer and chronological candidates instead of manually expanding the whole tree. For long histories, do not copy every task candidate verbatim unless the user explicitly asks for an exhaustive transcript.
For low-level action questions such as "what task did you perform when you toggle/open/pick up/place X", first use action_lookup("full low-level action"), for example action_lookup("open the drawer"). Do not call task_lookup first for these low-level action questions.
For task-description questions such as "describe what you did when you X", first use task_lookup("X"). Prefer its matching task candidates instead of manually expanding the whole tree. This does not apply to low-level action questions covered by action_lookup.
For exact date/time questions or "N days ago" questions asking what happened, first use date_lookup(question). Prefer its Recommended answer when it is confident instead of manually expanding by date.
For "How many days ago did you X?" or "When did you X?" questions, first use event_date_lookup(question). If it lists multiple days, include all of them in the final answer instead of only the most recent match.
For just-before or just-after questions, first use temporal_neighbor(target_task, direction="before" or "after") if a candidate is not already shown. Prefer the returned Recommended answer when it is confident. Only then inspect adjacent sibling or temporal nodes. Avoid expanding to raw leaf observations unless the summary is insufficient.
Do not call vqa for time, date, task-list, before/after, or yes/no object-existence questions when textual summaries already answer the question. Use vqa only for explicit visual appearance questions such as color, visible state, or what something looks like.
Never output bare parameters such as reasoning="..." answer="...". Always call answer("..."). You may call answer(reasoning="...", answer="...") only when a short reason is necessary.
Keep answer() short: answer under 60 words, and do not use markdown or backticks inside answer()."""

**HumanMessage**:
"""
def action_lookup(query: str, max_matches: int = 6) -> str # For low-level action questions, map raw leaf actions back to task-sized summaries
def answer(reasoning: str = None, answer: str = Ellipsis)
def ask(question: str)
def date_lookup(query: str, max_matches: int = 8) -> str # For exact date/time or N-days-ago questions, list matching history summaries directly
def event_date_lookup(query: str, max_matches: int = 12) -> str # For "how many days ago did you X" questions, find all matching event dates directly
def now() -> datetime.datetime
def object_lookup(object_name: str, max_matches: int = 8) -> str # For object yes/no questions, check whether task summaries mention the object
def task_list(max_tasks: int = 30) -> str # For task-list questions, list task-sized history summaries in chronological order
def task_lookup(query: str, max_matches: int = 8) -> str # For task-description questions, list task-sized summaries matching a query
def temporal_neighbor(target_task: str, direction: str = 'before', max_candidates: int = 6) -> str # For just-before/just-after questions, find the target task and return adjacent task candidates
def vqa(question: str, *images: PIL.Image.Image)
"""

**HumanMessage**:
"""Usage examples:
>>> history.expand()  # Shows the history tree with all child nodes expanded
>>> history.expand(date(2021, 12, 20))  # Expand the children that overlap with the given day
>>> history.expand(now() - timedelta(hours=6), now() - timedelta(hours=4))  # Expand all children that overlap with the given range (in this example "about 5 hours ago")
>>> history.expand((now() - timedelta(days=2)).date())  # Expand all children that overlap with the day before yesterday
>>> history.expand(0)  # Shows child node 0
>>> history[0].expand()  # Expands all child nodes of node 0 (node 0 must be expanded already to see them)
>>> history[5][2].expand()  # Shows child node 2 of child node 5 with all its child nodes expanded
>>> history.search("green cup") # Semantic index search. Expands the most relevant children according to similarity of the natural language query and the node's (recursively defined) index content.
>>> history[1][42].search("bicycle") # Semantic index search on some node further down the tree. Expands the children of node 1.42 most relevant to the search term
>>> history[3].collapse_all_but(1); history[3][1].expand()  # Zooms into details of child node 3.1 while collapsing all other childs of node 3
>>> vqa("What color is the ... in this image?",
...     history[2][4][-1][0].image)  # Invoke a model to answer a visual question about image(s) of some leaf (!) node(s)

# After gathering the relevant information, answer the question:
# Use a short final answer. Optionally provide a brief reasoning only when needed.
>>> answer("...")"""

**HumanMessage**:
"""User question: what did you do on Jul 26, 2023 at 02:44 PM?"""

**AIMessage**:
"""date_lookup('what did you do on Jul 26, 2023 at 02:44 PM?')"""

**HumanMessage**:
""""Date lookup for query='what did you do on Jul 26, 2023 at 02:44 PM?': resolved=2023/07/26 14:44:00.\n1. score=0.99; 2023/07/26 14:44:36 - 14:45:59: I started by picking up a vase and placing it on the countertop, while also receiving the instruction to prepare coffee in a clean mug located in the sink.\n2. score=0.91; 2023/07/26 14:44:36 - 14:46:46: Following the user's instruction to prepare coffee, I began by moving a vase to the countertop. I then took a mug from the sink, cleaned it with water, and placed it into the coffee machine to brew the coffee, completing...\n3. score=0.84; 2023/07/26 14:44:36 - 14:45:56: Goal: Pickup(Vase_0) Visual observation: SoapBottle_2, CellPhone_1, CreditCard_2, CounterTop_0, Sink, Knife, Fork, Sink_Basin, Vase_0, ButterKnife, Spoon, HousePlant [filled], Mug [dirty, filled], Faucet Speech: 2023-07-...\n4. score=0.40; 2023/07/26 09:17 - 14:46: On July 26th, I prepared a sandwich by toasting bread and slicing a tomato (09:17-09:24), and later prepared coffee by cleaning a mug and brewing it (14:44-14:46).\n5. score=0.16; 2023/07/26 - 2023/07/31: From July 26th to July 31st, I performed various kitchen tasks, primarily focused on preparing simple meals. I frequently made sandwiches and toast using tomatoes and toasted bread, prepared coffee, cooked potatoes, and...\n6. score=0.08; 2023/07/26 - 2023/08/20: From July 26th to August 20th, I maintained a consistent routine centered on meal preparation and household maintenance. I regularly prepared breakfasts and light meals involving coffee, toast, potatoes, and salads. In a...\nRecommended answer: I started by picking up a vase and placing it on the countertop, while also receiving the instruction to prepare coffee in a clean mug located in the sink.""""

**HumanMessage**:
"""Current state:
2023/07/26 - 2023/08/20: "From July 26th to August 20th, I maintained a consistent routine centered on meal preparation and household maintenance. I regularly prepared breakfasts and light meals involving coffee, toast, potatoes, and salads. In addition to cooking, I performed various organizational tasks such as tidying books and pillows, and I took on recurring chores like watering houseplants and managing household items like tissue boxes and remote controls."  
  ..."""
{}
command: answer("I started by picking up a vase and placing it on the countertop, while also receiving the instruction to prepare coffee in a clean mug located in the sink.")
expected output: 


 ============================== 


eval answer("I started by picking up a vase and placing it on the countertop, while also receiving the instruction to prepare coffee in a clean mug located in the sink.")
Answering I started by picking up a vase and placing it on the countertop, while also receiving the instruction to prepare coffee in a clean mug located in the sink.  with reason: None
Tokens Used: 2750
	Prompt Tokens: 2272
	Completion Tokens: 478
Successful Requests: 1
Total Cost (USD): $0.0
Evaluating sample d9a7f5476eac3df6_7a11-bfb3e4eaf7ba458f_81db-92a60929e3b1b576_97aa-af3ea35af62cb764_aea5-cb0e41e1b364ad27_9a72-05a5b8e82c4d198e_a899-8f7791c488b51c98_fa79-13c9487a42718fd2_86a2-ae0ef037bccf67c9_c77e-8e3082fd7bbed04c_3f32-2d37ef841a64b660_8a6a-133d52a8aaf9db3f_8ed8-1023a6f334db1f63_a47b-f211958a124a5ea7_cbf0-4e893adaff5699af_ab4f-d4c51dc230306c8b_d93b-906e85fef4d34675_4f7b-03379f213dfbda39_79a2-a690a35743c855aa_ef68-474a8460bc35eb12_20d0-724c11f87d95f819_7d28-4e8496b9f642bba0_36f1-6ccc8b815fbc093a_3e3a-72b699523a1191ff_6dc8-b389be8338cc3292_add9-95cb6d56c9a3d66a_bf80-8455e3db97f9a4dc_707d-977b52faf01e6c05_d71f-b53c115c99ca34dd_5e2b-b20314fc5fe107f3_80ee-f25eed33d1c37931_ed58-0e6278225ef19b63_c9c2-b87bd55d7820c86e_e74c-1bbfe20e48fba275_22dc-1b382ab21a3bffcd_561a-20df70c5052d0ef2_2152-22fa2e73c63bc50f_c1a7-ebd80a433c115116_b3d7-d774a2a9ef601400_0ce5-26460009b5b1f985_5847-04ac7b9babaad610_384a-60adcb4590587fb8_3e77-94a921b29def9f26_9157-5ab41ea72487ce0f_e5be-a0ccd363ffb0ee94_c237-e8f7cd03e3683657_4d70-bd7327d5d2853453_fad6-fba42374cb666e28_86e5-7cac16735d83af9f_0f84-25ef88cce38adfbc_d042-0-tasks_to_exact_times
[配置] 启用 FAISS 加速，索引类型: flat
[Forgetting] 命中缓存
[GraphAug] 命中图缓存 (nodes=6312, edges=21263)
Got 0 examples


 ============================== 


eval event_date_lookup('When did you make a salad?')
Updated/Defined variables after execution: {}

**SystemMessage**:
"""You are a smart humanoid robot answering user question about your past actions.
The history object contains information on what you did in the past, represented as a tree.
Use the method expand to look at details of a node.
Make sure to use collapse_all_but(idx) when you expanded irrelevant nodes, in order to keep the tree compact.
Enter Python expressions into the console to see the value and decide for the next command based on that result.
Answer concisely by calling answer("...") when you gathered enough information to answer the question.
Generate syntactically correct python console statements only, no explanations or other natural language statements.
IMPORTANT: If search() returns "No relevant records found", your next command MUST be answer("I have no record of that."). Do not search synonyms, do not expand further, and do not call vqa.
IMPORTANT: If you get "Nothing changed" twice, answer honestly that you have no record. Do NOT keep searching repeatedly. For just-before/just-after questions, first try one broader target search or inspect another relevant top-level time block before giving up.
For object yes/no questions, first use object_lookup("object name"). If it reports no matching summary, answer "No, I have no record of that." Do not call vqa unless you already have a directly relevant leaf image.
For task-list questions such as "List the tasks you performed", first use task_list(). Prefer its Recommended answer and chronological candidates instead of manually expanding the whole tree. For long histories, do not copy every task candidate verbatim unless the user explicitly asks for an exhaustive transcript.
For low-level action questions such as "what task did you perform when you toggle/open/pick up/place X", first use action_lookup("full low-level action"), for example action_lookup("open the drawer"). Do not call task_lookup first for these low-level action questions.
For task-description questions such as "describe what you did when you X", first use task_lookup("X"). Prefer its matching task candidates instead of manually expanding the whole tree. This does not apply to low-level action questions covered by action_lookup.
For exact date/time questions or "N days ago" questions asking what happened, first use date_lookup(question). Prefer its Recommended answer when it is confident instead of manually expanding by date.
For "How many days ago did you X?" or "When did you X?" questions, first use event_date_lookup(question). If it lists multiple days, include all of them in the final answer instead of only the most recent match.
For just-before or just-after questions, first use temporal_neighbor(target_task, direction="before" or "after") if a candidate is not already shown. Prefer the returned Recommended answer when it is confident. Only then inspect adjacent sibling or temporal nodes. Avoid expanding to raw leaf observations unless the summary is insufficient.
Do not call vqa for time, date, task-list, before/after, or yes/no object-existence questions when textual summaries already answer the question. Use vqa only for explicit visual appearance questions such as color, visible state, or what something looks like.
Never output bare parameters such as reasoning="..." answer="...". Always call answer("..."). You may call answer(reasoning="...", answer="...") only when a short reason is necessary.
Keep answer() short: answer under 60 words, and do not use markdown or backticks inside answer()."""

**HumanMessage**:
"""
def action_lookup(query: str, max_matches: int = 6) -> str # For low-level action questions, map raw leaf actions back to task-sized summaries
def answer(reasoning: str = None, answer: str = Ellipsis)
def ask(question: str)
def date_lookup(query: str, max_matches: int = 8) -> str # For exact date/time or N-days-ago questions, list matching history summaries directly
def event_date_lookup(query: str, max_matches: int = 12) -> str # For "how many days ago did you X" questions, find all matching event dates directly
def now() -> datetime.datetime
def object_lookup(object_name: str, max_matches: int = 8) -> str # For object yes/no questions, check whether task summaries mention the object
def task_list(max_tasks: int = 30) -> str # For task-list questions, list task-sized history summaries in chronological order
def task_lookup(query: str, max_matches: int = 8) -> str # For task-description questions, list task-sized summaries matching a query
def temporal_neighbor(target_task: str, direction: str = 'before', max_candidates: int = 6) -> str # For just-before/just-after questions, find the target task and return adjacent task candidates
def vqa(question: str, *images: PIL.Image.Image)
"""

**HumanMessage**:
"""Usage examples:
>>> history.expand()  # Shows the history tree with all child nodes expanded
>>> history.expand(date(2021, 12, 20))  # Expand the children that overlap with the given day
>>> history.expand(now() - timedelta(hours=6), now() - timedelta(hours=4))  # Expand all children that overlap with the given range (in this example "about 5 hours ago")
>>> history.expand((now() - timedelta(days=2)).date())  # Expand all children that overlap with the day before yesterday
>>> history.expand(0)  # Shows child node 0
>>> history[0].expand()  # Expands all child nodes of node 0 (node 0 must be expanded already to see them)
>>> history[5][2].expand()  # Shows child node 2 of child node 5 with all its child nodes expanded
>>> history.search("green cup") # Semantic index search. Expands the most relevant children according to similarity of the natural language query and the node's (recursively defined) index content.
>>> history[1][42].search("bicycle") # Semantic index search on some node further down the tree. Expands the children of node 1.42 most relevant to the search term
>>> history[3].collapse_all_but(1); history[3][1].expand()  # Zooms into details of child node 3.1 while collapsing all other childs of node 3
>>> vqa("What color is the ... in this image?",
...     history[2][4][-1][0].image)  # Invoke a model to answer a visual question about image(s) of some leaf (!) node(s)

# After gathering the relevant information, answer the question:
# Use a short final answer. Optionally provide a brief reasoning only when needed.
>>> answer("...")"""

**HumanMessage**:
"""User question: When did you make a salad?"""

**AIMessage**:
"""event_date_lookup('When did you make a salad?')"""

**HumanMessage**:
""""Event date lookup for query='When did you make a salad?': event='make a salad', today=2023/08/21.\n1. score=0.55; days_ago=24; 2023/07/28 15:03:31 - 15:04:26: I picked up the first potato slice and placed it in the microwave. Along the way, I cleared some cutlery (a fork and spoon) from the microwave to the countertop to make space.\n2. score=0.52; days_ago=21; 2023/07/31 14:05:47 - 14:07:05: The user asked me to make toast. I picked up a knife, sliced a loaf of bread, put one slice into the toaster, and turned it on.\n3. score=0.47; days_ago=19; 2023/08/02 13:14:21 - 13:15:01: To make space in the sink, I moved a cellphone, a knife, an apple, a salt shaker, and a fork from the sink basin to the countertop.\n4. score=0.53; days_ago=17; 2023/08/04 18:08:43 - 18:09:07: I cleared several items (an apple, a spatula, and a fork) from the sink basin and moved them to the countertop to make space.\n5. score=0.51; days_ago=16; 2023/08/05 11:14:51 - 11:16:09: I was instructed to rinse a dirty mug and make coffee. Before starting, I moved an apple from the stove area to the countertop.\n6. score=0.81; days_ago=15; 2023/08/06 18:26 - 18:31: I was asked to make a salad. I started by getting a knife from a cabinet, then took the lettuce from the sink, placed it on the counter, and sliced it.\n7. score=0.52; days_ago=14; 2023/08/07 13:18:20 - 13:19:05: Upon receiving the instruction to make a plate of toast, I started by washing a dirty plate in the sink and placing it on the countertop.\n8. score=0.50; days_ago=12; 2023/08/09 16:57:39 - 16:58:55: As instructed by the user to make a slice of toast, I opened a cabinet to get the bread, placed it on the counter, and closed the cabinet.\n9. score=0.53; days_ago=7; 2023/08/14 12:01:56 - 12:03:30: I placed a lettuce on the countertop and prepared the workspace by turning off the faucet and microwave after receiving instructions to make coffee.\n10. score=0.46; days_ago=6; 2023/08/15 14:49:25 - 14:49:53: I organized the countertop by picking up another vase and repositioning both vases to make space.\n11. score=0.72; days_ago=4; 2023/08/17 13:35:21 - 13:36:14: Assemble the salad by placing the sliced potato, tomato, and lettuce onto the clean plate.\n12. score=0.52; days_ago=3; 2023/08/18 11:56:16 - 11:56:31: I placed the plate on the countertop and moved a bowl to make space.\nRecommended answer: on 2023/07/28, 2023/07/31, 2023/08/02, 2023/08/04, 2023/08/05, 2023/08/06, 2023/08/07, 2023/08/09, 2023/08/14, 2023/08/15, 2023/08/17, and 2023/08/18""""

**HumanMessage**:
"""Current state:
2023/07/26 - 2023/08/20: "From July 26th to August 20th, I maintained a consistent routine centered on meal preparation and household maintenance. I regularly prepared breakfasts and light meals involving coffee, toast, potatoes, and salads. In addition to cooking, I performed various organizational tasks such as tidying books and pillows, and I took on recurring chores like watering houseplants and managing household items like tissue boxes and remote controls."  
  ..."""
{}
command: answer(reasoning="The event date lookup returned two high-confidence matches for making a salad. The first was on August 6, 2023, when I was explicitly asked to make a salad. The second was on August 17, 2023, when I assembled a salad.", answer="I have records of making a salad on August 6, 2023, and August 17, 2023.")
expected output: 


 ============================== 


eval answer(reasoning="The event date lookup returned two high-confidence matches for making a salad. The first was on August 6, 2023, when I was explicitly asked to make a salad. The second was on August 17, 2023, when I assembled a salad.", answer="I have records of making a salad on August 6, 2023, and August 17, 2023.")
Answering I have records of making a salad on August 6, 2023, and August 17, 2023.  with reason: The event date lookup returned two high-confidence matches for making a salad. The first was on August 6, 2023, when I was explicitly asked to make a salad. The second was on August 17, 2023, when I assembled a salad.
Tokens Used: 3340
	Prompt Tokens: 2706
	Completion Tokens: 634
Successful Requests: 1
Total Cost (USD): $0.0
Evaluating sample d9a7f5476eac3df6_7a11-bfb3e4eaf7ba458f_81db-92a60929e3b1b576_97aa-af3ea35af62cb764_aea5-cb0e41e1b364ad27_9a72-05a5b8e82c4d198e_a899-8f7791c488b51c98_fa79-13c9487a42718fd2_86a2-ae0ef037bccf67c9_c77e-8e3082fd7bbed04c_3f32-2d37ef841a64b660_8a6a-133d52a8aaf9db3f_8ed8-1023a6f334db1f63_a47b-f211958a124a5ea7_cbf0-4e893adaff5699af_ab4f-d4c51dc230306c8b_d93b-906e85fef4d34675_4f7b-03379f213dfbda39_79a2-a690a35743c855aa_ef68-474a8460bc35eb12_20d0-724c11f87d95f819_7d28-4e8496b9f642bba0_36f1-6ccc8b815fbc093a_3e3a-72b699523a1191ff_6dc8-b389be8338cc3292_add9-95cb6d56c9a3d66a_bf80-8455e3db97f9a4dc_707d-977b52faf01e6c05_d71f-b53c115c99ca34dd_5e2b-b20314fc5fe107f3_80ee-f25eed33d1c37931_ed58-0e6278225ef19b63_c9c2-b87bd55d7820c86e_e74c-1bbfe20e48fba275_22dc-1b382ab21a3bffcd_561a-20df70c5052d0ef2_2152-22fa2e73c63bc50f_c1a7-ebd80a433c115116_b3d7-d774a2a9ef601400_0ce5-26460009b5b1f985_5847-04ac7b9babaad610_384a-60adcb4590587fb8_3e77-94a921b29def9f26_9157-5ab41ea72487ce0f_e5be-a0ccd363ffb0ee94_c237-e8f7cd03e3683657_4d70-bd7327d5d2853453_fad6-fba42374cb666e28_86e5-7cac16735d83af9f_0f84-25ef88cce38adfbc_d042-0-tasks_to_days_ago
[配置] 启用 FAISS 加速，索引类型: flat
[Forgetting] 命中缓存
[GraphAug] 命中图缓存 (nodes=6312, edges=21263)
Got 0 examples


 ============================== 


eval event_date_lookup('Today is Aug 21, 2023 at 06:03 PM. How many days ago did you put all book on any bed?')
Updated/Defined variables after execution: {}

**SystemMessage**:
"""You are a smart humanoid robot answering user question about your past actions.
The history object contains information on what you did in the past, represented as a tree.
Use the method expand to look at details of a node.
Make sure to use collapse_all_but(idx) when you expanded irrelevant nodes, in order to keep the tree compact.
Enter Python expressions into the console to see the value and decide for the next command based on that result.
Answer concisely by calling answer("...") when you gathered enough information to answer the question.
Generate syntactically correct python console statements only, no explanations or other natural language statements.
IMPORTANT: If search() returns "No relevant records found", your next command MUST be answer("I have no record of that."). Do not search synonyms, do not expand further, and do not call vqa.
IMPORTANT: If you get "Nothing changed" twice, answer honestly that you have no record. Do NOT keep searching repeatedly. For just-before/just-after questions, first try one broader target search or inspect another relevant top-level time block before giving up.
For object yes/no questions, first use object_lookup("object name"). If it reports no matching summary, answer "No, I have no record of that." Do not call vqa unless you already have a directly relevant leaf image.
For task-list questions such as "List the tasks you performed", first use task_list(). Prefer its Recommended answer and chronological candidates instead of manually expanding the whole tree. For long histories, do not copy every task candidate verbatim unless the user explicitly asks for an exhaustive transcript.
For low-level action questions such as "what task did you perform when you toggle/open/pick up/place X", first use action_lookup("full low-level action"), for example action_lookup("open the drawer"). Do not call task_lookup first for these low-level action questions.
For task-description questions such as "describe what you did when you X", first use task_lookup("X"). Prefer its matching task candidates instead of manually expanding the whole tree. This does not apply to low-level action questions covered by action_lookup.
For exact date/time questions or "N days ago" questions asking what happened, first use date_lookup(question). Prefer its Recommended answer when it is confident instead of manually expanding by date.
For "How many days ago did you X?" or "When did you X?" questions, first use event_date_lookup(question). If it lists multiple days, include all of them in the final answer instead of only the most recent match.
For just-before or just-after questions, first use temporal_neighbor(target_task, direction="before" or "after") if a candidate is not already shown. Prefer the returned Recommended answer when it is confident. Only then inspect adjacent sibling or temporal nodes. Avoid expanding to raw leaf observations unless the summary is insufficient.
Do not call vqa for time, date, task-list, before/after, or yes/no object-existence questions when textual summaries already answer the question. Use vqa only for explicit visual appearance questions such as color, visible state, or what something looks like.
Never output bare parameters such as reasoning="..." answer="...". Always call answer("..."). You may call answer(reasoning="...", answer="...") only when a short reason is necessary.
Keep answer() short: answer under 60 words, and do not use markdown or backticks inside answer()."""

**HumanMessage**:
"""
def action_lookup(query: str, max_matches: int = 6) -> str # For low-level action questions, map raw leaf actions back to task-sized summaries
def answer(reasoning: str = None, answer: str = Ellipsis)
def ask(question: str)
def date_lookup(query: str, max_matches: int = 8) -> str # For exact date/time or N-days-ago questions, list matching history summaries directly
def event_date_lookup(query: str, max_matches: int = 12) -> str # For "how many days ago did you X" questions, find all matching event dates directly
def now() -> datetime.datetime
def object_lookup(object_name: str, max_matches: int = 8) -> str # For object yes/no questions, check whether task summaries mention the object
def task_list(max_tasks: int = 30) -> str # For task-list questions, list task-sized history summaries in chronological order
def task_lookup(query: str, max_matches: int = 8) -> str # For task-description questions, list task-sized summaries matching a query
def temporal_neighbor(target_task: str, direction: str = 'before', max_candidates: int = 6) -> str # For just-before/just-after questions, find the target task and return adjacent task candidates
def vqa(question: str, *images: PIL.Image.Image)
"""

**HumanMessage**:
"""Usage examples:
>>> history.expand()  # Shows the history tree with all child nodes expanded
>>> history.expand(date(2021, 12, 20))  # Expand the children that overlap with the given day
>>> history.expand(now() - timedelta(hours=6), now() - timedelta(hours=4))  # Expand all children that overlap with the given range (in this example "about 5 hours ago")
>>> history.expand((now() - timedelta(days=2)).date())  # Expand all children that overlap with the day before yesterday
>>> history.expand(0)  # Shows child node 0
>>> history[0].expand()  # Expands all child nodes of node 0 (node 0 must be expanded already to see them)
>>> history[5][2].expand()  # Shows child node 2 of child node 5 with all its child nodes expanded
>>> history.search("green cup") # Semantic index search. Expands the most relevant children according to similarity of the natural language query and the node's (recursively defined) index content.
>>> history[1][42].search("bicycle") # Semantic index search on some node further down the tree. Expands the children of node 1.42 most relevant to the search term
>>> history[3].collapse_all_but(1); history[3][1].expand()  # Zooms into details of child node 3.1 while collapsing all other childs of node 3
>>> vqa("What color is the ... in this image?",
...     history[2][4][-1][0].image)  # Invoke a model to answer a visual question about image(s) of some leaf (!) node(s)

# After gathering the relevant information, answer the question:
# Use a short final answer. Optionally provide a brief reasoning only when needed.
>>> answer("...")"""

**HumanMessage**:
"""User question: Today is Aug 21, 2023 at 06:03 PM. How many days ago did you put all book on any bed?"""

**AIMessage**:
"""event_date_lookup('Today is Aug 21, 2023 at 06:03 PM. How many days ago did you put all book on any bed?')"""

**HumanMessage**:
""""Event date lookup for query='Today is Aug 21, 2023 at 06:03 PM. How many days ago did you put all book on any bed?': event='put all book on any bed', today=2023/08/21.\n1. score=0.64; days_ago=18; 2023/08/03 12:36:44 - 12:37:45: I was instructed to put the book on the bed, so I picked it up from the desk and placed it on the bed.\nRecommended answer: 18 days ago""""

**HumanMessage**:
"""Current state:
2023/07/26 - 2023/08/20: "From July 26th to August 20th, I maintained a consistent routine centered on meal preparation and household maintenance. I regularly prepared breakfasts and light meals involving coffee, toast, potatoes, and salads. In addition to cooking, I performed various organizational tasks such as tidying books and pillows, and I took on recurring chores like watering houseplants and managing household items like tissue boxes and remote controls."  
  ..."""
{}
command: answer("I found a record of putting a book on the bed 18 days ago.")
expected output: 


 ============================== 


eval answer("I found a record of putting a book on the bed 18 days ago.")
Answering I found a record of putting a book on the bed 18 days ago.  with reason: None
Tokens Used: 2236
	Prompt Tokens: 1824
	Completion Tokens: 412
Successful Requests: 1
Total Cost (USD): $0.0
Evaluating sample d9a7f5476eac3df6_7a11-bfb3e4eaf7ba458f_81db-92a60929e3b1b576_97aa-af3ea35af62cb764_aea5-cb0e41e1b364ad27_9a72-05a5b8e82c4d198e_a899-8f7791c488b51c98_fa79-13c9487a42718fd2_86a2-ae0ef037bccf67c9_c77e-8e3082fd7bbed04c_3f32-2d37ef841a64b660_8a6a-133d52a8aaf9db3f_8ed8-1023a6f334db1f63_a47b-f211958a124a5ea7_cbf0-4e893adaff5699af_ab4f-d4c51dc230306c8b_d93b-906e85fef4d34675_4f7b-03379f213dfbda39_79a2-a690a35743c855aa_ef68-474a8460bc35eb12_20d0-724c11f87d95f819_7d28-4e8496b9f642bba0_36f1-6ccc8b815fbc093a_3e3a-72b699523a1191ff_6dc8-b389be8338cc3292_add9-95cb6d56c9a3d66a_bf80-8455e3db97f9a4dc_707d-977b52faf01e6c05_d71f-b53c115c99ca34dd_5e2b-b20314fc5fe107f3_80ee-f25eed33d1c37931_ed58-0e6278225ef19b63_c9c2-b87bd55d7820c86e_e74c-1bbfe20e48fba275_22dc-1b382ab21a3bffcd_561a-20df70c5052d0ef2_2152-22fa2e73c63bc50f_c1a7-ebd80a433c115116_b3d7-d774a2a9ef601400_0ce5-26460009b5b1f985_5847-04ac7b9babaad610_384a-60adcb4590587fb8_3e77-94a921b29def9f26_9157-5ab41ea72487ce0f_e5be-a0ccd363ffb0ee94_c237-e8f7cd03e3683657_4d70-bd7327d5d2853453_fad6-fba42374cb666e28_86e5-7cac16735d83af9f_0f84-25ef88cce38adfbc_d042-0-days_ago_to_episode
[配置] 启用 FAISS 加速，索引类型: flat
[Forgetting] 命中缓存
[GraphAug] 命中图缓存 (nodes=6312, edges=21263)
Got 0 examples


 ============================== 


eval date_lookup('Today is Aug 21, 2023 at 06:03 PM. What did you do 13 days ago?')
Updated/Defined variables after execution: {}

**SystemMessage**:
"""You are a smart humanoid robot answering user question about your past actions.
The history object contains information on what you did in the past, represented as a tree.
Use the method expand to look at details of a node.
Make sure to use collapse_all_but(idx) when you expanded irrelevant nodes, in order to keep the tree compact.
Enter Python expressions into the console to see the value and decide for the next command based on that result.
Answer concisely by calling answer("...") when you gathered enough information to answer the question.
Generate syntactically correct python console statements only, no explanations or other natural language statements.
IMPORTANT: If search() returns "No relevant records found", your next command MUST be answer("I have no record of that."). Do not search synonyms, do not expand further, and do not call vqa.
IMPORTANT: If you get "Nothing changed" twice, answer honestly that you have no record. Do NOT keep searching repeatedly. For just-before/just-after questions, first try one broader target search or inspect another relevant top-level time block before giving up.
For object yes/no questions, first use object_lookup("object name"). If it reports no matching summary, answer "No, I have no record of that." Do not call vqa unless you already have a directly relevant leaf image.
For task-list questions such as "List the tasks you performed", first use task_list(). Prefer its Recommended answer and chronological candidates instead of manually expanding the whole tree. For long histories, do not copy every task candidate verbatim unless the user explicitly asks for an exhaustive transcript.
For low-level action questions such as "what task did you perform when you toggle/open/pick up/place X", first use action_lookup("full low-level action"), for example action_lookup("open the drawer"). Do not call task_lookup first for these low-level action questions.
For task-description questions such as "describe what you did when you X", first use task_lookup("X"). Prefer its matching task candidates instead of manually expanding the whole tree. This does not apply to low-level action questions covered by action_lookup.
For exact date/time questions or "N days ago" questions asking what happened, first use date_lookup(question). Prefer its Recommended answer when it is confident instead of manually expanding by date.
For "How many days ago did you X?" or "When did you X?" questions, first use event_date_lookup(question). If it lists multiple days, include all of them in the final answer instead of only the most recent match.
For just-before or just-after questions, first use temporal_neighbor(target_task, direction="before" or "after") if a candidate is not already shown. Prefer the returned Recommended answer when it is confident. Only then inspect adjacent sibling or temporal nodes. Avoid expanding to raw leaf observations unless the summary is insufficient.
Do not call vqa for time, date, task-list, before/after, or yes/no object-existence questions when textual summaries already answer the question. Use vqa only for explicit visual appearance questions such as color, visible state, or what something looks like.
Never output bare parameters such as reasoning="..." answer="...". Always call answer("..."). You may call answer(reasoning="...", answer="...") only when a short reason is necessary.
Keep answer() short: answer under 60 words, and do not use markdown or backticks inside answer()."""

**HumanMessage**:
"""
def action_lookup(query: str, max_matches: int = 6) -> str # For low-level action questions, map raw leaf actions back to task-sized summaries
def answer(reasoning: str = None, answer: str = Ellipsis)
def ask(question: str)
def date_lookup(query: str, max_matches: int = 8) -> str # For exact date/time or N-days-ago questions, list matching history summaries directly
def event_date_lookup(query: str, max_matches: int = 12) -> str # For "how many days ago did you X" questions, find all matching event dates directly
def now() -> datetime.datetime
def object_lookup(object_name: str, max_matches: int = 8) -> str # For object yes/no questions, check whether task summaries mention the object
def task_list(max_tasks: int = 30) -> str # For task-list questions, list task-sized history summaries in chronological order
def task_lookup(query: str, max_matches: int = 8) -> str # For task-description questions, list task-sized summaries matching a query
def temporal_neighbor(target_task: str, direction: str = 'before', max_candidates: int = 6) -> str # For just-before/just-after questions, find the target task and return adjacent task candidates
def vqa(question: str, *images: PIL.Image.Image)
"""

**HumanMessage**:
"""Usage examples:
>>> history.expand()  # Shows the history tree with all child nodes expanded
>>> history.expand(date(2021, 12, 20))  # Expand the children that overlap with the given day
>>> history.expand(now() - timedelta(hours=6), now() - timedelta(hours=4))  # Expand all children that overlap with the given range (in this example "about 5 hours ago")
>>> history.expand((now() - timedelta(days=2)).date())  # Expand all children that overlap with the day before yesterday
>>> history.expand(0)  # Shows child node 0
>>> history[0].expand()  # Expands all child nodes of node 0 (node 0 must be expanded already to see them)
>>> history[5][2].expand()  # Shows child node 2 of child node 5 with all its child nodes expanded
>>> history.search("green cup") # Semantic index search. Expands the most relevant children according to similarity of the natural language query and the node's (recursively defined) index content.
>>> history[1][42].search("bicycle") # Semantic index search on some node further down the tree. Expands the children of node 1.42 most relevant to the search term
>>> history[3].collapse_all_but(1); history[3][1].expand()  # Zooms into details of child node 3.1 while collapsing all other childs of node 3
>>> vqa("What color is the ... in this image?",
...     history[2][4][-1][0].image)  # Invoke a model to answer a visual question about image(s) of some leaf (!) node(s)

# After gathering the relevant information, answer the question:
# Use a short final answer. Optionally provide a brief reasoning only when needed.
>>> answer("...")"""

**HumanMessage**:
"""User question: Today is Aug 21, 2023 at 06:03 PM. What did you do 13 days ago?"""

**AIMessage**:
"""date_lookup('Today is Aug 21, 2023 at 06:03 PM. What did you do 13 days ago?')"""

**HumanMessage**:
""""Date lookup for query='Today is Aug 21, 2023 at 06:03 PM. What did you do 13 days ago?': resolved=2023/08/08.\n1. score=0.85; 2023/08/08 14:40 - 14:47: I received an instruction to microwave a potato, so I moved an egg, retrieved a potato from the sink, and cooked it in the microwave. After placing the cooked potato on the countertop, I received a new instruction to pre...\n2. score=0.85; 2023/08/08 14:49 - 14:54: After the user requested toast, I sliced and toasted two pieces of bread, prepared some lettuce, and assembled everything on a plate to complete the task.\n3. score=0.78; 2023/08/08 14:40 - 14:54: On August 8th, I microwaved a potato and then sliced it into a bowl (14:40-14:47), and shortly after, prepared toast with lettuce on a plate (14:49-14:54).\n4. score=0.78; 2023/08/08 14:44 - 14:47: Following a new instruction to prepare potato slices, I retrieved a knife from a garbage can to slice the cooked potato. I then emptied a bowl and placed two potato slices into it, completing the task.\n5. score=0.78; 2023/08/08 14:40 - 14:43: In response to an instruction to microwave a potato, I first moved an egg out of the way, then retrieved a potato from the sink, cooked it in the microwave, and placed it on the countertop.\n6. score=0.78; 2023/08/08 14:49:45 - 14:50:48: After the user requested two pieces of toast, I picked up a butter knife and sliced the bread.\n7. score=0.78; 2023/08/08 14:50:52 - 14:51:14: I picked up two of the bread slices and placed them onto a plate.\n8. score=0.78; 2023/08/08 14:51:20 - 14:52:20: I moved the plate to the countertop with the toaster and toasted each slice of bread individually.\nRecommended answer: I received an instruction to microwave a potato, so I moved an egg, retrieved a potato from the sink, and cooked it in the microwave. After placing the cooked potato on the countertop, I received a new instruction to pre... After the user requested toast, I sliced and toasted two pieces of bread, prepared some lettuce, and assembled everything on a plate to complete the task. On August 8th, I microwaved a potato and then sliced it into a bowl (14:40-14:47), and shortly after, prepared toast with lettuce on a plate (14:49-14:54). Following a new instruction to prepare potato slices, I retrieved a knife from a garbage can to slice the cooked potato. I then emptied a bowl and placed two potato slices into it, completing the task.""""

**HumanMessage**:
"""Current state:
2023/07/26 - 2023/08/20: "From July 26th to August 20th, I maintained a consistent routine centered on meal preparation and household maintenance. I regularly prepared breakfasts and light meals involving coffee, toast, potatoes, and salads. In addition to cooking, I performed various organizational tasks such as tidying books and pillows, and I took on recurring chores like watering houseplants and managing household items like tissue boxes and remote controls."  
  ..."""
{}
command: answer("On August 8th, I microwaved a potato and then prepared toast with lettuce. Specifically, I cooked the potato, sliced it into a bowl, and then toasted bread and assembled it on a plate.")
expected output: 


 ============================== 


eval answer("On August 8th, I microwaved a potato and then prepared toast with lettuce. Specifically, I cooked the potato, sliced it into a bowl, and then toasted bread and assembled it on a plate.")
Answering On August 8th, I microwaved a potato and then prepared toast with lettuce. Specifically, I cooked the potato, sliced it into a bowl, and then toasted bread and assembled it on a plate.  with reason: None
Tokens Used: 2984
	Prompt Tokens: 2457
	Completion Tokens: 527
Successful Requests: 1
Total Cost (USD): $0.0
Evaluating sample a1fc527709ebcb56_2b5d-18f6da623ba658a2_81b3-bbc10dbfaeac4a70_eaa9-e0920a891a029502_6312-25c86e7f0e9021ad_4901-8463e3c141964336_c9cc-cf32d4a95cdbcd3a_9fa2-0e6278225ef19b63_c9c2-4f4013ceab294a80_1bb3-540ef484f67d9e3a_1664-b8729e0c4c857a8e_24b5-32e631d248583662_b131-e4909f617bc99db4_4ab8-9d1c053084e66e7b_dc9f-4e8496b9f642bba0_378e-1023a6f334db1f63_a47b-2f8d482d22e56fdd_3e5c-6e26385c641764c7_fe5a-3cc94d435588751b_fa04-23acf721b22a6456_1716-af3ea35af62cb764_aea5-2e0219649e0f3030_75e3-5c12b219bbb5bc07_6008-724c11f87d95f819_a970-03379f213dfbda39_79a2-88f8ad0d2d356270_bb95-f2fab283e8dd367a_6c4c-977b52faf01e6c05_ba05-133d52a8aaf9db3f_8ed8-5026400c43e20c2d_d3fc-4e8496b9f642bba0_36f1-0ae40b26ad1ead81_6240-6ccc8b815fbc093a_f35e-c70d9a05ca542364_77d5-36492265af47de94_a352-aa310077d368fbbc_0a82-1fa4f0593088b6f2_89ee-f2f6723ebab1e6a2_6bea-58b03cb4cc6cbe0d_dd29-a690a35743c855aa_ef68-7fee2af885b45310_e7f5-a0ccd363ffb0ee94_c237-a7663c7eb724b08d_08e7-38d01f55a8e1ff9b_ca2f-133d52a8aaf9db3f_1647-bbc10dbfaeac4a70_18d0-41b067f2ce6f3fef_d081-864a2333f20b0957_be88-3041e39d6d26d967_18c4-b001404996cd3a29_0181-0-sequence_of_task_descs
[配置] 启用 FAISS 加速，索引类型: flat
[Forgetting] 解析遗忘配置...
[Forgetting] 开始记忆巩固...
[Forgetting] 收集到 6496 个事件节点
[Forgetting] 构建临时轻量图计算度中心性...
[Forgetting] 临时图度中心性: max_degree=56, 有连接的节点数=6162
[Forgetting] 计算节点 embeddings...
Embedding 3960 , new: 1863
[Forgetting] 安全下限触发: θ₁ 从 0.500 下调到 0.236
[Forgetting] 巩固完成: 完整保留=1990 (30.6%), 去细节化=4506 (69.4%), 摘要保留=0 (0.0%), 豁免=750
[Forgetting] 统计: {'total': 6496, 'level_0_full_retain': 1990, 'level_1_detail_removed': 4506, 'level_2_summary_only': 0, 'immune_count': 750, 'effective_theta_1': 0.23585637901526843, 'effective_theta_2': 0.09434255160610738, 'retain_ratio': 0.3063423645320197, 'forgetting_ratio': 0.6936576354679803}
[GraphAug] 开始构建记忆图...
[MemoryGraph] 收集到 6496 个事件节点
[MemoryGraph] 时间相邻边: 5270
[MemoryGraph] 共享物体边: 11175
[MemoryGraph] 唯一动作数: 437, 相似动作对: 910
[MemoryGraph] 相似动作边: 1757
[MemoryGraph] 图构建完成: {'num_nodes': 6496, 'num_edges': 18202, 'edges_temporal_adjacent': 5270, 'edges_co_object': 11175, 'edges_similar_action': 1757}
[GraphAug] 记忆图构建完成
Got 0 examples


 ============================== 


eval task_list()
Updated/Defined variables after execution: {}

**SystemMessage**:
"""You are a smart humanoid robot answering user question about your past actions.
The history object contains information on what you did in the past, represented as a tree.
Use the method expand to look at details of a node.
Make sure to use collapse_all_but(idx) when you expanded irrelevant nodes, in order to keep the tree compact.
Enter Python expressions into the console to see the value and decide for the next command based on that result.
Answer concisely by calling answer("...") when you gathered enough information to answer the question.
Generate syntactically correct python console statements only, no explanations or other natural language statements.
IMPORTANT: If search() returns "No relevant records found", your next command MUST be answer("I have no record of that."). Do not search synonyms, do not expand further, and do not call vqa.
IMPORTANT: If you get "Nothing changed" twice, answer honestly that you have no record. Do NOT keep searching repeatedly. For just-before/just-after questions, first try one broader target search or inspect another relevant top-level time block before giving up.
For object yes/no questions, first use object_lookup("object name"). If it reports no matching summary, answer "No, I have no record of that." Do not call vqa unless you already have a directly relevant leaf image.
For task-list questions such as "List the tasks you performed", first use task_list(). Prefer its Recommended answer and chronological candidates instead of manually expanding the whole tree. For long histories, do not copy every task candidate verbatim unless the user explicitly asks for an exhaustive transcript.
For low-level action questions such as "what task did you perform when you toggle/open/pick up/place X", first use action_lookup("full low-level action"), for example action_lookup("open the drawer"). Do not call task_lookup first for these low-level action questions.
For task-description questions such as "describe what you did when you X", first use task_lookup("X"). Prefer its matching task candidates instead of manually expanding the whole tree. This does not apply to low-level action questions covered by action_lookup.
For exact date/time questions or "N days ago" questions asking what happened, first use date_lookup(question). Prefer its Recommended answer when it is confident instead of manually expanding by date.
For "How many days ago did you X?" or "When did you X?" questions, first use event_date_lookup(question). If it lists multiple days, include all of them in the final answer instead of only the most recent match.
For just-before or just-after questions, first use temporal_neighbor(target_task, direction="before" or "after") if a candidate is not already shown. Prefer the returned Recommended answer when it is confident. Only then inspect adjacent sibling or temporal nodes. Avoid expanding to raw leaf observations unless the summary is insufficient.
Do not call vqa for time, date, task-list, before/after, or yes/no object-existence questions when textual summaries already answer the question. Use vqa only for explicit visual appearance questions such as color, visible state, or what something looks like.
Never output bare parameters such as reasoning="..." answer="...". Always call answer("..."). You may call answer(reasoning="...", answer="...") only when a short reason is necessary.
Keep answer() short: answer under 60 words, and do not use markdown or backticks inside answer()."""

**HumanMessage**:
"""
def action_lookup(query: str, max_matches: int = 6) -> str # For low-level action questions, map raw leaf actions back to task-sized summaries
def answer(reasoning: str = None, answer: str = Ellipsis)
def ask(question: str)
def date_lookup(query: str, max_matches: int = 8) -> str # For exact date/time or N-days-ago questions, list matching history summaries directly
def event_date_lookup(query: str, max_matches: int = 12) -> str # For "how many days ago did you X" questions, find all matching event dates directly
def now() -> datetime.datetime
def object_lookup(object_name: str, max_matches: int = 8) -> str # For object yes/no questions, check whether task summaries mention the object
def task_list(max_tasks: int = 30) -> str # For task-list questions, list task-sized history summaries in chronological order
def task_lookup(query: str, max_matches: int = 8) -> str # For task-description questions, list task-sized summaries matching a query
def temporal_neighbor(target_task: str, direction: str = 'before', max_candidates: int = 6) -> str # For just-before/just-after questions, find the target task and return adjacent task candidates
def vqa(question: str, *images: PIL.Image.Image)
"""

**HumanMessage**:
"""Usage examples:
>>> history.expand()  # Shows the history tree with all child nodes expanded
>>> history.expand(date(2021, 12, 20))  # Expand the children that overlap with the given day
>>> history.expand(now() - timedelta(hours=6), now() - timedelta(hours=4))  # Expand all children that overlap with the given range (in this example "about 5 hours ago")
>>> history.expand((now() - timedelta(days=2)).date())  # Expand all children that overlap with the day before yesterday
>>> history.expand(0)  # Shows child node 0
>>> history[0].expand()  # Expands all child nodes of node 0 (node 0 must be expanded already to see them)
>>> history[5][2].expand()  # Shows child node 2 of child node 5 with all its child nodes expanded
>>> history.search("green cup") # Semantic index search. Expands the most relevant children according to similarity of the natural language query and the node's (recursively defined) index content.
>>> history[1][42].search("bicycle") # Semantic index search on some node further down the tree. Expands the children of node 1.42 most relevant to the search term
>>> history[3].collapse_all_but(1); history[3][1].expand()  # Zooms into details of child node 3.1 while collapsing all other childs of node 3
>>> vqa("What color is the ... in this image?",
...     history[2][4][-1][0].image)  # Invoke a model to answer a visual question about image(s) of some leaf (!) node(s)

# After gathering the relevant information, answer the question:
# Use a short final answer. Optionally provide a brief reasoning only when needed.
>>> answer("...")"""

**HumanMessage**:
"""User question: List the tasks you performed."""

**AIMessage**:
"""task_list()"""

**HumanMessage**:
""""Task list candidates in chronological order:\nUse these as evidence. If there are many candidates, do not copy every candidate verbatim; use the Recommended answer unless the user explicitly asks for an exhaustive transcript.\n1. 2024/05/12 13:15 - 13:21: I prepared the workspace by gathering a plate, bread, a knife, and an egg, then retrieved and sliced a potato.\n2. 2024/05/12 13:21 - 13:25: I cooked a potato slice in the microwave, prepared a clean bowl, and served the cooked potato in the bowl to complete the task.\n3. 2024/05/12 17:46 - 17:53: The robot then prepared a meal by retrieving lettuce from a cabinet, slicing it along with a tomato using a knife from the fridge. It cooked a potato in the microwave, sliced it, and gathered a slice of bread. After a brief interaction with...\n4. 2024/05/13 10:35 - 10:42: I retrieved bread from the fridge, sliced it, and placed a slice into the toaster.\n5. 2024/05/13 10:42 - 10:48: I cleared items from the counter and sink, rinsed a dirty plate, and then prepared a second slice of bread for toasting.\n6. 2024/05/13 10:48 - 11:01: I toasted two slices of bread, placed them on a plate, then sliced lettuce and added a piece to the plate to complete the meal.\n7. 2024/05/15 19:57 - 20:03: I cleared a dirty pan from the stove to make room and then placed the pot with the potato on the burner to boil.\n8. 2024/05/16 08:42 - 08:49: The robot cleans a dirty mug by rinsing it in the sink, then places it in the coffee machine and interacts with the coffee machine and a stove knob.\n9. 2024/05/16 08:49 - 09:03: The robot prepares a sandwich by retrieving bread, slicing it, toasting two slices, slicing a tomato, and then slicing lettuce before assembling a sandwich on a plate with the toasted bread, tomato, and lettuce.\n10. 2024/05/16 14:19 - 14:24: I was instructed to clean the mugs. I picked up a dirty cup, placed it in the sink, then took a filled mug, emptied it, placed it in the coffee machine, and turned the machine on to make coffee.\n11. 2024/05/16 19:50 - 19:55: I cleaned a mug in the sink and then used it to water a houseplant.\n12. 2024/05/17 15:12 - 15:16: After being asked to cook potato slices, I prepared the microwave, placed the sliced potatoes inside, cooked them, and then moved the cooked slices into a bowl on the counter.\n13. 2024/05/19 17:31 - 17:37: I received the task to water the plant. I searched the kitchen for a suitable container and found a bowl on the countertop next to a statue.\n14. 2024/05/20 11:01 - 11:08: Following the user's instruction to make two cups of coffee, I washed two dirty mugs and used the coffee machine to prepare them.\n15. 2024/05/20 11:09 - 11:15: After being instructed to slice an apple, I retrieved it, sliced it with a knife, and placed the slices into two separate bowls before confirming the task was done.\n16. 2024/05/20 15:46 - 15:54: I prepared the ingredients for a salad by slicing a tomato and then cooking and slicing a potato.\n17. 2024/05/20 15:54 - 15:58: I completed the salad by plating the tomato and potato slices on a clean plate and confirmed task completion.\n18. 2024/05/22 16:56 - 17:02: I started by opening a cabinet to find bread, then picked up the bread and placed it on the countertop. I also picked up a knife and sliced the bread into multiple pieces.\n19. 2024/05/24 14:08 - 14:12: I picked up a tissue box from a dresser and placed it on a side table, but was then corrected by the user to return it to the brown dresser, which I did.\n20. 2024/05/25 08:57 - 09:03: I prepared the potatoes by placing them in a pot with liquid, moving the pot between countertops and the stove to cook them, and finally returning the pot to a countertop once the potatoes were ready.\n21. 2024/05/25 09:03 - 09:07: After cooking, I sliced a potato and placed a piece on a plate before retrieving a bowl from the fridge. I filled the bowl with water, placed two cooked potato slices inside as requested, and confirmed the task was complete.\n22. 2024/05/26 15:13 - 15:18: Next, the robot cooked the potato slices by placing them in a pan on the stove. After cooking, it returned the five slices to the plate. The robot also interacted with the microwave during this process.\n23. 2024/05/30 10:51 - 10:56: I prepared the food components by retrieving and slicing a loaf of bread, toasting two slices, and slicing a head of lettuce.\n24. 2024/06/01 09:15 - 09:18: I received an instruction to boil a potato. I retrieved a potato from the fridge and prepared the workspace by moving a soap bottle, a dirty pot, and a dirty pan on the countertop.\n25. 2024/06/02 15:50 - 15:53: I placed Box_1 and three tissue boxes (TissueBox_2, TissueBox_1, and TissueBox_0) on the dresser, pausing my tidying task to briefly explore the room by opening and closing several cabinets.\n26. 2024/06/02 19:44 - 19:47: I started by preparing a cup of coffee. I located a cup in the cabinet above the toaster, washed it in the sink, and then placed it in the coffee machine to brew.\n27. 2024/06/02 19:47 - 19:59: I prepared a salad by gathering a plate and ingredients. I sliced and added lettuce, cooked and added a potato slice, and finished by adding tomato slices to the plate.\n28. 2024/06/03 08:02 - 08:06: I began searching for a remote control in a side table drawer before successfully locating and picking up the first remote control from the dresser.\n29. 2024/06/03 08:07 - 08:16: I performed an extensive search for a second remote control by checking various cabinets and drawers; I eventually found it in a cabinet and placed it on the dresser alongside the first one.\n30. 2024/06/04 12:35 - 12:40: I received an instruction to prepare coffee in a clean mug. I picked up a mug from a chair, brought it to the sink, and poured out its contents to ensure it was empty.\nRecommended answer: From 2024/05/12 to 2024/06/04, I performed 30 recorded task groups, including bread, toast, and sandwich preparation; potato cooking and slicing; salad, lettuce, and tomato preparation; coffee and drinkware tasks; dish, plate, bowl, and pan cleaning; household organization tasks; plant watering.""""

**HumanMessage**:
"""Current state:
2024/05/12 - 2024/06/04: "From May 12th to June 4th, my activities consistently revolved around kitchen duties, including preparing and cooking various meals such as potato, lettuce, tomato, toast, egg, and apple dishes, brewing coffee, and cleaning mugs. Throughout this period, I also maintained household organization by watering houseplants, tidying dressers, organizing items like credit cards, pillows, tissue boxes, newspapers, remote controls, and cabinet bottles."  
  ..."""
{}
command: answer("From 2024/05/12 to 2024/06/04, I performed 30 recorded task groups, including bread, toast, and sandwich preparation; potato cooking and slicing; salad, lettuce, and tomato preparation; coffee and drinkware tasks; dish, plate, bowl, and pan cleaning; household organization tasks; plant watering.")
expected output: 


 ============================== 


eval answer("From 2024/05/12 to 2024/06/04, I performed 30 recorded task groups, including bread, toast, and sandwich preparation; potato cooking and slicing; salad, lettuce, and tomato preparation; coffee and drinkware tasks; dish, plate, bowl, and pan cleaning; household organization tasks; plant watering.")
Answering From 2024/05/12 to 2024/06/04, I performed 30 recorded task groups, including bread, toast, and sandwich preparation; potato cooking and slicing; salad, lettuce, and tomato preparation; coffee and drinkware tasks; dish, plate, bowl, and pan cleaning; household organization tasks; plant watering.  with reason: None
Tokens Used: 4064
	Prompt Tokens: 3579
	Completion Tokens: 485
Successful Requests: 1
Total Cost (USD): $0.0
Evaluating sample a1fc527709ebcb56_2b5d-18f6da623ba658a2_81b3-bbc10dbfaeac4a70_eaa9-e0920a891a029502_6312-25c86e7f0e9021ad_4901-8463e3c141964336_c9cc-cf32d4a95cdbcd3a_9fa2-0e6278225ef19b63_c9c2-4f4013ceab294a80_1bb3-540ef484f67d9e3a_1664-b8729e0c4c857a8e_24b5-32e631d248583662_b131-e4909f617bc99db4_4ab8-9d1c053084e66e7b_dc9f-4e8496b9f642bba0_378e-1023a6f334db1f63_a47b-2f8d482d22e56fdd_3e5c-6e26385c641764c7_fe5a-3cc94d435588751b_fa04-23acf721b22a6456_1716-af3ea35af62cb764_aea5-2e0219649e0f3030_75e3-5c12b219bbb5bc07_6008-724c11f87d95f819_a970-03379f213dfbda39_79a2-88f8ad0d2d356270_bb95-f2fab283e8dd367a_6c4c-977b52faf01e6c05_ba05-133d52a8aaf9db3f_8ed8-5026400c43e20c2d_d3fc-4e8496b9f642bba0_36f1-0ae40b26ad1ead81_6240-6ccc8b815fbc093a_f35e-c70d9a05ca542364_77d5-36492265af47de94_a352-aa310077d368fbbc_0a82-1fa4f0593088b6f2_89ee-f2f6723ebab1e6a2_6bea-58b03cb4cc6cbe0d_dd29-a690a35743c855aa_ef68-7fee2af885b45310_e7f5-a0ccd363ffb0ee94_c237-a7663c7eb724b08d_08e7-38d01f55a8e1ff9b_ca2f-133d52a8aaf9db3f_1647-bbc10dbfaeac4a70_18d0-41b067f2ce6f3fef_d081-864a2333f20b0957_be88-3041e39d6d26d967_18c4-b001404996cd3a29_0181-0-seq_specific_shortened_low_actions
[配置] 启用 FAISS 加速，索引类型: flat
[Forgetting] 命中缓存
[GraphAug] 命中图缓存 (nodes=6496, edges=18202)
Got 0 examples


 ============================== 


eval task_lookup('put all credit card on any bed')
Updated/Defined variables after execution: {}
[结构化直答] low-action task lookup matched; returning Recommended answer directly
Tokens Used: 0
	Prompt Tokens: 0
	Completion Tokens: 0
Successful Requests: 0
Total Cost (USD): $0.0
Evaluating sample a1fc527709ebcb56_2b5d-18f6da623ba658a2_81b3-bbc10dbfaeac4a70_eaa9-e0920a891a029502_6312-25c86e7f0e9021ad_4901-8463e3c141964336_c9cc-cf32d4a95cdbcd3a_9fa2-0e6278225ef19b63_c9c2-4f4013ceab294a80_1bb3-540ef484f67d9e3a_1664-b8729e0c4c857a8e_24b5-32e631d248583662_b131-e4909f617bc99db4_4ab8-9d1c053084e66e7b_dc9f-4e8496b9f642bba0_378e-1023a6f334db1f63_a47b-2f8d482d22e56fdd_3e5c-6e26385c641764c7_fe5a-3cc94d435588751b_fa04-23acf721b22a6456_1716-af3ea35af62cb764_aea5-2e0219649e0f3030_75e3-5c12b219bbb5bc07_6008-724c11f87d95f819_a970-03379f213dfbda39_79a2-88f8ad0d2d356270_bb95-f2fab283e8dd367a_6c4c-977b52faf01e6c05_ba05-133d52a8aaf9db3f_8ed8-5026400c43e20c2d_d3fc-4e8496b9f642bba0_36f1-0ae40b26ad1ead81_6240-6ccc8b815fbc093a_f35e-c70d9a05ca542364_77d5-36492265af47de94_a352-aa310077d368fbbc_0a82-1fa4f0593088b6f2_89ee-f2f6723ebab1e6a2_6bea-58b03cb4cc6cbe0d_dd29-a690a35743c855aa_ef68-7fee2af885b45310_e7f5-a0ccd363ffb0ee94_c237-a7663c7eb724b08d_08e7-38d01f55a8e1ff9b_ca2f-133d52a8aaf9db3f_1647-bbc10dbfaeac4a70_18d0-41b067f2ce6f3fef_d081-864a2333f20b0957_be88-3041e39d6d26d967_18c4-b001404996cd3a29_0181-0-seq_right_after_questions
[配置] 启用 FAISS 加速，索引类型: flat
[Forgetting] 命中缓存
[GraphAug] 命中图缓存 (nodes=6496, edges=18202)
Got 0 examples


 ============================== 


eval temporal_neighbor('clean all the cookwares', direction='after')
Updated/Defined variables after execution: {}

**SystemMessage**:
"""You are a smart humanoid robot answering user question about your past actions.
The history object contains information on what you did in the past, represented as a tree.
Use the method expand to look at details of a node.
Make sure to use collapse_all_but(idx) when you expanded irrelevant nodes, in order to keep the tree compact.
Enter Python expressions into the console to see the value and decide for the next command based on that result.
Answer concisely by calling answer("...") when you gathered enough information to answer the question.
Generate syntactically correct python console statements only, no explanations or other natural language statements.
IMPORTANT: If search() returns "No relevant records found", your next command MUST be answer("I have no record of that."). Do not search synonyms, do not expand further, and do not call vqa.
IMPORTANT: If you get "Nothing changed" twice, answer honestly that you have no record. Do NOT keep searching repeatedly. For just-before/just-after questions, first try one broader target search or inspect another relevant top-level time block before giving up.
For object yes/no questions, first use object_lookup("object name"). If it reports no matching summary, answer "No, I have no record of that." Do not call vqa unless you already have a directly relevant leaf image.
For task-list questions such as "List the tasks you performed", first use task_list(). Prefer its Recommended answer and chronological candidates instead of manually expanding the whole tree. For long histories, do not copy every task candidate verbatim unless the user explicitly asks for an exhaustive transcript.
For low-level action questions such as "what task did you perform when you toggle/open/pick up/place X", first use action_lookup("full low-level action"), for example action_lookup("open the drawer"). Do not call task_lookup first for these low-level action questions.
For task-description questions such as "describe what you did when you X", first use task_lookup("X"). Prefer its matching task candidates instead of manually expanding the whole tree. This does not apply to low-level action questions covered by action_lookup.
For exact date/time questions or "N days ago" questions asking what happened, first use date_lookup(question). Prefer its Recommended answer when it is confident instead of manually expanding by date.
For "How many days ago did you X?" or "When did you X?" questions, first use event_date_lookup(question). If it lists multiple days, include all of them in the final answer instead of only the most recent match.
For just-before or just-after questions, first use temporal_neighbor(target_task, direction="before" or "after") if a candidate is not already shown. Prefer the returned Recommended answer when it is confident. Only then inspect adjacent sibling or temporal nodes. Avoid expanding to raw leaf observations unless the summary is insufficient.
Do not call vqa for time, date, task-list, before/after, or yes/no object-existence questions when textual summaries already answer the question. Use vqa only for explicit visual appearance questions such as color, visible state, or what something looks like.
Never output bare parameters such as reasoning="..." answer="...". Always call answer("..."). You may call answer(reasoning="...", answer="...") only when a short reason is necessary.
Keep answer() short: answer under 60 words, and do not use markdown or backticks inside answer()."""

**HumanMessage**:
"""
def action_lookup(query: str, max_matches: int = 6) -> str # For low-level action questions, map raw leaf actions back to task-sized summaries
def answer(reasoning: str = None, answer: str = Ellipsis)
def ask(question: str)
def date_lookup(query: str, max_matches: int = 8) -> str # For exact date/time or N-days-ago questions, list matching history summaries directly
def event_date_lookup(query: str, max_matches: int = 12) -> str # For "how many days ago did you X" questions, find all matching event dates directly
def now() -> datetime.datetime
def object_lookup(object_name: str, max_matches: int = 8) -> str # For object yes/no questions, check whether task summaries mention the object
def task_list(max_tasks: int = 30) -> str # For task-list questions, list task-sized history summaries in chronological order
def task_lookup(query: str, max_matches: int = 8) -> str # For task-description questions, list task-sized summaries matching a query
def temporal_neighbor(target_task: str, direction: str = 'before', max_candidates: int = 6) -> str # For just-before/just-after questions, find the target task and return adjacent task candidates
def vqa(question: str, *images: PIL.Image.Image)
"""

**HumanMessage**:
"""Usage examples:
>>> history.expand()  # Shows the history tree with all child nodes expanded
>>> history.expand(date(2021, 12, 20))  # Expand the children that overlap with the given day
>>> history.expand(now() - timedelta(hours=6), now() - timedelta(hours=4))  # Expand all children that overlap with the given range (in this example "about 5 hours ago")
>>> history.expand((now() - timedelta(days=2)).date())  # Expand all children that overlap with the day before yesterday
>>> history.expand(0)  # Shows child node 0
>>> history[0].expand()  # Expands all child nodes of node 0 (node 0 must be expanded already to see them)
>>> history[5][2].expand()  # Shows child node 2 of child node 5 with all its child nodes expanded
>>> history.search("green cup") # Semantic index search. Expands the most relevant children according to similarity of the natural language query and the node's (recursively defined) index content.
>>> history[1][42].search("bicycle") # Semantic index search on some node further down the tree. Expands the children of node 1.42 most relevant to the search term
>>> history[3].collapse_all_but(1); history[3][1].expand()  # Zooms into details of child node 3.1 while collapsing all other childs of node 3
>>> vqa("What color is the ... in this image?",
...     history[2][4][-1][0].image)  # Invoke a model to answer a visual question about image(s) of some leaf (!) node(s)

# After gathering the relevant information, answer the question:
# Use a short final answer. Optionally provide a brief reasoning only when needed.
>>> answer("...")"""

**HumanMessage**:
"""User question: What task did you do just after clean all the cookwares?"""

**AIMessage**:
"""temporal_neighbor('clean all the cookwares', direction='after')"""

**HumanMessage**:
""""Temporal neighbor candidates for target='clean all the cookwares', direction='after':\n1. score=0.75; target=2024/05/23 16:55:02 - 16:56:11: The robot placed a clean bowl on the countertop, put the two cooked potato slices into it, and confirmed the task was complete.; after=2024/05/24 14:08 - 14:12: I picked up a tissue box from a dresser and placed it on a side table, but was then corrected by the user to return it to the brown dresser, which I did.\n2. score=0.73; target=2024/05/20 15:54 - 15:58: I completed the salad by plating the tomato and potato slices on a clean plate and confirmed task completion.; after=2024/05/21 15:52:32 - 15:54:02: I started by picking up a dirty mug from the coffee machine and bringing it to the sink area, as I was instructed to empty and wash it to prepare fresh coffee.\n3. score=0.71; target=2024/05/12 13:21 - 13:25: I cooked a potato slice in the microwave, prepared a clean bowl, and served the cooked potato in the bowl to complete the task.; after=2024/05/12 17:43 - 17:46: The robot attempted to make coffee, initially failing and then clearing the mug, accidentally picking up an apple, before trying to make coffee again. This involved retrieving a mu...\n4. score=0.68; target=2024/05/15 19:38 - 19:41: I transitioned from finishing a cooking task at the stove to clearing the sink area and preparing the dirty pot for rinsing.; after=2024/05/15 19:40:15 - 19:41:59: I cleared the sink basin of various items and then rinsed a mug to start brewing coffee.\n5. score=0.68; target=2024/05/14 11:38:40 - 11:39:19: I moved the plate to the sink to wash it, turned the faucet on and off, and then placed the clean plate on the countertop.; after=2024/05/15 19:38:06 - 19:40:15: I finished a task at the stove by turning it off and moving a dirty pot to the counter after emptying its contents into the sink.\n6. score=0.67; target=2024/05/14 11:36:36 - 11:38:38: I was asked to place everything on a clean plate found in a cabinet. I opened the cabinet, cleared some items like a soap bottle to reach the plate, and retrieved it.; after=2024/05/14 11:38:40 - 11:39:19: I moved the plate to the sink to wash it, turned the faucet on and off, and then placed the clean plate on the countertop.\nRecommended answer: I picked up a tissue box from a dresser and placed it on a side table, but was then corrected by the user to return it to the brown dresser, which I did.""""

**HumanMessage**:
"""Current state:
2024/05/12 - 2024/06/04: "From May 12th to June 4th, my activities consistently revolved around kitchen duties, including preparing and cooking various meals such as potato, lettuce, tomato, toast, egg, and apple dishes, brewing coffee, and cleaning mugs. Throughout this period, I also maintained household organization by watering houseplants, tidying dressers, organizing items like credit cards, pillows, tissue boxes, newspapers, remote controls, and cabinet bottles."  
  ..."""
{}
command: answer("I picked up a tissue box from a dresser and placed it on a side table, but was then corrected by the user to return it to the brown dresser, which I did.")
expected output: 


 ============================== 


eval answer("I picked up a tissue box from a dresser and placed it on a side table, but was then corrected by the user to return it to the brown dresser, which I did.")
Answering I picked up a tissue box from a dresser and placed it on a side table, but was then corrected by the user to return it to the brown dresser, which I did.  with reason: None
Tokens Used: 2985
	Prompt Tokens: 2444
	Completion Tokens: 541
Successful Requests: 1
Total Cost (USD): $0.0
Evaluating sample a1fc527709ebcb56_2b5d-18f6da623ba658a2_81b3-bbc10dbfaeac4a70_eaa9-e0920a891a029502_6312-25c86e7f0e9021ad_4901-8463e3c141964336_c9cc-cf32d4a95cdbcd3a_9fa2-0e6278225ef19b63_c9c2-4f4013ceab294a80_1bb3-540ef484f67d9e3a_1664-b8729e0c4c857a8e_24b5-32e631d248583662_b131-e4909f617bc99db4_4ab8-9d1c053084e66e7b_dc9f-4e8496b9f642bba0_378e-1023a6f334db1f63_a47b-2f8d482d22e56fdd_3e5c-6e26385c641764c7_fe5a-3cc94d435588751b_fa04-23acf721b22a6456_1716-af3ea35af62cb764_aea5-2e0219649e0f3030_75e3-5c12b219bbb5bc07_6008-724c11f87d95f819_a970-03379f213dfbda39_79a2-88f8ad0d2d356270_bb95-f2fab283e8dd367a_6c4c-977b52faf01e6c05_ba05-133d52a8aaf9db3f_8ed8-5026400c43e20c2d_d3fc-4e8496b9f642bba0_36f1-0ae40b26ad1ead81_6240-6ccc8b815fbc093a_f35e-c70d9a05ca542364_77d5-36492265af47de94_a352-aa310077d368fbbc_0a82-1fa4f0593088b6f2_89ee-f2f6723ebab1e6a2_6bea-58b03cb4cc6cbe0d_dd29-a690a35743c855aa_ef68-7fee2af885b45310_e7f5-a0ccd363ffb0ee94_c237-a7663c7eb724b08d_08e7-38d01f55a8e1ff9b_ca2f-133d52a8aaf9db3f_1647-bbc10dbfaeac4a70_18d0-41b067f2ce6f3fef_d081-864a2333f20b0957_be88-3041e39d6d26d967_18c4-b001404996cd3a29_0181-0-seq_right_before_questions
[配置] 启用 FAISS 加速，索引类型: flat
[Forgetting] 命中缓存
[GraphAug] 命中图缓存 (nodes=6496, edges=18202)
Got 0 examples


 ============================== 


eval temporal_neighbor('make a plate of toast', direction='before')
Updated/Defined variables after execution: {}

**SystemMessage**:
"""You are a smart humanoid robot answering user question about your past actions.
The history object contains information on what you did in the past, represented as a tree.
Use the method expand to look at details of a node.
Make sure to use collapse_all_but(idx) when you expanded irrelevant nodes, in order to keep the tree compact.
Enter Python expressions into the console to see the value and decide for the next command based on that result.
Answer concisely by calling answer("...") when you gathered enough information to answer the question.
Generate syntactically correct python console statements only, no explanations or other natural language statements.
IMPORTANT: If search() returns "No relevant records found", your next command MUST be answer("I have no record of that."). Do not search synonyms, do not expand further, and do not call vqa.
IMPORTANT: If you get "Nothing changed" twice, answer honestly that you have no record. Do NOT keep searching repeatedly. For just-before/just-after questions, first try one broader target search or inspect another relevant top-level time block before giving up.
For object yes/no questions, first use object_lookup("object name"). If it reports no matching summary, answer "No, I have no record of that." Do not call vqa unless you already have a directly relevant leaf image.
For task-list questions such as "List the tasks you performed", first use task_list(). Prefer its Recommended answer and chronological candidates instead of manually expanding the whole tree. For long histories, do not copy every task candidate verbatim unless the user explicitly asks for an exhaustive transcript.
For low-level action questions such as "what task did you perform when you toggle/open/pick up/place X", first use action_lookup("full low-level action"), for example action_lookup("open the drawer"). Do not call task_lookup first for these low-level action questions.
For task-description questions such as "describe what you did when you X", first use task_lookup("X"). Prefer its matching task candidates instead of manually expanding the whole tree. This does not apply to low-level action questions covered by action_lookup.
For exact date/time questions or "N days ago" questions asking what happened, first use date_lookup(question). Prefer its Recommended answer when it is confident instead of manually expanding by date.
For "How many days ago did you X?" or "When did you X?" questions, first use event_date_lookup(question). If it lists multiple days, include all of them in the final answer instead of only the most recent match.
For just-before or just-after questions, first use temporal_neighbor(target_task, direction="before" or "after") if a candidate is not already shown. Prefer the returned Recommended answer when it is confident. Only then inspect adjacent sibling or temporal nodes. Avoid expanding to raw leaf observations unless the summary is insufficient.
Do not call vqa for time, date, task-list, before/after, or yes/no object-existence questions when textual summaries already answer the question. Use vqa only for explicit visual appearance questions such as color, visible state, or what something looks like.
Never output bare parameters such as reasoning="..." answer="...". Always call answer("..."). You may call answer(reasoning="...", answer="...") only when a short reason is necessary.
Keep answer() short: answer under 60 words, and do not use markdown or backticks inside answer()."""

**HumanMessage**:
"""
def action_lookup(query: str, max_matches: int = 6) -> str # For low-level action questions, map raw leaf actions back to task-sized summaries
def answer(reasoning: str = None, answer: str = Ellipsis)
def ask(question: str)
def date_lookup(query: str, max_matches: int = 8) -> str # For exact date/time or N-days-ago questions, list matching history summaries directly
def event_date_lookup(query: str, max_matches: int = 12) -> str # For "how many days ago did you X" questions, find all matching event dates directly
def now() -> datetime.datetime
def object_lookup(object_name: str, max_matches: int = 8) -> str # For object yes/no questions, check whether task summaries mention the object
def task_list(max_tasks: int = 30) -> str # For task-list questions, list task-sized history summaries in chronological order
def task_lookup(query: str, max_matches: int = 8) -> str # For task-description questions, list task-sized summaries matching a query
def temporal_neighbor(target_task: str, direction: str = 'before', max_candidates: int = 6) -> str # For just-before/just-after questions, find the target task and return adjacent task candidates
def vqa(question: str, *images: PIL.Image.Image)
"""

**HumanMessage**:
"""Usage examples:
>>> history.expand()  # Shows the history tree with all child nodes expanded
>>> history.expand(date(2021, 12, 20))  # Expand the children that overlap with the given day
>>> history.expand(now() - timedelta(hours=6), now() - timedelta(hours=4))  # Expand all children that overlap with the given range (in this example "about 5 hours ago")
>>> history.expand((now() - timedelta(days=2)).date())  # Expand all children that overlap with the day before yesterday
>>> history.expand(0)  # Shows child node 0
>>> history[0].expand()  # Expands all child nodes of node 0 (node 0 must be expanded already to see them)
>>> history[5][2].expand()  # Shows child node 2 of child node 5 with all its child nodes expanded
>>> history.search("green cup") # Semantic index search. Expands the most relevant children according to similarity of the natural language query and the node's (recursively defined) index content.
>>> history[1][42].search("bicycle") # Semantic index search on some node further down the tree. Expands the children of node 1.42 most relevant to the search term
>>> history[3].collapse_all_but(1); history[3][1].expand()  # Zooms into details of child node 3.1 while collapsing all other childs of node 3
>>> vqa("What color is the ... in this image?",
...     history[2][4][-1][0].image)  # Invoke a model to answer a visual question about image(s) of some leaf (!) node(s)

# After gathering the relevant information, answer the question:
# Use a short final answer. Optionally provide a brief reasoning only when needed.
>>> answer("...")"""

**HumanMessage**:
"""User question: What task did you do just before make a plate of toast?"""

**AIMessage**:
"""temporal_neighbor('make a plate of toast', direction='before')"""

**HumanMessage**:
""""Temporal neighbor candidates for target='make a plate of toast', direction='before':\n1. score=0.88; target=2024/06/03 11:18:31 - 11:20:03: I proceeded to make toast by retrieving bread, slicing it, and toasting two slices, which I initially placed on a plate.; before=2024/06/03 11:15 - 11:18: I prepared two mugs of coffee. This involved rinsing a dirty mug, retrieving another mug from the microwave, and operating the coffee machine for both.\n2. score=0.76; target=2024/05/16 08:49 - 09:03: The robot prepares a sandwich by retrieving bread, slicing it, toasting two slices, slicing a tomato, and then slicing lettuce before assembling a sandwich on a plate with the toas...; before=2024/05/16 08:42 - 08:49: The robot cleans a dirty mug by rinsing it in the sink, then places it in the coffee machine and interacts with the coffee machine and a stove knob.\n3. score=0.74; target=2024/05/13 10:42 - 10:48: I cleared items from the counter and sink, rinsed a dirty plate, and then prepared a second slice of bread for toasting.; before=2024/05/13 10:35 - 10:42: I retrieved bread from the fridge, sliced it, and placed a slice into the toaster.\n4. score=0.72; target=2024/05/17 16:00:53 - 16:02:02: Following the user's command, I gathered the prepared breakfast items by moving the plate with toast and the mug of coffee onto the same countertop.; before=2024/05/17 16:00:04 - 16:00:47: To prepare the toast, I took a plate and then proceeded to toast two slices of bread individually, placing each cooked slice onto the plate.\n5. score=0.71; target=2024/05/13 10:35 - 11:01: Between 10:35 and 11:01, I prepared a meal. I started by toasting a slice of bread, and while it was cooking, I cleared the counter and rinsed a plate. I then prepared and toasted...; before=2024/05/12 17:53:12 - 17:53:16: The robot indicated completion.\n6. score=0.68; target=2024/05/12 17:46 - 17:53: The robot then prepared a meal by retrieving lettuce from a cabinet, slicing it along with a tomato using a knife from the fridge. It cooked a potato in the microwave, sliced it, a...; before=2024/05/12 17:43 - 17:46: The robot attempted to make coffee, initially failing and then clearing the mug, accidentally picking up an apple, before trying to make coffee again. This involved retrieving a mu...\nRecommended answer: I prepared two mugs of coffee. This involved rinsing a dirty mug, retrieving another mug from the microwave, and operating the coffee machine for both.""""

**HumanMessage**:
"""Current state:
2024/05/12 - 2024/06/04: "From May 12th to June 4th, my activities consistently revolved around kitchen duties, including preparing and cooking various meals such as potato, lettuce, tomato, toast, egg, and apple dishes, brewing coffee, and cleaning mugs. Throughout this period, I also maintained household organization by watering houseplants, tidying dressers, organizing items like credit cards, pillows, tissue boxes, newspapers, remote controls, and cabinet bottles."  
  ..."""
{}
command: answer("I prepared two mugs of coffee. This involved rinsing a dirty mug, retrieving another mug from the microwave, and operating the coffee machine for both.")
expected output: 


 ============================== 


eval answer("I prepared two mugs of coffee. This involved rinsing a dirty mug, retrieving another mug from the microwave, and operating the coffee machine for both.")
Answering I prepared two mugs of coffee. This involved rinsing a dirty mug, retrieving another mug from the microwave, and operating the coffee machine for both.  with reason: None
Tokens Used: 2834
	Prompt Tokens: 2438
	Completion Tokens: 396
Successful Requests: 1
Total Cost (USD): $0.0
Evaluating sample a1fc527709ebcb56_2b5d-18f6da623ba658a2_81b3-bbc10dbfaeac4a70_eaa9-e0920a891a029502_6312-25c86e7f0e9021ad_4901-8463e3c141964336_c9cc-cf32d4a95cdbcd3a_9fa2-0e6278225ef19b63_c9c2-4f4013ceab294a80_1bb3-540ef484f67d9e3a_1664-b8729e0c4c857a8e_24b5-32e631d248583662_b131-e4909f617bc99db4_4ab8-9d1c053084e66e7b_dc9f-4e8496b9f642bba0_378e-1023a6f334db1f63_a47b-2f8d482d22e56fdd_3e5c-6e26385c641764c7_fe5a-3cc94d435588751b_fa04-23acf721b22a6456_1716-af3ea35af62cb764_aea5-2e0219649e0f3030_75e3-5c12b219bbb5bc07_6008-724c11f87d95f819_a970-03379f213dfbda39_79a2-88f8ad0d2d356270_bb95-f2fab283e8dd367a_6c4c-977b52faf01e6c05_ba05-133d52a8aaf9db3f_8ed8-5026400c43e20c2d_d3fc-4e8496b9f642bba0_36f1-0ae40b26ad1ead81_6240-6ccc8b815fbc093a_f35e-c70d9a05ca542364_77d5-36492265af47de94_a352-aa310077d368fbbc_0a82-1fa4f0593088b6f2_89ee-f2f6723ebab1e6a2_6bea-58b03cb4cc6cbe0d_dd29-a690a35743c855aa_ef68-7fee2af885b45310_e7f5-a0ccd363ffb0ee94_c237-a7663c7eb724b08d_08e7-38d01f55a8e1ff9b_ca2f-133d52a8aaf9db3f_1647-bbc10dbfaeac4a70_18d0-41b067f2ce6f3fef_d081-864a2333f20b0957_be88-3041e39d6d26d967_18c4-b001404996cd3a29_0181-0-seq_simple_object_yes_no
[配置] 启用 FAISS 加速，索引类型: flat
[Forgetting] 命中缓存
[GraphAug] 命中图缓存 (nodes=6496, edges=18202)
Got 0 examples


 ============================== 


eval object_lookup('alarm clock')
Updated/Defined variables after execution: {}

**SystemMessage**:
"""You are a smart humanoid robot answering user question about your past actions.
The history object contains information on what you did in the past, represented as a tree.
Use the method expand to look at details of a node.
Make sure to use collapse_all_but(idx) when you expanded irrelevant nodes, in order to keep the tree compact.
Enter Python expressions into the console to see the value and decide for the next command based on that result.
Answer concisely by calling answer("...") when you gathered enough information to answer the question.
Generate syntactically correct python console statements only, no explanations or other natural language statements.
IMPORTANT: If search() returns "No relevant records found", your next command MUST be answer("I have no record of that."). Do not search synonyms, do not expand further, and do not call vqa.
IMPORTANT: If you get "Nothing changed" twice, answer honestly that you have no record. Do NOT keep searching repeatedly. For just-before/just-after questions, first try one broader target search or inspect another relevant top-level time block before giving up.
For object yes/no questions, first use object_lookup("object name"). If it reports no matching summary, answer "No, I have no record of that." Do not call vqa unless you already have a directly relevant leaf image.
For task-list questions such as "List the tasks you performed", first use task_list(). Prefer its Recommended answer and chronological candidates instead of manually expanding the whole tree. For long histories, do not copy every task candidate verbatim unless the user explicitly asks for an exhaustive transcript.
For low-level action questions such as "what task did you perform when you toggle/open/pick up/place X", first use action_lookup("full low-level action"), for example action_lookup("open the drawer"). Do not call task_lookup first for these low-level action questions.
For task-description questions such as "describe what you did when you X", first use task_lookup("X"). Prefer its matching task candidates instead of manually expanding the whole tree. This does not apply to low-level action questions covered by action_lookup.
For exact date/time questions or "N days ago" questions asking what happened, first use date_lookup(question). Prefer its Recommended answer when it is confident instead of manually expanding by date.
For "How many days ago did you X?" or "When did you X?" questions, first use event_date_lookup(question). If it lists multiple days, include all of them in the final answer instead of only the most recent match.
For just-before or just-after questions, first use temporal_neighbor(target_task, direction="before" or "after") if a candidate is not already shown. Prefer the returned Recommended answer when it is confident. Only then inspect adjacent sibling or temporal nodes. Avoid expanding to raw leaf observations unless the summary is insufficient.
Do not call vqa for time, date, task-list, before/after, or yes/no object-existence questions when textual summaries already answer the question. Use vqa only for explicit visual appearance questions such as color, visible state, or what something looks like.
Never output bare parameters such as reasoning="..." answer="...". Always call answer("..."). You may call answer(reasoning="...", answer="...") only when a short reason is necessary.
Keep answer() short: answer under 60 words, and do not use markdown or backticks inside answer()."""

**HumanMessage**:
"""
def action_lookup(query: str, max_matches: int = 6) -> str # For low-level action questions, map raw leaf actions back to task-sized summaries
def answer(reasoning: str = None, answer: str = Ellipsis)
def ask(question: str)
def date_lookup(query: str, max_matches: int = 8) -> str # For exact date/time or N-days-ago questions, list matching history summaries directly
def event_date_lookup(query: str, max_matches: int = 12) -> str # For "how many days ago did you X" questions, find all matching event dates directly
def now() -> datetime.datetime
def object_lookup(object_name: str, max_matches: int = 8) -> str # For object yes/no questions, check whether task summaries mention the object
def task_list(max_tasks: int = 30) -> str # For task-list questions, list task-sized history summaries in chronological order
def task_lookup(query: str, max_matches: int = 8) -> str # For task-description questions, list task-sized summaries matching a query
def temporal_neighbor(target_task: str, direction: str = 'before', max_candidates: int = 6) -> str # For just-before/just-after questions, find the target task and return adjacent task candidates
def vqa(question: str, *images: PIL.Image.Image)
"""

**HumanMessage**:
"""Usage examples:
>>> history.expand()  # Shows the history tree with all child nodes expanded
>>> history.expand(date(2021, 12, 20))  # Expand the children that overlap with the given day
>>> history.expand(now() - timedelta(hours=6), now() - timedelta(hours=4))  # Expand all children that overlap with the given range (in this example "about 5 hours ago")
>>> history.expand((now() - timedelta(days=2)).date())  # Expand all children that overlap with the day before yesterday
>>> history.expand(0)  # Shows child node 0
>>> history[0].expand()  # Expands all child nodes of node 0 (node 0 must be expanded already to see them)
>>> history[5][2].expand()  # Shows child node 2 of child node 5 with all its child nodes expanded
>>> history.search("green cup") # Semantic index search. Expands the most relevant children according to similarity of the natural language query and the node's (recursively defined) index content.
>>> history[1][42].search("bicycle") # Semantic index search on some node further down the tree. Expands the children of node 1.42 most relevant to the search term
>>> history[3].collapse_all_but(1); history[3][1].expand()  # Zooms into details of child node 3.1 while collapsing all other childs of node 3
>>> vqa("What color is the ... in this image?",
...     history[2][4][-1][0].image)  # Invoke a model to answer a visual question about image(s) of some leaf (!) node(s)

# After gathering the relevant information, answer the question:
# Use a short final answer. Optionally provide a brief reasoning only when needed.
>>> answer("...")"""

**HumanMessage**:
"""User question: Was there an alarm clock ?"""

**AIMessage**:
"""object_lookup('alarm clock')"""

**HumanMessage**:
""""Object lookup for object='alarm clock':\nNo task-sized summaries mention this object.\nRecommended answer: No, I have no record of that.""""

**HumanMessage**:
"""Current state:
2024/05/12 - 2024/06/04: "From May 12th to June 4th, my activities consistently revolved around kitchen duties, including preparing and cooking various meals such as potato, lettuce, tomato, toast, egg, and apple dishes, brewing coffee, and cleaning mugs. Throughout this period, I also maintained household organization by watering houseplants, tidying dressers, organizing items like credit cards, pillows, tissue boxes, newspapers, remote controls, and cabinet bottles."  
  ..."""
{}
command: answer("No, I have no record of that.")
expected output: 


 ============================== 


eval answer("No, I have no record of that.")
Answering No, I have no record of that.  with reason: None
Tokens Used: 1952
	Prompt Tokens: 1654
	Completion Tokens: 298
Successful Requests: 1
Total Cost (USD): $0.0
Evaluating sample a1fc527709ebcb56_2b5d-18f6da623ba658a2_81b3-bbc10dbfaeac4a70_eaa9-e0920a891a029502_6312-25c86e7f0e9021ad_4901-8463e3c141964336_c9cc-cf32d4a95cdbcd3a_9fa2-0e6278225ef19b63_c9c2-4f4013ceab294a80_1bb3-540ef484f67d9e3a_1664-b8729e0c4c857a8e_24b5-32e631d248583662_b131-e4909f617bc99db4_4ab8-9d1c053084e66e7b_dc9f-4e8496b9f642bba0_378e-1023a6f334db1f63_a47b-2f8d482d22e56fdd_3e5c-6e26385c641764c7_fe5a-3cc94d435588751b_fa04-23acf721b22a6456_1716-af3ea35af62cb764_aea5-2e0219649e0f3030_75e3-5c12b219bbb5bc07_6008-724c11f87d95f819_a970-03379f213dfbda39_79a2-88f8ad0d2d356270_bb95-f2fab283e8dd367a_6c4c-977b52faf01e6c05_ba05-133d52a8aaf9db3f_8ed8-5026400c43e20c2d_d3fc-4e8496b9f642bba0_36f1-0ae40b26ad1ead81_6240-6ccc8b815fbc093a_f35e-c70d9a05ca542364_77d5-36492265af47de94_a352-aa310077d368fbbc_0a82-1fa4f0593088b6f2_89ee-f2f6723ebab1e6a2_6bea-58b03cb4cc6cbe0d_dd29-a690a35743c855aa_ef68-7fee2af885b45310_e7f5-a0ccd363ffb0ee94_c237-a7663c7eb724b08d_08e7-38d01f55a8e1ff9b_ca2f-133d52a8aaf9db3f_1647-bbc10dbfaeac4a70_18d0-41b067f2ce6f3fef_d081-864a2333f20b0957_be88-3041e39d6d26d967_18c4-b001404996cd3a29_0181-0-seq_low_actions_to_episode_task_descs
[配置] 启用 FAISS 加速，索引类型: flat
[Forgetting] 命中缓存
[GraphAug] 命中图缓存 (nodes=6496, edges=18202)
Got 0 examples


 ============================== 


eval task_lookup('pick up the soapbottle')
Updated/Defined variables after execution: {}
[结构化直答] low-action task lookup matched; returning Recommended answer directly
Tokens Used: 0
	Prompt Tokens: 0
	Completion Tokens: 0
Successful Requests: 0
Total Cost (USD): $0.0
Evaluating sample a1fc527709ebcb56_2b5d-18f6da623ba658a2_81b3-bbc10dbfaeac4a70_eaa9-e0920a891a029502_6312-25c86e7f0e9021ad_4901-8463e3c141964336_c9cc-cf32d4a95cdbcd3a_9fa2-0e6278225ef19b63_c9c2-4f4013ceab294a80_1bb3-540ef484f67d9e3a_1664-b8729e0c4c857a8e_24b5-32e631d248583662_b131-e4909f617bc99db4_4ab8-9d1c053084e66e7b_dc9f-4e8496b9f642bba0_378e-1023a6f334db1f63_a47b-2f8d482d22e56fdd_3e5c-6e26385c641764c7_fe5a-3cc94d435588751b_fa04-23acf721b22a6456_1716-af3ea35af62cb764_aea5-2e0219649e0f3030_75e3-5c12b219bbb5bc07_6008-724c11f87d95f819_a970-03379f213dfbda39_79a2-88f8ad0d2d356270_bb95-f2fab283e8dd367a_6c4c-977b52faf01e6c05_ba05-133d52a8aaf9db3f_8ed8-5026400c43e20c2d_d3fc-4e8496b9f642bba0_36f1-0ae40b26ad1ead81_6240-6ccc8b815fbc093a_f35e-c70d9a05ca542364_77d5-36492265af47de94_a352-aa310077d368fbbc_0a82-1fa4f0593088b6f2_89ee-f2f6723ebab1e6a2_6bea-58b03cb4cc6cbe0d_dd29-a690a35743c855aa_ef68-7fee2af885b45310_e7f5-a0ccd363ffb0ee94_c237-a7663c7eb724b08d_08e7-38d01f55a8e1ff9b_ca2f-133d52a8aaf9db3f_1647-bbc10dbfaeac4a70_18d0-41b067f2ce6f3fef_d081-864a2333f20b0957_be88-3041e39d6d26d967_18c4-b001404996cd3a29_0181-0-exact_time_to_episode
[配置] 启用 FAISS 加速，索引类型: flat
[Forgetting] 命中缓存
[GraphAug] 命中图缓存 (nodes=6496, edges=18202)
Got 0 examples


 ============================== 


eval date_lookup('what did you do on May 28, 2024 at 08:10 AM?')
Updated/Defined variables after execution: {}

**SystemMessage**:
"""You are a smart humanoid robot answering user question about your past actions.
The history object contains information on what you did in the past, represented as a tree.
Use the method expand to look at details of a node.
Make sure to use collapse_all_but(idx) when you expanded irrelevant nodes, in order to keep the tree compact.
Enter Python expressions into the console to see the value and decide for the next command based on that result.
Answer concisely by calling answer("...") when you gathered enough information to answer the question.
Generate syntactically correct python console statements only, no explanations or other natural language statements.
IMPORTANT: If search() returns "No relevant records found", your next command MUST be answer("I have no record of that."). Do not search synonyms, do not expand further, and do not call vqa.
IMPORTANT: If you get "Nothing changed" twice, answer honestly that you have no record. Do NOT keep searching repeatedly. For just-before/just-after questions, first try one broader target search or inspect another relevant top-level time block before giving up.
For object yes/no questions, first use object_lookup("object name"). If it reports no matching summary, answer "No, I have no record of that." Do not call vqa unless you already have a directly relevant leaf image.
For task-list questions such as "List the tasks you performed", first use task_list(). Prefer its Recommended answer and chronological candidates instead of manually expanding the whole tree. For long histories, do not copy every task candidate verbatim unless the user explicitly asks for an exhaustive transcript.
For low-level action questions such as "what task did you perform when you toggle/open/pick up/place X", first use action_lookup("full low-level action"), for example action_lookup("open the drawer"). Do not call task_lookup first for these low-level action questions.
For task-description questions such as "describe what you did when you X", first use task_lookup("X"). Prefer its matching task candidates instead of manually expanding the whole tree. This does not apply to low-level action questions covered by action_lookup.
For exact date/time questions or "N days ago" questions asking what happened, first use date_lookup(question). Prefer its Recommended answer when it is confident instead of manually expanding by date.
For "How many days ago did you X?" or "When did you X?" questions, first use event_date_lookup(question). If it lists multiple days, include all of them in the final answer instead of only the most recent match.
For just-before or just-after questions, first use temporal_neighbor(target_task, direction="before" or "after") if a candidate is not already shown. Prefer the returned Recommended answer when it is confident. Only then inspect adjacent sibling or temporal nodes. Avoid expanding to raw leaf observations unless the summary is insufficient.
Do not call vqa for time, date, task-list, before/after, or yes/no object-existence questions when textual summaries already answer the question. Use vqa only for explicit visual appearance questions such as color, visible state, or what something looks like.
Never output bare parameters such as reasoning="..." answer="...". Always call answer("..."). You may call answer(reasoning="...", answer="...") only when a short reason is necessary.
Keep answer() short: answer under 60 words, and do not use markdown or backticks inside answer()."""

**HumanMessage**:
"""
def action_lookup(query: str, max_matches: int = 6) -> str # For low-level action questions, map raw leaf actions back to task-sized summaries
def answer(reasoning: str = None, answer: str = Ellipsis)
def ask(question: str)
def date_lookup(query: str, max_matches: int = 8) -> str # For exact date/time or N-days-ago questions, list matching history summaries directly
def event_date_lookup(query: str, max_matches: int = 12) -> str # For "how many days ago did you X" questions, find all matching event dates directly
def now() -> datetime.datetime
def object_lookup(object_name: str, max_matches: int = 8) -> str # For object yes/no questions, check whether task summaries mention the object
def task_list(max_tasks: int = 30) -> str # For task-list questions, list task-sized history summaries in chronological order
def task_lookup(query: str, max_matches: int = 8) -> str # For task-description questions, list task-sized summaries matching a query
def temporal_neighbor(target_task: str, direction: str = 'before', max_candidates: int = 6) -> str # For just-before/just-after questions, find the target task and return adjacent task candidates
def vqa(question: str, *images: PIL.Image.Image)
"""

**HumanMessage**:
"""Usage examples:
>>> history.expand()  # Shows the history tree with all child nodes expanded
>>> history.expand(date(2021, 12, 20))  # Expand the children that overlap with the given day
>>> history.expand(now() - timedelta(hours=6), now() - timedelta(hours=4))  # Expand all children that overlap with the given range (in this example "about 5 hours ago")
>>> history.expand((now() - timedelta(days=2)).date())  # Expand all children that overlap with the day before yesterday
>>> history.expand(0)  # Shows child node 0
>>> history[0].expand()  # Expands all child nodes of node 0 (node 0 must be expanded already to see them)
>>> history[5][2].expand()  # Shows child node 2 of child node 5 with all its child nodes expanded
>>> history.search("green cup") # Semantic index search. Expands the most relevant children according to similarity of the natural language query and the node's (recursively defined) index content.
>>> history[1][42].search("bicycle") # Semantic index search on some node further down the tree. Expands the children of node 1.42 most relevant to the search term
>>> history[3].collapse_all_but(1); history[3][1].expand()  # Zooms into details of child node 3.1 while collapsing all other childs of node 3
>>> vqa("What color is the ... in this image?",
...     history[2][4][-1][0].image)  # Invoke a model to answer a visual question about image(s) of some leaf (!) node(s)

# After gathering the relevant information, answer the question:
# Use a short final answer. Optionally provide a brief reasoning only when needed.
>>> answer("...")"""

**HumanMessage**:
"""User question: what did you do on May 28, 2024 at 08:10 AM?"""

**AIMessage**:
"""date_lookup('what did you do on May 28, 2024 at 08:10 AM?')"""

**HumanMessage**:
""""Date lookup for query='what did you do on May 28, 2024 at 08:10 AM?': resolved=2024/05/28 08:10:00.\n1. score=0.99; 2024/05/28 08:10:40 - 08:11:38: I picked up the newspaper and placed it on the dresser as requested by the user.\n2. score=0.92; 2024/05/28 08:10:40 - 08:11:53: I picked up the newspaper, placed it on the dresser as requested, and received confirmation from the user that the task was completed.\n3. score=0.84; 2024/05/28 08:10:40 - 08:11:04: Goal: Pickup(Newspaper_0) Visual observation: KeyChain_1, Watch_1, DeskLamp_0, Newspaper_0, Shelf_0, Shelf_1, Shelf_2, Shelf_3, RemoteControl, Drawer_0, SideTable, Floor DeskLamp_0, Watch_1, KeyChain_1, RemoteControl are...\n4. score=0.57; 2024/05/28 08:10 - 09:51: On May 28th, I placed a newspaper on the dresser and then cleaned multiple mugs in the sink.\n5. score=0.16; 2024/05/24 - 2024/05/30: From May 24th to May 30th, my tasks included organizing items like tissue boxes and newspapers, watering plants, and extensive kitchen work involving preparing and cooking potatoes, slicing vegetables for sandwiches, cle...\n6. score=0.08; 2024/05/12 - 2024/06/04: From May 12th to June 4th, my activities consistently revolved around kitchen duties, including preparing and cooking various meals such as potato, lettuce, tomato, toast, egg, and apple dishes, brewing coffee, and clean...\nRecommended answer: I picked up the newspaper and placed it on the dresser as requested by the user.""""

**HumanMessage**:
"""Current state:
2024/05/12 - 2024/06/04: "From May 12th to June 4th, my activities consistently revolved around kitchen duties, including preparing and cooking various meals such as potato, lettuce, tomato, toast, egg, and apple dishes, brewing coffee, and cleaning mugs. Throughout this period, I also maintained household organization by watering houseplants, tidying dressers, organizing items like credit cards, pillows, tissue boxes, newspapers, remote controls, and cabinet bottles."  
  ..."""
{}
command: answer("I picked up the newspaper and placed it on the dresser as requested by the user.")
expected output: 


 ============================== 


eval answer("I picked up the newspaper and placed it on the dresser as requested by the user.")
Answering I picked up the newspaper and placed it on the dresser as requested by the user.  with reason: None
Tokens Used: 2666
	Prompt Tokens: 2193
	Completion Tokens: 473
Successful Requests: 1
Total Cost (USD): $0.0
Evaluating sample a1fc527709ebcb56_2b5d-18f6da623ba658a2_81b3-bbc10dbfaeac4a70_eaa9-e0920a891a029502_6312-25c86e7f0e9021ad_4901-8463e3c141964336_c9cc-cf32d4a95cdbcd3a_9fa2-0e6278225ef19b63_c9c2-4f4013ceab294a80_1bb3-540ef484f67d9e3a_1664-b8729e0c4c857a8e_24b5-32e631d248583662_b131-e4909f617bc99db4_4ab8-9d1c053084e66e7b_dc9f-4e8496b9f642bba0_378e-1023a6f334db1f63_a47b-2f8d482d22e56fdd_3e5c-6e26385c641764c7_fe5a-3cc94d435588751b_fa04-23acf721b22a6456_1716-af3ea35af62cb764_aea5-2e0219649e0f3030_75e3-5c12b219bbb5bc07_6008-724c11f87d95f819_a970-03379f213dfbda39_79a2-88f8ad0d2d356270_bb95-f2fab283e8dd367a_6c4c-977b52faf01e6c05_ba05-133d52a8aaf9db3f_8ed8-5026400c43e20c2d_d3fc-4e8496b9f642bba0_36f1-0ae40b26ad1ead81_6240-6ccc8b815fbc093a_f35e-c70d9a05ca542364_77d5-36492265af47de94_a352-aa310077d368fbbc_0a82-1fa4f0593088b6f2_89ee-f2f6723ebab1e6a2_6bea-58b03cb4cc6cbe0d_dd29-a690a35743c855aa_ef68-7fee2af885b45310_e7f5-a0ccd363ffb0ee94_c237-a7663c7eb724b08d_08e7-38d01f55a8e1ff9b_ca2f-133d52a8aaf9db3f_1647-bbc10dbfaeac4a70_18d0-41b067f2ce6f3fef_d081-864a2333f20b0957_be88-3041e39d6d26d967_18c4-b001404996cd3a29_0181-0-tasks_to_exact_times
[配置] 启用 FAISS 加速，索引类型: flat
[Forgetting] 命中缓存
[GraphAug] 命中图缓存 (nodes=6496, edges=18202)
Got 0 examples


 ============================== 


eval event_date_lookup('When did you put all remote control on one dresser?')
Updated/Defined variables after execution: {}

**SystemMessage**:
"""You are a smart humanoid robot answering user question about your past actions.
The history object contains information on what you did in the past, represented as a tree.
Use the method expand to look at details of a node.
Make sure to use collapse_all_but(idx) when you expanded irrelevant nodes, in order to keep the tree compact.
Enter Python expressions into the console to see the value and decide for the next command based on that result.
Answer concisely by calling answer("...") when you gathered enough information to answer the question.
Generate syntactically correct python console statements only, no explanations or other natural language statements.
IMPORTANT: If search() returns "No relevant records found", your next command MUST be answer("I have no record of that."). Do not search synonyms, do not expand further, and do not call vqa.
IMPORTANT: If you get "Nothing changed" twice, answer honestly that you have no record. Do NOT keep searching repeatedly. For just-before/just-after questions, first try one broader target search or inspect another relevant top-level time block before giving up.
For object yes/no questions, first use object_lookup("object name"). If it reports no matching summary, answer "No, I have no record of that." Do not call vqa unless you already have a directly relevant leaf image.
For task-list questions such as "List the tasks you performed", first use task_list(). Prefer its Recommended answer and chronological candidates instead of manually expanding the whole tree. For long histories, do not copy every task candidate verbatim unless the user explicitly asks for an exhaustive transcript.
For low-level action questions such as "what task did you perform when you toggle/open/pick up/place X", first use action_lookup("full low-level action"), for example action_lookup("open the drawer"). Do not call task_lookup first for these low-level action questions.
For task-description questions such as "describe what you did when you X", first use task_lookup("X"). Prefer its matching task candidates instead of manually expanding the whole tree. This does not apply to low-level action questions covered by action_lookup.
For exact date/time questions or "N days ago" questions asking what happened, first use date_lookup(question). Prefer its Recommended answer when it is confident instead of manually expanding by date.
For "How many days ago did you X?" or "When did you X?" questions, first use event_date_lookup(question). If it lists multiple days, include all of them in the final answer instead of only the most recent match.
For just-before or just-after questions, first use temporal_neighbor(target_task, direction="before" or "after") if a candidate is not already shown. Prefer the returned Recommended answer when it is confident. Only then inspect adjacent sibling or temporal nodes. Avoid expanding to raw leaf observations unless the summary is insufficient.
Do not call vqa for time, date, task-list, before/after, or yes/no object-existence questions when textual summaries already answer the question. Use vqa only for explicit visual appearance questions such as color, visible state, or what something looks like.
Never output bare parameters such as reasoning="..." answer="...". Always call answer("..."). You may call answer(reasoning="...", answer="...") only when a short reason is necessary.
Keep answer() short: answer under 60 words, and do not use markdown or backticks inside answer()."""

**HumanMessage**:
"""
def action_lookup(query: str, max_matches: int = 6) -> str # For low-level action questions, map raw leaf actions back to task-sized summaries
def answer(reasoning: str = None, answer: str = Ellipsis)
def ask(question: str)
def date_lookup(query: str, max_matches: int = 8) -> str # For exact date/time or N-days-ago questions, list matching history summaries directly
def event_date_lookup(query: str, max_matches: int = 12) -> str # For "how many days ago did you X" questions, find all matching event dates directly
def now() -> datetime.datetime
def object_lookup(object_name: str, max_matches: int = 8) -> str # For object yes/no questions, check whether task summaries mention the object
def task_list(max_tasks: int = 30) -> str # For task-list questions, list task-sized history summaries in chronological order
def task_lookup(query: str, max_matches: int = 8) -> str # For task-description questions, list task-sized summaries matching a query
def temporal_neighbor(target_task: str, direction: str = 'before', max_candidates: int = 6) -> str # For just-before/just-after questions, find the target task and return adjacent task candidates
def vqa(question: str, *images: PIL.Image.Image)
"""

**HumanMessage**:
"""Usage examples:
>>> history.expand()  # Shows the history tree with all child nodes expanded
>>> history.expand(date(2021, 12, 20))  # Expand the children that overlap with the given day
>>> history.expand(now() - timedelta(hours=6), now() - timedelta(hours=4))  # Expand all children that overlap with the given range (in this example "about 5 hours ago")
>>> history.expand((now() - timedelta(days=2)).date())  # Expand all children that overlap with the day before yesterday
>>> history.expand(0)  # Shows child node 0
>>> history[0].expand()  # Expands all child nodes of node 0 (node 0 must be expanded already to see them)
>>> history[5][2].expand()  # Shows child node 2 of child node 5 with all its child nodes expanded
>>> history.search("green cup") # Semantic index search. Expands the most relevant children according to similarity of the natural language query and the node's (recursively defined) index content.
>>> history[1][42].search("bicycle") # Semantic index search on some node further down the tree. Expands the children of node 1.42 most relevant to the search term
>>> history[3].collapse_all_but(1); history[3][1].expand()  # Zooms into details of child node 3.1 while collapsing all other childs of node 3
>>> vqa("What color is the ... in this image?",
...     history[2][4][-1][0].image)  # Invoke a model to answer a visual question about image(s) of some leaf (!) node(s)

# After gathering the relevant information, answer the question:
# Use a short final answer. Optionally provide a brief reasoning only when needed.
>>> answer("...")"""

**HumanMessage**:
"""User question: When did you put all remote control on one dresser?"""

**AIMessage**:
"""event_date_lookup('When did you put all remote control on one dresser?')"""

**HumanMessage**:
""""Event date lookup for query='When did you put all remote control on one dresser?': event='put all remote control on one dresser', today=2024/06/04.\n1. score=0.85; days_ago=1; 2024/06/03 08:07 - 08:16: I performed an extensive search for a second remote control by checking various cabinets and drawers; I eventually found it in a cabinet and placed it on the dresser alongside the first one.\nRecommended answer: on 2024/06/03""""

**HumanMessage**:
"""Current state:
2024/05/12 - 2024/06/04: "From May 12th to June 4th, my activities consistently revolved around kitchen duties, including preparing and cooking various meals such as potato, lettuce, tomato, toast, egg, and apple dishes, brewing coffee, and cleaning mugs. Throughout this period, I also maintained household organization by watering houseplants, tidying dressers, organizing items like credit cards, pillows, tissue boxes, newspapers, remote controls, and cabinet bottles."  
  ..."""
{}
command: answer("I placed the remote controls on the dresser on June 3, 2024.")
expected output: 


 ============================== 


eval answer("I placed the remote controls on the dresser on June 3, 2024.")
Answering I placed the remote controls on the dresser on June 3, 2024.  with reason: None
Tokens Used: 1993
	Prompt Tokens: 1771
	Completion Tokens: 222
Successful Requests: 1
Total Cost (USD): $0.0
Evaluating sample a1fc527709ebcb56_2b5d-18f6da623ba658a2_81b3-bbc10dbfaeac4a70_eaa9-e0920a891a029502_6312-25c86e7f0e9021ad_4901-8463e3c141964336_c9cc-cf32d4a95cdbcd3a_9fa2-0e6278225ef19b63_c9c2-4f4013ceab294a80_1bb3-540ef484f67d9e3a_1664-b8729e0c4c857a8e_24b5-32e631d248583662_b131-e4909f617bc99db4_4ab8-9d1c053084e66e7b_dc9f-4e8496b9f642bba0_378e-1023a6f334db1f63_a47b-2f8d482d22e56fdd_3e5c-6e26385c641764c7_fe5a-3cc94d435588751b_fa04-23acf721b22a6456_1716-af3ea35af62cb764_aea5-2e0219649e0f3030_75e3-5c12b219bbb5bc07_6008-724c11f87d95f819_a970-03379f213dfbda39_79a2-88f8ad0d2d356270_bb95-f2fab283e8dd367a_6c4c-977b52faf01e6c05_ba05-133d52a8aaf9db3f_8ed8-5026400c43e20c2d_d3fc-4e8496b9f642bba0_36f1-0ae40b26ad1ead81_6240-6ccc8b815fbc093a_f35e-c70d9a05ca542364_77d5-36492265af47de94_a352-aa310077d368fbbc_0a82-1fa4f0593088b6f2_89ee-f2f6723ebab1e6a2_6bea-58b03cb4cc6cbe0d_dd29-a690a35743c855aa_ef68-7fee2af885b45310_e7f5-a0ccd363ffb0ee94_c237-a7663c7eb724b08d_08e7-38d01f55a8e1ff9b_ca2f-133d52a8aaf9db3f_1647-bbc10dbfaeac4a70_18d0-41b067f2ce6f3fef_d081-864a2333f20b0957_be88-3041e39d6d26d967_18c4-b001404996cd3a29_0181-0-tasks_to_days_ago
[配置] 启用 FAISS 加速，索引类型: flat
[Forgetting] 命中缓存
[GraphAug] 命中图缓存 (nodes=6496, edges=18202)
Got 0 examples


 ============================== 


eval event_date_lookup('Today is Jun 04, 2024 at 02:23 PM. How many days ago did you prepare coffee in a clean mug?')
Updated/Defined variables after execution: {}

**SystemMessage**:
"""You are a smart humanoid robot answering user question about your past actions.
The history object contains information on what you did in the past, represented as a tree.
Use the method expand to look at details of a node.
Make sure to use collapse_all_but(idx) when you expanded irrelevant nodes, in order to keep the tree compact.
Enter Python expressions into the console to see the value and decide for the next command based on that result.
Answer concisely by calling answer("...") when you gathered enough information to answer the question.
Generate syntactically correct python console statements only, no explanations or other natural language statements.
IMPORTANT: If search() returns "No relevant records found", your next command MUST be answer("I have no record of that."). Do not search synonyms, do not expand further, and do not call vqa.
IMPORTANT: If you get "Nothing changed" twice, answer honestly that you have no record. Do NOT keep searching repeatedly. For just-before/just-after questions, first try one broader target search or inspect another relevant top-level time block before giving up.
For object yes/no questions, first use object_lookup("object name"). If it reports no matching summary, answer "No, I have no record of that." Do not call vqa unless you already have a directly relevant leaf image.
For task-list questions such as "List the tasks you performed", first use task_list(). Prefer its Recommended answer and chronological candidates instead of manually expanding the whole tree. For long histories, do not copy every task candidate verbatim unless the user explicitly asks for an exhaustive transcript.
For low-level action questions such as "what task did you perform when you toggle/open/pick up/place X", first use action_lookup("full low-level action"), for example action_lookup("open the drawer"). Do not call task_lookup first for these low-level action questions.
For task-description questions such as "describe what you did when you X", first use task_lookup("X"). Prefer its matching task candidates instead of manually expanding the whole tree. This does not apply to low-level action questions covered by action_lookup.
For exact date/time questions or "N days ago" questions asking what happened, first use date_lookup(question). Prefer its Recommended answer when it is confident instead of manually expanding by date.
For "How many days ago did you X?" or "When did you X?" questions, first use event_date_lookup(question). If it lists multiple days, include all of them in the final answer instead of only the most recent match.
For just-before or just-after questions, first use temporal_neighbor(target_task, direction="before" or "after") if a candidate is not already shown. Prefer the returned Recommended answer when it is confident. Only then inspect adjacent sibling or temporal nodes. Avoid expanding to raw leaf observations unless the summary is insufficient.
Do not call vqa for time, date, task-list, before/after, or yes/no object-existence questions when textual summaries already answer the question. Use vqa only for explicit visual appearance questions such as color, visible state, or what something looks like.
Never output bare parameters such as reasoning="..." answer="...". Always call answer("..."). You may call answer(reasoning="...", answer="...") only when a short reason is necessary.
Keep answer() short: answer under 60 words, and do not use markdown or backticks inside answer()."""

**HumanMessage**:
"""
def action_lookup(query: str, max_matches: int = 6) -> str # For low-level action questions, map raw leaf actions back to task-sized summaries
def answer(reasoning: str = None, answer: str = Ellipsis)
def ask(question: str)
def date_lookup(query: str, max_matches: int = 8) -> str # For exact date/time or N-days-ago questions, list matching history summaries directly
def event_date_lookup(query: str, max_matches: int = 12) -> str # For "how many days ago did you X" questions, find all matching event dates directly
def now() -> datetime.datetime
def object_lookup(object_name: str, max_matches: int = 8) -> str # For object yes/no questions, check whether task summaries mention the object
def task_list(max_tasks: int = 30) -> str # For task-list questions, list task-sized history summaries in chronological order
def task_lookup(query: str, max_matches: int = 8) -> str # For task-description questions, list task-sized summaries matching a query
def temporal_neighbor(target_task: str, direction: str = 'before', max_candidates: int = 6) -> str # For just-before/just-after questions, find the target task and return adjacent task candidates
def vqa(question: str, *images: PIL.Image.Image)
"""

**HumanMessage**:
"""Usage examples:
>>> history.expand()  # Shows the history tree with all child nodes expanded
>>> history.expand(date(2021, 12, 20))  # Expand the children that overlap with the given day
>>> history.expand(now() - timedelta(hours=6), now() - timedelta(hours=4))  # Expand all children that overlap with the given range (in this example "about 5 hours ago")
>>> history.expand((now() - timedelta(days=2)).date())  # Expand all children that overlap with the day before yesterday
>>> history.expand(0)  # Shows child node 0
>>> history[0].expand()  # Expands all child nodes of node 0 (node 0 must be expanded already to see them)
>>> history[5][2].expand()  # Shows child node 2 of child node 5 with all its child nodes expanded
>>> history.search("green cup") # Semantic index search. Expands the most relevant children according to similarity of the natural language query and the node's (recursively defined) index content.
>>> history[1][42].search("bicycle") # Semantic index search on some node further down the tree. Expands the children of node 1.42 most relevant to the search term
>>> history[3].collapse_all_but(1); history[3][1].expand()  # Zooms into details of child node 3.1 while collapsing all other childs of node 3
>>> vqa("What color is the ... in this image?",
...     history[2][4][-1][0].image)  # Invoke a model to answer a visual question about image(s) of some leaf (!) node(s)

# After gathering the relevant information, answer the question:
# Use a short final answer. Optionally provide a brief reasoning only when needed.
>>> answer("...")"""

**HumanMessage**:
"""User question: Today is Jun 04, 2024 at 02:23 PM. How many days ago did you prepare coffee in a clean mug?"""

**AIMessage**:
"""event_date_lookup('Today is Jun 04, 2024 at 02:23 PM. How many days ago did you prepare coffee in a clean mug?')"""

**HumanMessage**:
""""Event date lookup for query='Today is Jun 04, 2024 at 02:23 PM. How many days ago did you prepare coffee in a clean mug?': event='prepare coffee in a clean mug', today=2024/06/04.\n1. score=0.67; days_ago=22; 2024/05/13 13:20 - 13:24: I prepared a mug by cleaning it at the sink, then used it to brew a fresh cup of coffee in the coffee machine.\n2. score=0.60; days_ago=20; 2024/05/15 19:41:16 - 19:41:59: I rinsed a dirty mug in the sink and then placed it on the coffee machine to start brewing coffee.\n3. score=0.72; days_ago=19; 2024/05/16 14:19 - 14:24: I was instructed to clean the mugs. I picked up a dirty cup, placed it in the sink, then took a filled mug, emptied it, placed it in the coffee machine, and turned the machine on to make coffee.\n4. score=0.65; days_ago=18; 2024/05/17 15:57 - 16:03: Following instructions to prepare breakfast, I started by retrieving a mug from the garbage, cleaning it, and making coffee. I then sliced bread, toasted two pieces, and added a slice of tomato to the plate. After gather...\n5. score=0.50; days_ago=17; 2024/05/18 09:13 - 16:59: On May 18th, I cleaned a dirty mug in the sink and then prepared a salad by slicing a tomato, egg, and potato, plating some of the ingredients.\n6. score=0.71; days_ago=15; 2024/05/20 11:01 - 11:08: Following the user's instruction to make two cups of coffee, I washed two dirty mugs and used the coffee machine to prepare them.\n7. score=0.84; days_ago=6; 2024/05/29 13:53:18 - 13:53:42: I placed the clean mug into the coffee machine and started the brewing process to prepare coffee.\n8. score=0.54; days_ago=2; 2024/06/02 19:44 - 19:59: I prepared a cup of coffee and a salad. This involved washing a cup and brewing coffee, followed by gathering ingredients and preparing a salad with lettuce, potato, and tomato.\n9. score=0.66; days_ago=1; 2024/06/03 11:16:27 - 11:17:26: I picked up a dirty mug, rinsed it in the sink, placed it in the coffee machine, and operated the coffee machine to make coffee.\n10. score=0.71; days_ago=0; 2024/06/04 12:35 - 12:40: I prepared coffee by picking up a mug from a chair, cleaning it at the sink, and then using the coffee machine to brew the coffee before announcing the task's completion.\nRecommended answer: 22 days ago and 20 days ago and 19 days ago and 18 days ago and 17 days ago and 15 days ago and 6 days ago and 1 day ago and 0 days ago""""

**HumanMessage**:
"""Current state:
2024/05/12 - 2024/06/04: "From May 12th to June 4th, my activities consistently revolved around kitchen duties, including preparing and cooking various meals such as potato, lettuce, tomato, toast, egg, and apple dishes, brewing coffee, and cleaning mugs. Throughout this period, I also maintained household organization by watering houseplants, tidying dressers, organizing items like credit cards, pillows, tissue boxes, newspapers, remote controls, and cabinet bottles."  
  ..."""
{}
command: answer("I prepared coffee in a clean mug 22, 20, 19, 18, 17, 1
expected output: 


 ============================== 


eval answer("I prepared coffee in a clean mug 22, 20, 19, 18, 17, 1


 ============================== 


eval answer("I prepared coffee in a clean mug 22, 20, 19, 18, 17, 1


 ============================== 




answer("I prepared coffee in a clean mug 22, 20, 19, 18, 17, 1

[结构化回退] answer(...) 语法错误，返回结构化推荐答案
Tokens Used: 3319
	Prompt Tokens: 2555
	Completion Tokens: 764
Successful Requests: 1
Total Cost (USD): $0.0
Evaluating sample a1fc527709ebcb56_2b5d-18f6da623ba658a2_81b3-bbc10dbfaeac4a70_eaa9-e0920a891a029502_6312-25c86e7f0e9021ad_4901-8463e3c141964336_c9cc-cf32d4a95cdbcd3a_9fa2-0e6278225ef19b63_c9c2-4f4013ceab294a80_1bb3-540ef484f67d9e3a_1664-b8729e0c4c857a8e_24b5-32e631d248583662_b131-e4909f617bc99db4_4ab8-9d1c053084e66e7b_dc9f-4e8496b9f642bba0_378e-1023a6f334db1f63_a47b-2f8d482d22e56fdd_3e5c-6e26385c641764c7_fe5a-3cc94d435588751b_fa04-23acf721b22a6456_1716-af3ea35af62cb764_aea5-2e0219649e0f3030_75e3-5c12b219bbb5bc07_6008-724c11f87d95f819_a970-03379f213dfbda39_79a2-88f8ad0d2d356270_bb95-f2fab283e8dd367a_6c4c-977b52faf01e6c05_ba05-133d52a8aaf9db3f_8ed8-5026400c43e20c2d_d3fc-4e8496b9f642bba0_36f1-0ae40b26ad1ead81_6240-6ccc8b815fbc093a_f35e-c70d9a05ca542364_77d5-36492265af47de94_a352-aa310077d368fbbc_0a82-1fa4f0593088b6f2_89ee-f2f6723ebab1e6a2_6bea-58b03cb4cc6cbe0d_dd29-a690a35743c855aa_ef68-7fee2af885b45310_e7f5-a0ccd363ffb0ee94_c237-a7663c7eb724b08d_08e7-38d01f55a8e1ff9b_ca2f-133d52a8aaf9db3f_1647-bbc10dbfaeac4a70_18d0-41b067f2ce6f3fef_d081-864a2333f20b0957_be88-3041e39d6d26d967_18c4-b001404996cd3a29_0181-0-days_ago_to_episode
[配置] 启用 FAISS 加速，索引类型: flat
[Forgetting] 命中缓存
[GraphAug] 命中图缓存 (nodes=6496, edges=18202)
Got 0 examples


 ============================== 


eval date_lookup('Today is Jun 04, 2024 at 02:23 PM. What did you do 9 days ago?')
Updated/Defined variables after execution: {}

**SystemMessage**:
"""You are a smart humanoid robot answering user question about your past actions.
The history object contains information on what you did in the past, represented as a tree.
Use the method expand to look at details of a node.
Make sure to use collapse_all_but(idx) when you expanded irrelevant nodes, in order to keep the tree compact.
Enter Python expressions into the console to see the value and decide for the next command based on that result.
Answer concisely by calling answer("...") when you gathered enough information to answer the question.
Generate syntactically correct python console statements only, no explanations or other natural language statements.
IMPORTANT: If search() returns "No relevant records found", your next command MUST be answer("I have no record of that."). Do not search synonyms, do not expand further, and do not call vqa.
IMPORTANT: If you get "Nothing changed" twice, answer honestly that you have no record. Do NOT keep searching repeatedly. For just-before/just-after questions, first try one broader target search or inspect another relevant top-level time block before giving up.
For object yes/no questions, first use object_lookup("object name"). If it reports no matching summary, answer "No, I have no record of that." Do not call vqa unless you already have a directly relevant leaf image.
For task-list questions such as "List the tasks you performed", first use task_list(). Prefer its Recommended answer and chronological candidates instead of manually expanding the whole tree. For long histories, do not copy every task candidate verbatim unless the user explicitly asks for an exhaustive transcript.
For low-level action questions such as "what task did you perform when you toggle/open/pick up/place X", first use action_lookup("full low-level action"), for example action_lookup("open the drawer"). Do not call task_lookup first for these low-level action questions.
For task-description questions such as "describe what you did when you X", first use task_lookup("X"). Prefer its matching task candidates instead of manually expanding the whole tree. This does not apply to low-level action questions covered by action_lookup.
For exact date/time questions or "N days ago" questions asking what happened, first use date_lookup(question). Prefer its Recommended answer when it is confident instead of manually expanding by date.
For "How many days ago did you X?" or "When did you X?" questions, first use event_date_lookup(question). If it lists multiple days, include all of them in the final answer instead of only the most recent match.
For just-before or just-after questions, first use temporal_neighbor(target_task, direction="before" or "after") if a candidate is not already shown. Prefer the returned Recommended answer when it is confident. Only then inspect adjacent sibling or temporal nodes. Avoid expanding to raw leaf observations unless the summary is insufficient.
Do not call vqa for time, date, task-list, before/after, or yes/no object-existence questions when textual summaries already answer the question. Use vqa only for explicit visual appearance questions such as color, visible state, or what something looks like.
Never output bare parameters such as reasoning="..." answer="...". Always call answer("..."). You may call answer(reasoning="...", answer="...") only when a short reason is necessary.
Keep answer() short: answer under 60 words, and do not use markdown or backticks inside answer()."""

**HumanMessage**:
"""
def action_lookup(query: str, max_matches: int = 6) -> str # For low-level action questions, map raw leaf actions back to task-sized summaries
def answer(reasoning: str = None, answer: str = Ellipsis)
def ask(question: str)
def date_lookup(query: str, max_matches: int = 8) -> str # For exact date/time or N-days-ago questions, list matching history summaries directly
def event_date_lookup(query: str, max_matches: int = 12) -> str # For "how many days ago did you X" questions, find all matching event dates directly
def now() -> datetime.datetime
def object_lookup(object_name: str, max_matches: int = 8) -> str # For object yes/no questions, check whether task summaries mention the object
def task_list(max_tasks: int = 30) -> str # For task-list questions, list task-sized history summaries in chronological order
def task_lookup(query: str, max_matches: int = 8) -> str # For task-description questions, list task-sized summaries matching a query
def temporal_neighbor(target_task: str, direction: str = 'before', max_candidates: int = 6) -> str # For just-before/just-after questions, find the target task and return adjacent task candidates
def vqa(question: str, *images: PIL.Image.Image)
"""

**HumanMessage**:
"""Usage examples:
>>> history.expand()  # Shows the history tree with all child nodes expanded
>>> history.expand(date(2021, 12, 20))  # Expand the children that overlap with the given day
>>> history.expand(now() - timedelta(hours=6), now() - timedelta(hours=4))  # Expand all children that overlap with the given range (in this example "about 5 hours ago")
>>> history.expand((now() - timedelta(days=2)).date())  # Expand all children that overlap with the day before yesterday
>>> history.expand(0)  # Shows child node 0
>>> history[0].expand()  # Expands all child nodes of node 0 (node 0 must be expanded already to see them)
>>> history[5][2].expand()  # Shows child node 2 of child node 5 with all its child nodes expanded
>>> history.search("green cup") # Semantic index search. Expands the most relevant children according to similarity of the natural language query and the node's (recursively defined) index content.
>>> history[1][42].search("bicycle") # Semantic index search on some node further down the tree. Expands the children of node 1.42 most relevant to the search term
>>> history[3].collapse_all_but(1); history[3][1].expand()  # Zooms into details of child node 3.1 while collapsing all other childs of node 3
>>> vqa("What color is the ... in this image?",
...     history[2][4][-1][0].image)  # Invoke a model to answer a visual question about image(s) of some leaf (!) node(s)

# After gathering the relevant information, answer the question:
# Use a short final answer. Optionally provide a brief reasoning only when needed.
>>> answer("...")"""

**HumanMessage**:
"""User question: Today is Jun 04, 2024 at 02:23 PM. What did you do 9 days ago?"""

**AIMessage**:
"""date_lookup('Today is Jun 04, 2024 at 02:23 PM. What did you do 9 days ago?')"""

**HumanMessage**:
""""Date lookup for query='Today is Jun 04, 2024 at 02:23 PM. What did you do 9 days ago?': resolved=2024/05/26.\n1. score=0.85; 2024/05/26 15:10 - 15:18: I prepared potato slices by slicing a potato and arranging them on a plate, then cooked them in a pan on the stove before returning them to the plate and making a concluding speech utterance.\n2. score=0.85; 2024/05/26 14:29:24 - 14:30:06: I was asked to water a plant. I picked up a cup from the counter, poured its contents into the houseplant located on the island, and then returned the cup to the countertop.\n3. score=0.79; 2024/05/26 14:29 - 15:18: On May 26th, I watered a plant using a cup and then prepared potato slices by arranging and cooking them on a plate.\n4. score=0.78; 2024/05/26 15:13 - 15:18: Next, the robot cooked the potato slices by placing them in a pan on the stove. After cooking, it returned the five slices to the plate. The robot also interacted with the microwave during this process.\n5. score=0.78; 2024/05/26 15:10:45 - 15:13:39: The robot prepared potato slices by retrieving a potato and a plate, slicing the potato, and arranging five slices on the plate.\n6. score=0.78; 2024/05/26 15:18:05 - 15:18:05: The robot makes a speech utterance.\n7. score=0.70; 2024/05/26 15:13:43 - 15:15:23: The robot turns off and opens the microwave, then picks up the plate with sliced potatoes and places it on the countertop. It also picks up a cooked potato and places it on a different countertop.\n8. score=0.70; 2024/05/26 15:15:26 - 15:16:56: The robot picks up five potato slices from the countertop and places them into a pan on the stove to cook.\nRecommended answer: I prepared potato slices by slicing a potato and arranging them on a plate, then cooked them in a pan on the stove before returning them to the plate and making a concluding speech utterance. I was asked to water a plant. I picked up a cup from the counter, poured its contents into the houseplant located on the island, and then returned the cup to the countertop. On May 26th, I watered a plant using a cup and then prepared potato slices by arranging and cooking them on a plate. Next, the robot cooked the potato slices by placing them in a pan on the stove. After cooking, it returned the five slices to the plate. The robot also interacted with the microwave during this process.""""

**HumanMessage**:
"""Current state:
2024/05/12 - 2024/06/04: "From May 12th to June 4th, my activities consistently revolved around kitchen duties, including preparing and cooking various meals such as potato, lettuce, tomato, toast, egg, and apple dishes, brewing coffee, and cleaning mugs. Throughout this period, I also maintained household organization by watering houseplants, tidying dressers, organizing items like credit cards, pillows, tissue boxes, newspapers, remote controls, and cabinet bottles."  
  ..."""
{}
command: answer("Nine days ago, on May 26th, I watered a plant and prepared potato slices. I sliced a potato, arranged the
expected output: 


 ============================== 


eval answer("Nine days ago, on May 26th, I watered a plant and prepared potato slices. I sliced a potato, arranged the


 ============================== 


eval answer("Nine days ago, on May 26th, I watered a plant and prepared potato slices. I sliced a potato, arranged the


 ============================== 




answer("Nine days ago, on May 26th, I watered a plant and prepared potato slices. I sliced a potato, arranged the

[结构化回退] answer(...) 语法错误，返回结构化推荐答案
Tokens Used: 3181
	Prompt Tokens: 2417
	Completion Tokens: 764
Successful Requests: 1
Total Cost (USD): $0.0
Evaluating sample 2b5a33d4908ee77d_fb8b-f2fab283e8dd367a_6c4c-30a7f003c3e49f70_ff1d-97fd7c6740b657f5_58dc-f211958a124a5ea7_cbf0-c7cc40993ef8468b_ad24-369a8cd57dde1b82_096e-d9a7f5476eac3df6_7a11-8455e3db97f9a4dc_de9d-0de4b62afcd06138_e549-724c11f87d95f819_a970-8f7791c488b51c98_fa79-d4c51dc230306c8b_d93b-7d0db28e7d18c776_c97a-6ccc8b815fbc093a_3e3a-6f28bbc4c8ed232a_bfc2-2f8d482d22e56fdd_410e-3ebbcf3c3aed7c9e_2eb2-61e8f5910474b00b_53e6-c66cfa360ba2ee00_45b2-89512fd6f5557f29_2369-a82cd949493bada0_ffe5-7334889a1fa54076_cb4c-a800b94ef5813e01_14fc-7172fd55ac8095bd_e687-32e631d248583662_b131-977b52faf01e6c05_ebe0-92904ea754a401e6_2b2c-271e4ccbac4343e1_87d1-52e190f2e5f3b790_edbb-cf32d4a95cdbcd3a_9fa2-25b52159ad56e77c_ff7f-50bc3abf986ccabb_aaee-823f0fe4bda8607c_34d8-18f6da623ba658a2_aa07-d33861eae5655995_2fb1-fe6b3de8c88b8573_9f76-79c66caa40f16dbc_874a-133d52a8aaf9db3f_1647-b63996c03c2d6b3e_6ac5-35025f516f41aba5_ba52-0d49a886a3c99bab_4ed0-1af6ffb5c083156a_9b7a-a1694dc92f54473f_0b07-50bc3abf986ccabb_7071-c81332c37968338f_2fef-4d30e90e534e9cbb_732b-a82cd949493bada0_0827-cce21676357b2d20_b27c-dc506a8ff8638954_1a5a-0-sequence_of_task_descs
[配置] 启用 FAISS 加速，索引类型: flat
[Forgetting] 解析遗忘配置...
[Forgetting] 开始记忆巩固...
[Forgetting] 收集到 6621 个事件节点
[Forgetting] 构建临时轻量图计算度中心性...
[Forgetting] 临时图度中心性: max_degree=74, 有连接的节点数=6294
[Forgetting] 计算节点 embeddings...
Embedding 3896 , new: 1175
[Forgetting] 安全下限触发: θ₁ 从 0.500 下调到 0.228
[Forgetting] 巩固完成: 完整保留=2029 (30.6%), 去细节化=4592 (69.4%), 摘要保留=0 (0.0%), 豁免=805
[Forgetting] 统计: {'total': 6621, 'level_0_full_retain': 2029, 'level_1_detail_removed': 4592, 'level_2_summary_only': 0, 'immune_count': 805, 'effective_theta_1': 0.22770039049376975, 'effective_theta_2': 0.09108015619750791, 'retain_ratio': 0.3064491768615013, 'forgetting_ratio': 0.6935508231384987}
[GraphAug] 开始构建记忆图...
[MemoryGraph] 收集到 6621 个事件节点
[MemoryGraph] 时间相邻边: 5248
[MemoryGraph] 共享物体边: 13555
[MemoryGraph] 唯一动作数: 418, 相似动作对: 1089
[MemoryGraph] 相似动作边: 1863
[MemoryGraph] 图构建完成: {'num_nodes': 6621, 'num_edges': 20666, 'edges_temporal_adjacent': 5248, 'edges_co_object': 13555, 'edges_similar_action': 1863}
[GraphAug] 记忆图构建完成
Got 0 examples


 ============================== 


eval task_list()
Updated/Defined variables after execution: {}

**SystemMessage**:
"""You are a smart humanoid robot answering user question about your past actions.
The history object contains information on what you did in the past, represented as a tree.
Use the method expand to look at details of a node.
Make sure to use collapse_all_but(idx) when you expanded irrelevant nodes, in order to keep the tree compact.
Enter Python expressions into the console to see the value and decide for the next command based on that result.
Answer concisely by calling answer("...") when you gathered enough information to answer the question.
Generate syntactically correct python console statements only, no explanations or other natural language statements.
IMPORTANT: If search() returns "No relevant records found", your next command MUST be answer("I have no record of that."). Do not search synonyms, do not expand further, and do not call vqa.
IMPORTANT: If you get "Nothing changed" twice, answer honestly that you have no record. Do NOT keep searching repeatedly. For just-before/just-after questions, first try one broader target search or inspect another relevant top-level time block before giving up.
For object yes/no questions, first use object_lookup("object name"). If it reports no matching summary, answer "No, I have no record of that." Do not call vqa unless you already have a directly relevant leaf image.
For task-list questions such as "List the tasks you performed", first use task_list(). Prefer its Recommended answer and chronological candidates instead of manually expanding the whole tree. For long histories, do not copy every task candidate verbatim unless the user explicitly asks for an exhaustive transcript.
For low-level action questions such as "what task did you perform when you toggle/open/pick up/place X", first use action_lookup("full low-level action"), for example action_lookup("open the drawer"). Do not call task_lookup first for these low-level action questions.
For task-description questions such as "describe what you did when you X", first use task_lookup("X"). Prefer its matching task candidates instead of manually expanding the whole tree. This does not apply to low-level action questions covered by action_lookup.
For exact date/time questions or "N days ago" questions asking what happened, first use date_lookup(question). Prefer its Recommended answer when it is confident instead of manually expanding by date.
For "How many days ago did you X?" or "When did you X?" questions, first use event_date_lookup(question). If it lists multiple days, include all of them in the final answer instead of only the most recent match.
For just-before or just-after questions, first use temporal_neighbor(target_task, direction="before" or "after") if a candidate is not already shown. Prefer the returned Recommended answer when it is confident. Only then inspect adjacent sibling or temporal nodes. Avoid expanding to raw leaf observations unless the summary is insufficient.
Do not call vqa for time, date, task-list, before/after, or yes/no object-existence questions when textual summaries already answer the question. Use vqa only for explicit visual appearance questions such as color, visible state, or what something looks like.
Never output bare parameters such as reasoning="..." answer="...". Always call answer("..."). You may call answer(reasoning="...", answer="...") only when a short reason is necessary.
Keep answer() short: answer under 60 words, and do not use markdown or backticks inside answer()."""

**HumanMessage**:
"""
def action_lookup(query: str, max_matches: int = 6) -> str # For low-level action questions, map raw leaf actions back to task-sized summaries
def answer(reasoning: str = None, answer: str = Ellipsis)
def ask(question: str)
def date_lookup(query: str, max_matches: int = 8) -> str # For exact date/time or N-days-ago questions, list matching history summaries directly
def event_date_lookup(query: str, max_matches: int = 12) -> str # For "how many days ago did you X" questions, find all matching event dates directly
def now() -> datetime.datetime
def object_lookup(object_name: str, max_matches: int = 8) -> str # For object yes/no questions, check whether task summaries mention the object
def task_list(max_tasks: int = 30) -> str # For task-list questions, list task-sized history summaries in chronological order
def task_lookup(query: str, max_matches: int = 8) -> str # For task-description questions, list task-sized summaries matching a query
def temporal_neighbor(target_task: str, direction: str = 'before', max_candidates: int = 6) -> str # For just-before/just-after questions, find the target task and return adjacent task candidates
def vqa(question: str, *images: PIL.Image.Image)
"""

**HumanMessage**:
"""Usage examples:
>>> history.expand()  # Shows the history tree with all child nodes expanded
>>> history.expand(date(2021, 12, 20))  # Expand the children that overlap with the given day
>>> history.expand(now() - timedelta(hours=6), now() - timedelta(hours=4))  # Expand all children that overlap with the given range (in this example "about 5 hours ago")
>>> history.expand((now() - timedelta(days=2)).date())  # Expand all children that overlap with the day before yesterday
>>> history.expand(0)  # Shows child node 0
>>> history[0].expand()  # Expands all child nodes of node 0 (node 0 must be expanded already to see them)
>>> history[5][2].expand()  # Shows child node 2 of child node 5 with all its child nodes expanded
>>> history.search("green cup") # Semantic index search. Expands the most relevant children according to similarity of the natural language query and the node's (recursively defined) index content.
>>> history[1][42].search("bicycle") # Semantic index search on some node further down the tree. Expands the children of node 1.42 most relevant to the search term
>>> history[3].collapse_all_but(1); history[3][1].expand()  # Zooms into details of child node 3.1 while collapsing all other childs of node 3
>>> vqa("What color is the ... in this image?",
...     history[2][4][-1][0].image)  # Invoke a model to answer a visual question about image(s) of some leaf (!) node(s)

# After gathering the relevant information, answer the question:
# Use a short final answer. Optionally provide a brief reasoning only when needed.
>>> answer("...")"""

**HumanMessage**:
"""User question: List the tasks you performed."""

**AIMessage**:
"""task_list()"""

**HumanMessage**:
""""Task list candidates in chronological order:\nUse these as evidence. If there are many candidates, do not copy every candidate verbatim; use the Recommended answer unless the user explicitly asks for an exhaustive transcript.\n1. 2023/04/13 14:26 - 14:33: I started by opening a cabinet to find bread, then picked up the bread and placed it on the countertop. I also picked up a knife and sliced the bread into multiple pieces.\n2. 2023/04/14 09:30 - 09:35: I prepared two mugs of coffee by cleaning each mug and using the coffee machine.\n3. 2023/04/14 09:36 - 09:41: I prepared toast and served it on plates, which involved washing a dirty plate and organizing the slices across two separate plates.\n4. 2023/04/16 12:21 - 12:26: I gathered sandwich fillings by retrieving a tomato from the fridge and lettuce from a cabinet, then sliced both, and completed the sandwich by adding a slice of tomato and lettuce between the toasted bread on the plate. The user confirmed...\n5. 2023/04/17 09:13 - 09:18: I placed one potato slice in the microwave, then rearranged items on the counter and removed an apple from the microwave before placing the second slice inside. I then cooked both potato slices.\n6. 2023/04/17 09:18 - 09:26: After the potato slices were cooked, I retrieved a plate from a cabinet, cleared a space on the counter, and placed both cooked slices onto the plate to complete the task.\n7. 2023/04/17 14:28 - 14:36: I prepared the ingredients for a salad by slicing a tomato and then cooking and slicing a potato.\n8. 2023/04/17 14:36 - 14:40: I completed the salad by plating the tomato and potato slices on a clean plate and confirmed task completion.\n9. 2023/04/18 17:46 - 17:51: Following an instruction to cook the potato slices, I placed three slices into a pan on the stove and cooked them.\n10. 2023/04/18 17:52 - 18:08: To complete the task, I was instructed to plate the salad. I retrieved a plate and assembled the final dish with the cooked potato slices and a slice of lettuce, after which the user confirmed the task was complete.\n11. 2023/04/19 14:31 - 14:36: I prepared and washed a dirty plate by clearing items from the sink basin, rinsing the plate, and then placing the clean plate on the countertop.\n12. 2023/04/19 14:36 - 14:42: I prepared the bread by slicing it and toasting two separate slices, placing the first piece of toast on the plate and the second on the countertop.\n13. 2023/04/19 19:09 - 19:14: I cooked five freshly cut potato slices in the microwave, then retrieved a clean plate from the fridge, and transferred the cooked slices to the plate.\n14. 2023/04/20 12:20 - 12:26: The user asked me to slice some lettuce. I opened the fridge, picked up a knife, and sliced the lettuce inside the fridge.\n15. 2023/04/24 17:24 - 17:30: The robot cleans a dirty mug by rinsing it in the sink, then places it in the coffee machine and interacts with the coffee machine and a stove knob.\n16. 2023/04/24 17:30 - 17:45: The robot prepares a sandwich by retrieving bread, slicing it, toasting two slices, slicing a tomato, and then slicing lettuce before assembling a sandwich on a plate with the toasted bread, tomato, and lettuce.\n17. 2023/04/25 14:55 - 15:00: I prepared the bread by slicing it on the countertop and toasting two slices individually.\n18. 2023/04/25 15:01 - 15:15: I sliced the lettuce, retrieved a plate, and assembled the toasted bread and lettuce onto the plate to complete the task.\n19. 2023/04/27 15:49 - 15:57: I cleaned a dirty plate by retrieving it from the garbage can (after clearing space by picking up an apple), washing it in the sink, and then placing it on the countertop.\n20. 2023/04/28 13:36 - 13:40: I retrieved a knife from the fridge and began preparing the vegetables by slicing lettuce and a tomato according to the user's instructions.\n21. 2023/04/29 16:37 - 16:41: I received instructions to process a potato, so I picked up a knife, placed it on the countertop, then picked up and put down the potato. I then used the knife to slice the potato and returned the knife to the countertop.\n22. 2023/04/29 16:41 - 16:47: I placed three potato slices into the microwave, cooked them, and then retrieved all three cooked slices, placing them onto a plate on the countertop.\n23. 2023/04/30 09:31 - 09:45: I began by preparing and slicing a potato as requested, then microwaved the slices and started an initial assembly of the meal on a plate.\n24. 2023/04/30 09:45 - 09:55: I transitioned the potatoes to the stove for final cooking, cleaned the necessary workspace and dishes, and completed the final plating of the potato and tomato slices.\n25. 2023/04/30 12:02 - 12:06: I prepared a cup of coffee by retrieving a mug from the microwave and starting the brewing process in the coffee machine.\n26. 2023/04/30 12:06 - 12:18: I prepared the food ingredients by slicing lettuce, a tomato, and a cooked potato on the countertop.\n27. 2023/04/30 12:18 - 12:22: I retrieved a plate and assembled the sliced ingredients with bread to complete the meal preparation.\n28. 2023/05/01 10:55 - 10:59: I placed Box_1 and three tissue boxes (TissueBox_2, TissueBox_1, and TissueBox_0) on the dresser, pausing my tidying task to briefly explore the room by opening and closing several cabinets.\n29. 2023/05/05 13:18 - 13:32: I was instructed to boil a potato. I prepared and cleaned a pot, filled it with water, placed it on the stove, added potatoes, and boiled them. After cooking, I emptied the pot and placed a cooked potato on the countertop.\n30. 2023/05/06 10:26 - 10:31: I prepared a meal by slicing a tomato and a potato, cooking the potato slices in the microwave, and finally plating everything on the countertop.\nRecommended answer: From 2023/04/13 to 2023/05/06, I performed 30 recorded task groups, including bread, toast, and sandwich preparation; potato cooking and slicing; salad, lettuce, and tomato preparation; coffee and drinkware tasks; dish, plate, bowl, and pan cleaning; household organization tasks; plant watering.""""

**HumanMessage**:
"""Current state:
2023/04/13 - 2023/05/06: "From April 13th to May 6th, my primary activities revolved around daily kitchen operations and food preparation, including making various breakfasts, tomato-based dishes, salads, and cooked potato meals, alongside consistent plate and sink cleaning. I also performed household maintenance tasks such as watering plants, locating remote controls, tidying a dresser, and sorting watches."  
  ..."""
{}
command: answer(answer="From 2023/04/13 to 2023/05/06, I performed 30 recorded task groups, including bread, toast, and sandwich preparation; potato cooking and slicing; salad, lettuce, and tomato preparation; coffee and drinkware tasks; dish, plate, bowl, and pan cleaning; household organization tasks; plant watering.")
expected output: 


 ============================== 


eval answer(answer="From 2023/04/13 to 2023/05/06, I performed 30 recorded task groups, including bread, toast, and sandwich preparation; potato cooking and slicing; salad, lettuce, and tomato preparation; coffee and drinkware tasks; dish, plate, bowl, and pan cleaning; household organization tasks; plant watering.")
Answering From 2023/04/13 to 2023/05/06, I performed 30 recorded task groups, including bread, toast, and sandwich preparation; potato cooking and slicing; salad, lettuce, and tomato preparation; coffee and drinkware tasks; dish, plate, bowl, and pan cleaning; household organization tasks; plant watering.  with reason: None
Tokens Used: 3780
	Prompt Tokens: 3494
	Completion Tokens: 286
Successful Requests: 1
Total Cost (USD): $0.0
Evaluating sample 2b5a33d4908ee77d_fb8b-f2fab283e8dd367a_6c4c-30a7f003c3e49f70_ff1d-97fd7c6740b657f5_58dc-f211958a124a5ea7_cbf0-c7cc40993ef8468b_ad24-369a8cd57dde1b82_096e-d9a7f5476eac3df6_7a11-8455e3db97f9a4dc_de9d-0de4b62afcd06138_e549-724c11f87d95f819_a970-8f7791c488b51c98_fa79-d4c51dc230306c8b_d93b-7d0db28e7d18c776_c97a-6ccc8b815fbc093a_3e3a-6f28bbc4c8ed232a_bfc2-2f8d482d22e56fdd_410e-3ebbcf3c3aed7c9e_2eb2-61e8f5910474b00b_53e6-c66cfa360ba2ee00_45b2-89512fd6f5557f29_2369-a82cd949493bada0_ffe5-7334889a1fa54076_cb4c-a800b94ef5813e01_14fc-7172fd55ac8095bd_e687-32e631d248583662_b131-977b52faf01e6c05_ebe0-92904ea754a401e6_2b2c-271e4ccbac4343e1_87d1-52e190f2e5f3b790_edbb-cf32d4a95cdbcd3a_9fa2-25b52159ad56e77c_ff7f-50bc3abf986ccabb_aaee-823f0fe4bda8607c_34d8-18f6da623ba658a2_aa07-d33861eae5655995_2fb1-fe6b3de8c88b8573_9f76-79c66caa40f16dbc_874a-133d52a8aaf9db3f_1647-b63996c03c2d6b3e_6ac5-35025f516f41aba5_ba52-0d49a886a3c99bab_4ed0-1af6ffb5c083156a_9b7a-a1694dc92f54473f_0b07-50bc3abf986ccabb_7071-c81332c37968338f_2fef-4d30e90e534e9cbb_732b-a82cd949493bada0_0827-cce21676357b2d20_b27c-dc506a8ff8638954_1a5a-0-seq_specific_shortened_low_actions
[配置] 启用 FAISS 加速，索引类型: flat
[Forgetting] 命中缓存
[GraphAug] 命中图缓存 (nodes=6621, edges=20666)
Got 0 examples


 ============================== 


eval task_lookup('serve 1 slice(s) of lettuce on a plate')
Updated/Defined variables after execution: {}

**SystemMessage**:
"""You are a smart humanoid robot answering user question about your past actions.
The history object contains information on what you did in the past, represented as a tree.
Use the method expand to look at details of a node.
Make sure to use collapse_all_but(idx) when you expanded irrelevant nodes, in order to keep the tree compact.
Enter Python expressions into the console to see the value and decide for the next command based on that result.
Answer concisely by calling answer("...") when you gathered enough information to answer the question.
Generate syntactically correct python console statements only, no explanations or other natural language statements.
IMPORTANT: If search() returns "No relevant records found", your next command MUST be answer("I have no record of that."). Do not search synonyms, do not expand further, and do not call vqa.
IMPORTANT: If you get "Nothing changed" twice, answer honestly that you have no record. Do NOT keep searching repeatedly. For just-before/just-after questions, first try one broader target search or inspect another relevant top-level time block before giving up.
For object yes/no questions, first use object_lookup("object name"). If it reports no matching summary, answer "No, I have no record of that." Do not call vqa unless you already have a directly relevant leaf image.
For task-list questions such as "List the tasks you performed", first use task_list(). Prefer its Recommended answer and chronological candidates instead of manually expanding the whole tree. For long histories, do not copy every task candidate verbatim unless the user explicitly asks for an exhaustive transcript.
For low-level action questions such as "what task did you perform when you toggle/open/pick up/place X", first use action_lookup("full low-level action"), for example action_lookup("open the drawer"). Do not call task_lookup first for these low-level action questions.
For task-description questions such as "describe what you did when you X", first use task_lookup("X"). Prefer its matching task candidates instead of manually expanding the whole tree. This does not apply to low-level action questions covered by action_lookup.
For exact date/time questions or "N days ago" questions asking what happened, first use date_lookup(question). Prefer its Recommended answer when it is confident instead of manually expanding by date.
For "How many days ago did you X?" or "When did you X?" questions, first use event_date_lookup(question). If it lists multiple days, include all of them in the final answer instead of only the most recent match.
For just-before or just-after questions, first use temporal_neighbor(target_task, direction="before" or "after") if a candidate is not already shown. Prefer the returned Recommended answer when it is confident. Only then inspect adjacent sibling or temporal nodes. Avoid expanding to raw leaf observations unless the summary is insufficient.
Do not call vqa for time, date, task-list, before/after, or yes/no object-existence questions when textual summaries already answer the question. Use vqa only for explicit visual appearance questions such as color, visible state, or what something looks like.
Never output bare parameters such as reasoning="..." answer="...". Always call answer("..."). You may call answer(reasoning="...", answer="...") only when a short reason is necessary.
Keep answer() short: answer under 60 words, and do not use markdown or backticks inside answer()."""

**HumanMessage**:
"""
def action_lookup(query: str, max_matches: int = 6) -> str # For low-level action questions, map raw leaf actions back to task-sized summaries
def answer(reasoning: str = None, answer: str = Ellipsis)
def ask(question: str)
def date_lookup(query: str, max_matches: int = 8) -> str # For exact date/time or N-days-ago questions, list matching history summaries directly
def event_date_lookup(query: str, max_matches: int = 12) -> str # For "how many days ago did you X" questions, find all matching event dates directly
def now() -> datetime.datetime
def object_lookup(object_name: str, max_matches: int = 8) -> str # For object yes/no questions, check whether task summaries mention the object
def task_list(max_tasks: int = 30) -> str # For task-list questions, list task-sized history summaries in chronological order
def task_lookup(query: str, max_matches: int = 8) -> str # For task-description questions, list task-sized summaries matching a query
def temporal_neighbor(target_task: str, direction: str = 'before', max_candidates: int = 6) -> str # For just-before/just-after questions, find the target task and return adjacent task candidates
def vqa(question: str, *images: PIL.Image.Image)
"""

**HumanMessage**:
"""Usage examples:
>>> history.expand()  # Shows the history tree with all child nodes expanded
>>> history.expand(date(2021, 12, 20))  # Expand the children that overlap with the given day
>>> history.expand(now() - timedelta(hours=6), now() - timedelta(hours=4))  # Expand all children that overlap with the given range (in this example "about 5 hours ago")
>>> history.expand((now() - timedelta(days=2)).date())  # Expand all children that overlap with the day before yesterday
>>> history.expand(0)  # Shows child node 0
>>> history[0].expand()  # Expands all child nodes of node 0 (node 0 must be expanded already to see them)
>>> history[5][2].expand()  # Shows child node 2 of child node 5 with all its child nodes expanded
>>> history.search("green cup") # Semantic index search. Expands the most relevant children according to similarity of the natural language query and the node's (recursively defined) index content.
>>> history[1][42].search("bicycle") # Semantic index search on some node further down the tree. Expands the children of node 1.42 most relevant to the search term
>>> history[3].collapse_all_but(1); history[3][1].expand()  # Zooms into details of child node 3.1 while collapsing all other childs of node 3
>>> vqa("What color is the ... in this image?",
...     history[2][4][-1][0].image)  # Invoke a model to answer a visual question about image(s) of some leaf (!) node(s)

# After gathering the relevant information, answer the question:
# Use a short final answer. Optionally provide a brief reasoning only when needed.
>>> answer("...")"""

**HumanMessage**:
"""User question: describe what you did when you serve 1 slice(s) of lettuce on a plate."""

**AIMessage**:
"""task_lookup('serve 1 slice(s) of lettuce on a plate')"""

**HumanMessage**:
""""Task lookup candidates for query='serve 1 slice(s) of lettuce on a plate':\n1. score=0.78; 2023/04/25 15:01:24 - 15:04:09: I received instructions to slice the lettuce, which I then did on the countertop using the knife.\n2. score=0.74; 2023/04/25 15:01 - 15:15: I sliced the lettuce, retrieved a plate, and assembled the toasted bread and lettuce onto the plate to complete the task.\n3. score=0.74; 2023/04/19 19:05 - 19:14: I prepared and served five cooked potato slices. This involved slicing a potato, clearing the workspace, cooking five freshly cut slices in the microwave, and then transferring them to a clean plate.\n4. score=0.73; 2023/04/18 17:44 - 18:08: After being instructed to slice lettuce, I gathered and sliced lettuce, a potato, and a tomato. I then cooked the potato slices in a pan on the stove. Finally, I was instructed to plate the salad, so I arranged the cooked potato slices and...\n5. score=0.72; 2023/04/18 17:52 - 17:56: Following the instruction to plate the salad, I moved the hot pan, closed the fridge, retrieved a plate from a shelf, and placed it on the counter.\n6. score=0.71; 2023/04/19 19:05 - 19:09: I prepared to serve five cooked potato slices by picking up a potato, slicing it, picking up an already cooked potato, placing it on the counter, and clearing the workspace by moving a pan and turning off a stove knob.\n7. score=0.71; 2023/04/18 17:44 - 18:08: On April 18th, I prepared a salad consisting of sliced lettuce and cooked potato.\n8. score=0.71; 2023/04/27 14:22 - 14:31: I fulfilled the user's request for two slices of lettuce and a cooked potato. I retrieved and sliced both the lettuce and potato using a knife. Then, I found a clean plate in a cabinet, washed it, and placed the sliced lettuce and potato on...\nRecommended answer: I received instructions to slice the lettuce, which I then did on the countertop using the knife.; I sliced the lettuce, retrieved a plate, and assembled the toasted bread and lettuce onto the plate to complete the...; I prepared and served five cooked potato slices. This involved slicing a potato, clearing the workspace...""""

**HumanMessage**:
"""Current state:
2023/04/13 - 2023/05/06: "From April 13th to May 6th, my primary activities revolved around daily kitchen operations and food preparation, including making various breakfasts, tomato-based dishes, salads, and cooked potato meals, alongside consistent plate and sink cleaning. I also performed household maintenance tasks such as watering plants, locating remote controls, tidying a dresser, and sorting watches."  
  ..."""
{}
command: answer("I sliced the lettuce, retrieved a plate, and assembled the toasted bread and lettuce onto the plate to complete the task.")
expected output: 


 ============================== 


eval answer("I sliced the lettuce, retrieved a plate, and assembled the toasted bread and lettuce onto the plate to complete the task.")
Answering I sliced the lettuce, retrieved a plate, and assembled the toasted bread and lettuce onto the plate to complete the task.  with reason: None
Tokens Used: 3032
	Prompt Tokens: 2283
	Completion Tokens: 749
Successful Requests: 1
Total Cost (USD): $0.0
Evaluating sample 2b5a33d4908ee77d_fb8b-f2fab283e8dd367a_6c4c-30a7f003c3e49f70_ff1d-97fd7c6740b657f5_58dc-f211958a124a5ea7_cbf0-c7cc40993ef8468b_ad24-369a8cd57dde1b82_096e-d9a7f5476eac3df6_7a11-8455e3db97f9a4dc_de9d-0de4b62afcd06138_e549-724c11f87d95f819_a970-8f7791c488b51c98_fa79-d4c51dc230306c8b_d93b-7d0db28e7d18c776_c97a-6ccc8b815fbc093a_3e3a-6f28bbc4c8ed232a_bfc2-2f8d482d22e56fdd_410e-3ebbcf3c3aed7c9e_2eb2-61e8f5910474b00b_53e6-c66cfa360ba2ee00_45b2-89512fd6f5557f29_2369-a82cd949493bada0_ffe5-7334889a1fa54076_cb4c-a800b94ef5813e01_14fc-7172fd55ac8095bd_e687-32e631d248583662_b131-977b52faf01e6c05_ebe0-92904ea754a401e6_2b2c-271e4ccbac4343e1_87d1-52e190f2e5f3b790_edbb-cf32d4a95cdbcd3a_9fa2-25b52159ad56e77c_ff7f-50bc3abf986ccabb_aaee-823f0fe4bda8607c_34d8-18f6da623ba658a2_aa07-d33861eae5655995_2fb1-fe6b3de8c88b8573_9f76-79c66caa40f16dbc_874a-133d52a8aaf9db3f_1647-b63996c03c2d6b3e_6ac5-35025f516f41aba5_ba52-0d49a886a3c99bab_4ed0-1af6ffb5c083156a_9b7a-a1694dc92f54473f_0b07-50bc3abf986ccabb_7071-c81332c37968338f_2fef-4d30e90e534e9cbb_732b-a82cd949493bada0_0827-cce21676357b2d20_b27c-dc506a8ff8638954_1a5a-0-seq_right_after_questions
[配置] 启用 FAISS 加速，索引类型: flat
[Forgetting] 命中缓存
[GraphAug] 命中图缓存 (nodes=6621, edges=20666)
Got 0 examples


 ============================== 


eval temporal_neighbor('serve 1 slice(s) of lettuce on a plate', direction='after')
Updated/Defined variables after execution: {}

**SystemMessage**:
"""You are a smart humanoid robot answering user question about your past actions.
The history object contains information on what you did in the past, represented as a tree.
Use the method expand to look at details of a node.
Make sure to use collapse_all_but(idx) when you expanded irrelevant nodes, in order to keep the tree compact.
Enter Python expressions into the console to see the value and decide for the next command based on that result.
Answer concisely by calling answer("...") when you gathered enough information to answer the question.
Generate syntactically correct python console statements only, no explanations or other natural language statements.
IMPORTANT: If search() returns "No relevant records found", your next command MUST be answer("I have no record of that."). Do not search synonyms, do not expand further, and do not call vqa.
IMPORTANT: If you get "Nothing changed" twice, answer honestly that you have no record. Do NOT keep searching repeatedly. For just-before/just-after questions, first try one broader target search or inspect another relevant top-level time block before giving up.
For object yes/no questions, first use object_lookup("object name"). If it reports no matching summary, answer "No, I have no record of that." Do not call vqa unless you already have a directly relevant leaf image.
For task-list questions such as "List the tasks you performed", first use task_list(). Prefer its Recommended answer and chronological candidates instead of manually expanding the whole tree. For long histories, do not copy every task candidate verbatim unless the user explicitly asks for an exhaustive transcript.
For low-level action questions such as "what task did you perform when you toggle/open/pick up/place X", first use action_lookup("full low-level action"), for example action_lookup("open the drawer"). Do not call task_lookup first for these low-level action questions.
For task-description questions such as "describe what you did when you X", first use task_lookup("X"). Prefer its matching task candidates instead of manually expanding the whole tree. This does not apply to low-level action questions covered by action_lookup.
For exact date/time questions or "N days ago" questions asking what happened, first use date_lookup(question). Prefer its Recommended answer when it is confident instead of manually expanding by date.
For "How many days ago did you X?" or "When did you X?" questions, first use event_date_lookup(question). If it lists multiple days, include all of them in the final answer instead of only the most recent match.
For just-before or just-after questions, first use temporal_neighbor(target_task, direction="before" or "after") if a candidate is not already shown. Prefer the returned Recommended answer when it is confident. Only then inspect adjacent sibling or temporal nodes. Avoid expanding to raw leaf observations unless the summary is insufficient.
Do not call vqa for time, date, task-list, before/after, or yes/no object-existence questions when textual summaries already answer the question. Use vqa only for explicit visual appearance questions such as color, visible state, or what something looks like.
Never output bare parameters such as reasoning="..." answer="...". Always call answer("..."). You may call answer(reasoning="...", answer="...") only when a short reason is necessary.
Keep answer() short: answer under 60 words, and do not use markdown or backticks inside answer()."""

**HumanMessage**:
"""
def action_lookup(query: str, max_matches: int = 6) -> str # For low-level action questions, map raw leaf actions back to task-sized summaries
def answer(reasoning: str = None, answer: str = Ellipsis)
def ask(question: str)
def date_lookup(query: str, max_matches: int = 8) -> str # For exact date/time or N-days-ago questions, list matching history summaries directly
def event_date_lookup(query: str, max_matches: int = 12) -> str # For "how many days ago did you X" questions, find all matching event dates directly
def now() -> datetime.datetime
def object_lookup(object_name: str, max_matches: int = 8) -> str # For object yes/no questions, check whether task summaries mention the object
def task_list(max_tasks: int = 30) -> str # For task-list questions, list task-sized history summaries in chronological order
def task_lookup(query: str, max_matches: int = 8) -> str # For task-description questions, list task-sized summaries matching a query
def temporal_neighbor(target_task: str, direction: str = 'before', max_candidates: int = 6) -> str # For just-before/just-after questions, find the target task and return adjacent task candidates
def vqa(question: str, *images: PIL.Image.Image)
"""

**HumanMessage**:
"""Usage examples:
>>> history.expand()  # Shows the history tree with all child nodes expanded
>>> history.expand(date(2021, 12, 20))  # Expand the children that overlap with the given day
>>> history.expand(now() - timedelta(hours=6), now() - timedelta(hours=4))  # Expand all children that overlap with the given range (in this example "about 5 hours ago")
>>> history.expand((now() - timedelta(days=2)).date())  # Expand all children that overlap with the day before yesterday
>>> history.expand(0)  # Shows child node 0
>>> history[0].expand()  # Expands all child nodes of node 0 (node 0 must be expanded already to see them)
>>> history[5][2].expand()  # Shows child node 2 of child node 5 with all its child nodes expanded
>>> history.search("green cup") # Semantic index search. Expands the most relevant children according to similarity of the natural language query and the node's (recursively defined) index content.
>>> history[1][42].search("bicycle") # Semantic index search on some node further down the tree. Expands the children of node 1.42 most relevant to the search term
>>> history[3].collapse_all_but(1); history[3][1].expand()  # Zooms into details of child node 3.1 while collapsing all other childs of node 3
>>> vqa("What color is the ... in this image?",
...     history[2][4][-1][0].image)  # Invoke a model to answer a visual question about image(s) of some leaf (!) node(s)

# After gathering the relevant information, answer the question:
# Use a short final answer. Optionally provide a brief reasoning only when needed.
>>> answer("...")"""

**HumanMessage**:
"""User question: What task did you do just after serve 1 slice(s) of lettuce on a plate?"""

**AIMessage**:
"""temporal_neighbor('serve 1 slice(s) of lettuce on a plate', direction='after')"""

**HumanMessage**:
""""Temporal neighbor candidates for target='serve 1 slice(s) of lettuce on a plate', direction='after':\n1. score=0.79; target=2023/04/25 15:01 - 15:15: I sliced the lettuce, retrieved a plate, and assembled the toasted bread and lettuce onto the plate to complete the task.; after=2023/04/25 15:19:25 - 15:21:36: I was instructed to find and rinse a mug. I picked up a dirty mug from a stool, placed it in the sink, turned on the faucet, rinsed the mug by picking it up and pouring the water o...\n2. score=0.77; target=2023/04/20 12:31:22 - 12:31:40: I picked up the lettuce slice and placed it onto the clean plate, completing the task as requested.; after=2023/04/20 13:02:27 - 13:04:26: The robot located a pillow on the dresser, picked it up, and then placed it onto an armchair, fulfilling the instruction to put pillows on the armchair.\n3. score=0.75; target=2023/04/18 17:52 - 18:08: To complete the task, I was instructed to plate the salad. I retrieved a plate and assembled the final dish with the cooked potato slices and a slice of lettuce, after which the us...; after=2023/04/19 14:31 - 14:36: I prepared and washed a dirty plate by clearing items from the sink basin, rinsing the plate, and then placing the clean plate on the countertop.\n4. score=0.72; target=2023/04/18 17:44 - 18:08: After being instructed to slice lettuce, I gathered and sliced lettuce, a potato, and a tomato. I then cooked the potato slices in a pan on the stove. Finally, I was instructed to...; after=2023/04/19 14:31 - 14:36: I prepared and washed a dirty plate by clearing items from the sink basin, rinsing the plate, and then placing the clean plate on the countertop.\n5. score=0.71; target=2023/05/03 08:35:10 - 08:37:19: I sliced the lettuce and tomato, then added a tomato slice to the plate with the toast.; after=2023/05/03 08:37:22 - 08:37:28: I moved the prepared plate and completed the task.\n6. score=0.69; target=2023/05/04 12:45:22 - 12:45:58: I fetched a tomato from the sink and placed the first slice of lettuce onto the plate.; after=2023/05/04 14:07:31 - 14:09:02: I picked up a cup and placed it in the sink basin after being asked to water a plant.\nRecommended answer: I was instructed to find and rinse a mug. I picked up a dirty mug from a stool, placed it in the sink, turned on the faucet, rinsed the mug by picking it up and pouring the water o...""""

**HumanMessage**:
"""Current state:
2023/04/13 - 2023/05/06: "From April 13th to May 6th, my primary activities revolved around daily kitchen operations and food preparation, including making various breakfasts, tomato-based dishes, salads, and cooked potato meals, alongside consistent plate and sink cleaning. I also performed household maintenance tasks such as watering plants, locating remote controls, tidying a dresser, and sorting watches."  
  ..."""
{}
command: answer("Just after serving the lettuce, I was instructed to find and rinse a mug. I picked up a dirty mug, placed it in the sink, and rinsed it.")
expected output: 


 ============================== 


eval answer("Just after serving the lettuce, I was instructed to find and rinse a mug. I picked up a dirty mug, placed it in the sink, and rinsed it.")
Answering Just after serving the lettuce, I was instructed to find and rinse a mug. I picked up a dirty mug, placed it in the sink, and rinsed it.  with reason: None
Tokens Used: 2977
	Prompt Tokens: 2445
	Completion Tokens: 532
Successful Requests: 1
Total Cost (USD): $0.0
Evaluating sample 2b5a33d4908ee77d_fb8b-f2fab283e8dd367a_6c4c-30a7f003c3e49f70_ff1d-97fd7c6740b657f5_58dc-f211958a124a5ea7_cbf0-c7cc40993ef8468b_ad24-369a8cd57dde1b82_096e-d9a7f5476eac3df6_7a11-8455e3db97f9a4dc_de9d-0de4b62afcd06138_e549-724c11f87d95f819_a970-8f7791c488b51c98_fa79-d4c51dc230306c8b_d93b-7d0db28e7d18c776_c97a-6ccc8b815fbc093a_3e3a-6f28bbc4c8ed232a_bfc2-2f8d482d22e56fdd_410e-3ebbcf3c3aed7c9e_2eb2-61e8f5910474b00b_53e6-c66cfa360ba2ee00_45b2-89512fd6f5557f29_2369-a82cd949493bada0_ffe5-7334889a1fa54076_cb4c-a800b94ef5813e01_14fc-7172fd55ac8095bd_e687-32e631d248583662_b131-977b52faf01e6c05_ebe0-92904ea754a401e6_2b2c-271e4ccbac4343e1_87d1-52e190f2e5f3b790_edbb-cf32d4a95cdbcd3a_9fa2-25b52159ad56e77c_ff7f-50bc3abf986ccabb_aaee-823f0fe4bda8607c_34d8-18f6da623ba658a2_aa07-d33861eae5655995_2fb1-fe6b3de8c88b8573_9f76-79c66caa40f16dbc_874a-133d52a8aaf9db3f_1647-b63996c03c2d6b3e_6ac5-35025f516f41aba5_ba52-0d49a886a3c99bab_4ed0-1af6ffb5c083156a_9b7a-a1694dc92f54473f_0b07-50bc3abf986ccabb_7071-c81332c37968338f_2fef-4d30e90e534e9cbb_732b-a82cd949493bada0_0827-cce21676357b2d20_b27c-dc506a8ff8638954_1a5a-0-seq_right_before_questions
[配置] 启用 FAISS 加速，索引类型: flat
[Forgetting] 命中缓存
[GraphAug] 命中图缓存 (nodes=6621, edges=20666)
Got 0 examples


 ============================== 


eval temporal_neighbor('put all watch in any box', direction='before')
Updated/Defined variables after execution: {}

**SystemMessage**:
"""You are a smart humanoid robot answering user question about your past actions.
The history object contains information on what you did in the past, represented as a tree.
Use the method expand to look at details of a node.
Make sure to use collapse_all_but(idx) when you expanded irrelevant nodes, in order to keep the tree compact.
Enter Python expressions into the console to see the value and decide for the next command based on that result.
Answer concisely by calling answer("...") when you gathered enough information to answer the question.
Generate syntactically correct python console statements only, no explanations or other natural language statements.
IMPORTANT: If search() returns "No relevant records found", your next command MUST be answer("I have no record of that."). Do not search synonyms, do not expand further, and do not call vqa.
IMPORTANT: If you get "Nothing changed" twice, answer honestly that you have no record. Do NOT keep searching repeatedly. For just-before/just-after questions, first try one broader target search or inspect another relevant top-level time block before giving up.
For object yes/no questions, first use object_lookup("object name"). If it reports no matching summary, answer "No, I have no record of that." Do not call vqa unless you already have a directly relevant leaf image.
For task-list questions such as "List the tasks you performed", first use task_list(). Prefer its Recommended answer and chronological candidates instead of manually expanding the whole tree. For long histories, do not copy every task candidate verbatim unless the user explicitly asks for an exhaustive transcript.
For low-level action questions such as "what task did you perform when you toggle/open/pick up/place X", first use action_lookup("full low-level action"), for example action_lookup("open the drawer"). Do not call task_lookup first for these low-level action questions.
For task-description questions such as "describe what you did when you X", first use task_lookup("X"). Prefer its matching task candidates instead of manually expanding the whole tree. This does not apply to low-level action questions covered by action_lookup.
For exact date/time questions or "N days ago" questions asking what happened, first use date_lookup(question). Prefer its Recommended answer when it is confident instead of manually expanding by date.
For "How many days ago did you X?" or "When did you X?" questions, first use event_date_lookup(question). If it lists multiple days, include all of them in the final answer instead of only the most recent match.
For just-before or just-after questions, first use temporal_neighbor(target_task, direction="before" or "after") if a candidate is not already shown. Prefer the returned Recommended answer when it is confident. Only then inspect adjacent sibling or temporal nodes. Avoid expanding to raw leaf observations unless the summary is insufficient.
Do not call vqa for time, date, task-list, before/after, or yes/no object-existence questions when textual summaries already answer the question. Use vqa only for explicit visual appearance questions such as color, visible state, or what something looks like.
Never output bare parameters such as reasoning="..." answer="...". Always call answer("..."). You may call answer(reasoning="...", answer="...") only when a short reason is necessary.
Keep answer() short: answer under 60 words, and do not use markdown or backticks inside answer()."""

**HumanMessage**:
"""
def action_lookup(query: str, max_matches: int = 6) -> str # For low-level action questions, map raw leaf actions back to task-sized summaries
def answer(reasoning: str = None, answer: str = Ellipsis)
def ask(question: str)
def date_lookup(query: str, max_matches: int = 8) -> str # For exact date/time or N-days-ago questions, list matching history summaries directly
def event_date_lookup(query: str, max_matches: int = 12) -> str # For "how many days ago did you X" questions, find all matching event dates directly
def now() -> datetime.datetime
def object_lookup(object_name: str, max_matches: int = 8) -> str # For object yes/no questions, check whether task summaries mention the object
def task_list(max_tasks: int = 30) -> str # For task-list questions, list task-sized history summaries in chronological order
def task_lookup(query: str, max_matches: int = 8) -> str # For task-description questions, list task-sized summaries matching a query
def temporal_neighbor(target_task: str, direction: str = 'before', max_candidates: int = 6) -> str # For just-before/just-after questions, find the target task and return adjacent task candidates
def vqa(question: str, *images: PIL.Image.Image)
"""

**HumanMessage**:
"""Usage examples:
>>> history.expand()  # Shows the history tree with all child nodes expanded
>>> history.expand(date(2021, 12, 20))  # Expand the children that overlap with the given day
>>> history.expand(now() - timedelta(hours=6), now() - timedelta(hours=4))  # Expand all children that overlap with the given range (in this example "about 5 hours ago")
>>> history.expand((now() - timedelta(days=2)).date())  # Expand all children that overlap with the day before yesterday
>>> history.expand(0)  # Shows child node 0
>>> history[0].expand()  # Expands all child nodes of node 0 (node 0 must be expanded already to see them)
>>> history[5][2].expand()  # Shows child node 2 of child node 5 with all its child nodes expanded
>>> history.search("green cup") # Semantic index search. Expands the most relevant children according to similarity of the natural language query and the node's (recursively defined) index content.
>>> history[1][42].search("bicycle") # Semantic index search on some node further down the tree. Expands the children of node 1.42 most relevant to the search term
>>> history[3].collapse_all_but(1); history[3][1].expand()  # Zooms into details of child node 3.1 while collapsing all other childs of node 3
>>> vqa("What color is the ... in this image?",
...     history[2][4][-1][0].image)  # Invoke a model to answer a visual question about image(s) of some leaf (!) node(s)

# After gathering the relevant information, answer the question:
# Use a short final answer. Optionally provide a brief reasoning only when needed.
>>> answer("...")"""

**HumanMessage**:
"""User question: What task did you do just before put all watch in any box?"""

**AIMessage**:
"""temporal_neighbor('put all watch in any box', direction='before')"""

**HumanMessage**:
""""Temporal neighbor candidates for target='put all watch in any box', direction='before':\n1. score=0.67; target=2023/05/05 08:37 - 08:41: Following the user's instruction to put all the watches in a box, I located and collected three watches one by one. I picked up the first watch and placed it in the box on the dres...; before=2023/05/04 14:09:28 - 14:09:35: I placed the empty cup on the countertop and completed the task.\n2. score=0.62; target=2023/05/05 08:37 - 13:34: On May 5th, I organized watches into a box, prepared a tomato dish, and boiled a potato while organizing kitchenware.; before=2023/05/04 09:09 - 14:09: On May 4th, I watered a houseplant twice and prepared a salad for the user.\nRecommended answer: I placed the empty cup on the countertop and completed the task.""""

**HumanMessage**:
"""Current state:
2023/04/13 - 2023/05/06: "From April 13th to May 6th, my primary activities revolved around daily kitchen operations and food preparation, including making various breakfasts, tomato-based dishes, salads, and cooked potato meals, alongside consistent plate and sink cleaning. I also performed household maintenance tasks such as watering plants, locating remote controls, tidying a dresser, and sorting watches."  
  ..."""
{}
command: answer("I placed the empty cup on the countertop and completed the task.")
expected output: 


 ============================== 


eval answer("I placed the empty cup on the countertop and completed the task.")
Answering I placed the empty cup on the countertop and completed the task.  with reason: None
Tokens Used: 2276
	Prompt Tokens: 1891
	Completion Tokens: 385
Successful Requests: 1
Total Cost (USD): $0.0
Evaluating sample 2b5a33d4908ee77d_fb8b-f2fab283e8dd367a_6c4c-30a7f003c3e49f70_ff1d-97fd7c6740b657f5_58dc-f211958a124a5ea7_cbf0-c7cc40993ef8468b_ad24-369a8cd57dde1b82_096e-d9a7f5476eac3df6_7a11-8455e3db97f9a4dc_de9d-0de4b62afcd06138_e549-724c11f87d95f819_a970-8f7791c488b51c98_fa79-d4c51dc230306c8b_d93b-7d0db28e7d18c776_c97a-6ccc8b815fbc093a_3e3a-6f28bbc4c8ed232a_bfc2-2f8d482d22e56fdd_410e-3ebbcf3c3aed7c9e_2eb2-61e8f5910474b00b_53e6-c66cfa360ba2ee00_45b2-89512fd6f5557f29_2369-a82cd949493bada0_ffe5-7334889a1fa54076_cb4c-a800b94ef5813e01_14fc-7172fd55ac8095bd_e687-32e631d248583662_b131-977b52faf01e6c05_ebe0-92904ea754a401e6_2b2c-271e4ccbac4343e1_87d1-52e190f2e5f3b790_edbb-cf32d4a95cdbcd3a_9fa2-25b52159ad56e77c_ff7f-50bc3abf986ccabb_aaee-823f0fe4bda8607c_34d8-18f6da623ba658a2_aa07-d33861eae5655995_2fb1-fe6b3de8c88b8573_9f76-79c66caa40f16dbc_874a-133d52a8aaf9db3f_1647-b63996c03c2d6b3e_6ac5-35025f516f41aba5_ba52-0d49a886a3c99bab_4ed0-1af6ffb5c083156a_9b7a-a1694dc92f54473f_0b07-50bc3abf986ccabb_7071-c81332c37968338f_2fef-4d30e90e534e9cbb_732b-a82cd949493bada0_0827-cce21676357b2d20_b27c-dc506a8ff8638954_1a5a-0-seq_simple_object_yes_no
[配置] 启用 FAISS 加速，索引类型: flat
[Forgetting] 命中缓存
[GraphAug] 命中图缓存 (nodes=6621, edges=20666)
Got 0 examples


 ============================== 


eval object_lookup('bread')
Updated/Defined variables after execution: {}

**SystemMessage**:
"""You are a smart humanoid robot answering user question about your past actions.
The history object contains information on what you did in the past, represented as a tree.
Use the method expand to look at details of a node.
Make sure to use collapse_all_but(idx) when you expanded irrelevant nodes, in order to keep the tree compact.
Enter Python expressions into the console to see the value and decide for the next command based on that result.
Answer concisely by calling answer("...") when you gathered enough information to answer the question.
Generate syntactically correct python console statements only, no explanations or other natural language statements.
IMPORTANT: If search() returns "No relevant records found", your next command MUST be answer("I have no record of that."). Do not search synonyms, do not expand further, and do not call vqa.
IMPORTANT: If you get "Nothing changed" twice, answer honestly that you have no record. Do NOT keep searching repeatedly. For just-before/just-after questions, first try one broader target search or inspect another relevant top-level time block before giving up.
For object yes/no questions, first use object_lookup("object name"). If it reports no matching summary, answer "No, I have no record of that." Do not call vqa unless you already have a directly relevant leaf image.
For task-list questions such as "List the tasks you performed", first use task_list(). Prefer its Recommended answer and chronological candidates instead of manually expanding the whole tree. For long histories, do not copy every task candidate verbatim unless the user explicitly asks for an exhaustive transcript.
For low-level action questions such as "what task did you perform when you toggle/open/pick up/place X", first use action_lookup("full low-level action"), for example action_lookup("open the drawer"). Do not call task_lookup first for these low-level action questions.
For task-description questions such as "describe what you did when you X", first use task_lookup("X"). Prefer its matching task candidates instead of manually expanding the whole tree. This does not apply to low-level action questions covered by action_lookup.
For exact date/time questions or "N days ago" questions asking what happened, first use date_lookup(question). Prefer its Recommended answer when it is confident instead of manually expanding by date.
For "How many days ago did you X?" or "When did you X?" questions, first use event_date_lookup(question). If it lists multiple days, include all of them in the final answer instead of only the most recent match.
For just-before or just-after questions, first use temporal_neighbor(target_task, direction="before" or "after") if a candidate is not already shown. Prefer the returned Recommended answer when it is confident. Only then inspect adjacent sibling or temporal nodes. Avoid expanding to raw leaf observations unless the summary is insufficient.
Do not call vqa for time, date, task-list, before/after, or yes/no object-existence questions when textual summaries already answer the question. Use vqa only for explicit visual appearance questions such as color, visible state, or what something looks like.
Never output bare parameters such as reasoning="..." answer="...". Always call answer("..."). You may call answer(reasoning="...", answer="...") only when a short reason is necessary.
Keep answer() short: answer under 60 words, and do not use markdown or backticks inside answer()."""

**HumanMessage**:
"""
def action_lookup(query: str, max_matches: int = 6) -> str # For low-level action questions, map raw leaf actions back to task-sized summaries
def answer(reasoning: str = None, answer: str = Ellipsis)
def ask(question: str)
def date_lookup(query: str, max_matches: int = 8) -> str # For exact date/time or N-days-ago questions, list matching history summaries directly
def event_date_lookup(query: str, max_matches: int = 12) -> str # For "how many days ago did you X" questions, find all matching event dates directly
def now() -> datetime.datetime
def object_lookup(object_name: str, max_matches: int = 8) -> str # For object yes/no questions, check whether task summaries mention the object
def task_list(max_tasks: int = 30) -> str # For task-list questions, list task-sized history summaries in chronological order
def task_lookup(query: str, max_matches: int = 8) -> str # For task-description questions, list task-sized summaries matching a query
def temporal_neighbor(target_task: str, direction: str = 'before', max_candidates: int = 6) -> str # For just-before/just-after questions, find the target task and return adjacent task candidates
def vqa(question: str, *images: PIL.Image.Image)
"""

**HumanMessage**:
"""Usage examples:
>>> history.expand()  # Shows the history tree with all child nodes expanded
>>> history.expand(date(2021, 12, 20))  # Expand the children that overlap with the given day
>>> history.expand(now() - timedelta(hours=6), now() - timedelta(hours=4))  # Expand all children that overlap with the given range (in this example "about 5 hours ago")
>>> history.expand((now() - timedelta(days=2)).date())  # Expand all children that overlap with the day before yesterday
>>> history.expand(0)  # Shows child node 0
>>> history[0].expand()  # Expands all child nodes of node 0 (node 0 must be expanded already to see them)
>>> history[5][2].expand()  # Shows child node 2 of child node 5 with all its child nodes expanded
>>> history.search("green cup") # Semantic index search. Expands the most relevant children according to similarity of the natural language query and the node's (recursively defined) index content.
>>> history[1][42].search("bicycle") # Semantic index search on some node further down the tree. Expands the children of node 1.42 most relevant to the search term
>>> history[3].collapse_all_but(1); history[3][1].expand()  # Zooms into details of child node 3.1 while collapsing all other childs of node 3
>>> vqa("What color is the ... in this image?",
...     history[2][4][-1][0].image)  # Invoke a model to answer a visual question about image(s) of some leaf (!) node(s)

# After gathering the relevant information, answer the question:
# Use a short final answer. Optionally provide a brief reasoning only when needed.
>>> answer("...")"""

**HumanMessage**:
"""User question: Was there a bread ?"""

**AIMessage**:
"""object_lookup('bread')"""

**HumanMessage**:
""""Object lookup for object='bread':\n1. score=1.00; 2023/05/06 10:26 - 10:31: I prepared a meal by slicing a tomato and a potato, cooking the potato slices in the microwave, and finally plating everything on the countertop.\n2. score=1.00; 2023/05/05 13:32:04 - 13:34:01: I performed several cleanup and organization tasks, including using the faucet, pouring liquid from a mug into the pot, and repositioning the pot and a pan on the countertop and stove.\n3. score=1.00; 2023/05/05 13:18 - 13:32: I was instructed to boil a potato. I prepared and cleaned a pot, filled it with water, placed it on the stove, added potatoes, and boiled them. After cooking, I emptied the pot and placed a cooked potato on the counterto...\n4. score=1.00; 2023/05/05 09:34:04 - 09:35:43: I retrieved a clean plate from the fridge and placed it on the counter.\n5. score=1.00; 2023/05/05 09:30 - 09:34: I picked up a knife and sliced a tomato on the counter.\n6. score=1.00; 2023/05/04 14:07:31 - 14:09:02: I picked up a cup and placed it in the sink basin after being asked to water a plant.\n7. score=1.00; 2023/05/04 12:42:41 - 12:44:40: After the user requested a salad, I retrieved a knife from the fridge and sliced the lettuce.\n8. score=1.00; 2023/05/03 08:35:10 - 08:37:19: I sliced the lettuce and tomato, then added a tomato slice to the plate with the toast.\nRecommended answer: Yes, I have records mentioning bread.""""

**HumanMessage**:
"""Current state:
2023/04/13 - 2023/05/06: "From April 13th to May 6th, my primary activities revolved around daily kitchen operations and food preparation, including making various breakfasts, tomato-based dishes, salads, and cooked potato meals, alongside consistent plate and sink cleaning. I also performed household maintenance tasks such as watering plants, locating remote controls, tidying a dresser, and sorting watches."  
  ..."""
{}
command: answer(reasoning="The object_lookup for 'bread' returned a record of me handling toast, which is a form of bread.", answer="Yes, I have a record of adding a tomato slice to a plate with toast.")
expected output: 


 ============================== 


eval answer(reasoning="The object_lookup for 'bread' returned a record of me handling toast, which is a form of bread.", answer="Yes, I have a record of adding a tomato slice to a plate with toast.")
Answering Yes, I have a record of adding a tomato slice to a plate with toast.  with reason: The object_lookup for 'bread' returned a record of me handling toast, which is a form of bread.
Tokens Used: 2874
	Prompt Tokens: 2135
	Completion Tokens: 739
Successful Requests: 1
Total Cost (USD): $0.0
Evaluating sample 2b5a33d4908ee77d_fb8b-f2fab283e8dd367a_6c4c-30a7f003c3e49f70_ff1d-97fd7c6740b657f5_58dc-f211958a124a5ea7_cbf0-c7cc40993ef8468b_ad24-369a8cd57dde1b82_096e-d9a7f5476eac3df6_7a11-8455e3db97f9a4dc_de9d-0de4b62afcd06138_e549-724c11f87d95f819_a970-8f7791c488b51c98_fa79-d4c51dc230306c8b_d93b-7d0db28e7d18c776_c97a-6ccc8b815fbc093a_3e3a-6f28bbc4c8ed232a_bfc2-2f8d482d22e56fdd_410e-3ebbcf3c3aed7c9e_2eb2-61e8f5910474b00b_53e6-c66cfa360ba2ee00_45b2-89512fd6f5557f29_2369-a82cd949493bada0_ffe5-7334889a1fa54076_cb4c-a800b94ef5813e01_14fc-7172fd55ac8095bd_e687-32e631d248583662_b131-977b52faf01e6c05_ebe0-92904ea754a401e6_2b2c-271e4ccbac4343e1_87d1-52e190f2e5f3b790_edbb-cf32d4a95cdbcd3a_9fa2-25b52159ad56e77c_ff7f-50bc3abf986ccabb_aaee-823f0fe4bda8607c_34d8-18f6da623ba658a2_aa07-d33861eae5655995_2fb1-fe6b3de8c88b8573_9f76-79c66caa40f16dbc_874a-133d52a8aaf9db3f_1647-b63996c03c2d6b3e_6ac5-35025f516f41aba5_ba52-0d49a886a3c99bab_4ed0-1af6ffb5c083156a_9b7a-a1694dc92f54473f_0b07-50bc3abf986ccabb_7071-c81332c37968338f_2fef-4d30e90e534e9cbb_732b-a82cd949493bada0_0827-cce21676357b2d20_b27c-dc506a8ff8638954_1a5a-0-seq_low_actions_to_episode_task_descs
[配置] 启用 FAISS 加速，索引类型: flat
[Forgetting] 命中缓存
[GraphAug] 命中图缓存 (nodes=6621, edges=20666)
Got 0 examples


 ============================== 


eval task_lookup('place the tomato on the plate')
Updated/Defined variables after execution: {}
[结构化直答] low-action task lookup matched; returning Recommended answer directly
Tokens Used: 0
	Prompt Tokens: 0
	Completion Tokens: 0
Successful Requests: 0
Total Cost (USD): $0.0
Evaluating sample 2b5a33d4908ee77d_fb8b-f2fab283e8dd367a_6c4c-30a7f003c3e49f70_ff1d-97fd7c6740b657f5_58dc-f211958a124a5ea7_cbf0-c7cc40993ef8468b_ad24-369a8cd57dde1b82_096e-d9a7f5476eac3df6_7a11-8455e3db97f9a4dc_de9d-0de4b62afcd06138_e549-724c11f87d95f819_a970-8f7791c488b51c98_fa79-d4c51dc230306c8b_d93b-7d0db28e7d18c776_c97a-6ccc8b815fbc093a_3e3a-6f28bbc4c8ed232a_bfc2-2f8d482d22e56fdd_410e-3ebbcf3c3aed7c9e_2eb2-61e8f5910474b00b_53e6-c66cfa360ba2ee00_45b2-89512fd6f5557f29_2369-a82cd949493bada0_ffe5-7334889a1fa54076_cb4c-a800b94ef5813e01_14fc-7172fd55ac8095bd_e687-32e631d248583662_b131-977b52faf01e6c05_ebe0-92904ea754a401e6_2b2c-271e4ccbac4343e1_87d1-52e190f2e5f3b790_edbb-cf32d4a95cdbcd3a_9fa2-25b52159ad56e77c_ff7f-50bc3abf986ccabb_aaee-823f0fe4bda8607c_34d8-18f6da623ba658a2_aa07-d33861eae5655995_2fb1-fe6b3de8c88b8573_9f76-79c66caa40f16dbc_874a-133d52a8aaf9db3f_1647-b63996c03c2d6b3e_6ac5-35025f516f41aba5_ba52-0d49a886a3c99bab_4ed0-1af6ffb5c083156a_9b7a-a1694dc92f54473f_0b07-50bc3abf986ccabb_7071-c81332c37968338f_2fef-4d30e90e534e9cbb_732b-a82cd949493bada0_0827-cce21676357b2d20_b27c-dc506a8ff8638954_1a5a-0-exact_time_to_episode
[配置] 启用 FAISS 加速，索引类型: flat
[Forgetting] 命中缓存
[GraphAug] 命中图缓存 (nodes=6621, edges=20666)
Got 0 examples


 ============================== 


eval date_lookup('what did you do on Apr 27, 2023 at 03:47 PM?')
Updated/Defined variables after execution: {}

**SystemMessage**:
"""You are a smart humanoid robot answering user question about your past actions.
The history object contains information on what you did in the past, represented as a tree.
Use the method expand to look at details of a node.
Make sure to use collapse_all_but(idx) when you expanded irrelevant nodes, in order to keep the tree compact.
Enter Python expressions into the console to see the value and decide for the next command based on that result.
Answer concisely by calling answer("...") when you gathered enough information to answer the question.
Generate syntactically correct python console statements only, no explanations or other natural language statements.
IMPORTANT: If search() returns "No relevant records found", your next command MUST be answer("I have no record of that."). Do not search synonyms, do not expand further, and do not call vqa.
IMPORTANT: If you get "Nothing changed" twice, answer honestly that you have no record. Do NOT keep searching repeatedly. For just-before/just-after questions, first try one broader target search or inspect another relevant top-level time block before giving up.
For object yes/no questions, first use object_lookup("object name"). If it reports no matching summary, answer "No, I have no record of that." Do not call vqa unless you already have a directly relevant leaf image.
For task-list questions such as "List the tasks you performed", first use task_list(). Prefer its Recommended answer and chronological candidates instead of manually expanding the whole tree. For long histories, do not copy every task candidate verbatim unless the user explicitly asks for an exhaustive transcript.
For low-level action questions such as "what task did you perform when you toggle/open/pick up/place X", first use action_lookup("full low-level action"), for example action_lookup("open the drawer"). Do not call task_lookup first for these low-level action questions.
For task-description questions such as "describe what you did when you X", first use task_lookup("X"). Prefer its matching task candidates instead of manually expanding the whole tree. This does not apply to low-level action questions covered by action_lookup.
For exact date/time questions or "N days ago" questions asking what happened, first use date_lookup(question). Prefer its Recommended answer when it is confident instead of manually expanding by date.
For "How many days ago did you X?" or "When did you X?" questions, first use event_date_lookup(question). If it lists multiple days, include all of them in the final answer instead of only the most recent match.
For just-before or just-after questions, first use temporal_neighbor(target_task, direction="before" or "after") if a candidate is not already shown. Prefer the returned Recommended answer when it is confident. Only then inspect adjacent sibling or temporal nodes. Avoid expanding to raw leaf observations unless the summary is insufficient.
Do not call vqa for time, date, task-list, before/after, or yes/no object-existence questions when textual summaries already answer the question. Use vqa only for explicit visual appearance questions such as color, visible state, or what something looks like.
Never output bare parameters such as reasoning="..." answer="...". Always call answer("..."). You may call answer(reasoning="...", answer="...") only when a short reason is necessary.
Keep answer() short: answer under 60 words, and do not use markdown or backticks inside answer()."""

**HumanMessage**:
"""
def action_lookup(query: str, max_matches: int = 6) -> str # For low-level action questions, map raw leaf actions back to task-sized summaries
def answer(reasoning: str = None, answer: str = Ellipsis)
def ask(question: str)
def date_lookup(query: str, max_matches: int = 8) -> str # For exact date/time or N-days-ago questions, list matching history summaries directly
def event_date_lookup(query: str, max_matches: int = 12) -> str # For "how many days ago did you X" questions, find all matching event dates directly
def now() -> datetime.datetime
def object_lookup(object_name: str, max_matches: int = 8) -> str # For object yes/no questions, check whether task summaries mention the object
def task_list(max_tasks: int = 30) -> str # For task-list questions, list task-sized history summaries in chronological order
def task_lookup(query: str, max_matches: int = 8) -> str # For task-description questions, list task-sized summaries matching a query
def temporal_neighbor(target_task: str, direction: str = 'before', max_candidates: int = 6) -> str # For just-before/just-after questions, find the target task and return adjacent task candidates
def vqa(question: str, *images: PIL.Image.Image)
"""

**HumanMessage**:
"""Usage examples:
>>> history.expand()  # Shows the history tree with all child nodes expanded
>>> history.expand(date(2021, 12, 20))  # Expand the children that overlap with the given day
>>> history.expand(now() - timedelta(hours=6), now() - timedelta(hours=4))  # Expand all children that overlap with the given range (in this example "about 5 hours ago")
>>> history.expand((now() - timedelta(days=2)).date())  # Expand all children that overlap with the day before yesterday
>>> history.expand(0)  # Shows child node 0
>>> history[0].expand()  # Expands all child nodes of node 0 (node 0 must be expanded already to see them)
>>> history[5][2].expand()  # Shows child node 2 of child node 5 with all its child nodes expanded
>>> history.search("green cup") # Semantic index search. Expands the most relevant children according to similarity of the natural language query and the node's (recursively defined) index content.
>>> history[1][42].search("bicycle") # Semantic index search on some node further down the tree. Expands the children of node 1.42 most relevant to the search term
>>> history[3].collapse_all_but(1); history[3][1].expand()  # Zooms into details of child node 3.1 while collapsing all other childs of node 3
>>> vqa("What color is the ... in this image?",
...     history[2][4][-1][0].image)  # Invoke a model to answer a visual question about image(s) of some leaf (!) node(s)

# After gathering the relevant information, answer the question:
# Use a short final answer. Optionally provide a brief reasoning only when needed.
>>> answer("...")"""

**HumanMessage**:
"""User question: what did you do on Apr 27, 2023 at 03:47 PM?"""

**AIMessage**:
"""date_lookup('what did you do on Apr 27, 2023 at 03:47 PM?')"""

**HumanMessage**:
""""Date lookup for query='what did you do on Apr 27, 2023 at 03:47 PM?': resolved=2023/04/27 15:47:00.\n1. score=0.99; 2023/04/27 15:47:01 - 15:49:14: I sliced bread and then toasted a slice in the toaster, as instructed to make toast.\n2. score=0.92; 2023/04/27 15:47:01 - 15:48:55: I picked up a knife and sliced the bread as requested. During this process, I was further instructed to make a slice of toast.\n3. score=0.86; 2023/04/27 15:47 - 16:00: I prepared toast by slicing and toasting bread, cleaning a dirty plate retrieved from the garbage, and then placing the finished toast onto the clean plate to complete the task.\n4. score=0.76; 2023/04/27 15:47:01 - 15:48:01: Goal: Pickup(Knife) Visual observation: Spoon_2, Fork_2, CellPhone_1 [toggled], Mug_1 [dirty], Sink, Knife, Window_0, Sink_Basin, SoapBottle, DishSponge, HousePlant [filled], Faucet Speech: 2023-04-27 15:47:15.921947: Fi...\n5. score=0.57; 2023/04/27 14:22 - 16:00: On April 27th, I prepared a meal of lettuce and potato, and later prepared toast on a cleaned plate.\n6. score=0.17; 2023/04/27 - 2023/04/30: During the final days of April (27th-30th), my activities centered on preparing potato-based meals, toast, and coffee. I also spent time locating lost remote controls and ensuring plates were clean for serving.\n7. score=0.08; 2023/04/13 - 2023/05/06: From April 13th to May 6th, my primary activities revolved around daily kitchen operations and food preparation, including making various breakfasts, tomato-based dishes, salads, and cooked potato meals, alongside consis...\nRecommended answer: I sliced bread and then toasted a slice in the toaster, as instructed to make toast.""""

**HumanMessage**:
"""Current state:
2023/04/13 - 2023/05/06: "From April 13th to May 6th, my primary activities revolved around daily kitchen operations and food preparation, including making various breakfasts, tomato-based dishes, salads, and cooked potato meals, alongside consistent plate and sink cleaning. I also performed household maintenance tasks such as watering plants, locating remote controls, tidying a dresser, and sorting watches."  
  ..."""
{}
command: answer("I sliced bread and then toasted a slice in the toaster, as instructed to make toast.")
expected output: 


 ============================== 


eval answer("I sliced bread and then toasted a slice in the toaster, as instructed to make toast.")
Answering I sliced bread and then toasted a slice in the toaster, as instructed to make toast.  with reason: None
Tokens Used: 2821
	Prompt Tokens: 2266
	Completion Tokens: 555
Successful Requests: 1
Total Cost (USD): $0.0
Evaluating sample 2b5a33d4908ee77d_fb8b-f2fab283e8dd367a_6c4c-30a7f003c3e49f70_ff1d-97fd7c6740b657f5_58dc-f211958a124a5ea7_cbf0-c7cc40993ef8468b_ad24-369a8cd57dde1b82_096e-d9a7f5476eac3df6_7a11-8455e3db97f9a4dc_de9d-0de4b62afcd06138_e549-724c11f87d95f819_a970-8f7791c488b51c98_fa79-d4c51dc230306c8b_d93b-7d0db28e7d18c776_c97a-6ccc8b815fbc093a_3e3a-6f28bbc4c8ed232a_bfc2-2f8d482d22e56fdd_410e-3ebbcf3c3aed7c9e_2eb2-61e8f5910474b00b_53e6-c66cfa360ba2ee00_45b2-89512fd6f5557f29_2369-a82cd949493bada0_ffe5-7334889a1fa54076_cb4c-a800b94ef5813e01_14fc-7172fd55ac8095bd_e687-32e631d248583662_b131-977b52faf01e6c05_ebe0-92904ea754a401e6_2b2c-271e4ccbac4343e1_87d1-52e190f2e5f3b790_edbb-cf32d4a95cdbcd3a_9fa2-25b52159ad56e77c_ff7f-50bc3abf986ccabb_aaee-823f0fe4bda8607c_34d8-18f6da623ba658a2_aa07-d33861eae5655995_2fb1-fe6b3de8c88b8573_9f76-79c66caa40f16dbc_874a-133d52a8aaf9db3f_1647-b63996c03c2d6b3e_6ac5-35025f516f41aba5_ba52-0d49a886a3c99bab_4ed0-1af6ffb5c083156a_9b7a-a1694dc92f54473f_0b07-50bc3abf986ccabb_7071-c81332c37968338f_2fef-4d30e90e534e9cbb_732b-a82cd949493bada0_0827-cce21676357b2d20_b27c-dc506a8ff8638954_1a5a-0-tasks_to_exact_times
[配置] 启用 FAISS 加速，索引类型: flat
[Forgetting] 命中缓存
[GraphAug] 命中图缓存 (nodes=6621, edges=20666)
Got 0 examples


 ============================== 


eval event_date_lookup('When did you cook 2 slice(s) of potato and serve on a plate?')
Updated/Defined variables after execution: {}

**SystemMessage**:
"""You are a smart humanoid robot answering user question about your past actions.
The history object contains information on what you did in the past, represented as a tree.
Use the method expand to look at details of a node.
Make sure to use collapse_all_but(idx) when you expanded irrelevant nodes, in order to keep the tree compact.
Enter Python expressions into the console to see the value and decide for the next command based on that result.
Answer concisely by calling answer("...") when you gathered enough information to answer the question.
Generate syntactically correct python console statements only, no explanations or other natural language statements.
IMPORTANT: If search() returns "No relevant records found", your next command MUST be answer("I have no record of that."). Do not search synonyms, do not expand further, and do not call vqa.
IMPORTANT: If you get "Nothing changed" twice, answer honestly that you have no record. Do NOT keep searching repeatedly. For just-before/just-after questions, first try one broader target search or inspect another relevant top-level time block before giving up.
For object yes/no questions, first use object_lookup("object name"). If it reports no matching summary, answer "No, I have no record of that." Do not call vqa unless you already have a directly relevant leaf image.
For task-list questions such as "List the tasks you performed", first use task_list(). Prefer its Recommended answer and chronological candidates instead of manually expanding the whole tree. For long histories, do not copy every task candidate verbatim unless the user explicitly asks for an exhaustive transcript.
For low-level action questions such as "what task did you perform when you toggle/open/pick up/place X", first use action_lookup("full low-level action"), for example action_lookup("open the drawer"). Do not call task_lookup first for these low-level action questions.
For task-description questions such as "describe what you did when you X", first use task_lookup("X"). Prefer its matching task candidates instead of manually expanding the whole tree. This does not apply to low-level action questions covered by action_lookup.
For exact date/time questions or "N days ago" questions asking what happened, first use date_lookup(question). Prefer its Recommended answer when it is confident instead of manually expanding by date.
For "How many days ago did you X?" or "When did you X?" questions, first use event_date_lookup(question). If it lists multiple days, include all of them in the final answer instead of only the most recent match.
For just-before or just-after questions, first use temporal_neighbor(target_task, direction="before" or "after") if a candidate is not already shown. Prefer the returned Recommended answer when it is confident. Only then inspect adjacent sibling or temporal nodes. Avoid expanding to raw leaf observations unless the summary is insufficient.
Do not call vqa for time, date, task-list, before/after, or yes/no object-existence questions when textual summaries already answer the question. Use vqa only for explicit visual appearance questions such as color, visible state, or what something looks like.
Never output bare parameters such as reasoning="..." answer="...". Always call answer("..."). You may call answer(reasoning="...", answer="...") only when a short reason is necessary.
Keep answer() short: answer under 60 words, and do not use markdown or backticks inside answer()."""

**HumanMessage**:
"""
def action_lookup(query: str, max_matches: int = 6) -> str # For low-level action questions, map raw leaf actions back to task-sized summaries
def answer(reasoning: str = None, answer: str = Ellipsis)
def ask(question: str)
def date_lookup(query: str, max_matches: int = 8) -> str # For exact date/time or N-days-ago questions, list matching history summaries directly
def event_date_lookup(query: str, max_matches: int = 12) -> str # For "how many days ago did you X" questions, find all matching event dates directly
def now() -> datetime.datetime
def object_lookup(object_name: str, max_matches: int = 8) -> str # For object yes/no questions, check whether task summaries mention the object
def task_list(max_tasks: int = 30) -> str # For task-list questions, list task-sized history summaries in chronological order
def task_lookup(query: str, max_matches: int = 8) -> str # For task-description questions, list task-sized summaries matching a query
def temporal_neighbor(target_task: str, direction: str = 'before', max_candidates: int = 6) -> str # For just-before/just-after questions, find the target task and return adjacent task candidates
def vqa(question: str, *images: PIL.Image.Image)
"""

**HumanMessage**:
"""Usage examples:
>>> history.expand()  # Shows the history tree with all child nodes expanded
>>> history.expand(date(2021, 12, 20))  # Expand the children that overlap with the given day
>>> history.expand(now() - timedelta(hours=6), now() - timedelta(hours=4))  # Expand all children that overlap with the given range (in this example "about 5 hours ago")
>>> history.expand((now() - timedelta(days=2)).date())  # Expand all children that overlap with the day before yesterday
>>> history.expand(0)  # Shows child node 0
>>> history[0].expand()  # Expands all child nodes of node 0 (node 0 must be expanded already to see them)
>>> history[5][2].expand()  # Shows child node 2 of child node 5 with all its child nodes expanded
>>> history.search("green cup") # Semantic index search. Expands the most relevant children according to similarity of the natural language query and the node's (recursively defined) index content.
>>> history[1][42].search("bicycle") # Semantic index search on some node further down the tree. Expands the children of node 1.42 most relevant to the search term
>>> history[3].collapse_all_but(1); history[3][1].expand()  # Zooms into details of child node 3.1 while collapsing all other childs of node 3
>>> vqa("What color is the ... in this image?",
...     history[2][4][-1][0].image)  # Invoke a model to answer a visual question about image(s) of some leaf (!) node(s)

# After gathering the relevant information, answer the question:
# Use a short final answer. Optionally provide a brief reasoning only when needed.
>>> answer("...")"""

**HumanMessage**:
"""User question: When did you cook 2 slice(s) of potato and serve on a plate?"""

**AIMessage**:
"""event_date_lookup('When did you cook 2 slice(s) of potato and serve on a plate?')"""

**HumanMessage**:
"""'Event date lookup for query=\'When did you cook 2 slice(s) of potato and serve on a plate?\': event=\'cook 2 slice(s) of potato and serve on a plate\', today=2023/05/06.\n1. score=0.65; days_ago=19; 2023/04/17 09:21 - 09:26: I placed both cooked potato slices onto the plate and finished the task.\n2. score=0.60; days_ago=18; 2023/04/18 17:56 - 18:08: I assembled the salad by placing two cooked potato slices and one lettuce slice onto the plate, after which the user confirmed the task was complete by saying "Good job".\n3. score=0.58; days_ago=17; 2023/04/19 19:12:54 - 19:14:28: I transferred the five cooked potato slices from the microwave to the plate one by one.\n4. score=0.72; days_ago=9; 2023/04/27 14:22 - 14:31: I fulfilled the user\'s request for two slices of lettuce and a cooked potato. I retrieved and sliced both the lettuce and potato using a knife. Then, I found a clean plate in a cabinet, washed it, and placed the sliced l...\n5. score=0.60; days_ago=7; 2023/04/29 16:45:32 - 16:47:05: I retrieved all three cooked potato slices from the microwave, placing them on a plate and then on the countertop.\n6. score=0.62; days_ago=6; 2023/04/30 09:48 - 09:55: I finished cooking the potatoes on the stove and assembled the final plate with two potato slices and two tomato slices as requested by the user.\nRecommended answer: on 2023/04/27'"""

**HumanMessage**:
"""Current state:
2023/04/13 - 2023/05/06: "From April 13th to May 6th, my primary activities revolved around daily kitchen operations and food preparation, including making various breakfasts, tomato-based dishes, salads, and cooked potato meals, alongside consistent plate and sink cleaning. I also performed household maintenance tasks such as watering plants, locating remote controls, tidying a dresser, and sorting watches."  
  ..."""
{}
command: answer("I cooked and served two slices of potato on a plate on April 17th, April 18th, and April 3
expected output: 


 ============================== 


eval answer("I cooked and served two slices of potato on a plate on April 17th, April 18th, and April 3


 ============================== 


eval answer("I cooked and served two slices of potato on a plate on April 17th, April 18th, and April 3


 ============================== 




answer("I cooked and served two slices of potato on a plate on April 17th, April 18th, and April 3

[结构化回退] answer(...) 语法错误，返回结构化推荐答案
Tokens Used: 2900
	Prompt Tokens: 2136
	Completion Tokens: 764
Successful Requests: 1
Total Cost (USD): $0.0
Evaluating sample 2b5a33d4908ee77d_fb8b-f2fab283e8dd367a_6c4c-30a7f003c3e49f70_ff1d-97fd7c6740b657f5_58dc-f211958a124a5ea7_cbf0-c7cc40993ef8468b_ad24-369a8cd57dde1b82_096e-d9a7f5476eac3df6_7a11-8455e3db97f9a4dc_de9d-0de4b62afcd06138_e549-724c11f87d95f819_a970-8f7791c488b51c98_fa79-d4c51dc230306c8b_d93b-7d0db28e7d18c776_c97a-6ccc8b815fbc093a_3e3a-6f28bbc4c8ed232a_bfc2-2f8d482d22e56fdd_410e-3ebbcf3c3aed7c9e_2eb2-61e8f5910474b00b_53e6-c66cfa360ba2ee00_45b2-89512fd6f5557f29_2369-a82cd949493bada0_ffe5-7334889a1fa54076_cb4c-a800b94ef5813e01_14fc-7172fd55ac8095bd_e687-32e631d248583662_b131-977b52faf01e6c05_ebe0-92904ea754a401e6_2b2c-271e4ccbac4343e1_87d1-52e190f2e5f3b790_edbb-cf32d4a95cdbcd3a_9fa2-25b52159ad56e77c_ff7f-50bc3abf986ccabb_aaee-823f0fe4bda8607c_34d8-18f6da623ba658a2_aa07-d33861eae5655995_2fb1-fe6b3de8c88b8573_9f76-79c66caa40f16dbc_874a-133d52a8aaf9db3f_1647-b63996c03c2d6b3e_6ac5-35025f516f41aba5_ba52-0d49a886a3c99bab_4ed0-1af6ffb5c083156a_9b7a-a1694dc92f54473f_0b07-50bc3abf986ccabb_7071-c81332c37968338f_2fef-4d30e90e534e9cbb_732b-a82cd949493bada0_0827-cce21676357b2d20_b27c-dc506a8ff8638954_1a5a-0-tasks_to_days_ago
[配置] 启用 FAISS 加速，索引类型: flat
[Forgetting] 命中缓存
[GraphAug] 命中图缓存 (nodes=6621, edges=20666)
Got 0 examples


 ============================== 


eval event_date_lookup('Today is May 06, 2023 at 12:07 PM. How many days ago did you make a salad?')
Updated/Defined variables after execution: {}

**SystemMessage**:
"""You are a smart humanoid robot answering user question about your past actions.
The history object contains information on what you did in the past, represented as a tree.
Use the method expand to look at details of a node.
Make sure to use collapse_all_but(idx) when you expanded irrelevant nodes, in order to keep the tree compact.
Enter Python expressions into the console to see the value and decide for the next command based on that result.
Answer concisely by calling answer("...") when you gathered enough information to answer the question.
Generate syntactically correct python console statements only, no explanations or other natural language statements.
IMPORTANT: If search() returns "No relevant records found", your next command MUST be answer("I have no record of that."). Do not search synonyms, do not expand further, and do not call vqa.
IMPORTANT: If you get "Nothing changed" twice, answer honestly that you have no record. Do NOT keep searching repeatedly. For just-before/just-after questions, first try one broader target search or inspect another relevant top-level time block before giving up.
For object yes/no questions, first use object_lookup("object name"). If it reports no matching summary, answer "No, I have no record of that." Do not call vqa unless you already have a directly relevant leaf image.
For task-list questions such as "List the tasks you performed", first use task_list(). Prefer its Recommended answer and chronological candidates instead of manually expanding the whole tree. For long histories, do not copy every task candidate verbatim unless the user explicitly asks for an exhaustive transcript.
For low-level action questions such as "what task did you perform when you toggle/open/pick up/place X", first use action_lookup("full low-level action"), for example action_lookup("open the drawer"). Do not call task_lookup first for these low-level action questions.
For task-description questions such as "describe what you did when you X", first use task_lookup("X"). Prefer its matching task candidates instead of manually expanding the whole tree. This does not apply to low-level action questions covered by action_lookup.
For exact date/time questions or "N days ago" questions asking what happened, first use date_lookup(question). Prefer its Recommended answer when it is confident instead of manually expanding by date.
For "How many days ago did you X?" or "When did you X?" questions, first use event_date_lookup(question). If it lists multiple days, include all of them in the final answer instead of only the most recent match.
For just-before or just-after questions, first use temporal_neighbor(target_task, direction="before" or "after") if a candidate is not already shown. Prefer the returned Recommended answer when it is confident. Only then inspect adjacent sibling or temporal nodes. Avoid expanding to raw leaf observations unless the summary is insufficient.
Do not call vqa for time, date, task-list, before/after, or yes/no object-existence questions when textual summaries already answer the question. Use vqa only for explicit visual appearance questions such as color, visible state, or what something looks like.
Never output bare parameters such as reasoning="..." answer="...". Always call answer("..."). You may call answer(reasoning="...", answer="...") only when a short reason is necessary.
Keep answer() short: answer under 60 words, and do not use markdown or backticks inside answer()."""

**HumanMessage**:
"""
def action_lookup(query: str, max_matches: int = 6) -> str # For low-level action questions, map raw leaf actions back to task-sized summaries
def answer(reasoning: str = None, answer: str = Ellipsis)
def ask(question: str)
def date_lookup(query: str, max_matches: int = 8) -> str # For exact date/time or N-days-ago questions, list matching history summaries directly
def event_date_lookup(query: str, max_matches: int = 12) -> str # For "how many days ago did you X" questions, find all matching event dates directly
def now() -> datetime.datetime
def object_lookup(object_name: str, max_matches: int = 8) -> str # For object yes/no questions, check whether task summaries mention the object
def task_list(max_tasks: int = 30) -> str # For task-list questions, list task-sized history summaries in chronological order
def task_lookup(query: str, max_matches: int = 8) -> str # For task-description questions, list task-sized summaries matching a query
def temporal_neighbor(target_task: str, direction: str = 'before', max_candidates: int = 6) -> str # For just-before/just-after questions, find the target task and return adjacent task candidates
def vqa(question: str, *images: PIL.Image.Image)
"""

**HumanMessage**:
"""Usage examples:
>>> history.expand()  # Shows the history tree with all child nodes expanded
>>> history.expand(date(2021, 12, 20))  # Expand the children that overlap with the given day
>>> history.expand(now() - timedelta(hours=6), now() - timedelta(hours=4))  # Expand all children that overlap with the given range (in this example "about 5 hours ago")
>>> history.expand((now() - timedelta(days=2)).date())  # Expand all children that overlap with the day before yesterday
>>> history.expand(0)  # Shows child node 0
>>> history[0].expand()  # Expands all child nodes of node 0 (node 0 must be expanded already to see them)
>>> history[5][2].expand()  # Shows child node 2 of child node 5 with all its child nodes expanded
>>> history.search("green cup") # Semantic index search. Expands the most relevant children according to similarity of the natural language query and the node's (recursively defined) index content.
>>> history[1][42].search("bicycle") # Semantic index search on some node further down the tree. Expands the children of node 1.42 most relevant to the search term
>>> history[3].collapse_all_but(1); history[3][1].expand()  # Zooms into details of child node 3.1 while collapsing all other childs of node 3
>>> vqa("What color is the ... in this image?",
...     history[2][4][-1][0].image)  # Invoke a model to answer a visual question about image(s) of some leaf (!) node(s)

# After gathering the relevant information, answer the question:
# Use a short final answer. Optionally provide a brief reasoning only when needed.
>>> answer("...")"""

**HumanMessage**:
"""User question: Today is May 06, 2023 at 12:07 PM. How many days ago did you make a salad?"""

**AIMessage**:
"""event_date_lookup('Today is May 06, 2023 at 12:07 PM. How many days ago did you make a salad?')"""

**HumanMessage**:
""""Event date lookup for query='Today is May 06, 2023 at 12:07 PM. How many days ago did you make a salad?': event='make a salad', today=2023/05/06.\n1. score=0.47; days_ago=22; 2023/04/14 18:17:25 - 18:18:06: To make space in the sink, I moved a cellphone, a knife, an apple, a salt shaker, and a fork from the sink basin to the countertop.\n2. score=0.83; days_ago=19; 2023/04/17 14:28 - 14:32: I received instructions to make a salad. I retrieved a tomato and a butter knife from the garbage bin, and sliced the tomato on the countertop. I was then asked to also slice and cook two potato pieces.\n3. score=0.63; days_ago=18; 2023/04/18 17:44 - 18:08: On April 18th, I prepared a salad consisting of sliced lettuce and cooked potato.\n4. score=0.59; days_ago=15; 2023/04/21 14:59 - 15:02: I prepared a salad with two slices of lettuce and one slice of tomato as requested. This involved slicing the vegetables, cleaning a plate at the sink, and assembling the salad on the plate before the user confirmed the...\n5. score=0.54; days_ago=14; 2023/04/22 16:37:55 - 16:38:35: I picked up a knife and placed it on the countertop after receiving a request to make a tomato slice.\n6. score=0.51; days_ago=12; 2023/04/24 10:50:58 - 10:53:06: Following the user's request to make toast, I picked up a knife, opened the fridge, sliced a piece of bread, placed it in the toaster, and turned the toaster on.\n7. score=0.45; days_ago=11; 2023/04/25 15:19 - 15:23: I was instructed to prepare coffee. I began by rinsing a dirty mug and a green cup in the sink. Afterwards, I placed the rinsed mug into the coffee machine and operated it to make coffee, successfully completing the task...\n8. score=0.55; days_ago=9; 2023/04/27 15:47:01 - 15:48:55: I picked up a knife and sliced the bread as requested. During this process, I was further instructed to make a slice of toast.\n9. score=0.50; days_ago=3; 2023/05/03 09:40:07 - 09:40:10: I moved the first cleaned plate from the sink to the countertop to make space.\n10. score=0.59; days_ago=2; 2023/05/04 12:42 - 12:46: The user requested a salad. I prepared it by retrieving a knife, slicing lettuce, getting a plate, slicing a tomato, and then placing the lettuce and tomato slices on the plate to complete the salad.\n11. score=0.42; days_ago=0; 2023/05/06 10:25 - 10:31: On May 6th, I performed kitchen cleanup and prepared a plated meal of tomato and microwaved potato.\nRecommended answer: 22 days ago and 19 days ago and 18 days ago and 15 days ago and 14 days ago and 12 days ago and 11 days ago and 9 days ago and 3 days ago and 2 days ago""""

**HumanMessage**:
"""Current state:
2023/04/13 - 2023/05/06: "From April 13th to May 6th, my primary activities revolved around daily kitchen operations and food preparation, including making various breakfasts, tomato-based dishes, salads, and cooked potato meals, alongside consistent plate and sink cleaning. I also performed household maintenance tasks such as watering plants, locating remote controls, tidying a dresser, and sorting watches."  
  ..."""
{}
command: answer("I have records of making a salad on several occasions: 19 days ago, 18 days ago, 15 days ago, and 2 days ago.")
expected output: 


 ============================== 


eval answer("I have records of making a salad on several occasions: 19 days ago, 18 days ago, 15 days ago, and 2 days ago.")
Answering I have records of making a salad on several occasions: 19 days ago, 18 days ago, 15 days ago, and 2 days ago.  with reason: None
Tokens Used: 3227
	Prompt Tokens: 2617
	Completion Tokens: 610
Successful Requests: 1
Total Cost (USD): $0.0
Evaluating sample 2b5a33d4908ee77d_fb8b-f2fab283e8dd367a_6c4c-30a7f003c3e49f70_ff1d-97fd7c6740b657f5_58dc-f211958a124a5ea7_cbf0-c7cc40993ef8468b_ad24-369a8cd57dde1b82_096e-d9a7f5476eac3df6_7a11-8455e3db97f9a4dc_de9d-0de4b62afcd06138_e549-724c11f87d95f819_a970-8f7791c488b51c98_fa79-d4c51dc230306c8b_d93b-7d0db28e7d18c776_c97a-6ccc8b815fbc093a_3e3a-6f28bbc4c8ed232a_bfc2-2f8d482d22e56fdd_410e-3ebbcf3c3aed7c9e_2eb2-61e8f5910474b00b_53e6-c66cfa360ba2ee00_45b2-89512fd6f5557f29_2369-a82cd949493bada0_ffe5-7334889a1fa54076_cb4c-a800b94ef5813e01_14fc-7172fd55ac8095bd_e687-32e631d248583662_b131-977b52faf01e6c05_ebe0-92904ea754a401e6_2b2c-271e4ccbac4343e1_87d1-52e190f2e5f3b790_edbb-cf32d4a95cdbcd3a_9fa2-25b52159ad56e77c_ff7f-50bc3abf986ccabb_aaee-823f0fe4bda8607c_34d8-18f6da623ba658a2_aa07-d33861eae5655995_2fb1-fe6b3de8c88b8573_9f76-79c66caa40f16dbc_874a-133d52a8aaf9db3f_1647-b63996c03c2d6b3e_6ac5-35025f516f41aba5_ba52-0d49a886a3c99bab_4ed0-1af6ffb5c083156a_9b7a-a1694dc92f54473f_0b07-50bc3abf986ccabb_7071-c81332c37968338f_2fef-4d30e90e534e9cbb_732b-a82cd949493bada0_0827-cce21676357b2d20_b27c-dc506a8ff8638954_1a5a-0-days_ago_to_episode
[配置] 启用 FAISS 加速，索引类型: flat
[Forgetting] 命中缓存
[GraphAug] 命中图缓存 (nodes=6621, edges=20666)
Got 0 examples


 ============================== 


eval date_lookup('Today is May 06, 2023 at 12:07 PM. What did you do 23 days ago?')
Updated/Defined variables after execution: {}

**SystemMessage**:
"""You are a smart humanoid robot answering user question about your past actions.
The history object contains information on what you did in the past, represented as a tree.
Use the method expand to look at details of a node.
Make sure to use collapse_all_but(idx) when you expanded irrelevant nodes, in order to keep the tree compact.
Enter Python expressions into the console to see the value and decide for the next command based on that result.
Answer concisely by calling answer("...") when you gathered enough information to answer the question.
Generate syntactically correct python console statements only, no explanations or other natural language statements.
IMPORTANT: If search() returns "No relevant records found", your next command MUST be answer("I have no record of that."). Do not search synonyms, do not expand further, and do not call vqa.
IMPORTANT: If you get "Nothing changed" twice, answer honestly that you have no record. Do NOT keep searching repeatedly. For just-before/just-after questions, first try one broader target search or inspect another relevant top-level time block before giving up.
For object yes/no questions, first use object_lookup("object name"). If it reports no matching summary, answer "No, I have no record of that." Do not call vqa unless you already have a directly relevant leaf image.
For task-list questions such as "List the tasks you performed", first use task_list(). Prefer its Recommended answer and chronological candidates instead of manually expanding the whole tree. For long histories, do not copy every task candidate verbatim unless the user explicitly asks for an exhaustive transcript.
For low-level action questions such as "what task did you perform when you toggle/open/pick up/place X", first use action_lookup("full low-level action"), for example action_lookup("open the drawer"). Do not call task_lookup first for these low-level action questions.
For task-description questions such as "describe what you did when you X", first use task_lookup("X"). Prefer its matching task candidates instead of manually expanding the whole tree. This does not apply to low-level action questions covered by action_lookup.
For exact date/time questions or "N days ago" questions asking what happened, first use date_lookup(question). Prefer its Recommended answer when it is confident instead of manually expanding by date.
For "How many days ago did you X?" or "When did you X?" questions, first use event_date_lookup(question). If it lists multiple days, include all of them in the final answer instead of only the most recent match.
For just-before or just-after questions, first use temporal_neighbor(target_task, direction="before" or "after") if a candidate is not already shown. Prefer the returned Recommended answer when it is confident. Only then inspect adjacent sibling or temporal nodes. Avoid expanding to raw leaf observations unless the summary is insufficient.
Do not call vqa for time, date, task-list, before/after, or yes/no object-existence questions when textual summaries already answer the question. Use vqa only for explicit visual appearance questions such as color, visible state, or what something looks like.
Never output bare parameters such as reasoning="..." answer="...". Always call answer("..."). You may call answer(reasoning="...", answer="...") only when a short reason is necessary.
Keep answer() short: answer under 60 words, and do not use markdown or backticks inside answer()."""

**HumanMessage**:
"""
def action_lookup(query: str, max_matches: int = 6) -> str # For low-level action questions, map raw leaf actions back to task-sized summaries
def answer(reasoning: str = None, answer: str = Ellipsis)
def ask(question: str)
def date_lookup(query: str, max_matches: int = 8) -> str # For exact date/time or N-days-ago questions, list matching history summaries directly
def event_date_lookup(query: str, max_matches: int = 12) -> str # For "how many days ago did you X" questions, find all matching event dates directly
def now() -> datetime.datetime
def object_lookup(object_name: str, max_matches: int = 8) -> str # For object yes/no questions, check whether task summaries mention the object
def task_list(max_tasks: int = 30) -> str # For task-list questions, list task-sized history summaries in chronological order
def task_lookup(query: str, max_matches: int = 8) -> str # For task-description questions, list task-sized summaries matching a query
def temporal_neighbor(target_task: str, direction: str = 'before', max_candidates: int = 6) -> str # For just-before/just-after questions, find the target task and return adjacent task candidates
def vqa(question: str, *images: PIL.Image.Image)
"""

**HumanMessage**:
"""Usage examples:
>>> history.expand()  # Shows the history tree with all child nodes expanded
>>> history.expand(date(2021, 12, 20))  # Expand the children that overlap with the given day
>>> history.expand(now() - timedelta(hours=6), now() - timedelta(hours=4))  # Expand all children that overlap with the given range (in this example "about 5 hours ago")
>>> history.expand((now() - timedelta(days=2)).date())  # Expand all children that overlap with the day before yesterday
>>> history.expand(0)  # Shows child node 0
>>> history[0].expand()  # Expands all child nodes of node 0 (node 0 must be expanded already to see them)
>>> history[5][2].expand()  # Shows child node 2 of child node 5 with all its child nodes expanded
>>> history.search("green cup") # Semantic index search. Expands the most relevant children according to similarity of the natural language query and the node's (recursively defined) index content.
>>> history[1][42].search("bicycle") # Semantic index search on some node further down the tree. Expands the children of node 1.42 most relevant to the search term
>>> history[3].collapse_all_but(1); history[3][1].expand()  # Zooms into details of child node 3.1 while collapsing all other childs of node 3
>>> vqa("What color is the ... in this image?",
...     history[2][4][-1][0].image)  # Invoke a model to answer a visual question about image(s) of some leaf (!) node(s)

# After gathering the relevant information, answer the question:
# Use a short final answer. Optionally provide a brief reasoning only when needed.
>>> answer("...")"""

**HumanMessage**:
"""User question: Today is May 06, 2023 at 12:07 PM. What did you do 23 days ago?"""

**AIMessage**:
"""date_lookup('Today is May 06, 2023 at 12:07 PM. What did you do 23 days ago?')"""

**HumanMessage**:
""""Date lookup for query='Today is May 06, 2023 at 12:07 PM. What did you do 23 days ago?': resolved=2023/04/13.\n1. score=0.85; 2023/04/13 14:26 - 14:37: I prepared a tomato sandwich by slicing and toasting bread, slicing a tomato, and assembling the ingredients on a plate. After completing the assembly, I received positive feedback from the user.\n2. score=0.85; 2023/04/13 11:22 - 11:27: I took two mugs from the fridge, emptied their contents into the sink, and completed the cleaning task.\n3. score=0.82; 2023/04/13 11:22 - 14:37: On April 13th, I performed kitchen tasks including cleaning mugs and preparing a tomato sandwich for the user.\n4. score=0.78; 2023/04/13 14:26 - 14:33: I started by opening a cabinet to find bread, then picked up the bread and placed it on the countertop. I also picked up a knife and sliced the bread into multiple pieces.\n5. score=0.78; 2023/04/13 11:22:41 - 11:25:29: I opened the fridge and moved two mugs to the sink to begin the cleaning process.\n6. score=0.78; 2023/04/13 14:35:29 - 14:37:21: Finally, I picked up a plate and placed it on the countertop. I then assembled the sandwich by picking up a toasted bread slice, a tomato slice, and another toasted bread slice, placing each onto the plate.\n7. score=0.78; 2023/04/13 14:33:06 - 14:34:38: Following instructions to toast two slices, I picked up two slices of bread, placed them one by one into the toaster, toggled the toaster on and off for each slice, and then removed the toasted bread, placing it on the c...\n8. score=0.78; 2023/04/13 11:25:34 - 11:26:00: I operated the faucet and emptied the contents of both mugs into the sink.\nRecommended answer: I prepared a tomato sandwich by slicing and toasting bread, slicing a tomato, and assembling the ingredients on a plate. After completing the assembly, I received positive feedback from the user. I took two mugs from the fridge, emptied their contents into the sink, and completed the cleaning task. On April 13th, I performed kitchen tasks including cleaning mugs and preparing a tomato sandwich for the user. I started by opening a cabinet to find bread, then picked up the bread and placed it on the countertop. I also picked up a knife and sliced the bread into multiple pieces.""""

**HumanMessage**:
"""Current state:
2023/04/13 - 2023/05/06: "From April 13th to May 6th, my primary activities revolved around daily kitchen operations and food preparation, including making various breakfasts, tomato-based dishes, salads, and cooked potato meals, alongside consistent plate and sink cleaning. I also performed household maintenance tasks such as watering plants, locating remote controls, tidying a dresser, and sorting watches."  
  ..."""
{}
command: answer("On April 13, 2023, I performed kitchen tasks. I prepared a tomato sandwich by slicing and to
expected output: 


 ============================== 


eval answer("On April 13, 2023, I performed kitchen tasks. I prepared a tomato sandwich by slicing and to


 ============================== 


eval answer("On April 13, 2023, I performed kitchen tasks. I prepared a tomato sandwich by slicing and to


 ============================== 




answer("On April 13, 2023, I performed kitchen tasks. I prepared a tomato sandwich by slicing and to

[结构化回退] answer(...) 语法错误，返回结构化推荐答案
Tokens Used: 3139
	Prompt Tokens: 2375
	Completion Tokens: 764
Successful Requests: 1
Total Cost (USD): $0.0
