Warning: You are sending unauthenticated requests to the HF Hub. Please set a HF_TOKEN to enable higher rate limits and faster downloads.

History cache audit
Selected histories: 4
Cached histories: 4
Missing histories: 0
00 cached qa_start=0 qa_count=10 episodes=50 dataset/TEACh/preprocessed_histories/valid_unseen-multi/50ep-8ff5291f2e02216cc14877f3841c5033.pkl
01 cached qa_start=10 qa_count=10 episodes=50 dataset/TEACh/preprocessed_histories/valid_unseen-multi/50ep-c179436351ca12d6ac19176f5d3e1acb.pkl
02 cached qa_start=20 qa_count=10 episodes=50 dataset/TEACh/preprocessed_histories/valid_unseen-multi/50ep-e3690f2c5e5ccdb053803f54500075bb.pkl
03 cached qa_start=30 qa_count=10 episodes=50 dataset/TEACh/preprocessed_histories/valid_unseen-multi/50ep-04ad61ab48c59b07c35386471dcf5ca3.pkl
Evaluating sample 6c24abb778c24a7c_704a-977b52faf01e6c05_d71f-01c1b8aa1820aa0b_adaf-32918ea00b69d9fe_38ff-cdf30defa61245ba_5590-2513b9a8d8ae5129_ab38-7337be5c30b1b5d1_874c-57862376ad3394a1_c9dc-32fe2fa7cc43fbc3_b8f3-0de4b62afcd06138_45f2-a966ba0c6e0d463d_ce88-25ef88cce38adfbc_1740-7504548a0dd7baf8_b148-064a69cb5d40b41f_9c2e-a690a35743c855aa_4c00-4b813e7c9bc088d0_1ce1-e4909f617bc99db4_4ab8-03379f213dfbda39_79a2-c49a96282ec09e90_5bfa-a2d31b84a569e568_fb03-88ddc0cbf1a23687_43ea-b36a8d73976068a3_6afd-c02445dd7a5b6f26_d92a-a76099fbab67c9da_4d48-c6c5c151b7b8e770_38db-60d26ec0f9c4757e_425d-9539c0004762d6a8_2eee-b2fde7ee4eb1c40f_1f95-c2ffd6a81bfe2613_f91c-81b10da74f7ac9ff_15c8-6ccc8b815fbc093a_e921-5aa3cbd322d4f163_402a-52e190f2e5f3b790_edbb-71392179ff5e728f_d7fe-4e893adaff5699af_ab4f-6f4aca312776de7b_97f3-4e88e46c6584bd85_21d2-eef61c8f3cdd8280_c537-bfb3e4eaf7ba458f_81db-af3fc77ab8313235_5b72-dbb41344c474217f_ee0e-498d06abfb7e9487_5c19-36492265af47de94_a352-9c97a83f60095487_02d9-0d1a67f82b3b5854_d74d-2f8d482d22e56fdd_410e-5c12b219bbb5bc07_6008-4aafdc038df138e8_58f0-474a8460bc35eb12_20d0-0f0664338151d4ac_5c06-0-sequence_of_task_descs
Loading weights:   0%|          | 0/199 [00:00<?, ?it/s]Loading weights: 100%|██████████| 199/199 [00:00<00:00, 4740.00it/s]
[1mMPNetModel LOAD REPORT[0m from: sentence-transformers/all-mpnet-base-v2
Key                     | Status     |  | 
------------------------+------------+--+-
embeddings.position_ids | UNEXPECTED |  | 

Notes:
- UNEXPECTED:	can be ignored when loading from different task/architecture; not ok if you expect identical arch.
/home/user22303471/Project/Active-H-EMV/llm_emv/setup.py:226: FutureWarning: The `get_sentence_embedding_dimension` method has been renamed to `get_embedding_dimension`.
  filter_kwargs['_embedding_dim'] = embedding_model.get_sentence_embedding_dimension()
/home/user22303471/Project/Active-H-EMV/llm_emv/setup.py:183: FutureWarning: The `get_sentence_embedding_dimension` method has been renamed to `get_embedding_dimension`.
  result = torch.empty(len(texts), embedding_model.get_sentence_embedding_dimension(),
[配置] 启用 FAISS 加速，索引类型: flat
[GraphAug] 开始构建记忆图...
[MemoryGraph] 收集到 4933 个事件节点
[MemoryGraph] 时间相邻边: 3925
[MemoryGraph] 共享物体边: 10981
[MemoryGraph] 唯一动作数: 395, 相似动作对: 786
[MemoryGraph] 相似动作边: 1527
[MemoryGraph] 图构建完成: {'num_nodes': 4933, 'num_edges': 16433, 'edges_temporal_adjacent': 3925, 'edges_co_object': 10981, 'edges_similar_action': 1527}
[GraphAug] 记忆图构建完成
Got 0 examples


 ============================== 


eval task_list()
Updated/Defined variables after execution: {}

**SystemMessage**:
"""You are a smart humanoid robot answering user question about your past actions.
The history object contains information on what you did in the past, represented as a tree.
Use the method expand to look at details of a node.
Make sure to use collapse_all_but(idx) when you expanded irrelevant nodes, in order to keep the tree compact.
Enter Python expressions into the console to see the value and decide for the next command based on that result.
Answer concisely by calling answer("...") when you gathered enough information to answer the question.
Generate syntactically correct python console statements only, no explanations or other natural language statements.
IMPORTANT: If search() returns "No relevant records found", your next command MUST be answer("I have no record of that."). Do not search synonyms, do not expand further, and do not call vqa.
IMPORTANT: If you get "Nothing changed" twice, answer honestly that you have no record. Do NOT keep searching repeatedly. For just-before/just-after questions, first try one broader target search or inspect another relevant top-level time block before giving up.
For object yes/no questions, first use object_lookup("object name"). If it reports no matching summary, answer "No, I have no record of that." Do not call vqa unless you already have a directly relevant leaf image.
For task-list questions such as "List the tasks you performed", first use task_list(). Prefer its Recommended answer and chronological candidates instead of manually expanding the whole tree. For long histories, do not copy every task candidate verbatim unless the user explicitly asks for an exhaustive transcript.
For low-level action questions such as "what task did you perform when you toggle/open/pick up/place X", first use action_lookup("full low-level action"), for example action_lookup("open the drawer"). Do not call task_lookup first for these low-level action questions.
For task-description questions such as "describe what you did when you X", first use task_lookup("X"). Prefer its matching task candidates instead of manually expanding the whole tree. This does not apply to low-level action questions covered by action_lookup.
For exact date/time questions or "N days ago" questions asking what happened, first use date_lookup(question). Prefer its Recommended answer when it is confident instead of manually expanding by date.
For "How many days ago did you X?" or "When did you X?" questions, first use event_date_lookup(question). If it lists multiple days, include all of them in the final answer instead of only the most recent match.
For just-before or just-after questions, first use temporal_neighbor(target_task, direction="before" or "after") if a candidate is not already shown. Prefer the returned Recommended answer when it is confident. Only then inspect adjacent sibling or temporal nodes. Avoid expanding to raw leaf observations unless the summary is insufficient.
Do not call vqa for time, date, task-list, before/after, or yes/no object-existence questions when textual summaries already answer the question. Use vqa only for explicit visual appearance questions such as color, visible state, or what something looks like.
Never output bare parameters such as reasoning="..." answer="...". Always call answer("..."). You may call answer(reasoning="...", answer="...") only when a short reason is necessary.
Keep answer() short: answer under 60 words, and do not use markdown or backticks inside answer()."""

**HumanMessage**:
"""
def action_lookup(query: str, max_matches: int = 6) -> str # For low-level action questions, map raw leaf actions back to task-sized summaries
def answer(reasoning: str = None, answer: str = Ellipsis)
def ask(question: str)
def date_lookup(query: str, max_matches: int = 8) -> str # For exact date/time or N-days-ago questions, list matching history summaries directly
def event_date_lookup(query: str, max_matches: int = 12) -> str # For "how many days ago did you X" questions, find all matching event dates directly
def now() -> datetime.datetime
def object_lookup(object_name: str, max_matches: int = 8) -> str # For object yes/no questions, check whether task summaries mention the object
def task_list(max_tasks: int = 30) -> str # For task-list questions, list task-sized history summaries in chronological order
def task_lookup(query: str, max_matches: int = 8) -> str # For task-description questions, list task-sized summaries matching a query
def temporal_neighbor(target_task: str, direction: str = 'before', max_candidates: int = 6) -> str # For just-before/just-after questions, find the target task and return adjacent task candidates
def vqa(question: str, *images: PIL.Image.Image)
"""

**HumanMessage**:
"""Usage examples:
>>> history.expand()  # Shows the history tree with all child nodes expanded
>>> history.expand(date(2021, 12, 20))  # Expand the children that overlap with the given day
>>> history.expand(now() - timedelta(hours=6), now() - timedelta(hours=4))  # Expand all children that overlap with the given range (in this example "about 5 hours ago")
>>> history.expand((now() - timedelta(days=2)).date())  # Expand all children that overlap with the day before yesterday
>>> history.expand(0)  # Shows child node 0
>>> history[0].expand()  # Expands all child nodes of node 0 (node 0 must be expanded already to see them)
>>> history[5][2].expand()  # Shows child node 2 of child node 5 with all its child nodes expanded
>>> history.search("green cup") # Semantic index search. Expands the most relevant children according to similarity of the natural language query and the node's (recursively defined) index content.
>>> history[1][42].search("bicycle") # Semantic index search on some node further down the tree. Expands the children of node 1.42 most relevant to the search term
>>> history[3].collapse_all_but(1); history[3][1].expand()  # Zooms into details of child node 3.1 while collapsing all other childs of node 3
>>> vqa("What color is the ... in this image?",
...     history[2][4][-1][0].image)  # Invoke a model to answer a visual question about image(s) of some leaf (!) node(s)

# After gathering the relevant information, answer the question:
# Use a short final answer. Optionally provide a brief reasoning only when needed.
>>> answer("...")"""

**HumanMessage**:
"""User question: List the tasks you performed."""

**AIMessage**:
"""task_list()"""

**HumanMessage**:
""""Task list candidates in chronological order:\nUse these as evidence. If there are many candidates, do not copy every candidate verbatim; use the Recommended answer unless the user explicitly asks for an exhaustive transcript.\n1. 2023/07/13 10:37 - 10:40: I located and retrieved a loaf of bread from the lower cabinet and placed it on the countertop.\n2. 2023/07/13 14:04 - 14:08: In response to an instruction to microwave a potato, I first moved an egg out of the way, then retrieved a potato from the sink, cooked it in the microwave, and placed it on the countertop.\n3. 2023/07/13 14:08 - 14:11: Following a new instruction to prepare potato slices, I retrieved a knife from a garbage can to slice the cooked potato. I then emptied a bowl and placed two potato slices into it, completing the task.\n4. 2023/07/16 12:06 - 12:09: I began preparing to clean two dirty plates by clearing the sink, moving a bowl to the countertop. I then retrieved a second dirty plate from a cabinet and placed it on the countertop.\n5. 2023/07/17 08:11 - 08:17: Following the user's instruction to microwave a potato, I picked one up from a shelf. I then cleared the microwave by removing an apple and a salt shaker, placed the potato inside, cooked it, and finally placed the cooked potato on the coun...\n6. 2023/07/17 14:26 - 14:29: I started making toast by retrieving bread and a knife from the fridge, slicing the bread, and then toasting one slice as per user clarification.\n7. 2023/07/17 14:29 - 14:32: I prepared to serve the toast by getting a plate from the fridge, then finding another plate in the upper cabinets after a user prompt. I then toasted a second slice of bread, placed the finished toast on the first plate, and announced task...\n8. 2023/07/18 13:37 - 13:42: I prepared a sandwich by slicing bread, toasting two slices, and then slicing a tomato. I then assembled the sandwich by placing the toasted bread and tomato slices onto a plate, completing the user's request.\n9. 2023/07/18 17:38 - 17:48: Upon being instructed to cook five potato slices, I first searched for a knife, which I then used to slice a potato. I proceeded to cook the five slices in a pan on the stove. Finally, I moved the cooked potato slices to a plate and confirm...\n10. 2023/07/19 08:45 - 09:00: I prepared a sandwich by picking up bread, finding a knife, slicing and toasting the bread. I then cleared the sink, washed a dirty plate, and placed the toasted bread on it, completing the sandwich preparation as confirmed by the user.\n11. 2023/07/19 17:03 - 17:09: I was instructed to clean mugs and make coffee. I picked up a dirty cup and placed it in the sink, then took a filled mug, emptied it, and started the coffee machine. While the coffee brewed, I rinsed the dirty cup in the sink and emptied a...\n12. 2023/07/21 09:16 - 09:22: I prepared ingredients for a sandwich by slicing and toasting two slices of bread, and then slicing lettuce and a tomato.\n13. 2023/07/21 09:22 - 09:32: I cleaned a plate, and then began assembling the sandwich by placing toast, lettuce, and tomato on the plate. After a correction, I reorganized the ingredients and added a newly toasted slice of bread to complete the sandwich on the plate.\n14. 2023/07/21 15:56 - 16:00: I picked up the butter knife again and used it to slice lettuce and tomato, placing all the sliced items on the countertop.\n15. 2023/07/22 19:24 - 19:32: The user instructed me to prepare a salad with lettuce, tomato, and potato. I searched for ingredients, then used a knife to slice lettuce, tomato, and potato. I cooked the potato slices in a pan and assembled all ingredients on a plate, co...\n16. 2023/07/23 08:00 - 08:06: I was asked to make coffee. I first rinsed a dirty mug in the sink. Following a series of user instructions, I operated the coffee machine three times to fill the mug, correcting a mistake where I briefly placed the mug on the counter befor...\n17. 2023/07/23 19:49 - 19:54: I was asked to place the tissue boxes on the side tables. I picked up the first tissue box and placed it on one side table, then picked up the second tissue box and placed it on another side table to complete the task.\n18. 2023/07/24 15:07 - 15:11: I was instructed to clean the drinkware. I picked up a dirty cup from the counter, brought it to the sink, and placed it in the basin. I then retrieved a dirty mug from the counter and also placed it in the sink. Finally, I turned the fauce...\n19. 2023/07/24 16:12 - 16:15: I retrieved a dirty plate from a chair and prepared the sink for washing by moving a soap bottle and an egg out of the basin. I also moved a potato to the countertop before washing the plate and declaring it clean.\n20. 2023/07/25 16:32 - 16:36: I picked up a knife and then boiled a potato as instructed, placing it in a pot on the stove and turning it on. After cooking, I placed the pot back on the stove and asked the user if they wanted another potato boiled.\n21. 2023/07/25 18:42 - 18:49: Following the instruction to cook a potato, I retrieved it from a bookshelf, cooked it on the stove, and sliced it. Afterwards, I got a plate from the fridge and placed the potato slices on it.\n22. 2023/07/26 18:10 - 18:14: I retrieved a tomato from the fridge/cabinet, sliced it, and placed a slice on a plate as instructed by the user.\n23. 2023/07/29 14:40 - 14:44: I received an instruction to boil a potato. I retrieved a pot from the fridge, emptied it, and then got the potato from the microwave, placing it inside the pot. I also cleared some items from the countertop to make space.\n24. 2023/07/29 14:44 - 14:47: I filled the pot with water at the sink, moved it to the countertop, and cleared other items like a dirty pot and a dirty pan from the stove. After briefly adjusting the water level, I placed the pot on the stove burner to boil the potato a...\n25. 2023/07/29 16:06 - 16:09: Following the user's instructions, I retrieved a knife from a shelf, took lettuce out of the fridge, and sliced it on the countertop.\n26. 2023/07/30 11:05 - 11:09: I prepared for the task by retrieving a potato and a knife, slicing the potato, and placing three slices onto a plate.\n27. 2023/07/30 11:09 - 11:15: Since the microwave was occupied, I cleaned a pan and used the stove to cook the three potato slices before placing them back on the plate to complete the task.\n28. 2023/08/01 18:56 - 19:01: I was asked to slice and cook a potato. I mistakenly picked up a tomato, but then used a knife to slice both the tomato and a potato. I cooked one potato slice in a pan on the stove. Finally, I assembled the dish by placing the cooked potat...\n29. 2023/08/02 10:38 - 10:49: The user asked me to slice some lettuce and place it on a clean plate. I retrieved a knife, sliced the lettuce inside the fridge, washed a dirty plate, and then placed a lettuce slice onto the clean plate to complete the request.\n30. 2023/08/02 10:58 - 11:12: I completed two consecutive tasks: first, I prepared two cups of coffee by washing the mugs and using the coffee machine, and then I sliced an apple and placed the slices into two bowls.\nRecommended answer: From 2023/07/13 to 2023/08/02, I performed 30 recorded task groups, including bread, toast, and sandwich preparation; potato cooking and slicing; salad, lettuce, and tomato preparation; coffee and drinkware tasks; dish, plate, bowl, and pan cleaning; household organization tasks; plant watering.""""

**HumanMessage**:
"""Current state:
2023/07/13 - 2023/08/04: "From July 13th to August 4th, I consistently performed a variety of daily kitchen and household tasks, including preparing diverse meals like toast, sandwiches, cooked potatoes, salads, and coffee, along with routine activities such as watering houseplants, cleaning dishes, and organizing various items including credit cards, remotes, tissue boxes, pencils, newspapers, and watches."  
  ..."""
{}
command: /home/user22303471/Project/Active-H-EMV/llm_emv/setup.py:226: FutureWarning: The `get_sentence_embedding_dimension` method has been renamed to `get_embedding_dimension`.
  filter_kwargs['_embedding_dim'] = embedding_model.get_sentence_embedding_dimension()
/home/user22303471/Project/Active-H-EMV/llm_emv/setup.py:183: FutureWarning: The `get_sentence_embedding_dimension` method has been renamed to `get_embedding_dimension`.
  result = torch.empty(len(texts), embedding_model.get_sentence_embedding_dimension(),
answer("From 2023/07/13 to 2023/08/02, I performed 30 recorded task groups, including bread, toast, and sandwich preparation; potato cooking and slicing; salad, lettuce, and tomato preparation; coffee and drinkware tasks; dish, plate, bowl, and pan cleaning; household organization tasks; plant watering.")
expected output: 


 ============================== 


eval answer("From 2023/07/13 to 2023/08/02, I performed 30 recorded task groups, including bread, toast, and sandwich preparation; potato cooking and slicing; salad, lettuce, and tomato preparation; coffee and drinkware tasks; dish, plate, bowl, and pan cleaning; household organization tasks; plant watering.")
Answering From 2023/07/13 to 2023/08/02, I performed 30 recorded task groups, including bread, toast, and sandwich preparation; potato cooking and slicing; salad, lettuce, and tomato preparation; coffee and drinkware tasks; dish, plate, bowl, and pan cleaning; household organization tasks; plant watering.  with reason: None
Tokens Used: 4157
	Prompt Tokens: 3847
	Completion Tokens: 310
Successful Requests: 1
Total Cost (USD): $0.0
Evaluating sample 6c24abb778c24a7c_704a-977b52faf01e6c05_d71f-01c1b8aa1820aa0b_adaf-32918ea00b69d9fe_38ff-cdf30defa61245ba_5590-2513b9a8d8ae5129_ab38-7337be5c30b1b5d1_874c-57862376ad3394a1_c9dc-32fe2fa7cc43fbc3_b8f3-0de4b62afcd06138_45f2-a966ba0c6e0d463d_ce88-25ef88cce38adfbc_1740-7504548a0dd7baf8_b148-064a69cb5d40b41f_9c2e-a690a35743c855aa_4c00-4b813e7c9bc088d0_1ce1-e4909f617bc99db4_4ab8-03379f213dfbda39_79a2-c49a96282ec09e90_5bfa-a2d31b84a569e568_fb03-88ddc0cbf1a23687_43ea-b36a8d73976068a3_6afd-c02445dd7a5b6f26_d92a-a76099fbab67c9da_4d48-c6c5c151b7b8e770_38db-60d26ec0f9c4757e_425d-9539c0004762d6a8_2eee-b2fde7ee4eb1c40f_1f95-c2ffd6a81bfe2613_f91c-81b10da74f7ac9ff_15c8-6ccc8b815fbc093a_e921-5aa3cbd322d4f163_402a-52e190f2e5f3b790_edbb-71392179ff5e728f_d7fe-4e893adaff5699af_ab4f-6f4aca312776de7b_97f3-4e88e46c6584bd85_21d2-eef61c8f3cdd8280_c537-bfb3e4eaf7ba458f_81db-af3fc77ab8313235_5b72-dbb41344c474217f_ee0e-498d06abfb7e9487_5c19-36492265af47de94_a352-9c97a83f60095487_02d9-0d1a67f82b3b5854_d74d-2f8d482d22e56fdd_410e-5c12b219bbb5bc07_6008-4aafdc038df138e8_58f0-474a8460bc35eb12_20d0-0f0664338151d4ac_5c06-0-seq_specific_shortened_low_actions
[配置] 启用 FAISS 加速，索引类型: flat
[GraphAug] 命中图缓存 (nodes=4933, edges=16433)
Got 0 examples


 ============================== 


eval task_lookup('clean all the pans')
Updated/Defined variables after execution: {}

**SystemMessage**:
"""You are a smart humanoid robot answering user question about your past actions.
The history object contains information on what you did in the past, represented as a tree.
Use the method expand to look at details of a node.
Make sure to use collapse_all_but(idx) when you expanded irrelevant nodes, in order to keep the tree compact.
Enter Python expressions into the console to see the value and decide for the next command based on that result.
Answer concisely by calling answer("...") when you gathered enough information to answer the question.
Generate syntactically correct python console statements only, no explanations or other natural language statements.
IMPORTANT: If search() returns "No relevant records found", your next command MUST be answer("I have no record of that."). Do not search synonyms, do not expand further, and do not call vqa.
IMPORTANT: If you get "Nothing changed" twice, answer honestly that you have no record. Do NOT keep searching repeatedly. For just-before/just-after questions, first try one broader target search or inspect another relevant top-level time block before giving up.
For object yes/no questions, first use object_lookup("object name"). If it reports no matching summary, answer "No, I have no record of that." Do not call vqa unless you already have a directly relevant leaf image.
For task-list questions such as "List the tasks you performed", first use task_list(). Prefer its Recommended answer and chronological candidates instead of manually expanding the whole tree. For long histories, do not copy every task candidate verbatim unless the user explicitly asks for an exhaustive transcript.
For low-level action questions such as "what task did you perform when you toggle/open/pick up/place X", first use action_lookup("full low-level action"), for example action_lookup("open the drawer"). Do not call task_lookup first for these low-level action questions.
For task-description questions such as "describe what you did when you X", first use task_lookup("X"). Prefer its matching task candidates instead of manually expanding the whole tree. This does not apply to low-level action questions covered by action_lookup.
For exact date/time questions or "N days ago" questions asking what happened, first use date_lookup(question). Prefer its Recommended answer when it is confident instead of manually expanding by date.
For "How many days ago did you X?" or "When did you X?" questions, first use event_date_lookup(question). If it lists multiple days, include all of them in the final answer instead of only the most recent match.
For just-before or just-after questions, first use temporal_neighbor(target_task, direction="before" or "after") if a candidate is not already shown. Prefer the returned Recommended answer when it is confident. Only then inspect adjacent sibling or temporal nodes. Avoid expanding to raw leaf observations unless the summary is insufficient.
Do not call vqa for time, date, task-list, before/after, or yes/no object-existence questions when textual summaries already answer the question. Use vqa only for explicit visual appearance questions such as color, visible state, or what something looks like.
Never output bare parameters such as reasoning="..." answer="...". Always call answer("..."). You may call answer(reasoning="...", answer="...") only when a short reason is necessary.
Keep answer() short: answer under 60 words, and do not use markdown or backticks inside answer()."""

**HumanMessage**:
"""
def action_lookup(query: str, max_matches: int = 6) -> str # For low-level action questions, map raw leaf actions back to task-sized summaries
def answer(reasoning: str = None, answer: str = Ellipsis)
def ask(question: str)
def date_lookup(query: str, max_matches: int = 8) -> str # For exact date/time or N-days-ago questions, list matching history summaries directly
def event_date_lookup(query: str, max_matches: int = 12) -> str # For "how many days ago did you X" questions, find all matching event dates directly
def now() -> datetime.datetime
def object_lookup(object_name: str, max_matches: int = 8) -> str # For object yes/no questions, check whether task summaries mention the object
def task_list(max_tasks: int = 30) -> str # For task-list questions, list task-sized history summaries in chronological order
def task_lookup(query: str, max_matches: int = 8) -> str # For task-description questions, list task-sized summaries matching a query
def temporal_neighbor(target_task: str, direction: str = 'before', max_candidates: int = 6) -> str # For just-before/just-after questions, find the target task and return adjacent task candidates
def vqa(question: str, *images: PIL.Image.Image)
"""

**HumanMessage**:
/home/user22303471/Project/Active-H-EMV/llm_emv/setup.py:226: FutureWarning: The `get_sentence_embedding_dimension` method has been renamed to `get_embedding_dimension`.
  filter_kwargs['_embedding_dim'] = embedding_model.get_sentence_embedding_dimension()
/home/user22303471/Project/Active-H-EMV/llm_emv/setup.py:183: FutureWarning: The `get_sentence_embedding_dimension` method has been renamed to `get_embedding_dimension`.
  result = torch.empty(len(texts), embedding_model.get_sentence_embedding_dimension(),
"""Usage examples:
>>> history.expand()  # Shows the history tree with all child nodes expanded
>>> history.expand(date(2021, 12, 20))  # Expand the children that overlap with the given day
>>> history.expand(now() - timedelta(hours=6), now() - timedelta(hours=4))  # Expand all children that overlap with the given range (in this example "about 5 hours ago")
>>> history.expand((now() - timedelta(days=2)).date())  # Expand all children that overlap with the day before yesterday
>>> history.expand(0)  # Shows child node 0
>>> history[0].expand()  # Expands all child nodes of node 0 (node 0 must be expanded already to see them)
>>> history[5][2].expand()  # Shows child node 2 of child node 5 with all its child nodes expanded
>>> history.search("green cup") # Semantic index search. Expands the most relevant children according to similarity of the natural language query and the node's (recursively defined) index content.
>>> history[1][42].search("bicycle") # Semantic index search on some node further down the tree. Expands the children of node 1.42 most relevant to the search term
>>> history[3].collapse_all_but(1); history[3][1].expand()  # Zooms into details of child node 3.1 while collapsing all other childs of node 3
>>> vqa("What color is the ... in this image?",
...     history[2][4][-1][0].image)  # Invoke a model to answer a visual question about image(s) of some leaf (!) node(s)

# After gathering the relevant information, answer the question:
# Use a short final answer. Optionally provide a brief reasoning only when needed.
>>> answer("...")"""

**HumanMessage**:
"""User question: describe what you did when you clean all the pans."""

**AIMessage**:
"""task_lookup('clean all the pans')"""

**HumanMessage**:
""""Task lookup candidates for query='clean all the pans':\n1. score=0.81; 2023/07/21 09:22 - 09:32: I cleaned a plate, and then began assembling the sandwich by placing toast, lettuce, and tomato on the plate. After a correction, I reorganized the ingredients and added a newly toasted slice of bread to complete the sandwich on the plate.\n2. score=0.81; 2023/07/30 11:09 - 11:15: Since the microwave was occupied, I cleaned a pan and used the stove to cook the three potato slices before placing them back on the plate to complete the task.\n3. score=0.80; 2023/07/16 12:06 - 13:12: On July 16th, I cleaned two dirty plates and a dirty pan, clearing the sink basin as needed for both tasks.\n4. score=0.79; 2023/07/30 11:14:24 - 11:15:09: Finally, I moved the three cooked potato slices from the pan to the plate as instructed and confirmed the task was complete.\n5. score=0.76; 2023/07/24 15:07 - 15:11: I was instructed to clean the drinkware. I picked up a dirty cup from the counter, brought it to the sink, and placed it in the basin. I then retrieved a dirty mug from the counter and also placed it in the sink. Finally, I turned the fauce...\n6. score=0.74; 2023/07/16 13:10:02 - 13:12:13: I cleaned a dirty pan from the stove. To do this, I temporarily placed it on the countertop while I cleared the obstructed sink by moving several items out of the basin. Then, I placed the pan in the sink, rinsed it by turning the faucet on...\n7. score=0.72; 2023/07/21 09:16 - 09:32: I prepared ingredients for a sandwich by slicing and toasting bread, slicing lettuce and tomato, then cleaned a plate and assembled the sandwich with toast, lettuce, and tomato, making adjustments as needed to complete it.\n8. score=0.71; 2023/07/13 10:41:28 - 10:43:40: I found a dirty plate and moved it to the countertop while searching for a way to clean it.\nRecommended answer: I cleaned a plate, and then began assembling the sandwich by placing toast, lettuce, and tomato on the plate...; Since the microwave was occupied, I cleaned a pan and used the stove to cook the three potato slices before placing...; I cleaned two dirty plates and a dirty pan, clearing the sink basin as needed for both tasks.""""

**HumanMessage**:
"""Current state:
2023/07/13 - 2023/08/04: "From July 13th to August 4th, I consistently performed a variety of daily kitchen and household tasks, including preparing diverse meals like toast, sandwiches, cooked potatoes, salads, and coffee, along with routine activities such as watering houseplants, cleaning dishes, and organizing various items including credit cards, remotes, tissue boxes, pencils, newspapers, and watches."  
  ..."""
{}
command: answer("I have no record of cleaning all the pans. However, I have records of cleaning individual pans. For example, on July 16th, I cleaned two dirty plates and a dirty pan. On July 30th, I cleaned a pan to cook potato slices on the stove.")
expected output: 


 ============================== 


eval answer("I have no record of cleaning all the pans. However, I have records of cleaning individual pans. For example, on July 16th, I cleaned two dirty plates and a dirty pan. On July 30th, I cleaned a pan to cook potato slices on the stove.")
Answering I have no record of cleaning all the pans. However, I have records of cleaning individual pans. For example, on July 16th, I cleaned two dirty plates and a dirty pan. On July 30th, I cleaned a pan to cook potato slices on the stove.  with reason: None
Tokens Used: 2997
	Prompt Tokens: 2300
	Completion Tokens: 697
Successful Requests: 1
Total Cost (USD): $0.0
Evaluating sample 6c24abb778c24a7c_704a-977b52faf01e6c05_d71f-01c1b8aa1820aa0b_adaf-32918ea00b69d9fe_38ff-cdf30defa61245ba_5590-2513b9a8d8ae5129_ab38-7337be5c30b1b5d1_874c-57862376ad3394a1_c9dc-32fe2fa7cc43fbc3_b8f3-0de4b62afcd06138_45f2-a966ba0c6e0d463d_ce88-25ef88cce38adfbc_1740-7504548a0dd7baf8_b148-064a69cb5d40b41f_9c2e-a690a35743c855aa_4c00-4b813e7c9bc088d0_1ce1-e4909f617bc99db4_4ab8-03379f213dfbda39_79a2-c49a96282ec09e90_5bfa-a2d31b84a569e568_fb03-88ddc0cbf1a23687_43ea-b36a8d73976068a3_6afd-c02445dd7a5b6f26_d92a-a76099fbab67c9da_4d48-c6c5c151b7b8e770_38db-60d26ec0f9c4757e_425d-9539c0004762d6a8_2eee-b2fde7ee4eb1c40f_1f95-c2ffd6a81bfe2613_f91c-81b10da74f7ac9ff_15c8-6ccc8b815fbc093a_e921-5aa3cbd322d4f163_402a-52e190f2e5f3b790_edbb-71392179ff5e728f_d7fe-4e893adaff5699af_ab4f-6f4aca312776de7b_97f3-4e88e46c6584bd85_21d2-eef61c8f3cdd8280_c537-bfb3e4eaf7ba458f_81db-af3fc77ab8313235_5b72-dbb41344c474217f_ee0e-498d06abfb7e9487_5c19-36492265af47de94_a352-9c97a83f60095487_02d9-0d1a67f82b3b5854_d74d-2f8d482d22e56fdd_410e-5c12b219bbb5bc07_6008-4aafdc038df138e8_58f0-474a8460bc35eb12_20d0-0f0664338151d4ac_5c06-0-seq_right_after_questions
[配置] 启用 FAISS 加速，索引类型: flat
[GraphAug] 命中图缓存 (nodes=4933, edges=16433)
Got 0 examples


 ============================== 


eval temporal_neighbor('put all book on any bed', direction='after')
Updated/Defined variables after execution: {}

**SystemMessage**:
"""You are a smart humanoid robot answering user question about your past actions.
The history object contains information on what you did in the past, represented as a tree.
Use the method expand to look at details of a node.
Make sure to use collapse_all_but(idx) when you expanded irrelevant nodes, in order to keep the tree compact.
Enter Python expressions into the console to see the value and decide for the next command based on that result.
Answer concisely by calling answer("...") when you gathered enough information to answer the question.
Generate syntactically correct python console statements only, no explanations or other natural language statements.
IMPORTANT: If search() returns "No relevant records found", your next command MUST be answer("I have no record of that."). Do not search synonyms, do not expand further, and do not call vqa.
IMPORTANT: If you get "Nothing changed" twice, answer honestly that you have no record. Do NOT keep searching repeatedly. For just-before/just-after questions, first try one broader target search or inspect another relevant top-level time block before giving up.
For object yes/no questions, first use object_lookup("object name"). If it reports no matching summary, answer "No, I have no record of that." Do not call vqa unless you already have a directly relevant leaf image.
For task-list questions such as "List the tasks you performed", first use task_list(). Prefer its Recommended answer and chronological candidates instead of manually expanding the whole tree. For long histories, do not copy every task candidate verbatim unless the user explicitly asks for an exhaustive transcript.
For low-level action questions such as "what task did you perform when you toggle/open/pick up/place X", first use action_lookup("full low-level action"), for example action_lookup("open the drawer"). Do not call task_lookup first for these low-level action questions.
For task-description questions such as "describe what you did when you X", first use task_lookup("X"). Prefer its matching task candidates instead of manually expanding the whole tree. This does not apply to low-level action questions covered by action_lookup.
For exact date/time questions or "N days ago" questions asking what happened, first use date_lookup(question). Prefer its Recommended answer when it is confident instead of manually expanding by date.
For "How many days ago did you X?" or "When did you X?" questions, first use event_date_lookup(question). If it lists multiple days, include all of them in the final answer instead of only the most recent match.
For just-before or just-after questions, first use temporal_neighbor(target_task, direction="before" or "after") if a candidate is not already shown. Prefer the returned Recommended answer when it is confident. Only then inspect adjacent sibling or temporal nodes. Avoid expanding to raw leaf observations unless the summary is insufficient.
Do not call vqa for time, date, task-list, before/after, or yes/no object-existence questions when textual summaries already answer the question. Use vqa only for explicit visual appearance questions such as color, visible state, or what something looks like.
Never output bare parameters such as reasoning="..." answer="...". Always call answer("..."). You may call answer(reasoning="...", answer="...") only when a short reason is necessary.
Keep answer() short: answer under 60 words, and do not use markdown or backticks inside answer()."""

**HumanMessage**:
"""
def action_lookup(query: str, max_matches: int = 6) -> str # For low-level action questions, map raw leaf actions back to task-sized summaries
def answer(reasoning: str = None, answer: str = Ellipsis)
def ask(question: str)
def date_lookup(query: str, max_matches: int = 8) -> str # For exact date/time or N-days-ago questions, list matching history summaries directly
def event_date_lookup(query: str, max_matches: int = 12) -> str # For "how many days ago did you X" questions, find all matching event dates directly
def now() -> datetime.datetime
def object_lookup(object_name: str, max_matches: int = 8) -> str # For object yes/no questions, check whether task summaries mention the object
def task_list(max_tasks: int = 30) -> str # For task-list questions, list task-sized history summaries in chronological order
def task_lookup(query: str, max_matches: int = 8) -> str # For task-description questions, list task-sized summaries matching a query
def temporal_neighbor(target_task: str, direction: str = 'before', max_candidates: int = 6) -> str # For just-before/just-after questions, find the target task and return adjacent task candidates
def vqa(question: str, *images: PIL.Image.Image)
"""

**HumanMessage**:
"""Usage examples:
>>> history.expand()  # Shows the history tree with all child nodes expanded
>>> history.expand(date(2021, 12, 20))  # Expand the children that overlap with the given day
>>> history.expand(now() - timedelta(hours=6), now() - timedelta(hours=4))  # Expand all children that overlap with the given range (in this example "about 5 hours ago")
>>> history.expand((now() - timedelta(days=2)).date())  # Expand all children that overlap with the day before yesterday
>>> history.expand(0)  # Shows child node 0
>>> history[0].expand()  # Expands all child nodes of node 0 (node 0 must be expanded already to see them)
>>> history[5][2].expand()  # Shows child node 2 of child node 5 with all its child nodes expanded
>>> history.search("green cup") # Semantic index search. Expands the most relevant children according to similarity of the natural language query and the node's (recursively defined) index content.
>>> history[1][42].search("bicycle") # Semantic index search on some node further down the tree. Expands the children of node 1.42 most relevant to the search term
>>> history[3].collapse_all_but(1); history[3][1].expand()  # Zooms into details of child node 3.1 while collapsing all other childs of node 3
>>> vqa("What color is the ... in this image?",
...     history[2][4][-1][0].image)  # Invoke a model to answer a visual question about image(s) of some leaf (!) node(s)

# After gathering the relevant information, answer the question:
# Use a short final answer. Optionally provide a brief reasoning only when needed.
>>> answer("...")"""

**HumanMessage**:
"""User question: What task did you do just after put all book on any bed?"""

**AIMessage**:
"""temporal_neighbor('put all book on any bed', direction='after')"""

**HumanMessage**:
""""Temporal neighbor candidates for target='put all book on any bed', direction='after':\n1. score=0.71; target=2023/07/28 12:26:43 - 12:27:56: I placed a book on the bed as instructed and received confirmation from the user that the task was complete.; after=2023/07/29 14:40 - 14:44: I received an instruction to boil a potato. I retrieved a pot from the fridge, emptied it, and then got the potato from the microwave, placing it inside the pot. I also cleared som...\n2. score=0.64; target=2023/07/28 12:26:43 - 12:27:45: I was instructed to put the book on the bed, so I picked it up from the desk and placed it on the bed.; after=2023/07/29 14:40 - 14:44: I received an instruction to boil a potato. I retrieved a pot from the fridge, emptied it, and then got the potato from the microwave, placing it inside the pot. I also cleared som...\n3. score=0.50; target=2023/07/28 12:26:43 - 12:27:56: On July 28th, I placed a book on the bed.; after=2023/07/29 14:40 - 17:22: On July 29th, I boiled a potato, prepared a salad with lettuce and tomato, and gathered three pencils onto the bed.\nRecommended answer: I received an instruction to boil a potato. I retrieved a pot from the fridge, emptied it, and then got the potato from the microwave, placing it inside the pot. I also cleared som...""""

**HumanMessage**:
/home/user22303471/Project/Active-H-EMV/llm_emv/setup.py:226: FutureWarning: The `get_sentence_embedding_dimension` method has been renamed to `get_embedding_dimension`.
  filter_kwargs['_embedding_dim'] = embedding_model.get_sentence_embedding_dimension()
/home/user22303471/Project/Active-H-EMV/llm_emv/setup.py:183: FutureWarning: The `get_sentence_embedding_dimension` method has been renamed to `get_embedding_dimension`.
  result = torch.empty(len(texts), embedding_model.get_sentence_embedding_dimension(),
"""Current state:
2023/07/13 - 2023/08/04: "From July 13th to August 4th, I consistently performed a variety of daily kitchen and household tasks, including preparing diverse meals like toast, sandwiches, cooked potatoes, salads, and coffee, along with routine activities such as watering houseplants, cleaning dishes, and organizing various items including credit cards, remotes, tissue boxes, pencils, newspapers, and watches."  
  ..."""
{}
command: answer("I received an instruction to boil a potato. I retrieved a pot from the fridge, emptied it, and then got the potato from the microwave, placing it inside the pot. I also cleared some items from the counter.")
expected output: 


 ============================== 


eval answer("I received an instruction to boil a potato. I retrieved a pot from the fridge, emptied it, and then got the potato from the microwave, placing it inside the pot. I also cleared some items from the counter.")
Answering I received an instruction to boil a potato. I retrieved a pot from the fridge, emptied it, and then got the potato from the microwave, placing it inside the pot. I also cleared some items from the counter.  with reason: None
Tokens Used: 2416
	Prompt Tokens: 2061
	Completion Tokens: 355
Successful Requests: 1
Total Cost (USD): $0.0
Evaluating sample 6c24abb778c24a7c_704a-977b52faf01e6c05_d71f-01c1b8aa1820aa0b_adaf-32918ea00b69d9fe_38ff-cdf30defa61245ba_5590-2513b9a8d8ae5129_ab38-7337be5c30b1b5d1_874c-57862376ad3394a1_c9dc-32fe2fa7cc43fbc3_b8f3-0de4b62afcd06138_45f2-a966ba0c6e0d463d_ce88-25ef88cce38adfbc_1740-7504548a0dd7baf8_b148-064a69cb5d40b41f_9c2e-a690a35743c855aa_4c00-4b813e7c9bc088d0_1ce1-e4909f617bc99db4_4ab8-03379f213dfbda39_79a2-c49a96282ec09e90_5bfa-a2d31b84a569e568_fb03-88ddc0cbf1a23687_43ea-b36a8d73976068a3_6afd-c02445dd7a5b6f26_d92a-a76099fbab67c9da_4d48-c6c5c151b7b8e770_38db-60d26ec0f9c4757e_425d-9539c0004762d6a8_2eee-b2fde7ee4eb1c40f_1f95-c2ffd6a81bfe2613_f91c-81b10da74f7ac9ff_15c8-6ccc8b815fbc093a_e921-5aa3cbd322d4f163_402a-52e190f2e5f3b790_edbb-71392179ff5e728f_d7fe-4e893adaff5699af_ab4f-6f4aca312776de7b_97f3-4e88e46c6584bd85_21d2-eef61c8f3cdd8280_c537-bfb3e4eaf7ba458f_81db-af3fc77ab8313235_5b72-dbb41344c474217f_ee0e-498d06abfb7e9487_5c19-36492265af47de94_a352-9c97a83f60095487_02d9-0d1a67f82b3b5854_d74d-2f8d482d22e56fdd_410e-5c12b219bbb5bc07_6008-4aafdc038df138e8_58f0-474a8460bc35eb12_20d0-0f0664338151d4ac_5c06-0-seq_right_before_questions
[配置] 启用 FAISS 加速，索引类型: flat
[GraphAug] 命中图缓存 (nodes=4933, edges=16433)
Got 0 examples


 ============================== 


eval temporal_neighbor('put all newspaper on one armchair', direction='before')
Updated/Defined variables after execution: {}

**SystemMessage**:
"""You are a smart humanoid robot answering user question about your past actions.
The history object contains information on what you did in the past, represented as a tree.
Use the method expand to look at details of a node.
Make sure to use collapse_all_but(idx) when you expanded irrelevant nodes, in order to keep the tree compact.
Enter Python expressions into the console to see the value and decide for the next command based on that result.
Answer concisely by calling answer("...") when you gathered enough information to answer the question.
Generate syntactically correct python console statements only, no explanations or other natural language statements.
IMPORTANT: If search() returns "No relevant records found", your next command MUST be answer("I have no record of that."). Do not search synonyms, do not expand further, and do not call vqa.
IMPORTANT: If you get "Nothing changed" twice, answer honestly that you have no record. Do NOT keep searching repeatedly. For just-before/just-after questions, first try one broader target search or inspect another relevant top-level time block before giving up.
For object yes/no questions, first use object_lookup("object name"). If it reports no matching summary, answer "No, I have no record of that." Do not call vqa unless you already have a directly relevant leaf image.
For task-list questions such as "List the tasks you performed", first use task_list(). Prefer its Recommended answer and chronological candidates instead of manually expanding the whole tree. For long histories, do not copy every task candidate verbatim unless the user explicitly asks for an exhaustive transcript.
For low-level action questions such as "what task did you perform when you toggle/open/pick up/place X", first use action_lookup("full low-level action"), for example action_lookup("open the drawer"). Do not call task_lookup first for these low-level action questions.
For task-description questions such as "describe what you did when you X", first use task_lookup("X"). Prefer its matching task candidates instead of manually expanding the whole tree. This does not apply to low-level action questions covered by action_lookup.
For exact date/time questions or "N days ago" questions asking what happened, first use date_lookup(question). Prefer its Recommended answer when it is confident instead of manually expanding by date.
For "How many days ago did you X?" or "When did you X?" questions, first use event_date_lookup(question). If it lists multiple days, include all of them in the final answer instead of only the most recent match.
For just-before or just-after questions, first use temporal_neighbor(target_task, direction="before" or "after") if a candidate is not already shown. Prefer the returned Recommended answer when it is confident. Only then inspect adjacent sibling or temporal nodes. Avoid expanding to raw leaf observations unless the summary is insufficient.
Do not call vqa for time, date, task-list, before/after, or yes/no object-existence questions when textual summaries already answer the question. Use vqa only for explicit visual appearance questions such as color, visible state, or what something looks like.
Never output bare parameters such as reasoning="..." answer="...". Always call answer("..."). You may call answer(reasoning="...", answer="...") only when a short reason is necessary.
Keep answer() short: answer under 60 words, and do not use markdown or backticks inside answer()."""

**HumanMessage**:
"""
def action_lookup(query: str, max_matches: int = 6) -> str # For low-level action questions, map raw leaf actions back to task-sized summaries
def answer(reasoning: str = None, answer: str = Ellipsis)
def ask(question: str)
def date_lookup(query: str, max_matches: int = 8) -> str # For exact date/time or N-days-ago questions, list matching history summaries directly
def event_date_lookup(query: str, max_matches: int = 12) -> str # For "how many days ago did you X" questions, find all matching event dates directly
def now() -> datetime.datetime
def object_lookup(object_name: str, max_matches: int = 8) -> str # For object yes/no questions, check whether task summaries mention the object
def task_list(max_tasks: int = 30) -> str # For task-list questions, list task-sized history summaries in chronological order
def task_lookup(query: str, max_matches: int = 8) -> str # For task-description questions, list task-sized summaries matching a query
def temporal_neighbor(target_task: str, direction: str = 'before', max_candidates: int = 6) -> str # For just-before/just-after questions, find the target task and return adjacent task candidates
def vqa(question: str, *images: PIL.Image.Image)
"""

**HumanMessage**:
/home/user22303471/Project/Active-H-EMV/llm_emv/setup.py:226: FutureWarning: The `get_sentence_embedding_dimension` method has been renamed to `get_embedding_dimension`.
  filter_kwargs['_embedding_dim'] = embedding_model.get_sentence_embedding_dimension()
"""Usage examples:
>>> history.expand()  # Shows the history tree with all child nodes expanded
>>> history.expand(date(2021, 12, 20))  # Expand the children that overlap with the given day
>>> history.expand(now() - timedelta(hours=6), now() - timedelta(hours=4))  # Expand all children that overlap with the given range (in this example "about 5 hours ago")
>>> history.expand((now() - timedelta(days=2)).date())  # Expand all children that overlap with the day before yesterday
>>> history.expand(0)  # Shows child node 0
>>> history[0].expand()  # Expands all child nodes of node 0 (node 0 must be expanded already to see them)
>>> history[5][2].expand()  # Shows child node 2 of child node 5 with all its child nodes expanded
>>> history.search("green cup") # Semantic index search. Expands the most relevant children according to similarity of the natural language query and the node's (recursively defined) index content.
>>> history[1][42].search("bicycle") # Semantic index search on some node further down the tree. Expands the children of node 1.42 most relevant to the search term
>>> history[3].collapse_all_but(1); history[3][1].expand()  # Zooms into details of child node 3.1 while collapsing all other childs of node 3
>>> vqa("What color is the ... in this image?",
...     history[2][4][-1][0].image)  # Invoke a model to answer a visual question about image(s) of some leaf (!) node(s)

# After gathering the relevant information, answer the question:
# Use a short final answer. Optionally provide a brief reasoning only when needed.
>>> answer("...")"""

**HumanMessage**:
"""User question: What task did you do just before put all newspaper on one armchair?"""

**AIMessage**:
"""temporal_neighbor('put all newspaper on one armchair', direction='before')"""

**HumanMessage**:
""""Temporal neighbor candidates for target='put all newspaper on one armchair', direction='before':\n1. score=0.83; target=2023/07/31 11:39:16 - 11:41:13: I started by picking up a newspaper from the dresser and placing it on an armchair, following the instruction to gather all newspapers on one armchair.; before=2023/07/31 08:25:31 - 08:27:46: Upon receiving the user's request to serve two slices of tomato, I first picked up a tomato and a plate and placed them on the countertop. Afterwards, I grabbed a knife and sliced...\n2. score=0.67; target=2023/07/31 11:39 - 11:45: As instructed, I began gathering newspapers onto an armchair. I moved one newspaper from the dresser to the armchair, and to clear space, I relocated a cellphone from the armchair...; before=2023/07/31 08:25:31 - 08:27:46: Upon receiving the user's request to serve two slices of tomato, I first picked up a tomato and a plate and placed them on the countertop. Afterwards, I grabbed a knife and sliced...\n3. score=0.62; target=2023/07/31 08:25 - 18:43: On July 31st, I served two slices of tomato, gathered newspapers onto an armchair, and prepared a dish with sliced lettuce, tomato, and a cooked potato.; before=2023/07/30 10:01 - 13:33: On July 30th, I made coffee, sliced and cooked potato pieces on the stove, and prepared sliced tomato in a bowl.\n4. score=0.62; target=2023/07/31 11:41:26 - 11:43:11: I then searched for another newspaper by opening and closing various drawers and cabinets (Drawer_4, Drawer_2, Cabinet_2). Upon finding a second newspaper, I picked it up and place...; before=2023/07/31 11:39:16 - 11:41:13: I started by picking up a newspaper from the dresser and placing it on an armchair, following the instruction to gather all newspapers on one armchair.\nRecommended answer: Upon receiving the user's request to serve two slices of tomato, I first picked up a tomato and a plate and placed them on the countertop. Afterwards, I grabbed a knife and sliced...""""

**HumanMessage**:
"""Current state:
2023/07/13 - 2023/08/04: "From July 13th to August 4th, I consistently performed a variety of daily kitchen and household tasks, including preparing diverse meals like toast, sandwiches, cooked potatoes, salads, and coffee, along with routine activities such as watering houseplants, cleaning dishes, and organizing various items including credit cards, remotes, tissue boxes, pencils, newspapers, and watches."  
  ..."""
{}
command: answer("Just before gathering the newspapers, I was preparing to serve two slices of tomato. I got a tomato, a plate, and a
expected output: 


 ============================== 


eval answer("Just before gathering the newspapers, I was preparing to serve two slices of tomato. I got a tomato, a plate, and a


 ============================== 


eval answer("Just before gathering the newspapers, I was preparing to serve two slices of tomato. I got a tomato, a plate, and a


 ============================== 




answer("Just before gathering the newspapers, I was preparing to serve two slices of tomato. I got a tomato, a plate, and a

[结构化回退] answer(...) 语法错误，返回结构化推荐答案
Tokens Used: 3002
	Prompt Tokens: 2238
	Completion Tokens: 764
Successful Requests: 1
Total Cost (USD): $0.0
Evaluating sample 6c24abb778c24a7c_704a-977b52faf01e6c05_d71f-01c1b8aa1820aa0b_adaf-32918ea00b69d9fe_38ff-cdf30defa61245ba_5590-2513b9a8d8ae5129_ab38-7337be5c30b1b5d1_874c-57862376ad3394a1_c9dc-32fe2fa7cc43fbc3_b8f3-0de4b62afcd06138_45f2-a966ba0c6e0d463d_ce88-25ef88cce38adfbc_1740-7504548a0dd7baf8_b148-064a69cb5d40b41f_9c2e-a690a35743c855aa_4c00-4b813e7c9bc088d0_1ce1-e4909f617bc99db4_4ab8-03379f213dfbda39_79a2-c49a96282ec09e90_5bfa-a2d31b84a569e568_fb03-88ddc0cbf1a23687_43ea-b36a8d73976068a3_6afd-c02445dd7a5b6f26_d92a-a76099fbab67c9da_4d48-c6c5c151b7b8e770_38db-60d26ec0f9c4757e_425d-9539c0004762d6a8_2eee-b2fde7ee4eb1c40f_1f95-c2ffd6a81bfe2613_f91c-81b10da74f7ac9ff_15c8-6ccc8b815fbc093a_e921-5aa3cbd322d4f163_402a-52e190f2e5f3b790_edbb-71392179ff5e728f_d7fe-4e893adaff5699af_ab4f-6f4aca312776de7b_97f3-4e88e46c6584bd85_21d2-eef61c8f3cdd8280_c537-bfb3e4eaf7ba458f_81db-af3fc77ab8313235_5b72-dbb41344c474217f_ee0e-498d06abfb7e9487_5c19-36492265af47de94_a352-9c97a83f60095487_02d9-0d1a67f82b3b5854_d74d-2f8d482d22e56fdd_410e-5c12b219bbb5bc07_6008-4aafdc038df138e8_58f0-474a8460bc35eb12_20d0-0f0664338151d4ac_5c06-0-seq_simple_object_yes_no
[配置] 启用 FAISS 加速，索引类型: flat
[GraphAug] 命中图缓存 (nodes=4933, edges=16433)
Got 0 examples


 ============================== 


eval object_lookup('baseball bat')
Updated/Defined variables after execution: {}

**SystemMessage**:
"""You are a smart humanoid robot answering user question about your past actions.
The history object contains information on what you did in the past, represented as a tree.
Use the method expand to look at details of a node.
Make sure to use collapse_all_but(idx) when you expanded irrelevant nodes, in order to keep the tree compact.
Enter Python expressions into the console to see the value and decide for the next command based on that result.
Answer concisely by calling answer("...") when you gathered enough information to answer the question.
Generate syntactically correct python console statements only, no explanations or other natural language statements.
IMPORTANT: If search() returns "No relevant records found", your next command MUST be answer("I have no record of that."). Do not search synonyms, do not expand further, and do not call vqa.
IMPORTANT: If you get "Nothing changed" twice, answer honestly that you have no record. Do NOT keep searching repeatedly. For just-before/just-after questions, first try one broader target search or inspect another relevant top-level time block before giving up.
For object yes/no questions, first use object_lookup("object name"). If it reports no matching summary, answer "No, I have no record of that." Do not call vqa unless you already have a directly relevant leaf image.
For task-list questions such as "List the tasks you performed", first use task_list(). Prefer its Recommended answer and chronological candidates instead of manually expanding the whole tree. For long histories, do not copy every task candidate verbatim unless the user explicitly asks for an exhaustive transcript.
For low-level action questions such as "what task did you perform when you toggle/open/pick up/place X", first use action_lookup("full low-level action"), for example action_lookup("open the drawer"). Do not call task_lookup first for these low-level action questions.
For task-description questions such as "describe what you did when you X", first use task_lookup("X"). Prefer its matching task candidates instead of manually expanding the whole tree. This does not apply to low-level action questions covered by action_lookup.
For exact date/time questions or "N days ago" questions asking what happened, first use date_lookup(question). Prefer its Recommended answer when it is confident instead of manually expanding by date.
For "How many days ago did you X?" or "When did you X?" questions, first use event_date_lookup(question). If it lists multiple days, include all of them in the final answer instead of only the most recent match.
For just-before or just-after questions, first use temporal_neighbor(target_task, direction="before" or "after") if a candidate is not already shown. Prefer the returned Recommended answer when it is confident. Only then inspect adjacent sibling or temporal nodes. Avoid expanding to raw leaf observations unless the summary is insufficient.
Do not call vqa for time, date, task-list, before/after, or yes/no object-existence questions when textual summaries already answer the question. Use vqa only for explicit visual appearance questions such as color, visible state, or what something looks like.
Never output bare parameters such as reasoning="..." answer="...". Always call answer("..."). You may call answer(reasoning="...", answer="...") only when a short reason is necessary.
Keep answer() short: answer under 60 words, and do not use markdown or backticks inside answer()."""

**HumanMessage**:
"""
def action_lookup(query: str, max_matches: int = 6) -> str # For low-level action questions, map raw leaf actions back to task-sized summaries
def answer(reasoning: str = None, answer: str = Ellipsis)
def ask(question: str)
def date_lookup(query: str, max_matches: int = 8) -> str # For exact date/time or N-days-ago questions, list matching history summaries directly
def event_date_lookup(query: str, max_matches: int = 12) -> str # For "how many days ago did you X" questions, find all matching event dates directly
def now() -> datetime.datetime
def object_lookup(object_name: str, max_matches: int = 8) -> str # For object yes/no questions, check whether task summaries mention the object
def task_list(max_tasks: int = 30) -> str # For task-list questions, list task-sized history summaries in chronological order
def task_lookup(query: str, max_matches: int = 8) -> str # For task-description questions, list task-sized summaries matching a query
def temporal_neighbor(target_task: str, direction: str = 'before', max_candidates: int = 6) -> str # For just-before/just-after questions, find the target task and return adjacent task candidates
def vqa(question: str, *images: PIL.Image.Image)
"""

**HumanMessage**:
"""Usage examples:
>>> history.expand()  # Shows the history tree with all child nodes expanded
>>> history.expand(date(2021, 12, 20))  # Expand the children that overlap with the given day
>>> history.expand(now() - timedelta(hours=6), now() - timedelta(hours=4))  # Expand all children that overlap with the given range (in this example "about 5 hours ago")
>>> history.expand((now() - timedelta(days=2)).date())  # Expand all children that overlap with the day before yesterday
>>> history.expand(0)  # Shows child node 0
>>> history[0].expand()  # Expands all child nodes of node 0 (node 0 must be expanded already to see them)
>>> history[5][2].expand()  # Shows child node 2 of child node 5 with all its child nodes expanded
>>> history.search("green cup") # Semantic index search. Expands the most relevant children according to similarity of the natural language query and the node's (recursively defined) index content.
>>> history[1][42].search("bicycle") # Semantic index search on some node further down the tree. Expands the children of node 1.42 most relevant to the search term
>>> history[3].collapse_all_but(1); history[3][1].expand()  # Zooms into details of child node 3.1 while collapsing all other childs of node 3
>>> vqa("What color is the ... in this image?",
...     history[2][4][-1][0].image)  # Invoke a model to answer a visual question about image(s) of some leaf (!) node(s)

# After gathering the relevant information, answer the question:
# Use a short final answer. Optionally provide a brief reasoning only when needed.
>>> answer("...")"""

**HumanMessage**:
"""User question: Was there a baseball bat ?"""

**AIMessage**:
"""object_lookup('baseball bat')"""

**HumanMessage**:
""""Object lookup for object='baseball bat':\nNo task-sized summaries mention this object.\nRecommended answer: No, I have no record of that.""""

**HumanMessage**:
"""Current state:
2023/07/13 - 2023/08/04: "From July 13th to August 4th, I consistently performed a variety of daily kitchen and household tasks, including preparing diverse meals like toast, sandwiches, cooked potatoes, salads, and coffee, along with routine activities such as watering houseplants, cleaning dishes, and organizing various items including credit cards, remotes, tissue boxes, pencils, newspapers, and watches."  
  ..."""
{}
command: answer("No, I have no record of that.")
expected output: 


 ============================== 


eval answer("No, I have no record of that.")
Answering No, I have no record of that.  with reason: None
Tokens Used: 1849
	Prompt Tokens: 1641
	Completion Tokens: 208
Successful Requests: 1
Total Cost (USD): $0.0
Evaluating sample /home/user22303471/Project/Active-H-EMV/llm_emv/setup.py:226: FutureWarning: The `get_sentence_embedding_dimension` method has been renamed to `get_embedding_dimension`.
  filter_kwargs['_embedding_dim'] = embedding_model.get_sentence_embedding_dimension()
6c24abb778c24a7c_704a-977b52faf01e6c05_d71f-01c1b8aa1820aa0b_adaf-32918ea00b69d9fe_38ff-cdf30defa61245ba_5590-2513b9a8d8ae5129_ab38-7337be5c30b1b5d1_874c-57862376ad3394a1_c9dc-32fe2fa7cc43fbc3_b8f3-0de4b62afcd06138_45f2-a966ba0c6e0d463d_ce88-25ef88cce38adfbc_1740-7504548a0dd7baf8_b148-064a69cb5d40b41f_9c2e-a690a35743c855aa_4c00-4b813e7c9bc088d0_1ce1-e4909f617bc99db4_4ab8-03379f213dfbda39_79a2-c49a96282ec09e90_5bfa-a2d31b84a569e568_fb03-88ddc0cbf1a23687_43ea-b36a8d73976068a3_6afd-c02445dd7a5b6f26_d92a-a76099fbab67c9da_4d48-c6c5c151b7b8e770_38db-60d26ec0f9c4757e_425d-9539c0004762d6a8_2eee-b2fde7ee4eb1c40f_1f95-c2ffd6a81bfe2613_f91c-81b10da74f7ac9ff_15c8-6ccc8b815fbc093a_e921-5aa3cbd322d4f163_402a-52e190f2e5f3b790_edbb-71392179ff5e728f_d7fe-4e893adaff5699af_ab4f-6f4aca312776de7b_97f3-4e88e46c6584bd85_21d2-eef61c8f3cdd8280_c537-bfb3e4eaf7ba458f_81db-af3fc77ab8313235_5b72-dbb41344c474217f_ee0e-498d06abfb7e9487_5c19-36492265af47de94_a352-9c97a83f60095487_02d9-0d1a67f82b3b5854_d74d-2f8d482d22e56fdd_410e-5c12b219bbb5bc07_6008-4aafdc038df138e8_58f0-474a8460bc35eb12_20d0-0f0664338151d4ac_5c06-0-seq_low_actions_to_episode_task_descs
[配置] 启用 FAISS 加速，索引类型: flat
[GraphAug] 命中图缓存 (nodes=4933, edges=16433)
Got 0 examples


 ============================== 


eval task_lookup('place the mug on the coffeemachine')
Updated/Defined variables after execution: {}

**SystemMessage**:
"""You are a smart humanoid robot answering user question about your past actions.
The history object contains information on what you did in the past, represented as a tree.
Use the method expand to look at details of a node.
Make sure to use collapse_all_but(idx) when you expanded irrelevant nodes, in order to keep the tree compact.
Enter Python expressions into the console to see the value and decide for the next command based on that result.
Answer concisely by calling answer("...") when you gathered enough information to answer the question.
Generate syntactically correct python console statements only, no explanations or other natural language statements.
IMPORTANT: If search() returns "No relevant records found", your next command MUST be answer("I have no record of that."). Do not search synonyms, do not expand further, and do not call vqa.
IMPORTANT: If you get "Nothing changed" twice, answer honestly that you have no record. Do NOT keep searching repeatedly. For just-before/just-after questions, first try one broader target search or inspect another relevant top-level time block before giving up.
For object yes/no questions, first use object_lookup("object name"). If it reports no matching summary, answer "No, I have no record of that." Do not call vqa unless you already have a directly relevant leaf image.
For task-list questions such as "List the tasks you performed", first use task_list(). Prefer its Recommended answer and chronological candidates instead of manually expanding the whole tree. For long histories, do not copy every task candidate verbatim unless the user explicitly asks for an exhaustive transcript.
For low-level action questions such as "what task did you perform when you toggle/open/pick up/place X", first use action_lookup("full low-level action"), for example action_lookup("open the drawer"). Do not call task_lookup first for these low-level action questions.
For task-description questions such as "describe what you did when you X", first use task_lookup("X"). Prefer its matching task candidates instead of manually expanding the whole tree. This does not apply to low-level action questions covered by action_lookup.
For exact date/time questions or "N days ago" questions asking what happened, first use date_lookup(question). Prefer its Recommended answer when it is confident instead of manually expanding by date.
For "How many days ago did you X?" or "When did you X?" questions, first use event_date_lookup(question). If it lists multiple days, include all of them in the final answer instead of only the most recent match.
For just-before or just-after questions, first use temporal_neighbor(target_task, direction="before" or "after") if a candidate is not already shown. Prefer the returned Recommended answer when it is confident. Only then inspect adjacent sibling or temporal nodes. Avoid expanding to raw leaf observations unless the summary is insufficient.
Do not call vqa for time, date, task-list, before/after, or yes/no object-existence questions when textual summaries already answer the question. Use vqa only for explicit visual appearance questions such as color, visible state, or what something looks like.
Never output bare parameters such as reasoning="..." answer="...". Always call answer("..."). You may call answer(reasoning="...", answer="...") only when a short reason is necessary.
Keep answer() short: answer under 60 words, and do not use markdown or backticks inside answer()."""

**HumanMessage**:
"""
def action_lookup(query: str, max_matches: int = 6) -> str # For low-level action questions, map raw leaf actions back to task-sized summaries
def answer(reasoning: str = None, answer: str = Ellipsis)
def ask(question: str)
def date_lookup(query: str, max_matches: int = 8) -> str # For exact date/time or N-days-ago questions, list matching history summaries directly
def event_date_lookup(query: str, max_matches: int = 12) -> str # For "how many days ago did you X" questions, find all matching event dates directly
def now() -> datetime.datetime
def object_lookup(object_name: str, max_matches: int = 8) -> str # For object yes/no questions, check whether task summaries mention the object
def task_list(max_tasks: int = 30) -> str # For task-list questions, list task-sized history summaries in chronological order
def task_lookup(query: str, max_matches: int = 8) -> str # For task-description questions, list task-sized summaries matching a query
def temporal_neighbor(target_task: str, direction: str = 'before', max_candidates: int = 6) -> str # For just-before/just-after questions, find the target task and return adjacent task candidates
def vqa(question: str, *images: PIL.Image.Image)
"""

**HumanMessage**:
"""Usage examples:
>>> history.expand()  # Shows the history tree with all child nodes expanded
>>> history.expand(date(2021, 12, 20))  # Expand the children that overlap with the given day
>>> history.expand(now() - timedelta(hours=6), now() - timedelta(hours=4))  # Expand all children that overlap with the given range (in this example "about 5 hours ago")
>>> history.expand((now() - timedelta(days=2)).date())  # Expand all children that overlap with the day before yesterday
>>> history.expand(0)  # Shows child node 0
>>> history[0].expand()  # Expands all child nodes of node 0 (node 0 must be expanded already to see them)
>>> history[5][2].expand()  # Shows child node 2 of child node 5 with all its child nodes expanded
>>> history.search("green cup") # Semantic index search. Expands the most relevant children according to similarity of the natural language query and the node's (recursively defined) index content.
>>> history[1][42].search("bicycle") # Semantic index search on some node further down the tree. Expands the children of node 1.42 most relevant to the search term
>>> history[3].collapse_all_but(1); history[3][1].expand()  # Zooms into details of child node 3.1 while collapsing all other childs of node 3
>>> vqa("What color is the ... in this image?",
...     history[2][4][-1][0].image)  # Invoke a model to answer a visual question about image(s) of some leaf (!) node(s)

# After gathering the relevant information, answer the question:
# Use a short final answer. Optionally provide a brief reasoning only when needed.
>>> answer("...")"""

**HumanMessage**:
"""User question: what task or tasks did you perform when you place the mug on the coffeemachine?"""

**AIMessage**:
"""task_lookup('place the mug on the coffeemachine')"""

**HumanMessage**:
/home/user22303471/Project/Active-H-EMV/llm_emv/setup.py:226: FutureWarning: The `get_sentence_embedding_dimension` method has been renamed to `get_embedding_dimension`.
  filter_kwargs['_embedding_dim'] = embedding_model.get_sentence_embedding_dimension()
""""Task lookup candidates for query='place the mug on the coffeemachine' (matched by raw action target):\n1. score=1.00; raw_matches=2; 2023/08/02 11:01 - 11:05: I placed the first mug in the coffee machine and started it. Afterwards, I took a second dirty mug, washed it in the sink, and used the coffee machine to make the se...\n2. score=1.00; raw_matches=1; 2023/08/03 16:25:23 - 16:27:39: After briefly moving a bowl, I correctly identified the dirty mug by the sink. I emptied it, rinsed it with water from the faucet, and then placed it in the coffee m...\n3. score=1.00; raw_matches=1; 2023/08/03 16:22:51 - 16:25:21: I made a mistake by first picking up a clean mug from the island. After emptying its contents into the sink, I placed it in the coffee machine. The user corrected me...\n4. score=1.00; raw_matches=1; 2023/07/30 10:01:26 - 10:03:35: Following the user's instruction to prepare coffee, I began by moving a vase to the countertop. I then took a mug from the sink, cleaned it with water, and placed it...\n5. score=1.00; raw_matches=1; 2023/07/23 08:05:49 - 08:06:48: Following another instruction to 'switch on the coffee maker,' I mistakenly placed the mug on the counter before running the machine. I then corrected this by placin...\n6. score=1.00; raw_matches=1; 2023/07/23 08:04:52 - 08:05:37: The user seemed to want me to repeat the action, so after they said 'no' and instructed me to 'fill the mug with coffee,' I placed the mug back into the coffee machi...\nRecommended answer: I placed the first mug in the coffee machine and started it. Afterwards, I took a second dirty mug; After briefly moving a bowl, I correctly identified the dirty mug by the sink. I emptied it; I made a mistake by first picking up a clean mug from the island. After emptying its contents into the sink; Following the user's instruction to prepare coffee, I began by moving a vase to the countertop; Following another instruction to 'switch on the coffee maker\nAnswer now with concise task-sized phrases; do not call action_lookup again.""""

**HumanMessage**:
"""Current state:
2023/07/13 - 2023/08/04: "From July 13th to August 4th, I consistently performed a variety of daily kitchen and household tasks, including preparing diverse meals like toast, sandwiches, cooked potatoes, salads, and coffee, along with routine activities such as watering houseplants, cleaning dishes, and organizing various items including credit cards, remotes, tissue boxes, pencils, newspapers, and watches."  
  ..."""
{}
command: answer("I have several records of placing a mug on the coffee machine. The tasks included making coffee, preparing a dirty mug to be washed, and sometimes
expected output: 


 ============================== 


eval answer("I have several records of placing a mug on the coffee machine. The tasks included making coffee, preparing a dirty mug to be washed, and sometimes


 ============================== 


eval answer("I have several records of placing a mug on the coffee machine. The tasks included making coffee, preparing a dirty mug to be washed, and sometimes


 ============================== 




answer("I have several records of placing a mug on the coffee machine. The tasks included making coffee, preparing a dirty mug to be washed, and sometimes

[结构化回退] answer(...) 语法错误，返回结构化推荐答案
Tokens Used: 3031
	Prompt Tokens: 2267
	Completion Tokens: 764
Successful Requests: 1
Total Cost (USD): $0.0
Evaluating sample 6c24abb778c24a7c_704a-977b52faf01e6c05_d71f-01c1b8aa1820aa0b_adaf-32918ea00b69d9fe_38ff-cdf30defa61245ba_5590-2513b9a8d8ae5129_ab38-7337be5c30b1b5d1_874c-57862376ad3394a1_c9dc-32fe2fa7cc43fbc3_b8f3-0de4b62afcd06138_45f2-a966ba0c6e0d463d_ce88-25ef88cce38adfbc_1740-7504548a0dd7baf8_b148-064a69cb5d40b41f_9c2e-a690a35743c855aa_4c00-4b813e7c9bc088d0_1ce1-e4909f617bc99db4_4ab8-03379f213dfbda39_79a2-c49a96282ec09e90_5bfa-a2d31b84a569e568_fb03-88ddc0cbf1a23687_43ea-b36a8d73976068a3_6afd-c02445dd7a5b6f26_d92a-a76099fbab67c9da_4d48-c6c5c151b7b8e770_38db-60d26ec0f9c4757e_425d-9539c0004762d6a8_2eee-b2fde7ee4eb1c40f_1f95-c2ffd6a81bfe2613_f91c-81b10da74f7ac9ff_15c8-6ccc8b815fbc093a_e921-5aa3cbd322d4f163_402a-52e190f2e5f3b790_edbb-71392179ff5e728f_d7fe-4e893adaff5699af_ab4f-6f4aca312776de7b_97f3-4e88e46c6584bd85_21d2-eef61c8f3cdd8280_c537-bfb3e4eaf7ba458f_81db-af3fc77ab8313235_5b72-dbb41344c474217f_ee0e-498d06abfb7e9487_5c19-36492265af47de94_a352-9c97a83f60095487_02d9-0d1a67f82b3b5854_d74d-2f8d482d22e56fdd_410e-5c12b219bbb5bc07_6008-4aafdc038df138e8_58f0-474a8460bc35eb12_20d0-0f0664338151d4ac_5c06-0-exact_time_to_episode
[配置] 启用 FAISS 加速，索引类型: flat
[GraphAug] 命中图缓存 (nodes=4933, edges=16433)
Got 0 examples


 ============================== 


eval date_lookup('what did you do on Jul 24, 2023 at 04:12 PM?')
Updated/Defined variables after execution: {}

**SystemMessage**:
"""You are a smart humanoid robot answering user question about your past actions.
The history object contains information on what you did in the past, represented as a tree.
Use the method expand to look at details of a node.
Make sure to use collapse_all_but(idx) when you expanded irrelevant nodes, in order to keep the tree compact.
Enter Python expressions into the console to see the value and decide for the next command based on that result.
Answer concisely by calling answer("...") when you gathered enough information to answer the question.
Generate syntactically correct python console statements only, no explanations or other natural language statements.
IMPORTANT: If search() returns "No relevant records found", your next command MUST be answer("I have no record of that."). Do not search synonyms, do not expand further, and do not call vqa.
IMPORTANT: If you get "Nothing changed" twice, answer honestly that you have no record. Do NOT keep searching repeatedly. For just-before/just-after questions, first try one broader target search or inspect another relevant top-level time block before giving up.
For object yes/no questions, first use object_lookup("object name"). If it reports no matching summary, answer "No, I have no record of that." Do not call vqa unless you already have a directly relevant leaf image.
For task-list questions such as "List the tasks you performed", first use task_list(). Prefer its Recommended answer and chronological candidates instead of manually expanding the whole tree. For long histories, do not copy every task candidate verbatim unless the user explicitly asks for an exhaustive transcript.
For low-level action questions such as "what task did you perform when you toggle/open/pick up/place X", first use action_lookup("full low-level action"), for example action_lookup("open the drawer"). Do not call task_lookup first for these low-level action questions.
For task-description questions such as "describe what you did when you X", first use task_lookup("X"). Prefer its matching task candidates instead of manually expanding the whole tree. This does not apply to low-level action questions covered by action_lookup.
For exact date/time questions or "N days ago" questions asking what happened, first use date_lookup(question). Prefer its Recommended answer when it is confident instead of manually expanding by date.
For "How many days ago did you X?" or "When did you X?" questions, first use event_date_lookup(question). If it lists multiple days, include all of them in the final answer instead of only the most recent match.
For just-before or just-after questions, first use temporal_neighbor(target_task, direction="before" or "after") if a candidate is not already shown. Prefer the returned Recommended answer when it is confident. Only then inspect adjacent sibling or temporal nodes. Avoid expanding to raw leaf observations unless the summary is insufficient.
Do not call vqa for time, date, task-list, before/after, or yes/no object-existence questions when textual summaries already answer the question. Use vqa only for explicit visual appearance questions such as color, visible state, or what something looks like.
Never output bare parameters such as reasoning="..." answer="...". Always call answer("..."). You may call answer(reasoning="...", answer="...") only when a short reason is necessary.
Keep answer() short: answer under 60 words, and do not use markdown or backticks inside answer()."""

**HumanMessage**:
"""
def action_lookup(query: str, max_matches: int = 6) -> str # For low-level action questions, map raw leaf actions back to task-sized summaries
def answer(reasoning: str = None, answer: str = Ellipsis)
def ask(question: str)
def date_lookup(query: str, max_matches: int = 8) -> str # For exact date/time or N-days-ago questions, list matching history summaries directly
def event_date_lookup(query: str, max_matches: int = 12) -> str # For "how many days ago did you X" questions, find all matching event dates directly
def now() -> datetime.datetime
def object_lookup(object_name: str, max_matches: int = 8) -> str # For object yes/no questions, check whether task summaries mention the object
def task_list(max_tasks: int = 30) -> str # For task-list questions, list task-sized history summaries in chronological order
def task_lookup(query: str, max_matches: int = 8) -> str # For task-description questions, list task-sized summaries matching a query
def temporal_neighbor(target_task: str, direction: str = 'before', max_candidates: int = 6) -> str # For just-before/just-after questions, find the target task and return adjacent task candidates
def vqa(question: str, *images: PIL.Image.Image)
"""

**HumanMessage**:
"""Usage examples:
>>> history.expand()  # Shows the history tree with all child nodes expanded
>>> history.expand(date(2021, 12, 20))  # Expand the children that overlap with the given day
>>> history.expand(now() - timedelta(hours=6), now() - timedelta(hours=4))  # Expand all children that overlap with the given range (in this example "about 5 hours ago")
>>> history.expand((now() - timedelta(days=2)).date())  # Expand all children that overlap with the day before yesterday
>>> history.expand(0)  # Shows child node 0
>>> history[0].expand()  # Expands all child nodes of node 0 (node 0 must be expanded already to see them)
>>> history[5][2].expand()  # Shows child node 2 of child node 5 with all its child nodes expanded
>>> history.search("green cup") # Semantic index search. Expands the most relevant children according to similarity of the natural language query and the node's (recursively defined) index content.
>>> history[1][42].search("bicycle") # Semantic index search on some node further down the tree. Expands the children of node 1.42 most relevant to the search term
>>> history[3].collapse_all_but(1); history[3][1].expand()  # Zooms into details of child node 3.1 while collapsing all other childs of node 3
>>> vqa("What color is the ... in this image?",
...     history[2][4][-1][0].image)  # Invoke a model to answer a visual question about image(s) of some leaf (!) node(s)

# After gathering the relevant information, answer the question:
# Use a short final answer. Optionally provide a brief reasoning only when needed.
>>> answer("...")"""

**HumanMessage**:
"""User question: what did you do on Jul 24, 2023 at 04:12 PM?"""

**AIMessage**:
"""date_lookup('what did you do on Jul 24, 2023 at 04:12 PM?')"""

**HumanMessage**:
/home/user22303471/Project/Active-H-EMV/llm_emv/setup.py:226: FutureWarning: The `get_sentence_embedding_dimension` method has been renamed to `get_embedding_dimension`.
  filter_kwargs['_embedding_dim'] = embedding_model.get_sentence_embedding_dimension()
/home/user22303471/Project/Active-H-EMV/llm_emv/setup.py:183: FutureWarning: The `get_sentence_embedding_dimension` method has been renamed to `get_embedding_dimension`.
  result = torch.empty(len(texts), embedding_model.get_sentence_embedding_dimension(),
""""Date lookup for query='what did you do on Jul 24, 2023 at 04:12 PM?': resolved=2023/07/24 16:12:00.\n1. score=0.98; 2023/07/24 16:12 - 16:15: I retrieved a dirty plate from a chair and prepared the sink for washing by moving a soap bottle and an egg out of the basin. I also moved a potato to the countertop before washing the plate and declaring it clean.\n2. score=0.91; 2023/07/24 16:12:01 - 16:14:01: I retrieved a dirty plate from the chair and placed it on the countertop.\n3. score=0.76; 2023/07/24 16:12:01 - 16:12:49: Goal: Pickup(Plate_2) Visual observation: Plate_2 [dirty], Potato_1, CounterTop_0, Spoon_0, Chair_0 Speech: 2023-07-24 16:12:11.322343: hi 2023-07-24 16:12:19.796754: let's clean a plate in water 2023-07-24 16:12:46.7259...\n4. score=0.76; 2023/07/24 16:12:52 - 16:14:01: Goal: Place(CounterTop_1) Visual observation: Plate_2 [dirty], Potato_1, Cabinet_0, Drawer_0, CounterTop_1, Drawer_1, Drawer_2, Cabinet_4, Cabinet_5, Statue, Toaster, Spatula, Fridge, Bowl [dirty], agent hand Plate_2 is...\n5. score=0.36; 2023/07/24 15:07 - 2023/07/25 12:11: On July 24th and 25th, I cleaned drinkware (a cup and a mug), cleaned a dirty plate after clearing the sink, and retrieved two remote controls from the safe to place on an armchair.\n6. score=0.25; 2023/07/22 - 2023/07/25: From July 22nd to 25th, I prepared a salad with cooked potato, made coffee, collected remote controls (including one from a safe), placed two tissue boxes on side tables, cleaned drinkware (a cup and a mug), and retrieve...\n7. score=0.16; 2023/07/22 - 2023/07/31: From July 22nd to July 31st, I focused on more complex meal preparation involving salads and coffee, while also tidying the house by organizing remote controls, tissue boxes, pencils, and newspapers. I also continued rou...\n8. score=0.08; 2023/07/13 - 2023/08/04: From July 13th to August 4th, I consistently performed a variety of daily kitchen and household tasks, including preparing diverse meals like toast, sandwiches, cooked potatoes, salads, and coffee, along with routine act...\nRecommended answer: I retrieved a dirty plate from a chair and prepared the sink for washing by moving a soap bottle and an egg out of the basin. I also moved a potato to the countertop before washing the plate and declaring it clean.""""

**HumanMessage**:
"""Current state:
2023/07/13 - 2023/08/04: "From July 13th to August 4th, I consistently performed a variety of daily kitchen and household tasks, including preparing diverse meals like toast, sandwiches, cooked potatoes, salads, and coffee, along with routine activities such as watering houseplants, cleaning dishes, and organizing various items including credit cards, remotes, tissue boxes, pencils, newspapers, and watches."  
  ..."""
{}
command: answer("I retrieved a dirty plate from a chair and prepared the sink for washing by moving a soap bottle and an egg out of the basin. I also moved a potato to the countertop before washing the plate and declaring it clean.")
expected output: 


 ============================== 


eval answer("I retrieved a dirty plate from a chair and prepared the sink for washing by moving a soap bottle and an egg out of the basin. I also moved a potato to the countertop before washing the plate and declaring it clean.")
Answering I retrieved a dirty plate from a chair and prepared the sink for washing by moving a soap bottle and an egg out of the basin. I also moved a potato to the countertop before washing the plate and declaring it clean.  with reason: None
Tokens Used: 3054
	Prompt Tokens: 2507
	Completion Tokens: 547
Successful Requests: 1
Total Cost (USD): $0.0
Evaluating sample 6c24abb778c24a7c_704a-977b52faf01e6c05_d71f-01c1b8aa1820aa0b_adaf-32918ea00b69d9fe_38ff-cdf30defa61245ba_5590-2513b9a8d8ae5129_ab38-7337be5c30b1b5d1_874c-57862376ad3394a1_c9dc-32fe2fa7cc43fbc3_b8f3-0de4b62afcd06138_45f2-a966ba0c6e0d463d_ce88-25ef88cce38adfbc_1740-7504548a0dd7baf8_b148-064a69cb5d40b41f_9c2e-a690a35743c855aa_4c00-4b813e7c9bc088d0_1ce1-e4909f617bc99db4_4ab8-03379f213dfbda39_79a2-c49a96282ec09e90_5bfa-a2d31b84a569e568_fb03-88ddc0cbf1a23687_43ea-b36a8d73976068a3_6afd-c02445dd7a5b6f26_d92a-a76099fbab67c9da_4d48-c6c5c151b7b8e770_38db-60d26ec0f9c4757e_425d-9539c0004762d6a8_2eee-b2fde7ee4eb1c40f_1f95-c2ffd6a81bfe2613_f91c-81b10da74f7ac9ff_15c8-6ccc8b815fbc093a_e921-5aa3cbd322d4f163_402a-52e190f2e5f3b790_edbb-71392179ff5e728f_d7fe-4e893adaff5699af_ab4f-6f4aca312776de7b_97f3-4e88e46c6584bd85_21d2-eef61c8f3cdd8280_c537-bfb3e4eaf7ba458f_81db-af3fc77ab8313235_5b72-dbb41344c474217f_ee0e-498d06abfb7e9487_5c19-36492265af47de94_a352-9c97a83f60095487_02d9-0d1a67f82b3b5854_d74d-2f8d482d22e56fdd_410e-5c12b219bbb5bc07_6008-4aafdc038df138e8_58f0-474a8460bc35eb12_20d0-0f0664338151d4ac_5c06-0-tasks_to_exact_times
[配置] 启用 FAISS 加速，索引类型: flat
[GraphAug] 命中图缓存 (nodes=4933, edges=16433)
Got 0 examples


 ============================== 


eval event_date_lookup('When did you make a sandwich?')
Updated/Defined variables after execution: {}

**SystemMessage**:
"""You are a smart humanoid robot answering user question about your past actions.
The history object contains information on what you did in the past, represented as a tree.
Use the method expand to look at details of a node.
Make sure to use collapse_all_but(idx) when you expanded irrelevant nodes, in order to keep the tree compact.
Enter Python expressions into the console to see the value and decide for the next command based on that result.
Answer concisely by calling answer("...") when you gathered enough information to answer the question.
Generate syntactically correct python console statements only, no explanations or other natural language statements.
IMPORTANT: If search() returns "No relevant records found", your next command MUST be answer("I have no record of that."). Do not search synonyms, do not expand further, and do not call vqa.
IMPORTANT: If you get "Nothing changed" twice, answer honestly that you have no record. Do NOT keep searching repeatedly. For just-before/just-after questions, first try one broader target search or inspect another relevant top-level time block before giving up.
For object yes/no questions, first use object_lookup("object name"). If it reports no matching summary, answer "No, I have no record of that." Do not call vqa unless you already have a directly relevant leaf image.
For task-list questions such as "List the tasks you performed", first use task_list(). Prefer its Recommended answer and chronological candidates instead of manually expanding the whole tree. For long histories, do not copy every task candidate verbatim unless the user explicitly asks for an exhaustive transcript.
For low-level action questions such as "what task did you perform when you toggle/open/pick up/place X", first use action_lookup("full low-level action"), for example action_lookup("open the drawer"). Do not call task_lookup first for these low-level action questions.
For task-description questions such as "describe what you did when you X", first use task_lookup("X"). Prefer its matching task candidates instead of manually expanding the whole tree. This does not apply to low-level action questions covered by action_lookup.
For exact date/time questions or "N days ago" questions asking what happened, first use date_lookup(question). Prefer its Recommended answer when it is confident instead of manually expanding by date.
For "How many days ago did you X?" or "When did you X?" questions, first use event_date_lookup(question). If it lists multiple days, include all of them in the final answer instead of only the most recent match.
For just-before or just-after questions, first use temporal_neighbor(target_task, direction="before" or "after") if a candidate is not already shown. Prefer the returned Recommended answer when it is confident. Only then inspect adjacent sibling or temporal nodes. Avoid expanding to raw leaf observations unless the summary is insufficient.
Do not call vqa for time, date, task-list, before/after, or yes/no object-existence questions when textual summaries already answer the question. Use vqa only for explicit visual appearance questions such as color, visible state, or what something looks like.
Never output bare parameters such as reasoning="..." answer="...". Always call answer("..."). You may call answer(reasoning="...", answer="...") only when a short reason is necessary.
Keep answer() short: answer under 60 words, and do not use markdown or backticks inside answer()."""

**HumanMessage**:
"""
def action_lookup(query: str, max_matches: int = 6) -> str # For low-level action questions, map raw leaf actions back to task-sized summaries
def answer(reasoning: str = None, answer: str = Ellipsis)
def ask(question: str)
def date_lookup(query: str, max_matches: int = 8) -> str # For exact date/time or N-days-ago questions, list matching history summaries directly
def event_date_lookup(query: str, max_matches: int = 12) -> str # For "how many days ago did you X" questions, find all matching event dates directly
def now() -> datetime.datetime
def object_lookup(object_name: str, max_matches: int = 8) -> str # For object yes/no questions, check whether task summaries mention the object
def task_list(max_tasks: int = 30) -> str # For task-list questions, list task-sized history summaries in chronological order
def task_lookup(query: str, max_matches: int = 8) -> str # For task-description questions, list task-sized summaries matching a query
def temporal_neighbor(target_task: str, direction: str = 'before', max_candidates: int = 6) -> str # For just-before/just-after questions, find the target task and return adjacent task candidates
def vqa(question: str, *images: PIL.Image.Image)
"""

**HumanMessage**:
"""Usage examples:
>>> history.expand()  # Shows the history tree with all child nodes expanded
>>> history.expand(date(2021, 12, 20))  # Expand the children that overlap with the given day
>>> history.expand(now() - timedelta(hours=6), now() - timedelta(hours=4))  # Expand all children that overlap with the given range (in this example "about 5 hours ago")
>>> history.expand((now() - timedelta(days=2)).date())  # Expand all children that overlap with the day before yesterday
>>> history.expand(0)  # Shows child node 0
>>> history[0].expand()  # Expands all child nodes of node 0 (node 0 must be expanded already to see them)
>>> history[5][2].expand()  # Shows child node 2 of child node 5 with all its child nodes expanded
>>> history.search("green cup") # Semantic index search. Expands the most relevant children according to similarity of the natural language query and the node's (recursively defined) index content.
>>> history[1][42].search("bicycle") # Semantic index search on some node further down the tree. Expands the children of node 1.42 most relevant to the search term
>>> history[3].collapse_all_but(1); history[3][1].expand()  # Zooms into details of child node 3.1 while collapsing all other childs of node 3
>>> vqa("What color is the ... in this image?",
...     history[2][4][-1][0].image)  # Invoke a model to answer a visual question about image(s) of some leaf (!) node(s)

# After gathering the relevant information, answer the question:
# Use a short final answer. Optionally provide a brief reasoning only when needed.
>>> answer("...")"""

**HumanMessage**:
"""User question: When did you make a sandwich?"""

**AIMessage**:
"""event_date_lookup('When did you make a sandwich?')"""

**HumanMessage**:
""""Event date lookup for query='When did you make a sandwich?': event='make a sandwich', today=2023/08/04.\n1. score=0.81; days_ago=20; 2023/07/15 09:29 - 09:38: Upon receiving the instruction to make a sandwich, I first prepared the bread by slicing and toasting it. I then prepared the other ingredients by slicing lettuce and a tomato. After washing a plate, I assembled the sand...\n2. score=0.72; days_ago=17; 2023/07/18 13:37 - 13:42: I prepared a sandwich by slicing bread, toasting two slices, and then slicing a tomato. I then assembled the sandwich by placing the toasted bread and tomato slices onto a plate, completing the user's request.\n3. score=0.85; days_ago=16; 2023/07/19 08:45:16 - 08:47:27: I picked up the bread from the chair and placed it on the countertop, receiving instructions to make a sandwich and slice the bread.\n4. score=0.68; days_ago=14; 2023/07/21 09:16 - 09:22: I prepared ingredients for a sandwich by slicing and toasting two slices of bread, and then slicing lettuce and a tomato.\nRecommended answer: on 2023/07/15, 2023/07/18, 2023/07/19, and 2023/07/21""""

**HumanMessage**:
"""Current state:
2023/07/13 - 2023/08/04: "From July 13th to August 4th, I consistently performed a variety of daily kitchen and household tasks, including preparing diverse meals like toast, sandwiches, cooked potatoes, salads, and coffee, along with routine activities such as watering houseplants, cleaning dishes, and organizing various items including credit cards, remotes, tissue boxes, pencils, newspapers, and watches."  
  ..."""
{}
command: answer("I made a sandwich on July 15, July 18, July 19, and July 21, 2023.")
expected output: 


 ============================== 


eval /home/user22303471/Project/Active-H-EMV/llm_emv/setup.py:226: FutureWarning: The `get_sentence_embedding_dimension` method has been renamed to `get_embedding_dimension`.
  filter_kwargs['_embedding_dim'] = embedding_model.get_sentence_embedding_dimension()
/home/user22303471/Project/Active-H-EMV/llm_emv/setup.py:183: FutureWarning: The `get_sentence_embedding_dimension` method has been renamed to `get_embedding_dimension`.
  result = torch.empty(len(texts), embedding_model.get_sentence_embedding_dimension(),
answer("I made a sandwich on July 15, July 18, July 19, and July 21, 2023.")
Answering I made a sandwich on July 15, July 18, July 19, and July 21, 2023.  with reason: None
Tokens Used: 2399
	Prompt Tokens: 2014
	Completion Tokens: 385
Successful Requests: 1
Total Cost (USD): $0.0
Evaluating sample 6c24abb778c24a7c_704a-977b52faf01e6c05_d71f-01c1b8aa1820aa0b_adaf-32918ea00b69d9fe_38ff-cdf30defa61245ba_5590-2513b9a8d8ae5129_ab38-7337be5c30b1b5d1_874c-57862376ad3394a1_c9dc-32fe2fa7cc43fbc3_b8f3-0de4b62afcd06138_45f2-a966ba0c6e0d463d_ce88-25ef88cce38adfbc_1740-7504548a0dd7baf8_b148-064a69cb5d40b41f_9c2e-a690a35743c855aa_4c00-4b813e7c9bc088d0_1ce1-e4909f617bc99db4_4ab8-03379f213dfbda39_79a2-c49a96282ec09e90_5bfa-a2d31b84a569e568_fb03-88ddc0cbf1a23687_43ea-b36a8d73976068a3_6afd-c02445dd7a5b6f26_d92a-a76099fbab67c9da_4d48-c6c5c151b7b8e770_38db-60d26ec0f9c4757e_425d-9539c0004762d6a8_2eee-b2fde7ee4eb1c40f_1f95-c2ffd6a81bfe2613_f91c-81b10da74f7ac9ff_15c8-6ccc8b815fbc093a_e921-5aa3cbd322d4f163_402a-52e190f2e5f3b790_edbb-71392179ff5e728f_d7fe-4e893adaff5699af_ab4f-6f4aca312776de7b_97f3-4e88e46c6584bd85_21d2-eef61c8f3cdd8280_c537-bfb3e4eaf7ba458f_81db-af3fc77ab8313235_5b72-dbb41344c474217f_ee0e-498d06abfb7e9487_5c19-36492265af47de94_a352-9c97a83f60095487_02d9-0d1a67f82b3b5854_d74d-2f8d482d22e56fdd_410e-5c12b219bbb5bc07_6008-4aafdc038df138e8_58f0-474a8460bc35eb12_20d0-0f0664338151d4ac_5c06-0-tasks_to_days_ago
[配置] 启用 FAISS 加速，索引类型: flat
[GraphAug] 命中图缓存 (nodes=4933, edges=16433)
Got 0 examples


 ============================== 


eval event_date_lookup('Today is Aug 04, 2023 at 03:24 PM. How many days ago did you clean all the cups?')
Updated/Defined variables after execution: {}

**SystemMessage**:
"""You are a smart humanoid robot answering user question about your past actions.
The history object contains information on what you did in the past, represented as a tree.
Use the method expand to look at details of a node.
Make sure to use collapse_all_but(idx) when you expanded irrelevant nodes, in order to keep the tree compact.
Enter Python expressions into the console to see the value and decide for the next command based on that result.
Answer concisely by calling answer("...") when you gathered enough information to answer the question.
Generate syntactically correct python console statements only, no explanations or other natural language statements.
IMPORTANT: If search() returns "No relevant records found", your next command MUST be answer("I have no record of that."). Do not search synonyms, do not expand further, and do not call vqa.
IMPORTANT: If you get "Nothing changed" twice, answer honestly that you have no record. Do NOT keep searching repeatedly. For just-before/just-after questions, first try one broader target search or inspect another relevant top-level time block before giving up.
For object yes/no questions, first use object_lookup("object name"). If it reports no matching summary, answer "No, I have no record of that." Do not call vqa unless you already have a directly relevant leaf image.
For task-list questions such as "List the tasks you performed", first use task_list(). Prefer its Recommended answer and chronological candidates instead of manually expanding the whole tree. For long histories, do not copy every task candidate verbatim unless the user explicitly asks for an exhaustive transcript.
For low-level action questions such as "what task did you perform when you toggle/open/pick up/place X", first use action_lookup("full low-level action"), for example action_lookup("open the drawer"). Do not call task_lookup first for these low-level action questions.
For task-description questions such as "describe what you did when you X", first use task_lookup("X"). Prefer its matching task candidates instead of manually expanding the whole tree. This does not apply to low-level action questions covered by action_lookup.
For exact date/time questions or "N days ago" questions asking what happened, first use date_lookup(question). Prefer its Recommended answer when it is confident instead of manually expanding by date.
For "How many days ago did you X?" or "When did you X?" questions, first use event_date_lookup(question). If it lists multiple days, include all of them in the final answer instead of only the most recent match.
For just-before or just-after questions, first use temporal_neighbor(target_task, direction="before" or "after") if a candidate is not already shown. Prefer the returned Recommended answer when it is confident. Only then inspect adjacent sibling or temporal nodes. Avoid expanding to raw leaf observations unless the summary is insufficient.
Do not call vqa for time, date, task-list, before/after, or yes/no object-existence questions when textual summaries already answer the question. Use vqa only for explicit visual appearance questions such as color, visible state, or what something looks like.
Never output bare parameters such as reasoning="..." answer="...". Always call answer("..."). You may call answer(reasoning="...", answer="...") only when a short reason is necessary.
Keep answer() short: answer under 60 words, and do not use markdown or backticks inside answer()."""

**HumanMessage**:
"""
def action_lookup(query: str, max_matches: int = 6) -> str # For low-level action questions, map raw leaf actions back to task-sized summaries
def answer(reasoning: str = None, answer: str = Ellipsis)
def ask(question: str)
def date_lookup(query: str, max_matches: int = 8) -> str # For exact date/time or N-days-ago questions, list matching history summaries directly
def event_date_lookup(query: str, max_matches: int = 12) -> str # For "how many days ago did you X" questions, find all matching event dates directly
def now() -> datetime.datetime
def object_lookup(object_name: str, max_matches: int = 8) -> str # For object yes/no questions, check whether task summaries mention the object
def task_list(max_tasks: int = 30) -> str # For task-list questions, list task-sized history summaries in chronological order
def task_lookup(query: str, max_matches: int = 8) -> str # For task-description questions, list task-sized summaries matching a query
def temporal_neighbor(target_task: str, direction: str = 'before', max_candidates: int = 6) -> str # For just-before/just-after questions, find the target task and return adjacent task candidates
def vqa(question: str, *images: PIL.Image.Image)
"""

**HumanMessage**:
"""Usage examples:
>>> history.expand()  # Shows the history tree with all child nodes expanded
>>> history.expand(date(2021, 12, 20))  # Expand the children that overlap with the given day
>>> history.expand(now() - timedelta(hours=6), now() - timedelta(hours=4))  # Expand all children that overlap with the given range (in this example "about 5 hours ago")
>>> history.expand((now() - timedelta(days=2)).date())  # Expand all children that overlap with the day before yesterday
>>> history.expand(0)  # Shows child node 0
>>> history[0].expand()  # Expands all child nodes of node 0 (node 0 must be expanded already to see them)
>>> history[5][2].expand()  # Shows child node 2 of child node 5 with all its child nodes expanded
>>> history.search("green cup") # Semantic index search. Expands the most relevant children according to similarity of the natural language query and the node's (recursively defined) index content.
>>> history[1][42].search("bicycle") # Semantic index search on some node further down the tree. Expands the children of node 1.42 most relevant to the search term
>>> history[3].collapse_all_but(1); history[3][1].expand()  # Zooms into details of child node 3.1 while collapsing all other childs of node 3
>>> vqa("What color is the ... in this image?",
...     history[2][4][-1][0].image)  # Invoke a model to answer a visual question about image(s) of some leaf (!) node(s)

# After gathering the relevant information, answer the question:
# Use a short final answer. Optionally provide a brief reasoning only when needed.
>>> answer("...")"""

**HumanMessage**:
"""User question: Today is Aug 04, 2023 at 03:24 PM. How many days ago did you clean all the cups?"""

**AIMessage**:
/home/user22303471/Project/Active-H-EMV/llm_emv/setup.py:226: FutureWarning: The `get_sentence_embedding_dimension` method has been renamed to `get_embedding_dimension`.
  filter_kwargs['_embedding_dim'] = embedding_model.get_sentence_embedding_dimension()
"""event_date_lookup('Today is Aug 04, 2023 at 03:24 PM. How many days ago did you clean all the cups?')"""

**HumanMessage**:
""""Event date lookup for query='Today is Aug 04, 2023 at 03:24 PM. How many days ago did you clean all the cups?': event='clean all the cups', today=2023/08/04.\n1. score=0.84; days_ago=16; 2023/07/19 17:03 - 17:09: I was instructed to clean the mugs. I picked up a dirty cup, placed it in the sink, then took a filled mug, emptied it, placed it in the coffee machine, and turned the machine on to make coffee.\nRecommended answer: 16 days ago""""

**HumanMessage**:
"""Current state:
2023/07/13 - 2023/08/04: "From July 13th to August 4th, I consistently performed a variety of daily kitchen and household tasks, including preparing diverse meals like toast, sandwiches, cooked potatoes, salads, and coffee, along with routine activities such as watering houseplants, cleaning dishes, and organizing various items including credit cards, remotes, tissue boxes, pencils, newspapers, and watches."  
  ..."""
{}
command: answer("I cleaned the cups 16 days ago, on July 19, 2023.")
expected output: 


 ============================== 


eval answer("I cleaned the cups 16 days ago, on July 19, 2023.")
Answering I cleaned the cups 16 days ago, on July 19, 2023.  with reason: None
Tokens Used: 2106
	Prompt Tokens: 1823
	Completion Tokens: 283
Successful Requests: 1
Total Cost (USD): $0.0
Evaluating sample 6c24abb778c24a7c_704a-977b52faf01e6c05_d71f-01c1b8aa1820aa0b_adaf-32918ea00b69d9fe_38ff-cdf30defa61245ba_5590-2513b9a8d8ae5129_ab38-7337be5c30b1b5d1_874c-57862376ad3394a1_c9dc-32fe2fa7cc43fbc3_b8f3-0de4b62afcd06138_45f2-a966ba0c6e0d463d_ce88-25ef88cce38adfbc_1740-7504548a0dd7baf8_b148-064a69cb5d40b41f_9c2e-a690a35743c855aa_4c00-4b813e7c9bc088d0_1ce1-e4909f617bc99db4_4ab8-03379f213dfbda39_79a2-c49a96282ec09e90_5bfa-a2d31b84a569e568_fb03-88ddc0cbf1a23687_43ea-b36a8d73976068a3_6afd-c02445dd7a5b6f26_d92a-a76099fbab67c9da_4d48-c6c5c151b7b8e770_38db-60d26ec0f9c4757e_425d-9539c0004762d6a8_2eee-b2fde7ee4eb1c40f_1f95-c2ffd6a81bfe2613_f91c-81b10da74f7ac9ff_15c8-6ccc8b815fbc093a_e921-5aa3cbd322d4f163_402a-52e190f2e5f3b790_edbb-71392179ff5e728f_d7fe-4e893adaff5699af_ab4f-6f4aca312776de7b_97f3-4e88e46c6584bd85_21d2-eef61c8f3cdd8280_c537-bfb3e4eaf7ba458f_81db-af3fc77ab8313235_5b72-dbb41344c474217f_ee0e-498d06abfb7e9487_5c19-36492265af47de94_a352-9c97a83f60095487_02d9-0d1a67f82b3b5854_d74d-2f8d482d22e56fdd_410e-5c12b219bbb5bc07_6008-4aafdc038df138e8_58f0-474a8460bc35eb12_20d0-0f0664338151d4ac_5c06-0-days_ago_to_episode
[配置] 启用 FAISS 加速，索引类型: flat
[GraphAug] 命中图缓存 (nodes=4933, edges=16433)
Got 0 examples


 ============================== 


eval date_lookup('Today is Aug 04, 2023 at 03:24 PM. What did you do 4 days ago?')
Updated/Defined variables after execution: {}

**SystemMessage**:
"""You are a smart humanoid robot answering user question about your past actions.
The history object contains information on what you did in the past, represented as a tree.
Use the method expand to look at details of a node.
Make sure to use collapse_all_but(idx) when you expanded irrelevant nodes, in order to keep the tree compact.
Enter Python expressions into the console to see the value and decide for the next command based on that result.
Answer concisely by calling answer("...") when you gathered enough information to answer the question.
Generate syntactically correct python console statements only, no explanations or other natural language statements.
IMPORTANT: If search() returns "No relevant records found", your next command MUST be answer("I have no record of that."). Do not search synonyms, do not expand further, and do not call vqa.
IMPORTANT: If you get "Nothing changed" twice, answer honestly that you have no record. Do NOT keep searching repeatedly. For just-before/just-after questions, first try one broader target search or inspect another relevant top-level time block before giving up.
For object yes/no questions, first use object_lookup("object name"). If it reports no matching summary, answer "No, I have no record of that." Do not call vqa unless you already have a directly relevant leaf image.
For task-list questions such as "List the tasks you performed", first use task_list(). Prefer its Recommended answer and chronological candidates instead of manually expanding the whole tree. For long histories, do not copy every task candidate verbatim unless the user explicitly asks for an exhaustive transcript.
For low-level action questions such as "what task did you perform when you toggle/open/pick up/place X", first use action_lookup("full low-level action"), for example action_lookup("open the drawer"). Do not call task_lookup first for these low-level action questions.
For task-description questions such as "describe what you did when you X", first use task_lookup("X"). Prefer its matching task candidates instead of manually expanding the whole tree. This does not apply to low-level action questions covered by action_lookup.
For exact date/time questions or "N days ago" questions asking what happened, first use date_lookup(question). Prefer its Recommended answer when it is confident instead of manually expanding by date.
For "How many days ago did you X?" or "When did you X?" questions, first use event_date_lookup(question). If it lists multiple days, include all of them in the final answer instead of only the most recent match.
For just-before or just-after questions, first use temporal_neighbor(target_task, direction="before" or "after") if a candidate is not already shown. Prefer the returned Recommended answer when it is confident. Only then inspect adjacent sibling or temporal nodes. Avoid expanding to raw leaf observations unless the summary is insufficient.
Do not call vqa for time, date, task-list, before/after, or yes/no object-existence questions when textual summaries already answer the question. Use vqa only for explicit visual appearance questions such as color, visible state, or what something looks like.
Never output bare parameters such as reasoning="..." answer="...". Always call answer("..."). You may call answer(reasoning="...", answer="...") only when a short reason is necessary.
Keep answer() short: answer under 60 words, and do not use markdown or backticks inside answer()."""

**HumanMessage**:
"""
def action_lookup(query: str, max_matches: int = 6) -> str # For low-level action questions, map raw leaf actions back to task-sized summaries
def answer(reasoning: str = None, answer: str = Ellipsis)
def ask(question: str)
def date_lookup(query: str, max_matches: int = 8) -> str # For exact date/time or N-days-ago questions, list matching history summaries directly
def event_date_lookup(query: str, max_matches: int = 12) -> str # For "how many days ago did you X" questions, find all matching event dates directly
def now() -> datetime.datetime
def object_lookup(object_name: str, max_matches: int = 8) -> str # For object yes/no questions, check whether task summaries mention the object
def task_list(max_tasks: int = 30) -> str # For task-list questions, list task-sized history summaries in chronological order
def task_lookup(query: str, max_matches: int = 8) -> str # For task-description questions, list task-sized summaries matching a query
def temporal_neighbor(target_task: str, direction: str = 'before', max_candidates: int = 6) -> str # For just-before/just-after questions, find the target task and return adjacent task candidates
def vqa(question: str, *images: PIL.Image.Image)
"""

**HumanMessage**:
/home/user22303471/Project/Active-H-EMV/llm_emv/setup.py:226: FutureWarning: The `get_sentence_embedding_dimension` method has been renamed to `get_embedding_dimension`.
  filter_kwargs['_embedding_dim'] = embedding_model.get_sentence_embedding_dimension()
/home/user22303471/Project/Active-H-EMV/llm_emv/setup.py:183: FutureWarning: The `get_sentence_embedding_dimension` method has been renamed to `get_embedding_dimension`.
  result = torch.empty(len(texts), embedding_model.get_sentence_embedding_dimension(),
"""Usage examples:
>>> history.expand()  # Shows the history tree with all child nodes expanded
>>> history.expand(date(2021, 12, 20))  # Expand the children that overlap with the given day
>>> history.expand(now() - timedelta(hours=6), now() - timedelta(hours=4))  # Expand all children that overlap with the given range (in this example "about 5 hours ago")
>>> history.expand((now() - timedelta(days=2)).date())  # Expand all children that overlap with the day before yesterday
>>> history.expand(0)  # Shows child node 0
>>> history[0].expand()  # Expands all child nodes of node 0 (node 0 must be expanded already to see them)
>>> history[5][2].expand()  # Shows child node 2 of child node 5 with all its child nodes expanded
>>> history.search("green cup") # Semantic index search. Expands the most relevant children according to similarity of the natural language query and the node's (recursively defined) index content.
>>> history[1][42].search("bicycle") # Semantic index search on some node further down the tree. Expands the children of node 1.42 most relevant to the search term
>>> history[3].collapse_all_but(1); history[3][1].expand()  # Zooms into details of child node 3.1 while collapsing all other childs of node 3
>>> vqa("What color is the ... in this image?",
...     history[2][4][-1][0].image)  # Invoke a model to answer a visual question about image(s) of some leaf (!) node(s)

# After gathering the relevant information, answer the question:
# Use a short final answer. Optionally provide a brief reasoning only when needed.
>>> answer("...")"""

**HumanMessage**:
"""User question: Today is Aug 04, 2023 at 03:24 PM. What did you do 4 days ago?"""

**AIMessage**:
"""date_lookup('Today is Aug 04, 2023 at 03:24 PM. What did you do 4 days ago?')"""

**HumanMessage**:
""""Date lookup for query='Today is Aug 04, 2023 at 03:24 PM. What did you do 4 days ago?': resolved=2023/07/31.\n1. score=0.87; 2023/07/31 08:25 - 18:43: On July 31st, I served two slices of tomato, gathered newspapers onto an armchair, and prepared a dish with sliced lettuce, tomato, and a cooked potato.\n2. score=0.85; 2023/07/31 18:36 - 18:43: I prepared a dish by slicing lettuce, a tomato, and a potato. I then cooked the potato slice in a pan, retrieved a plate, and assembled the dish by placing the cooked potato, tomato slices, and lettuce onto the plate bef...\n3. score=0.85; 2023/07/31 11:39 - 11:45: As instructed, I began gathering newspapers onto an armchair. I moved one newspaper from the dresser to the armchair, and to clear space, I relocated a cellphone from the armchair to the dresser. I then searched various...\n4. score=0.85; 2023/07/31 08:25:31 - 08:28:29: In response to a request to serve two slices of tomato, I sliced a tomato, placed two slices on a plate, and then asked the user for confirmation that the task was complete.\n5. score=0.78; 2023/07/31 08:25:31 - 08:27:46: Upon receiving the user's request to serve two slices of tomato, I first picked up a tomato and a plate and placed them on the countertop. Afterwards, I grabbed a knife and sliced the tomato.\n6. score=0.78; 2023/07/31 18:40:47 - 18:43:01: I picked up a sliced lettuce piece and placed it on the plate. I then picked up another tomato slice and placed it on the plate.\n7. score=0.78; 2023/07/31 11:39:16 - 11:41:13: I started by picking up a newspaper from the dresser and placing it on an armchair, following the instruction to gather all newspapers on one armchair.\n8. score=0.78; 2023/07/31 11:41:26 - 11:43:11: I then searched for another newspaper by opening and closing various drawers and cabinets (Drawer_4, Drawer_2, Cabinet_2). Upon finding a second newspaper, I picked it up and placed it on the same armchair.\nRecommended answer: On July 31st, I served two slices of tomato, gathered newspapers onto an armchair, and prepared a dish with sliced lettuce, tomato, and a cooked potato. I prepared a dish by slicing lettuce, a tomato, and a potato. I then cooked the potato slice in a pan, retrieved a plate, and assembled the dish by placing the cooked potato, tomato slices, and lettuce onto the plate bef... As instructed, I began gathering newspapers onto an armchair. I moved one newspaper from the dresser to the armchair, and to clear space, I relocated a cellphone from the armchair to the dresser. I then searched various... In response to a request to serve two slices of tomato, I sliced a tomato, placed two slices on a plate, and then asked the user for confirmation that the task was complete.""""

**HumanMessage**:
"""Current state:
2023/07/13 - 2023/08/04: "From July 13th to August 4th, I consistently performed a variety of daily kitchen and household tasks, including preparing diverse meals like toast, sandwiches, cooked potatoes, salads, and coffee, along with routine activities such as watering houseplants, cleaning dishes, and organizing various items including credit cards, remotes, tissue boxes, pencils, newspapers, and watches."  
  ..."""
{}
command: answer("On July 31st, which was 4 days ago, I served two slices of tomato, gathered newspapers onto an armchair, and prepared a dish with sliced lettuce, tomato, and a cooked potato.")
expected output: 


 ============================== 


eval answer("On July 31st, which was 4 days ago, I served two slices of tomato, gathered newspapers onto an armchair, and prepared a dish with sliced lettuce, tomato, and a cooked potato.")
Answering On July 31st, which was 4 days ago, I served two slices of tomato, gathered newspapers onto an armchair, and prepared a dish with sliced lettuce, tomato, and a cooked potato.  with reason: None
Tokens Used: 3015
	Prompt Tokens: 2493
	Completion Tokens: 522
Successful Requests: 1
Total Cost (USD): $0.0
Evaluating sample e336199e4aca573c_4d32-85ec788c6b00fb0d_14d1-ad2e4eb0b24a5940_9c9d-50bc3abf986ccabb_7071-915fdf90f4bc33cd_6c72-1fd74046ded8f9d1_42a3-cb0e41e1b364ad27_9a72-4b7b1a5b7f3d19ae_1413-cce21676357b2d20_b27c-01c1b8aa1820aa0b_adaf-b8f22271faff678f_dce6-4fc54b735d3f45a6_b7b4-e8f7cd03e3683657_4d70-84d6411d0710d918_5b3c-04ae108b77699c0f_2453-b53c115c99ca34dd_5e2b-b63078c7b3e28f59_355d-c6f7828bc5640531_1604-c7cc40993ef8468b_3e7b-0b161c6f709cde89_4c30-fef7c3fc3990d2e8_518b-e85d1457c7af9ad4_4960-9e23434a16a146b5_7f9a-41b067f2ce6f3fef_8ee6-9539c0004762d6a8_fe91-a2b0269334c60e48_2cb5-464fb2558d308797_4110-d8034826803791df_10bf-88f8ad0d2d356270_bb95-491169530040eb68_c8b0-e035a44ebae9d3fd_c842-c02445dd7a5b6f26_86bd-8150a936da2df63d_2451-3ebbcf3c3aed7c9e_5813-1e8fb21f2b41b0b0_db8b-a451af83aeece675_117b-140e54aadad74d20_222f-e455dbf27ecaf413_8484-c6c5c151b7b8e770_38db-18f6da623ba658a2_aa07-612f99763b6978b6_0c1a-09d537bcc73a42fc_52e8-5ab41ea72487ce0f_e5be-0d1a67f82b3b5854_d74d-0d600126a7947365_cac4-2b5a33d4908ee77d_20f6-a82cd949493bada0_ffe5-b2815444299854b0_d30e-5026400c43e20c2d_d3fc-85ec788c6b00fb0d_49ba-0-sequence_of_task_descs
[配置] 启用 FAISS 加速，索引类型: flat
[GraphAug] 开始构建记忆图...
[MemoryGraph] 收集到 5612 个事件节点
[MemoryGraph] 时间相邻边: 4545
[MemoryGraph] 共享物体边: 12247
[MemoryGraph] 唯一动作数: 372, 相似动作对: 802
[MemoryGraph] 相似动作边: 1599
[MemoryGraph] 图构建完成: {'num_nodes': 5612, 'num_edges': 18391, 'edges_temporal_adjacent': 4545, 'edges_co_object': 12247, 'edges_similar_action': 1599}
[GraphAug] 记忆图构建完成
Got 0 examples


 ============================== 


eval task_list()
Updated/Defined variables after execution: {}

**SystemMessage**:
"""You are a smart humanoid robot answering user question about your past actions.
The history object contains information on what you did in the past, represented as a tree.
Use the method expand to look at details of a node.
Make sure to use collapse_all_but(idx) when you expanded irrelevant nodes, in order to keep the tree compact.
Enter Python expressions into the console to see the value and decide for the next command based on that result.
Answer concisely by calling answer("...") when you gathered enough information to answer the question.
Generate syntactically correct python console statements only, no explanations or other natural language statements.
IMPORTANT: If search() returns "No relevant records found", your next command MUST be answer("I have no record of that."). Do not search synonyms, do not expand further, and do not call vqa.
IMPORTANT: If you get "Nothing changed" twice, answer honestly that you have no record. Do NOT keep searching repeatedly. For just-before/just-after questions, first try one broader target search or inspect another relevant top-level time block before giving up.
For object yes/no questions, first use object_lookup("object name"). If it reports no matching summary, answer "No, I have no record of that." Do not call vqa unless you already have a directly relevant leaf image.
For task-list questions such as "List the tasks you performed", first use task_list(). Prefer its Recommended answer and chronological candidates instead of manually expanding the whole tree. For long histories, do not copy every task candidate verbatim unless the user explicitly asks for an exhaustive transcript.
For low-level action questions such as "what task did you perform when you toggle/open/pick up/place X", first use action_lookup("full low-level action"), for example action_lookup("open the drawer"). Do not call task_lookup first for these low-level action questions.
For task-description questions such as "describe what you did when you X", first use task_lookup("X"). Prefer its matching task candidates instead of manually expanding the whole tree. This does not apply to low-level action questions covered by action_lookup.
For exact date/time questions or "N days ago" questions asking what happened, first use date_lookup(question). Prefer its Recommended answer when it is confident instead of manually expanding by date.
For "How many days ago did you X?" or "When did you X?" questions, first use event_date_lookup(question). If it lists multiple days, include all of them in the final answer instead of only the most recent match.
For just-before or just-after questions, first use temporal_neighbor(target_task, direction="before" or "after") if a candidate is not already shown. Prefer the returned Recommended answer when it is confident. Only then inspect adjacent sibling or temporal nodes. Avoid expanding to raw leaf observations unless the summary is insufficient.
Do not call vqa for time, date, task-list, before/after, or yes/no object-existence questions when textual summaries already answer the question. Use vqa only for explicit visual appearance questions such as color, visible state, or what something looks like.
Never output bare parameters such as reasoning="..." answer="...". Always call answer("..."). You may call answer(reasoning="...", answer="...") only when a short reason is necessary.
Keep answer() short: answer under 60 words, and do not use markdown or backticks inside answer()."""

**HumanMessage**:
"""
def action_lookup(query: str, max_matches: int = 6) -> str # For low-level action questions, map raw leaf actions back to task-sized summaries
def answer(reasoning: str = None, answer: str = Ellipsis)
def ask(question: str)
def date_lookup(query: str, max_matches: int = 8) -> str # For exact date/time or N-days-ago questions, list matching history summaries directly
def event_date_lookup(query: str, max_matches: int = 12) -> str # For "how many days ago did you X" questions, find all matching event dates directly
def now() -> datetime.datetime
def object_lookup(object_name: str, max_matches: int = 8) -> str # For object yes/no questions, check whether task summaries mention the object
def task_list(max_tasks: int = 30) -> str # For task-list questions, list task-sized history summaries in chronological order
def task_lookup(query: str, max_matches: int = 8) -> str # For task-description questions, list task-sized summaries matching a query
def temporal_neighbor(target_task: str, direction: str = 'before', max_candidates: int = 6) -> str # For just-before/just-after questions, find the target task and return adjacent task candidates
def vqa(question: str, *images: PIL.Image.Image)
"""

**HumanMessage**:
"""Usage examples:
>>> history.expand()  # Shows the history tree with all child nodes expanded
>>> history.expand(date(2021, 12, 20))  # Expand the children that overlap with the given day
>>> history.expand(now() - timedelta(hours=6), now() - timedelta(hours=4))  # Expand all children that overlap with the given range (in this example "about 5 hours ago")
>>> history.expand((now() - timedelta(days=2)).date())  # Expand all children that overlap with the day before yesterday
>>> history.expand(0)  # Shows child node 0
>>> history[0].expand()  # Expands all child nodes of node 0 (node 0 must be expanded already to see them)
>>> history[5][2].expand()  # Shows child node 2 of child node 5 with all its child nodes expanded
>>> history.search("green cup") # Semantic index search. Expands the most relevant children according to similarity of the natural language query and the node's (recursively defined) index content.
>>> history[1][42].search("bicycle") # Semantic index search on some node further down the tree. Expands the children of node 1.42 most relevant to the search term
>>> history[3].collapse_all_but(1); history[3][1].expand()  # Zooms into details of child node 3.1 while collapsing all other childs of node 3
>>> vqa("What color is the ... in this image?",
...     history[2][4][-1][0].image)  # Invoke a model to answer a visual question about image(s) of some leaf (!) node(s)

# After gathering the relevant information, answer the question:
# Use a short final answer. Optionally provide a brief reasoning only when needed.
>>> answer("...")"""

**HumanMessage**:
"""User question: List the tasks you performed."""

**AIMessage**:
"""task_list()"""

**HumanMessage**:
""""Task list candidates in chronological order:\nUse these as evidence. If there are many candidates, do not copy every candidate verbatim; use the Recommended answer unless the user explicitly asks for an exhaustive transcript.\n1. 2023/11/24 17:48 - 17:53: I picked up a fork and placed it in an open cabinet as instructed.\n2. 2023/11/25 19:48 - 19:53: I received instructions to slice and cook three potato slices. I brought a potato to the countertop, sliced it, and cooked three pieces in the microwave after clearing some space, then placed the cooked slices back on the countertop.\n3. 2023/11/26 08:09 - 08:15: I started by picking up a pepper shaker and placing it on the countertop, then turning off the faucet. During this time, I received instructions to clean a dirty plate located next to the sink.\n4. 2023/11/26 15:12 - 15:25: I was instructed to boil a potato. I prepared and cleaned a pot, filled it with water, placed it on the stove, added potatoes, and boiled them. After cooking, I emptied the pot and placed a cooked potato on the countertop.\n5. 2023/11/28 16:00:20 - 16:03:06: I sliced and toasted two pieces of bread and cleaned a dirty plate to serve them on.\n6. 2023/11/30 10:43 - 10:47: I opened the cabinet to retrieve the bread and then placed it on the countertop.\n7. 2023/11/30 10:50 - 10:55: I picked up the toasted bread slice, opened the cabinet where the user said the plate was, and placed the toasted bread on the countertop.\n8. 2023/11/30 15:07 - 15:10: I received the task to serve one slice of tomato in a bowl. I first located a tomato and a knife, then sliced the tomato on the countertop.\n9. 2023/11/30 15:12 - 15:15: Despite my first attempt, the user indicated the task was incomplete and suggested cleaning another bowl. I took a second bowl, rinsed it at the sink, and placed a different tomato slice into it.\n10. 2023/11/30 15:17:23 - 15:20:16: Still trying to satisfy the request, I found a third bowl, cleaned it at the sink, and placed a tomato slice in it. I then thanked the user for their help, although the user still seemed uncertain about the completion.\n11. 2023/12/01 16:19:12 - 16:21:52: I sliced a potato on the countertop and cooked two of the slices in the microwave.\n12. 2023/12/02 08:52 - 09:02: I retrieved and sliced lettuce, then proceeded to retrieve and slice a potato. After clearing some space, I cooked two potato slices in the microwave and placed them on the countertop.\n13. 2023/12/02 09:02 - 09:07: I retrieved a dirty plate from the fridge, cleared the sink to wash it, and placed the clean plate on the countertop. Finally, I assembled the requested items by placing the cooked potato slices and lettuce onto the clean plate.\n14. 2023/12/04 13:29 - 13:33: I then searched for more items to clean, finding a dirty cup in a cabinet. I brought the cup to the sink, rinsed it, poured out the water, and placed it with the other cleaned drinkware on the countertop, concluding the cleaning task.\n15. 2023/12/05 12:23 - 12:29: I picked up a knife, sliced a tomato, and placed the sliced tomato pieces on the countertop.\n16. 2023/12/05 14:17 - 14:21: I located a tomato on a chair as requested and moved it to the countertop.\n17. 2023/12/06 15:00 - 15:04: I picked up a butter knife and used it to slice the lettuce and bread, following the user's instructions.\n18. 2023/12/06 15:08 - 15:11: I picked up two slices of lettuce and added them to the plate with the first piece of toast.\n19. 2023/12/07 18:49 - 18:53: I picked up the pillow from the dresser and placed it on the armchair as requested.\n20. 2023/12/08 13:24:33 - 13:27:13: I retrieved a head of lettuce from the shelf, brought it to the countertop, and sliced it with a knife.\n21. 2023/12/08 13:32:32 - 13:35:18: I toasted another slice of bread and added it to the plate to complete the lettuce sandwich, finishing the task as requested.\n22. 2023/12/09 17:57 - 18:00: I sliced the potato, lettuce, and tomato, then cleaned a dirty plate and assembled the salad to complete the task.\n23. 2023/12/09 19:02 - 19:08: I picked up a tomato as instructed by the user and placed it on the countertop.\n24. 2023/12/09 19:09 - 19:12: I opened two cabinets to find a plate and then placed the plate on the countertop.\n25. 2023/12/10 13:32 - 13:36: I received instructions to process a potato, so I picked up a knife, placed it on the countertop, then picked up and put down the potato. I then used the knife to slice the potato and returned the knife to the countertop.\n26. 2023/12/10 13:36 - 13:42: I placed three potato slices into the microwave, cooked them, and then retrieved all three cooked slices, placing them onto a plate on the countertop.\n27. 2023/12/10 14:13 - 14:16: The user requested to water a plant and suggested I use a green cup. I picked up the green cup and placed it on the countertop.\n28. 2023/12/12 15:18 - 15:26: Upon the user's request for a salad, I prepared the ingredients at the kitchen island by slicing lettuce, retrieving a tomato slice, and slicing and cooking potato slices in the microwave.\n29. 2023/12/14 11:14 - 11:20: I prepared the potatoes by placing them in a pot with liquid, moving the pot between countertops and the stove to cook them, and finally returning the pot to a countertop once the potatoes were ready.\n30. 2023/12/14 11:20 - 11:30: After being instructed to make toast, I found a knife in a cabinet, sliced the bread, and toasted it in the toaster.\nRecommended answer: From 2023/11/24 to 2023/12/14, I performed 30 recorded task groups, including bread, toast, and sandwich preparation; potato cooking and slicing; salad, lettuce, and tomato preparation; coffee and drinkware tasks; dish, plate, bowl, and pan cleaning; household organization tasks; plant watering.""""

**HumanMessage**:
"""Current state:
2023/11/23 - 2023/12/14: "From November 23rd to December 14th, I performed a consistent routine of household maintenance and meal preparation. This included preparing various meals such as toast, sandwiches, and salads, boiling potatoes, making coffee, washing dishes, watering houseplants, and organizing common household items like remotes, newspapers, and pillows."  
  ..."""
{}
command: answer("From 2023/11/24 to 2023/12/14, I performed 30 recorded task groups, including bread, toast, and sandwich preparation; potato cooking and slicing; salad, lettuce, and tomato preparation; coffee and drinkware tasks; dish, plate, bowl, and pan cleaning; household organization tasks; plant watering.")
expected output: 


 ============================== 


eval answer("From 2023/11/24 to 2023/12/14, I performed 30 recorded task groups, including bread, toast, and sandwich preparation; potato cooking and slicing; salad, lettuce, and tomato preparation; coffee and drinkware tasks; dish, plate, bowl, and pan cleaning; household organization tasks; plant watering.")
Answering From 2023/11/24 to 2023/12/14, I performed 30 recorded task groups, including bread, toast, and sandwich preparation; potato cooking and slicing; salad, lettuce, and tomato preparation; coffee and drinkware tasks; dish, plate, bowl, and pan cleaning; household organization tasks; plant watering.  with reason: None
Tokens Used: 3947
	Prompt Tokens: 3491
	Completion Tokens: 456
Successful Requests: 1
Total Cost (USD): $0.0
Evaluating sample /home/user22303471/Project/Active-H-EMV/llm_emv/setup.py:226: FutureWarning: The `get_sentence_embedding_dimension` method has been renamed to `get_embedding_dimension`.
  filter_kwargs['_embedding_dim'] = embedding_model.get_sentence_embedding_dimension()
/home/user22303471/Project/Active-H-EMV/llm_emv/setup.py:183: FutureWarning: The `get_sentence_embedding_dimension` method has been renamed to `get_embedding_dimension`.
  result = torch.empty(len(texts), embedding_model.get_sentence_embedding_dimension(),
e336199e4aca573c_4d32-85ec788c6b00fb0d_14d1-ad2e4eb0b24a5940_9c9d-50bc3abf986ccabb_7071-915fdf90f4bc33cd_6c72-1fd74046ded8f9d1_42a3-cb0e41e1b364ad27_9a72-4b7b1a5b7f3d19ae_1413-cce21676357b2d20_b27c-01c1b8aa1820aa0b_adaf-b8f22271faff678f_dce6-4fc54b735d3f45a6_b7b4-e8f7cd03e3683657_4d70-84d6411d0710d918_5b3c-04ae108b77699c0f_2453-b53c115c99ca34dd_5e2b-b63078c7b3e28f59_355d-c6f7828bc5640531_1604-c7cc40993ef8468b_3e7b-0b161c6f709cde89_4c30-fef7c3fc3990d2e8_518b-e85d1457c7af9ad4_4960-9e23434a16a146b5_7f9a-41b067f2ce6f3fef_8ee6-9539c0004762d6a8_fe91-a2b0269334c60e48_2cb5-464fb2558d308797_4110-d8034826803791df_10bf-88f8ad0d2d356270_bb95-491169530040eb68_c8b0-e035a44ebae9d3fd_c842-c02445dd7a5b6f26_86bd-8150a936da2df63d_2451-3ebbcf3c3aed7c9e_5813-1e8fb21f2b41b0b0_db8b-a451af83aeece675_117b-140e54aadad74d20_222f-e455dbf27ecaf413_8484-c6c5c151b7b8e770_38db-18f6da623ba658a2_aa07-612f99763b6978b6_0c1a-09d537bcc73a42fc_52e8-5ab41ea72487ce0f_e5be-0d1a67f82b3b5854_d74d-0d600126a7947365_cac4-2b5a33d4908ee77d_20f6-a82cd949493bada0_ffe5-b2815444299854b0_d30e-5026400c43e20c2d_d3fc-85ec788c6b00fb0d_49ba-0-seq_specific_shortened_low_actions
[配置] 启用 FAISS 加速，索引类型: flat
[GraphAug] 命中图缓存 (nodes=5612, edges=18391)
Got 0 examples


 ============================== 


eval task_lookup('clean all the mugs')
Updated/Defined variables after execution: {}

**SystemMessage**:
"""You are a smart humanoid robot answering user question about your past actions.
The history object contains information on what you did in the past, represented as a tree.
Use the method expand to look at details of a node.
Make sure to use collapse_all_but(idx) when you expanded irrelevant nodes, in order to keep the tree compact.
Enter Python expressions into the console to see the value and decide for the next command based on that result.
Answer concisely by calling answer("...") when you gathered enough information to answer the question.
Generate syntactically correct python console statements only, no explanations or other natural language statements.
IMPORTANT: If search() returns "No relevant records found", your next command MUST be answer("I have no record of that."). Do not search synonyms, do not expand further, and do not call vqa.
IMPORTANT: If you get "Nothing changed" twice, answer honestly that you have no record. Do NOT keep searching repeatedly. For just-before/just-after questions, first try one broader target search or inspect another relevant top-level time block before giving up.
For object yes/no questions, first use object_lookup("object name"). If it reports no matching summary, answer "No, I have no record of that." Do not call vqa unless you already have a directly relevant leaf image.
For task-list questions such as "List the tasks you performed", first use task_list(). Prefer its Recommended answer and chronological candidates instead of manually expanding the whole tree. For long histories, do not copy every task candidate verbatim unless the user explicitly asks for an exhaustive transcript.
For low-level action questions such as "what task did you perform when you toggle/open/pick up/place X", first use action_lookup("full low-level action"), for example action_lookup("open the drawer"). Do not call task_lookup first for these low-level action questions.
For task-description questions such as "describe what you did when you X", first use task_lookup("X"). Prefer its matching task candidates instead of manually expanding the whole tree. This does not apply to low-level action questions covered by action_lookup.
For exact date/time questions or "N days ago" questions asking what happened, first use date_lookup(question). Prefer its Recommended answer when it is confident instead of manually expanding by date.
For "How many days ago did you X?" or "When did you X?" questions, first use event_date_lookup(question). If it lists multiple days, include all of them in the final answer instead of only the most recent match.
For just-before or just-after questions, first use temporal_neighbor(target_task, direction="before" or "after") if a candidate is not already shown. Prefer the returned Recommended answer when it is confident. Only then inspect adjacent sibling or temporal nodes. Avoid expanding to raw leaf observations unless the summary is insufficient.
Do not call vqa for time, date, task-list, before/after, or yes/no object-existence questions when textual summaries already answer the question. Use vqa only for explicit visual appearance questions such as color, visible state, or what something looks like.
Never output bare parameters such as reasoning="..." answer="...". Always call answer("..."). You may call answer(reasoning="...", answer="...") only when a short reason is necessary.
Keep answer() short: answer under 60 words, and do not use markdown or backticks inside answer()."""

**HumanMessage**:
"""
def action_lookup(query: str, max_matches: int = 6) -> str # For low-level action questions, map raw leaf actions back to task-sized summaries
def answer(reasoning: str = None, answer: str = Ellipsis)
def ask(question: str)
def date_lookup(query: str, max_matches: int = 8) -> str # For exact date/time or N-days-ago questions, list matching history summaries directly
def event_date_lookup(query: str, max_matches: int = 12) -> str # For "how many days ago did you X" questions, find all matching event dates directly
def now() -> datetime.datetime
def object_lookup(object_name: str, max_matches: int = 8) -> str # For object yes/no questions, check whether task summaries mention the object
def task_list(max_tasks: int = 30) -> str # For task-list questions, list task-sized history summaries in chronological order
def task_lookup(query: str, max_matches: int = 8) -> str # For task-description questions, list task-sized summaries matching a query
def temporal_neighbor(target_task: str, direction: str = 'before', max_candidates: int = 6) -> str # For just-before/just-after questions, find the target task and return adjacent task candidates
def vqa(question: str, *images: PIL.Image.Image)
"""

**HumanMessage**:
"""Usage examples:
>>> history.expand()  # Shows the history tree with all child nodes expanded
>>> history.expand(date(2021, 12, 20))  # Expand the children that overlap with the given day
>>> history.expand(now() - timedelta(hours=6), now() - timedelta(hours=4))  # Expand all children that overlap with the given range (in this example "about 5 hours ago")
>>> history.expand((now() - timedelta(days=2)).date())  # Expand all children that overlap with the day before yesterday
>>> history.expand(0)  # Shows child node 0
>>> history[0].expand()  # Expands all child nodes of node 0 (node 0 must be expanded already to see them)
>>> history[5][2].expand()  # Shows child node 2 of child node 5 with all its child nodes expanded
>>> history.search("green cup") # Semantic index search. Expands the most relevant children according to similarity of the natural language query and the node's (recursively defined) index content.
>>> history[1][42].search("bicycle") # Semantic index search on some node further down the tree. Expands the children of node 1.42 most relevant to the search term
>>> history[3].collapse_all_but(1); history[3][1].expand()  # Zooms into details of child node 3.1 while collapsing all other childs of node 3
>>> vqa("What color is the ... in this image?",
...     history[2][4][-1][0].image)  # Invoke a model to answer a visual question about image(s) of some leaf (!) node(s)

# After gathering the relevant information, answer the question:
# Use a short final answer. Optionally provide a brief reasoning only when needed.
>>> answer("...")"""

**HumanMessage**:
"""User question: describe what you did when you clean all the mugs."""

**AIMessage**:
"""task_lookup('clean all the mugs')"""

**HumanMessage**:
/home/user22303471/Project/Active-H-EMV/llm_emv/setup.py:226: FutureWarning: The `get_sentence_embedding_dimension` method has been renamed to `get_embedding_dimension`.
  filter_kwargs['_embedding_dim'] = embedding_model.get_sentence_embedding_dimension()
/home/user22303471/Project/Active-H-EMV/llm_emv/setup.py:183: FutureWarning: The `get_sentence_embedding_dimension` method has been renamed to `get_embedding_dimension`.
  result = torch.empty(len(texts), embedding_model.get_sentence_embedding_dimension(),
""""Task lookup candidates for query='clean all the mugs':\n1. score=0.91; 2023/12/03 08:38:19 - 08:38:55: I waited for the coffee machine to finish brewing and received confirmation that the task was complete.\n2. score=0.86; 2023/12/04 13:29 - 13:33: I then searched for more items to clean, finding a dirty cup in a cabinet. I brought the cup to the sink, rinsed it, poured out the water, and placed it with the other cleaned drinkware on the countertop, concluding the cleaning task.\n3. score=0.86; 2023/12/11 08:29:18 - 08:29:55: I opened the fridge, found the last dirty plate, placed it in the sink, and turned the faucet on and off to clean it. The task was then marked as complete by the user.\n4. score=0.86; 2023/11/25 10:28 - 10:32: I received a request to clean all the plates. To do this, I cleared the sink basin of various items, retrieved dirty plates from the fridge and a cabinet, washed them in the sink, and notified the user once the task was complete.\n5. score=0.84; 2023/12/07 18:24:52 - 18:25:25: I brought the mug to the sink to clean it. I placed it on the countertop, turned off the faucet, then moved the mug into the sink basin. I turned the faucet on and off to rinse it, picked it up, and emptied it.\n6. score=0.84; 2023/12/07 10:11 - 10:14: I cleaned a dirty mug by rinsing it in the sink and then used it to make coffee with the coffee machine, fulfilling the user's request.\n7. score=0.83; 2023/12/11 08:27 - 09:14: On December 11th, I cleaned three dirty plates from various locations. Later, I boiled a potato by gathering a pot and potato, filling the pot with water, and placing it on the stove.\n8. score=0.82; 2023/11/25 10:28:57 - 10:30:09: I received a request to clean all the plates. I started by checking the fridge and picking up a dirty plate.\nRecommended answer: I waited for the coffee machine to finish brewing and received confirmation that the task was complete.; I then searched for more items to clean, finding a dirty cup in a cabinet. I brought the cup to the sink, rinsed it...; I opened the fridge, found the last dirty plate, placed it in the sink, and turned the faucet on and off to clean it...""""

**HumanMessage**:
"""Current state:
2023/11/23 - 2023/12/14: "From November 23rd to December 14th, I performed a consistent routine of household maintenance and meal preparation. This included preparing various meals such as toast, sandwiches, and salads, boiling potatoes, making coffee, washing dishes, watering houseplants, and organizing common household items like remotes, newspapers, and pillows."  
  ..."""
{}
command: answer("I don't have a record of cleaning all the mugs at once, but I have cleaned individual mugs. My
expected output: 


 ============================== 


eval answer("I don't have a record of cleaning all the mugs at once, but I have cleaned individual mugs. My


 ============================== 


eval answer("I don't have a record of cleaning all the mugs at once, but I have cleaned individual mugs. My


 ============================== 




answer("I don't have a record of cleaning all the mugs at once, but I have cleaned individual mugs. My

[结构化回退] answer(...) 语法错误，返回结构化推荐答案
Tokens Used: 3069
	Prompt Tokens: 2305
	Completion Tokens: 764
Successful Requests: 1
Total Cost (USD): $0.0
Evaluating sample e336199e4aca573c_4d32-85ec788c6b00fb0d_14d1-ad2e4eb0b24a5940_9c9d-50bc3abf986ccabb_7071-915fdf90f4bc33cd_6c72-1fd74046ded8f9d1_42a3-cb0e41e1b364ad27_9a72-4b7b1a5b7f3d19ae_1413-cce21676357b2d20_b27c-01c1b8aa1820aa0b_adaf-b8f22271faff678f_dce6-4fc54b735d3f45a6_b7b4-e8f7cd03e3683657_4d70-84d6411d0710d918_5b3c-04ae108b77699c0f_2453-b53c115c99ca34dd_5e2b-b63078c7b3e28f59_355d-c6f7828bc5640531_1604-c7cc40993ef8468b_3e7b-0b161c6f709cde89_4c30-fef7c3fc3990d2e8_518b-e85d1457c7af9ad4_4960-9e23434a16a146b5_7f9a-41b067f2ce6f3fef_8ee6-9539c0004762d6a8_fe91-a2b0269334c60e48_2cb5-464fb2558d308797_4110-d8034826803791df_10bf-88f8ad0d2d356270_bb95-491169530040eb68_c8b0-e035a44ebae9d3fd_c842-c02445dd7a5b6f26_86bd-8150a936da2df63d_2451-3ebbcf3c3aed7c9e_5813-1e8fb21f2b41b0b0_db8b-a451af83aeece675_117b-140e54aadad74d20_222f-e455dbf27ecaf413_8484-c6c5c151b7b8e770_38db-18f6da623ba658a2_aa07-612f99763b6978b6_0c1a-09d537bcc73a42fc_52e8-5ab41ea72487ce0f_e5be-0d1a67f82b3b5854_d74d-0d600126a7947365_cac4-2b5a33d4908ee77d_20f6-a82cd949493bada0_ffe5-b2815444299854b0_d30e-5026400c43e20c2d_d3fc-85ec788c6b00fb0d_49ba-0-seq_right_after_questions
[配置] 启用 FAISS 加速，索引类型: flat
[GraphAug] 命中图缓存 (nodes=5612, edges=18391)
Got 0 examples


 ============================== 


eval temporal_neighbor('put all newspaper on any chairs', direction='after')
Updated/Defined variables after execution: {}

**SystemMessage**:
"""You are a smart humanoid robot answering user question about your past actions.
The history object contains information on what you did in the past, represented as a tree.
Use the method expand to look at details of a node.
Make sure to use collapse_all_but(idx) when you expanded irrelevant nodes, in order to keep the tree compact.
Enter Python expressions into the console to see the value and decide for the next command based on that result.
Answer concisely by calling answer("...") when you gathered enough information to answer the question.
Generate syntactically correct python console statements only, no explanations or other natural language statements.
IMPORTANT: If search() returns "No relevant records found", your next command MUST be answer("I have no record of that."). Do not search synonyms, do not expand further, and do not call vqa.
IMPORTANT: If you get "Nothing changed" twice, answer honestly that you have no record. Do NOT keep searching repeatedly. For just-before/just-after questions, first try one broader target search or inspect another relevant top-level time block before giving up.
For object yes/no questions, first use object_lookup("object name"). If it reports no matching summary, answer "No, I have no record of that." Do not call vqa unless you already have a directly relevant leaf image.
For task-list questions such as "List the tasks you performed", first use task_list(). Prefer its Recommended answer and chronological candidates instead of manually expanding the whole tree. For long histories, do not copy every task candidate verbatim unless the user explicitly asks for an exhaustive transcript.
For low-level action questions such as "what task did you perform when you toggle/open/pick up/place X", first use action_lookup("full low-level action"), for example action_lookup("open the drawer"). Do not call task_lookup first for these low-level action questions.
For task-description questions such as "describe what you did when you X", first use task_lookup("X"). Prefer its matching task candidates instead of manually expanding the whole tree. This does not apply to low-level action questions covered by action_lookup.
For exact date/time questions or "N days ago" questions asking what happened, first use date_lookup(question). Prefer its Recommended answer when it is confident instead of manually expanding by date.
For "How many days ago did you X?" or "When did you X?" questions, first use event_date_lookup(question). If it lists multiple days, include all of them in the final answer instead of only the most recent match.
For just-before or just-after questions, first use temporal_neighbor(target_task, direction="before" or "after") if a candidate is not already shown. Prefer the returned Recommended answer when it is confident. Only then inspect adjacent sibling or temporal nodes. Avoid expanding to raw leaf observations unless the summary is insufficient.
Do not call vqa for time, date, task-list, before/after, or yes/no object-existence questions when textual summaries already answer the question. Use vqa only for explicit visual appearance questions such as color, visible state, or what something looks like.
Never output bare parameters such as reasoning="..." answer="...". Always call answer("..."). You may call answer(reasoning="...", answer="...") only when a short reason is necessary.
Keep answer() short: answer under 60 words, and do not use markdown or backticks inside answer()."""

**HumanMessage**:
"""
def action_lookup(query: str, max_matches: int = 6) -> str # For low-level action questions, map raw leaf actions back to task-sized summaries
def answer(reasoning: str = None, answer: str = Ellipsis)
def ask(question: str)
def date_lookup(query: str, max_matches: int = 8) -> str # For exact date/time or N-days-ago questions, list matching history summaries directly
def event_date_lookup(query: str, max_matches: int = 12) -> str # For "how many days ago did you X" questions, find all matching event dates directly
def now() -> datetime.datetime
def object_lookup(object_name: str, max_matches: int = 8) -> str # For object yes/no questions, check whether task summaries mention the object
def task_list(max_tasks: int = 30) -> str # For task-list questions, list task-sized history summaries in chronological order
def task_lookup(query: str, max_matches: int = 8) -> str # For task-description questions, list task-sized summaries matching a query
def temporal_neighbor(target_task: str, direction: str = 'before', max_candidates: int = 6) -> str # For just-before/just-after questions, find the target task and return adjacent task candidates
def vqa(question: str, *images: PIL.Image.Image)
"""

**HumanMessage**:
"""Usage examples:
>>> history.expand()  # Shows the history tree with all child nodes expanded
>>> history.expand(date(2021, 12, 20))  # Expand the children that overlap with the given day
>>> history.expand(now() - timedelta(hours=6), now() - timedelta(hours=4))  # Expand all children that overlap with the given range (in this example "about 5 hours ago")
>>> history.expand((now() - timedelta(days=2)).date())  # Expand all children that overlap with the day before yesterday
>>> history.expand(0)  # Shows child node 0
>>> history[0].expand()  # Expands all child nodes of node 0 (node 0 must be expanded already to see them)
>>> history[5][2].expand()  # Shows child node 2 of child node 5 with all its child nodes expanded
>>> history.search("green cup") # Semantic index search. Expands the most relevant children according to similarity of the natural language query and the node's (recursively defined) index content.
>>> history[1][42].search("bicycle") # Semantic index search on some node further down the tree. Expands the children of node 1.42 most relevant to the search term
>>> history[3].collapse_all_but(1); history[3][1].expand()  # Zooms into details of child node 3.1 while collapsing all other childs of node 3
>>> vqa("What color is the ... in this image?",
...     history[2][4][-1][0].image)  # Invoke a model to answer a visual question about image(s) of some leaf (!) node(s)

# After gathering the relevant information, answer the question:
# Use a short final answer. Optionally provide a brief reasoning only when needed.
>>> answer("...")"""

**HumanMessage**:
"""User question: What task did you do just after put all newspaper on any chairs?"""

**AIMessage**:
"""temporal_neighbor('put all newspaper on any chairs', direction='after')"""

**HumanMessage**:
/home/user22303471/Project/Active-H-EMV/llm_emv/setup.py:226: FutureWarning: The `get_sentence_embedding_dimension` method has been renamed to `get_embedding_dimension`.
  filter_kwargs['_embedding_dim'] = embedding_model.get_sentence_embedding_dimension()
/home/user22303471/Project/Active-H-EMV/llm_emv/setup.py:183: FutureWarning: The `get_sentence_embedding_dimension` method has been renamed to `get_embedding_dimension`.
  result = torch.empty(len(texts), embedding_model.get_sentence_embedding_dimension(),
""""Temporal neighbor candidates for target='put all newspaper on any chairs', direction='after':\n1. score=0.81; target=2023/12/06 13:03 - 13:07: I collected three newspapers from different locations—the floor, a dresser, and inside a cabinet—and placed them all on the armchair as requested, finally confirming the task's com...; after=2023/12/06 15:00 - 15:12: I prepared a lettuce sandwich by slicing the bread and lettuce, toasting the bread slices, and then assembling the sandwich on a plate before signaling for a final check.\n2. score=0.75; target=2023/12/06 13:06:59 - 13:07:22: I informed the user that I had successfully placed all three newspapers on the armchair as requested.; after=2023/12/06 15:00 - 15:04: I picked up a butter knife and used it to slice the lettuce and bread, following the user's instructions.\n3. score=0.72; target=2023/12/06 13:03 - 15:12: On December 6th, I collected three newspapers from various locations and placed them on an armchair. Later, I prepared a lettuce sandwich by slicing bread and lettuce, toasting the...; after=2023/12/07 10:11:18 - 10:13:42: I started by cleaning a dirty mug. I picked it up, placed it in the sink, rinsed it by toggling the faucet on and off, and then poured out the water to prepare it for use.\n4. score=0.55; target=2023/12/06 13:03:54 - 13:04:37: I started by picking up the first newspaper from the floor and placing it on the armchair.; after=2023/12/06 13:04:40 - 13:05:20: I picked up a tissue box and moved it to the sofa to clear space on the dresser. Then, I picked up the second newspaper from the dresser and placed it on the armchair.\n5. score=0.42; target=2023/12/06 13:04:40 - 13:05:20: I picked up a tissue box and moved it to the sofa to clear space on the dresser. Then, I picked up the second newspaper from the dresser and placed it on the armchair.; after=2023/12/06 13:05:27 - 13:06:55: I searched for the third newspaper. After opening a cabinet, I found it inside a box on the floor. I picked up the third newspaper and placed it on the armchair with the others.\n6. score=0.40; target=2023/12/06 13:05:27 - 13:06:55: I searched for the third newspaper. After opening a cabinet, I found it inside a box on the floor. I picked up the third newspaper and placed it on the armchair with the others.; after=2023/12/06 13:06:59 - 13:07:22: I informed the user that I had successfully placed all three newspapers on the armchair as requested.\nRecommended answer: I prepared a lettuce sandwich by slicing the bread and lettuce, toasting the bread slices, and then assembling the sandwich on a plate before signaling for a final check.""""

**HumanMessage**:
"""Current state:
2023/11/23 - 2023/12/14: "From November 23rd to December 14th, I performed a consistent routine of household maintenance and meal preparation. This included preparing various meals such as toast, sandwiches, and salads, boiling potatoes, making coffee, washing dishes, watering houseplants, and organizing common household items like remotes, newspapers, and pillows."  
  ..."""
{}
command: answer("I prepared a lettuce sandwich by slicing the bread and lettuce, toasting the bread slices, and then assembling the sandwich on a plate before signaling for a final check.")
expected output: 


 ============================== 


eval answer("I prepared a lettuce sandwich by slicing the bread and lettuce, toasting the bread slices, and then assembling the sandwich on a plate before signaling for a final check.")
Answering I prepared a lettuce sandwich by slicing the bread and lettuce, toasting the bread slices, and then assembling the sandwich on a plate before signaling for a final check.  with reason: None
Tokens Used: 2850
	Prompt Tokens: 2469
	Completion Tokens: 381
Successful Requests: 1
Total Cost (USD): $0.0
Evaluating sample e336199e4aca573c_4d32-85ec788c6b00fb0d_14d1-ad2e4eb0b24a5940_9c9d-50bc3abf986ccabb_7071-915fdf90f4bc33cd_6c72-1fd74046ded8f9d1_42a3-cb0e41e1b364ad27_9a72-4b7b1a5b7f3d19ae_1413-cce21676357b2d20_b27c-01c1b8aa1820aa0b_adaf-b8f22271faff678f_dce6-4fc54b735d3f45a6_b7b4-e8f7cd03e3683657_4d70-84d6411d0710d918_5b3c-04ae108b77699c0f_2453-b53c115c99ca34dd_5e2b-b63078c7b3e28f59_355d-c6f7828bc5640531_1604-c7cc40993ef8468b_3e7b-0b161c6f709cde89_4c30-fef7c3fc3990d2e8_518b-e85d1457c7af9ad4_4960-9e23434a16a146b5_7f9a-41b067f2ce6f3fef_8ee6-9539c0004762d6a8_fe91-a2b0269334c60e48_2cb5-464fb2558d308797_4110-d8034826803791df_10bf-88f8ad0d2d356270_bb95-491169530040eb68_c8b0-e035a44ebae9d3fd_c842-c02445dd7a5b6f26_86bd-8150a936da2df63d_2451-3ebbcf3c3aed7c9e_5813-1e8fb21f2b41b0b0_db8b-a451af83aeece675_117b-140e54aadad74d20_222f-e455dbf27ecaf413_8484-c6c5c151b7b8e770_38db-18f6da623ba658a2_aa07-612f99763b6978b6_0c1a-09d537bcc73a42fc_52e8-5ab41ea72487ce0f_e5be-0d1a67f82b3b5854_d74d-0d600126a7947365_cac4-2b5a33d4908ee77d_20f6-a82cd949493bada0_ffe5-b2815444299854b0_d30e-5026400c43e20c2d_d3fc-85ec788c6b00fb0d_49ba-0-seq_right_before_questions
[配置] 启用 FAISS 加速，索引类型: flat
[GraphAug] 命中图缓存 (nodes=5612, edges=18391)
Got 0 examples


 ============================== 


eval temporal_neighbor('clean all the mugs', direction='before')
Updated/Defined variables after execution: {}

**SystemMessage**:
Traceback (most recent call last):
  File "/home/user22303471/.conda/envs/active-h-emv/lib/python3.10/site-packages/httpx/_transports/default.py", line 101, in map_httpcore_exceptions
    yield
  File "/home/user22303471/.conda/envs/active-h-emv/lib/python3.10/site-packages/httpx/_transports/default.py", line 250, in handle_request
    resp = self._pool.handle_request(req)
  File "/home/user22303471/.conda/envs/active-h-emv/lib/python3.10/site-packages/httpcore/_sync/connection_pool.py", line 256, in handle_request
    raise exc from None
  File "/home/user22303471/.conda/envs/active-h-emv/lib/python3.10/site-packages/httpcore/_sync/connection_pool.py", line 236, in handle_request
    response = connection.handle_request(
  File "/home/user22303471/.conda/envs/active-h-emv/lib/python3.10/site-packages/httpcore/_sync/http_proxy.py", line 343, in handle_request
    return self._connection.handle_request(request)
  File "/home/user22303471/.conda/envs/active-h-emv/lib/python3.10/site-packages/httpcore/_sync/http11.py", line 136, in handle_request
    raise exc
  File "/home/user22303471/.conda/envs/active-h-emv/lib/python3.10/site-packages/httpcore/_sync/http11.py", line 106, in handle_request
    ) = self._receive_response_headers(**kwargs)
  File "/home/user22303471/.conda/envs/active-h-emv/lib/python3.10/site-packages/httpcore/_sync/http11.py", line 177, in _receive_response_headers
    event = self._receive_event(timeout=timeout)
  File "/home/user22303471/.conda/envs/active-h-emv/lib/python3.10/site-packages/httpcore/_sync/http11.py", line 231, in _receive_event
    raise RemoteProtocolError(msg)
httpcore.RemoteProtocolError: Server disconnected without sending a response.

The above exception was the direct cause of the following exception:

Traceback (most recent call last):
  File "/home/user22303471/.conda/envs/active-h-emv/lib/python3.10/site-packages/openai/_base_client.py", line 982, in request
    response = self._client.send(
  File "/home/user22303471/.conda/envs/active-h-emv/lib/python3.10/site-packages/httpx/_client.py", line 914, in send
    response = self._send_handling_auth(
  File "/home/user22303471/.conda/envs/active-h-emv/lib/python3.10/site-packages/httpx/_client.py", line 942, in _send_handling_auth
    response = self._send_handling_redirects(
  File "/home/user22303471/.conda/envs/active-h-emv/lib/python3.10/site-packages/httpx/_client.py", line 979, in _send_handling_redirects
    response = self._send_single_request(request)
  File "/home/user22303471/.conda/envs/active-h-emv/lib/python3.10/site-packages/httpx/_client.py", line 1014, in _send_single_request
    response = transport.handle_request(request)
  File "/home/user22303471/.conda/envs/active-h-emv/lib/python3.10/site-packages/httpx/_transports/default.py", line 249, in handle_request
    with map_httpcore_exceptions():
  File "/home/user22303471/.conda/envs/active-h-emv/lib/python3.10/contextlib.py", line 153, in __exit__
    self.gen.throw(typ, value, traceback)
  File "/home/user22303471/.conda/envs/active-h-emv/lib/python3.10/site-packages/httpx/_transports/default.py", line 118, in map_httpcore_exceptions
    raise mapped_exc(message) from exc
httpx.RemoteProtocolError: Server disconnected without sending a response.

The above exception was the direct cause of the following exception:

Traceback (most recent call last):
  File "/home/user22303471/Project/Active-H-EMV/llm_emv/simplified_agent/simple_coding_emv.py", line 653, in __call__
    code, _ = self._llm_to_python_console_helper(loop_detected_flag=steps == self._max_rounds)
  File "/home/user22303471/Project/Active-H-EMV/lmp/repl/llm_to_python_console.py", line 48, in __call__
    code_str_with_expected_reply = self._context_length_adaptive_generate(loop_detected_flag)
  File "/home/user22303471/Project/Active-H-EMV/lmp/repl/llm_to_python_console.py", line 65, in _context_length_adaptive_generate
    return _prepare_and_gen()
  File "/home/user22303471/Project/Active-H-EMV/lmp/repl/llm_to_python_console.py", line 57, in _prepare_and_gen
    return self._generate(prompt)
  File "/home/user22303471/Project/Active-H-EMV/lmp/repl/llm_to_python_console.py", line 89, in _generate
    result = self._generate_increasing_temperature(kwargs)
  File "/home/user22303471/Project/Active-H-EMV/lmp/repl/llm_to_python_console.py", line 131, in _generate_increasing_temperature
    result = self._llm_predict_and_sanitize_code_with_python_console_artifacts(kwargs)
  File "/home/user22303471/Project/Active-H-EMV/lmp/repl/llm_to_python_console.py", line 116, in _llm_predict_and_sanitize_code_with_python_console_artifacts
    result = llm_predict(self.llm, **kwargs).strip()
  File "/home/user22303471/Project/Active-H-EMV/lmp/util.py", line 13, in llm_predict
    response = llm.invoke(text, **kwargs)
  File "/home/user22303471/.conda/envs/active-h-emv/lib/python3.10/site-packages/langchain_core/language_models/chat_models.py", line 277, in invoke
    self.generate_prompt(
  File "/home/user22303471/.conda/envs/active-h-emv/lib/python3.10/site-packages/langchain_core/language_models/chat_models.py", line 777, in generate_prompt
    return self.generate(prompt_messages, stop=stop, callbacks=callbacks, **kwargs)
  File "/home/user22303471/.conda/envs/active-h-emv/lib/python3.10/site-packages/langchain_core/language_models/chat_models.py", line 634, in generate
    raise e
  File "/home/user22303471/.conda/envs/active-h-emv/lib/python3.10/site-packages/langchain_core/language_models/chat_models.py", line 624, in generate
    self._generate_with_cache(
  File "/home/user22303471/.conda/envs/active-h-emv/lib/python3.10/site-packages/langchain_core/language_models/chat_models.py", line 846, in _generate_with_cache
    result = self._generate(
  File "/home/user22303471/.conda/envs/active-h-emv/lib/python3.10/site-packages/langchain_openai/chat_models/base.py", line 686, in _generate
    response = self.client.create(**payload)
  File "/home/user22303471/.conda/envs/active-h-emv/lib/python3.10/site-packages/openai/_utils/_utils.py", line 286, in wrapper
    return func(*args, **kwargs)
  File "/home/user22303471/.conda/envs/active-h-emv/lib/python3.10/site-packages/openai/resources/chat/completions/completions.py", line 1147, in create
    return self._post(
  File "/home/user22303471/.conda/envs/active-h-emv/lib/python3.10/site-packages/openai/_base_client.py", line 1259, in post
    return cast(ResponseT, self.request(cast_to, opts, stream=stream, stream_cls=stream_cls))
  File "/home/user22303471/.conda/envs/active-h-emv/lib/python3.10/site-packages/openai/_base_client.py", line 1014, in request
    raise APIConnectionError(request=request) from err
openai.APIConnectionError: Connection error.
Traceback (most recent call last):
  File "/home/user22303471/.conda/envs/active-h-emv/lib/python3.10/site-packages/httpx/_transports/default.py", line 101, in map_httpcore_exceptions
    yield
  File "/home/user22303471/.conda/envs/active-h-emv/lib/python3.10/site-packages/httpx/_transports/default.py", line 250, in handle_request
    resp = self._pool.handle_request(req)
  File "/home/user22303471/.conda/envs/active-h-emv/lib/python3.10/site-packages/httpcore/_sync/connection_pool.py", line 256, in handle_request
    raise exc from None
  File "/home/user22303471/.conda/envs/active-h-emv/lib/python3.10/site-packages/httpcore/_sync/connection_pool.py", line 236, in handle_request
    response = connection.handle_request(
  File "/home/user22303471/.conda/envs/active-h-emv/lib/python3.10/site-packages/httpcore/_sync/http_proxy.py", line 343, in handle_request
    return self._connection.handle_request(request)
  File "/home/user22303471/.conda/envs/active-h-emv/lib/python3.10/site-packages/httpcore/_sync/http11.py", line 136, in handle_request
    raise exc
  File "/home/user22303471/.conda/envs/active-h-emv/lib/python3.10/site-packages/httpcore/_sync/http11.py", line 106, in handle_request
    ) = self._receive_response_headers(**kwargs)
  File "/home/user22303471/.conda/envs/active-h-emv/lib/python3.10/site-packages/httpcore/_sync/http11.py", line 177, in _receive_response_headers
    event = self._receive_event(timeout=timeout)
  File "/home/user22303471/.conda/envs/active-h-emv/lib/python3.10/site-packages/httpcore/_sync/http11.py", line 231, in _receive_event
    raise RemoteProtocolError(msg)
httpcore.RemoteProtocolError: Server disconnected without sending a response.

The above exception was the direct cause of the following exception:

Traceback (most recent call last):
  File "/home/user22303471/.conda/envs/active-h-emv/lib/python3.10/site-packages/openai/_base_client.py", line 982, in request
    response = self._client.send(
  File "/home/user22303471/.conda/envs/active-h-emv/lib/python3.10/site-packages/httpx/_client.py", line 914, in send
    response = self._send_handling_auth(
  File "/home/user22303471/.conda/envs/active-h-emv/lib/python3.10/site-packages/httpx/_client.py", line 942, in _send_handling_auth
    response = self._send_handling_redirects(
  File "/home/user22303471/.conda/envs/active-h-emv/lib/python3.10/site-packages/httpx/_client.py", line 979, in _send_handling_redirects
    response = self._send_single_request(request)
  File "/home/user22303471/.conda/envs/active-h-emv/lib/python3.10/site-packages/httpx/_client.py", line 1014, in _send_single_request
    response = transport.handle_request(request)
  File "/home/user22303471/.conda/envs/active-h-emv/lib/python3.10/site-packages/httpx/_transports/default.py", line 249, in handle_request
    with map_httpcore_exceptions():
  File "/home/user22303471/.conda/envs/active-h-emv/lib/python3.10/contextlib.py", line 153, in __exit__
    self.gen.throw(typ, value, traceback)
  File "/home/user22303471/.conda/envs/active-h-emv/lib/python3.10/site-packages/httpx/_transports/default.py", line 118, in map_httpcore_exceptions
    raise mapped_exc(message) from exc
httpx.RemoteProtocolError: Server disconnected without sending a response.

The above exception was the direct cause of the following exception:

Traceback (most recent call last):
  File "/home/user22303471/Project/Active-H-EMV/llm_emv/eval/__main__.py", line 417, in main
    hypothesis = model(sample.question, sample.question_time, sample.history)
  File "/home/user22303471/Project/Active-H-EMV/llm_emv/eval/__main__.py", line 239, in run_model
    output = lmp(question)
  File "/home/user22303471/Project/Active-H-EMV/llm_emv/simplified_agent/simple_coding_emv.py", line 653, in __call__
    code, _ = self._llm_to_python_console_helper(loop_detected_flag=steps == self._max_rounds)
  File "/home/user22303471/Project/Active-H-EMV/lmp/repl/llm_to_python_console.py", line 48, in __call__
    code_str_with_expected_reply = self._context_length_adaptive_generate(loop_detected_flag)
  File "/home/user22303471/Project/Active-H-EMV/lmp/repl/llm_to_python_console.py", line 65, in _context_length_adaptive_generate
    return _prepare_and_gen()
  File "/home/user22303471/Project/Active-H-EMV/lmp/repl/llm_to_python_console.py", line 57, in _prepare_and_gen
    return self._generate(prompt)
  File "/home/user22303471/Project/Active-H-EMV/lmp/repl/llm_to_python_console.py", line 89, in _generate
    result = self._generate_increasing_temperature(kwargs)
  File "/home/user22303471/Project/Active-H-EMV/lmp/repl/llm_to_python_console.py", line 131, in _generate_increasing_temperature
    result = self._llm_predict_and_sanitize_code_with_python_console_artifacts(kwargs)
  File "/home/user22303471/Project/Active-H-EMV/lmp/repl/llm_to_python_console.py", line 116, in _llm_predict_and_sanitize_code_with_python_console_artifacts
    result = llm_predict(self.llm, **kwargs).strip()
  File "/home/user22303471/Project/Active-H-EMV/lmp/util.py", line 13, in llm_predict
    response = llm.invoke(text, **kwargs)
  File "/home/user22303471/.conda/envs/active-h-emv/lib/python3.10/site-packages/langchain_core/language_models/chat_models.py", line 277, in invoke
    self.generate_prompt(
  File "/home/user22303471/.conda/envs/active-h-emv/lib/python3.10/site-packages/langchain_core/language_models/chat_models.py", line 777, in generate_prompt
    return self.generate(prompt_messages, stop=stop, callbacks=callbacks, **kwargs)
  File "/home/user22303471/.conda/envs/active-h-emv/lib/python3.10/site-packages/langchain_core/language_models/chat_models.py", line 634, in generate
    raise e
  File "/home/user22303471/.conda/envs/active-h-emv/lib/python3.10/site-packages/langchain_core/language_models/chat_models.py", line 624, in generate
    self._generate_with_cache(
  File "/home/user22303471/.conda/envs/active-h-emv/lib/python3.10/site-packages/langchain_core/language_models/chat_models.py", line 846, in _generate_with_cache
    result = self._generate(
  File "/home/user22303471/.conda/envs/active-h-emv/lib/python3.10/site-packages/langchain_openai/chat_models/base.py", line 686, in _generate
    response = self.client.create(**payload)
  File "/home/user22303471/.conda/envs/active-h-emv/lib/python3.10/site-packages/openai/_utils/_utils.py", line 286, in wrapper
    return func(*args, **kwargs)
  File "/home/user22303471/.conda/envs/active-h-emv/lib/python3.10/site-packages/openai/resources/chat/completions/completions.py", line 1147, in create
    return self._post(
  File "/home/user22303471/.conda/envs/active-h-emv/lib/python3.10/site-packages/openai/_base_client.py", line 1259, in post
    return cast(ResponseT, self.request(cast_to, opts, stream=stream, stream_cls=stream_cls))
  File "/home/user22303471/.conda/envs/active-h-emv/lib/python3.10/site-packages/openai/_base_client.py", line 1014, in request
    raise APIConnectionError(request=request) from err
openai.APIConnectionError: Connection error.
"""You are a smart humanoid robot answering user question about your past actions.
The history object contains information on what you did in the past, represented as a tree.
Use the method expand to look at details of a node.
Make sure to use collapse_all_but(idx) when you expanded irrelevant nodes, in order to keep the tree compact.
Enter Python expressions into the console to see the value and decide for the next command based on that result.
Answer concisely by calling answer("...") when you gathered enough information to answer the question.
Generate syntactically correct python console statements only, no explanations or other natural language statements.
IMPORTANT: If search() returns "No relevant records found", your next command MUST be answer("I have no record of that."). Do not search synonyms, do not expand further, and do not call vqa.
IMPORTANT: If you get "Nothing changed" twice, answer honestly that you have no record. Do NOT keep searching repeatedly. For just-before/just-after questions, first try one broader target search or inspect another relevant top-level time block before giving up.
For object yes/no questions, first use object_lookup("object name"). If it reports no matching summary, answer "No, I have no record of that." Do not call vqa unless you already have a directly relevant leaf image.
For task-list questions such as "List the tasks you performed", first use task_list(). Prefer its Recommended answer and chronological candidates instead of manually expanding the whole tree. For long histories, do not copy every task candidate verbatim unless the user explicitly asks for an exhaustive transcript.
For low-level action questions such as "what task did you perform when you toggle/open/pick up/place X", first use action_lookup("full low-level action"), for example action_lookup("open the drawer"). Do not call task_lookup first for these low-level action questions.
For task-description questions such as "describe what you did when you X", first use task_lookup("X"). Prefer its matching task candidates instead of manually expanding the whole tree. This does not apply to low-level action questions covered by action_lookup.
For exact date/time questions or "N days ago" questions asking what happened, first use date_lookup(question). Prefer its Recommended answer when it is confident instead of manually expanding by date.
For "How many days ago did you X?" or "When did you X?" questions, first use event_date_lookup(question). If it lists multiple days, include all of them in the final answer instead of only the most recent match.
For just-before or just-after questions, first use temporal_neighbor(target_task, direction="before" or "after") if a candidate is not already shown. Prefer the returned Recommended answer when it is confident. Only then inspect adjacent sibling or temporal nodes. Avoid expanding to raw leaf observations unless the summary is insufficient.
Do not call vqa for time, date, task-list, before/after, or yes/no object-existence questions when textual summaries already answer the question. Use vqa only for explicit visual appearance questions such as color, visible state, or what something looks like.
Never output bare parameters such as reasoning="..." answer="...". Always call answer("..."). You may call answer(reasoning="...", answer="...") only when a short reason is necessary.
Keep answer() short: answer under 60 words, and do not use markdown or backticks inside answer()."""

**HumanMessage**:
"""
def action_lookup(query: str, max_matches: int = 6) -> str # For low-level action questions, map raw leaf actions back to task-sized summaries
def answer(reasoning: str = None, answer: str = Ellipsis)
def ask(question: str)
def date_lookup(query: str, max_matches: int = 8) -> str # For exact date/time or N-days-ago questions, list matching history summaries directly
def event_date_lookup(query: str, max_matches: int = 12) -> str # For "how many days ago did you X" questions, find all matching event dates directly
def now() -> datetime.datetime
def object_lookup(object_name: str, max_matches: int = 8) -> str # For object yes/no questions, check whether task summaries mention the object
def task_list(max_tasks: int = 30) -> str # For task-list questions, list task-sized history summaries in chronological order
def task_lookup(query: str, max_matches: int = 8) -> str # For task-description questions, list task-sized summaries matching a query
def temporal_neighbor(target_task: str, direction: str = 'before', max_candidates: int = 6) -> str # For just-before/just-after questions, find the target task and return adjacent task candidates
def vqa(question: str, *images: PIL.Image.Image)
"""

**HumanMessage**:
"""Usage examples:
>>> history.expand()  # Shows the history tree with all child nodes expanded
>>> history.expand(date(2021, 12, 20))  # Expand the children that overlap with the given day
>>> history.expand(now() - timedelta(hours=6), now() - timedelta(hours=4))  # Expand all children that overlap with the given range (in this example "about 5 hours ago")
>>> history.expand((now() - timedelta(days=2)).date())  # Expand all children that overlap with the day before yesterday
>>> history.expand(0)  # Shows child node 0
>>> history[0].expand()  # Expands all child nodes of node 0 (node 0 must be expanded already to see them)
>>> history[5][2].expand()  # Shows child node 2 of child node 5 with all its child nodes expanded
>>> history.search("green cup") # Semantic index search. Expands the most relevant children according to similarity of the natural language query and the node's (recursively defined) index content.
>>> history[1][42].search("bicycle") # Semantic index search on some node further down the tree. Expands the children of node 1.42 most relevant to the search term
>>> history[3].collapse_all_but(1); history[3][1].expand()  # Zooms into details of child node 3.1 while collapsing all other childs of node 3
>>> vqa("What color is the ... in this image?",
...     history[2][4][-1][0].image)  # Invoke a model to answer a visual question about image(s) of some leaf (!) node(s)

# After gathering the relevant information, answer the question:
# Use a short final answer. Optionally provide a brief reasoning only when needed.
>>> answer("...")"""

**HumanMessage**:
"""User question: What task did you do just before clean all the mugs?"""

**AIMessage**:
"""temporal_neighbor('clean all the mugs', direction='before')"""

**HumanMessage**:
""""Temporal neighbor candidates for target='clean all the mugs', direction='before':\n1. score=0.80; target=2023/12/04 13:27:12 - 13:29:27: I started by locating two mugs, placing them in the sink, rinsing them by turning the faucet on and off, and then pouring out the water and placing the cleaned mugs on the countert...; before=2023/12/04 08:23:46 - 08:23:46: I attempted to open a cabinet (Cabinet_3) but there is no further action recorded for this cabinet, suggesting it might have been empty or the task was interrupted.\nRecommended answer: I attempted to open a cabinet (Cabinet_3) but there is no further action recorded for this cabinet, suggesting it might have been empty or the task was interrupted.""""

**HumanMessage**:
"""Current state:
2023/11/23 - 2023/12/14: "From November 23rd to December 14th, I performed a consistent routine of household maintenance and meal preparation. This included preparing various meals such as toast, sandwiches, and salads, boiling potatoes, making coffee, washing dishes, watering houseplants, and organizing common household items like remotes, newspapers, and pillows."  
  ..."""
{}
Evaluating sample /home/user22303471/Project/Active-H-EMV/llm_emv/setup.py:226: FutureWarning: The `get_sentence_embedding_dimension` method has been renamed to `get_embedding_dimension`.
  filter_kwargs['_embedding_dim'] = embedding_model.get_sentence_embedding_dimension()
e336199e4aca573c_4d32-85ec788c6b00fb0d_14d1-ad2e4eb0b24a5940_9c9d-50bc3abf986ccabb_7071-915fdf90f4bc33cd_6c72-1fd74046ded8f9d1_42a3-cb0e41e1b364ad27_9a72-4b7b1a5b7f3d19ae_1413-cce21676357b2d20_b27c-01c1b8aa1820aa0b_adaf-b8f22271faff678f_dce6-4fc54b735d3f45a6_b7b4-e8f7cd03e3683657_4d70-84d6411d0710d918_5b3c-04ae108b77699c0f_2453-b53c115c99ca34dd_5e2b-b63078c7b3e28f59_355d-c6f7828bc5640531_1604-c7cc40993ef8468b_3e7b-0b161c6f709cde89_4c30-fef7c3fc3990d2e8_518b-e85d1457c7af9ad4_4960-9e23434a16a146b5_7f9a-41b067f2ce6f3fef_8ee6-9539c0004762d6a8_fe91-a2b0269334c60e48_2cb5-464fb2558d308797_4110-d8034826803791df_10bf-88f8ad0d2d356270_bb95-491169530040eb68_c8b0-e035a44ebae9d3fd_c842-c02445dd7a5b6f26_86bd-8150a936da2df63d_2451-3ebbcf3c3aed7c9e_5813-1e8fb21f2b41b0b0_db8b-a451af83aeece675_117b-140e54aadad74d20_222f-e455dbf27ecaf413_8484-c6c5c151b7b8e770_38db-18f6da623ba658a2_aa07-612f99763b6978b6_0c1a-09d537bcc73a42fc_52e8-5ab41ea72487ce0f_e5be-0d1a67f82b3b5854_d74d-0d600126a7947365_cac4-2b5a33d4908ee77d_20f6-a82cd949493bada0_ffe5-b2815444299854b0_d30e-5026400c43e20c2d_d3fc-85ec788c6b00fb0d_49ba-0-seq_simple_object_yes_no
[配置] 启用 FAISS 加速，索引类型: flat
[GraphAug] 命中图缓存 (nodes=5612, edges=18391)
Got 0 examples


 ============================== 


eval object_lookup('blinds')
Updated/Defined variables after execution: {}

**SystemMessage**:
"""You are a smart humanoid robot answering user question about your past actions.
The history object contains information on what you did in the past, represented as a tree.
Use the method expand to look at details of a node.
Make sure to use collapse_all_but(idx) when you expanded irrelevant nodes, in order to keep the tree compact.
Enter Python expressions into the console to see the value and decide for the next command based on that result.
Answer concisely by calling answer("...") when you gathered enough information to answer the question.
Generate syntactically correct python console statements only, no explanations or other natural language statements.
IMPORTANT: If search() returns "No relevant records found", your next command MUST be answer("I have no record of that."). Do not search synonyms, do not expand further, and do not call vqa.
IMPORTANT: If you get "Nothing changed" twice, answer honestly that you have no record. Do NOT keep searching repeatedly. For just-before/just-after questions, first try one broader target search or inspect another relevant top-level time block before giving up.
For object yes/no questions, first use object_lookup("object name"). If it reports no matching summary, answer "No, I have no record of that." Do not call vqa unless you already have a directly relevant leaf image.
For task-list questions such as "List the tasks you performed", first use task_list(). Prefer its Recommended answer and chronological candidates instead of manually expanding the whole tree. For long histories, do not copy every task candidate verbatim unless the user explicitly asks for an exhaustive transcript.
For low-level action questions such as "what task did you perform when you toggle/open/pick up/place X", first use action_lookup("full low-level action"), for example action_lookup("open the drawer"). Do not call task_lookup first for these low-level action questions.
For task-description questions such as "describe what you did when you X", first use task_lookup("X"). Prefer its matching task candidates instead of manually expanding the whole tree. This does not apply to low-level action questions covered by action_lookup.
For exact date/time questions or "N days ago" questions asking what happened, first use date_lookup(question). Prefer its Recommended answer when it is confident instead of manually expanding by date.
For "How many days ago did you X?" or "When did you X?" questions, first use event_date_lookup(question). If it lists multiple days, include all of them in the final answer instead of only the most recent match.
For just-before or just-after questions, first use temporal_neighbor(target_task, direction="before" or "after") if a candidate is not already shown. Prefer the returned Recommended answer when it is confident. Only then inspect adjacent sibling or temporal nodes. Avoid expanding to raw leaf observations unless the summary is insufficient.
Do not call vqa for time, date, task-list, before/after, or yes/no object-existence questions when textual summaries already answer the question. Use vqa only for explicit visual appearance questions such as color, visible state, or what something looks like.
Never output bare parameters such as reasoning="..." answer="...". Always call answer("..."). You may call answer(reasoning="...", answer="...") only when a short reason is necessary.
Keep answer() short: answer under 60 words, and do not use markdown or backticks inside answer()."""

**HumanMessage**:
"""
def action_lookup(query: str, max_matches: int = 6) -> str # For low-level action questions, map raw leaf actions back to task-sized summaries
def answer(reasoning: str = None, answer: str = Ellipsis)
def ask(question: str)
def date_lookup(query: str, max_matches: int = 8) -> str # For exact date/time or N-days-ago questions, list matching history summaries directly
def event_date_lookup(query: str, max_matches: int = 12) -> str # For "how many days ago did you X" questions, find all matching event dates directly
def now() -> datetime.datetime
def object_lookup(object_name: str, max_matches: int = 8) -> str # For object yes/no questions, check whether task summaries mention the object
def task_list(max_tasks: int = 30) -> str # For task-list questions, list task-sized history summaries in chronological order
def task_lookup(query: str, max_matches: int = 8) -> str # For task-description questions, list task-sized summaries matching a query
def temporal_neighbor(target_task: str, direction: str = 'before', max_candidates: int = 6) -> str # For just-before/just-after questions, find the target task and return adjacent task candidates
def vqa(question: str, *images: PIL.Image.Image)
"""

**HumanMessage**:
"""Usage examples:
>>> history.expand()  # Shows the history tree with all child nodes expanded
>>> history.expand(date(2021, 12, 20))  # Expand the children that overlap with the given day
>>> history.expand(now() - timedelta(hours=6), now() - timedelta(hours=4))  # Expand all children that overlap with the given range (in this example "about 5 hours ago")
>>> history.expand((now() - timedelta(days=2)).date())  # Expand all children that overlap with the day before yesterday
>>> history.expand(0)  # Shows child node 0
>>> history[0].expand()  # Expands all child nodes of node 0 (node 0 must be expanded already to see them)
>>> history[5][2].expand()  # Shows child node 2 of child node 5 with all its child nodes expanded
>>> history.search("green cup") # Semantic index search. Expands the most relevant children according to similarity of the natural language query and the node's (recursively defined) index content.
>>> history[1][42].search("bicycle") # Semantic index search on some node further down the tree. Expands the children of node 1.42 most relevant to the search term
>>> history[3].collapse_all_but(1); history[3][1].expand()  # Zooms into details of child node 3.1 while collapsing all other childs of node 3
>>> vqa("What color is the ... in this image?",
...     history[2][4][-1][0].image)  # Invoke a model to answer a visual question about image(s) of some leaf (!) node(s)

# After gathering the relevant information, answer the question:
# Use a short final answer. Optionally provide a brief reasoning only when needed.
>>> answer("...")"""

**HumanMessage**:
"""User question: Was there a blinds ?"""

**AIMessage**:
"""object_lookup('blinds')"""

**HumanMessage**:
""""Object lookup for object='blinds':\nNo task-sized summaries mention this object.\nRecommended answer: No, I have no record of that.""""

**HumanMessage**:
/home/user22303471/Project/Active-H-EMV/llm_emv/setup.py:226: FutureWarning: The `get_sentence_embedding_dimension` method has been renamed to `get_embedding_dimension`.
  filter_kwargs['_embedding_dim'] = embedding_model.get_sentence_embedding_dimension()
"""Current state:
2023/11/23 - 2023/12/14: "From November 23rd to December 14th, I performed a consistent routine of household maintenance and meal preparation. This included preparing various meals such as toast, sandwiches, and salads, boiling potatoes, making coffee, washing dishes, watering houseplants, and organizing common household items like remotes, newspapers, and pillows."  
  ..."""
{}
command: answer("No, I have no record of that.")
expected output: 


 ============================== 


eval answer("No, I have no record of that.")
Answering No, I have no record of that.  with reason: None
Tokens Used: 1930
	Prompt Tokens: 1631
	Completion Tokens: 299
Successful Requests: 1
Total Cost (USD): $0.0
Evaluating sample e336199e4aca573c_4d32-85ec788c6b00fb0d_14d1-ad2e4eb0b24a5940_9c9d-50bc3abf986ccabb_7071-915fdf90f4bc33cd_6c72-1fd74046ded8f9d1_42a3-cb0e41e1b364ad27_9a72-4b7b1a5b7f3d19ae_1413-cce21676357b2d20_b27c-01c1b8aa1820aa0b_adaf-b8f22271faff678f_dce6-4fc54b735d3f45a6_b7b4-e8f7cd03e3683657_4d70-84d6411d0710d918_5b3c-04ae108b77699c0f_2453-b53c115c99ca34dd_5e2b-b63078c7b3e28f59_355d-c6f7828bc5640531_1604-c7cc40993ef8468b_3e7b-0b161c6f709cde89_4c30-fef7c3fc3990d2e8_518b-e85d1457c7af9ad4_4960-9e23434a16a146b5_7f9a-41b067f2ce6f3fef_8ee6-9539c0004762d6a8_fe91-a2b0269334c60e48_2cb5-464fb2558d308797_4110-d8034826803791df_10bf-88f8ad0d2d356270_bb95-491169530040eb68_c8b0-e035a44ebae9d3fd_c842-c02445dd7a5b6f26_86bd-8150a936da2df63d_2451-3ebbcf3c3aed7c9e_5813-1e8fb21f2b41b0b0_db8b-a451af83aeece675_117b-140e54aadad74d20_222f-e455dbf27ecaf413_8484-c6c5c151b7b8e770_38db-18f6da623ba658a2_aa07-612f99763b6978b6_0c1a-09d537bcc73a42fc_52e8-5ab41ea72487ce0f_e5be-0d1a67f82b3b5854_d74d-0d600126a7947365_cac4-2b5a33d4908ee77d_20f6-a82cd949493bada0_ffe5-b2815444299854b0_d30e-5026400c43e20c2d_d3fc-85ec788c6b00fb0d_49ba-0-seq_low_actions_to_episode_task_descs
[配置] 启用 FAISS 加速，索引类型: flat
[GraphAug] 命中图缓存 (nodes=5612, edges=18391)
Got 0 examples


 ============================== 


eval task_lookup('toggle on the faucet')
Updated/Defined variables after execution: {}

**SystemMessage**:
"""You are a smart humanoid robot answering user question about your past actions.
The history object contains information on what you did in the past, represented as a tree.
Use the method expand to look at details of a node.
Make sure to use collapse_all_but(idx) when you expanded irrelevant nodes, in order to keep the tree compact.
Enter Python expressions into the console to see the value and decide for the next command based on that result.
Answer concisely by calling answer("...") when you gathered enough information to answer the question.
Generate syntactically correct python console statements only, no explanations or other natural language statements.
IMPORTANT: If search() returns "No relevant records found", your next command MUST be answer("I have no record of that."). Do not search synonyms, do not expand further, and do not call vqa.
IMPORTANT: If you get "Nothing changed" twice, answer honestly that you have no record. Do NOT keep searching repeatedly. For just-before/just-after questions, first try one broader target search or inspect another relevant top-level time block before giving up.
For object yes/no questions, first use object_lookup("object name"). If it reports no matching summary, answer "No, I have no record of that." Do not call vqa unless you already have a directly relevant leaf image.
For task-list questions such as "List the tasks you performed", first use task_list(). Prefer its Recommended answer and chronological candidates instead of manually expanding the whole tree. For long histories, do not copy every task candidate verbatim unless the user explicitly asks for an exhaustive transcript.
For low-level action questions such as "what task did you perform when you toggle/open/pick up/place X", first use action_lookup("full low-level action"), for example action_lookup("open the drawer"). Do not call task_lookup first for these low-level action questions.
For task-description questions such as "describe what you did when you X", first use task_lookup("X"). Prefer its matching task candidates instead of manually expanding the whole tree. This does not apply to low-level action questions covered by action_lookup.
For exact date/time questions or "N days ago" questions asking what happened, first use date_lookup(question). Prefer its Recommended answer when it is confident instead of manually expanding by date.
For "How many days ago did you X?" or "When did you X?" questions, first use event_date_lookup(question). If it lists multiple days, include all of them in the final answer instead of only the most recent match.
For just-before or just-after questions, first use temporal_neighbor(target_task, direction="before" or "after") if a candidate is not already shown. Prefer the returned Recommended answer when it is confident. Only then inspect adjacent sibling or temporal nodes. Avoid expanding to raw leaf observations unless the summary is insufficient.
Do not call vqa for time, date, task-list, before/after, or yes/no object-existence questions when textual summaries already answer the question. Use vqa only for explicit visual appearance questions such as color, visible state, or what something looks like.
Never output bare parameters such as reasoning="..." answer="...". Always call answer("..."). You may call answer(reasoning="...", answer="...") only when a short reason is necessary.
Keep answer() short: answer under 60 words, and do not use markdown or backticks inside answer()."""

**HumanMessage**:
"""
def action_lookup(query: str, max_matches: int = 6) -> str # For low-level action questions, map raw leaf actions back to task-sized summaries
def answer(reasoning: str = None, answer: str = Ellipsis)
def ask(question: str)
def date_lookup(query: str, max_matches: int = 8) -> str # For exact date/time or N-days-ago questions, list matching history summaries directly
def event_date_lookup(query: str, max_matches: int = 12) -> str # For "how many days ago did you X" questions, find all matching event dates directly
def now() -> datetime.datetime
def object_lookup(object_name: str, max_matches: int = 8) -> str # For object yes/no questions, check whether task summaries mention the object
def task_list(max_tasks: int = 30) -> str # For task-list questions, list task-sized history summaries in chronological order
def task_lookup(query: str, max_matches: int = 8) -> str # For task-description questions, list task-sized summaries matching a query
def temporal_neighbor(target_task: str, direction: str = 'before', max_candidates: int = 6) -> str # For just-before/just-after questions, find the target task and return adjacent task candidates
def vqa(question: str, *images: PIL.Image.Image)
"""

**HumanMessage**:
/home/user22303471/Project/Active-H-EMV/llm_emv/setup.py:226: FutureWarning: The `get_sentence_embedding_dimension` method has been renamed to `get_embedding_dimension`.
  filter_kwargs['_embedding_dim'] = embedding_model.get_sentence_embedding_dimension()
"""Usage examples:
>>> history.expand()  # Shows the history tree with all child nodes expanded
>>> history.expand(date(2021, 12, 20))  # Expand the children that overlap with the given day
>>> history.expand(now() - timedelta(hours=6), now() - timedelta(hours=4))  # Expand all children that overlap with the given range (in this example "about 5 hours ago")
>>> history.expand((now() - timedelta(days=2)).date())  # Expand all children that overlap with the day before yesterday
>>> history.expand(0)  # Shows child node 0
>>> history[0].expand()  # Expands all child nodes of node 0 (node 0 must be expanded already to see them)
>>> history[5][2].expand()  # Shows child node 2 of child node 5 with all its child nodes expanded
>>> history.search("green cup") # Semantic index search. Expands the most relevant children according to similarity of the natural language query and the node's (recursively defined) index content.
>>> history[1][42].search("bicycle") # Semantic index search on some node further down the tree. Expands the children of node 1.42 most relevant to the search term
>>> history[3].collapse_all_but(1); history[3][1].expand()  # Zooms into details of child node 3.1 while collapsing all other childs of node 3
>>> vqa("What color is the ... in this image?",
...     history[2][4][-1][0].image)  # Invoke a model to answer a visual question about image(s) of some leaf (!) node(s)

# After gathering the relevant information, answer the question:
# Use a short final answer. Optionally provide a brief reasoning only when needed.
>>> answer("...")"""

**HumanMessage**:
"""User question: what task or tasks did you perform when you toggle on the faucet?"""

**AIMessage**:
"""task_lookup('toggle on the faucet')"""

**HumanMessage**:
""""Task lookup candidates for query='toggle on the faucet' (matched by raw action target):\n1. score=1.00; raw_matches=1; 2023/12/14 11:30:48 - 11:33:00: Following instructions to clean a plate for the toast, I washed a dirty plate in the sink and served the toasted bread on it to complete the task.\n2. score=1.00; raw_matches=1; 2023/12/14 11:22:53 - 11:23:34: I placed the bowl in the sink basin, turned on the faucet to fill it, then picked up the filled bowl and placed it on the countertop.\n3. score=1.00; raw_matches=1; 2023/12/13 12:39:12 - 12:39:55: I then started cleaning a second mug by placing it in the sink and washing it with the faucet.\n4. score=1.00; raw_matches=1; 2023/12/11 09:11:33 - 09:14:17: I received an instruction to boil a potato. I gathered a pot and a potato, filled the pot with water, placed the potato inside, moved the pot to the stove, and turne...\n5. score=1.00; raw_matches=1; 2023/12/11 08:29:18 - 08:29:55: I opened the fridge, found the last dirty plate, placed it in the sink, and turned the faucet on and off to clean it. The task was then marked as complete by the use...\n6. score=1.00; raw_matches=1; 2023/12/11 08:27:09 - 08:28:52: I picked up the first dirty plate from the chair, placed it in the sink, turned the faucet on and off to clean it, and then placed the clean plate on the countertop.\nRecommended answer: Following instructions to clean a plate for the toast; I placed the bowl in the sink basin, turned on the faucet to fill it; I then started cleaning a second mug by placing it in the sink and washing it with the faucet.; I received an instruction to boil a potato. I gathered a pot and a potato, filled the pot with water; I opened the fridge, found the last dirty plate, placed it in the sink\nAnswer now with concise task-sized phrases; do not call action_lookup again.""""

**HumanMessage**:
"""Current state:
2023/11/23 - 2023/12/14: "From November 23rd to December 14th, I performed a consistent routine of household maintenance and meal preparation. This included preparing various meals such as toast, sandwiches, and salads, boiling potatoes, making coffee, washing dishes, watering houseplants, and organizing common household items like remotes, newspapers, and pillows."  
  ..."""
{}
command: answer("When I toggled on the faucet, I was performing several tasks. These included washing a dirty plate, filling a bowl with water, cleaning
expected output: 


 ============================== 


eval answer("When I toggled on the faucet, I was performing several tasks. These included washing a dirty plate, filling a bowl with water, cleaning


 ============================== 


eval answer("When I toggled on the faucet, I was performing several tasks. These included washing a dirty plate, filling a bowl with water, cleaning


 ============================== 




answer("When I toggled on the faucet, I was performing several tasks. These included washing a dirty plate, filling a bowl with water, cleaning

[结构化回退] answer(...) 语法错误，返回结构化推荐答案
Tokens Used: 2978
	Prompt Tokens: 2214
	Completion Tokens: 764
Successful Requests: 1
Total Cost (USD): $0.0
Evaluating sample e336199e4aca573c_4d32-85ec788c6b00fb0d_14d1-ad2e4eb0b24a5940_9c9d-50bc3abf986ccabb_7071-915fdf90f4bc33cd_6c72-1fd74046ded8f9d1_42a3-cb0e41e1b364ad27_9a72-4b7b1a5b7f3d19ae_1413-cce21676357b2d20_b27c-01c1b8aa1820aa0b_adaf-b8f22271faff678f_dce6-4fc54b735d3f45a6_b7b4-e8f7cd03e3683657_4d70-84d6411d0710d918_5b3c-04ae108b77699c0f_2453-b53c115c99ca34dd_5e2b-b63078c7b3e28f59_355d-c6f7828bc5640531_1604-c7cc40993ef8468b_3e7b-0b161c6f709cde89_4c30-fef7c3fc3990d2e8_518b-e85d1457c7af9ad4_4960-9e23434a16a146b5_7f9a-41b067f2ce6f3fef_8ee6-9539c0004762d6a8_fe91-a2b0269334c60e48_2cb5-464fb2558d308797_4110-d8034826803791df_10bf-88f8ad0d2d356270_bb95-491169530040eb68_c8b0-e035a44ebae9d3fd_c842-c02445dd7a5b6f26_86bd-8150a936da2df63d_2451-3ebbcf3c3aed7c9e_5813-1e8fb21f2b41b0b0_db8b-a451af83aeece675_117b-140e54aadad74d20_222f-e455dbf27ecaf413_8484-c6c5c151b7b8e770_38db-18f6da623ba658a2_aa07-612f99763b6978b6_0c1a-09d537bcc73a42fc_52e8-5ab41ea72487ce0f_e5be-0d1a67f82b3b5854_d74d-0d600126a7947365_cac4-2b5a33d4908ee77d_20f6-a82cd949493bada0_ffe5-b2815444299854b0_d30e-5026400c43e20c2d_d3fc-85ec788c6b00fb0d_49ba-0-exact_time_to_episode
[配置] 启用 FAISS 加速，索引类型: flat
[GraphAug] 命中图缓存 (nodes=5612, edges=18391)
Got 0 examples


 ============================== 


eval date_lookup('what did you do on Nov 24, 2023 at 09:56 AM?')
Updated/Defined variables after execution: {}

**SystemMessage**:
"""You are a smart humanoid robot answering user question about your past actions.
The history object contains information on what you did in the past, represented as a tree.
Use the method expand to look at details of a node.
Make sure to use collapse_all_but(idx) when you expanded irrelevant nodes, in order to keep the tree compact.
Enter Python expressions into the console to see the value and decide for the next command based on that result.
Answer concisely by calling answer("...") when you gathered enough information to answer the question.
Generate syntactically correct python console statements only, no explanations or other natural language statements.
IMPORTANT: If search() returns "No relevant records found", your next command MUST be answer("I have no record of that."). Do not search synonyms, do not expand further, and do not call vqa.
IMPORTANT: If you get "Nothing changed" twice, answer honestly that you have no record. Do NOT keep searching repeatedly. For just-before/just-after questions, first try one broader target search or inspect another relevant top-level time block before giving up.
For object yes/no questions, first use object_lookup("object name"). If it reports no matching summary, answer "No, I have no record of that." Do not call vqa unless you already have a directly relevant leaf image.
For task-list questions such as "List the tasks you performed", first use task_list(). Prefer its Recommended answer and chronological candidates instead of manually expanding the whole tree. For long histories, do not copy every task candidate verbatim unless the user explicitly asks for an exhaustive transcript.
For low-level action questions such as "what task did you perform when you toggle/open/pick up/place X", first use action_lookup("full low-level action"), for example action_lookup("open the drawer"). Do not call task_lookup first for these low-level action questions.
For task-description questions such as "describe what you did when you X", first use task_lookup("X"). Prefer its matching task candidates instead of manually expanding the whole tree. This does not apply to low-level action questions covered by action_lookup.
For exact date/time questions or "N days ago" questions asking what happened, first use date_lookup(question). Prefer its Recommended answer when it is confident instead of manually expanding by date.
For "How many days ago did you X?" or "When did you X?" questions, first use event_date_lookup(question). If it lists multiple days, include all of them in the final answer instead of only the most recent match.
For just-before or just-after questions, first use temporal_neighbor(target_task, direction="before" or "after") if a candidate is not already shown. Prefer the returned Recommended answer when it is confident. Only then inspect adjacent sibling or temporal nodes. Avoid expanding to raw leaf observations unless the summary is insufficient.
Do not call vqa for time, date, task-list, before/after, or yes/no object-existence questions when textual summaries already answer the question. Use vqa only for explicit visual appearance questions such as color, visible state, or what something looks like.
Never output bare parameters such as reasoning="..." answer="...". Always call answer("..."). You may call answer(reasoning="...", answer="...") only when a short reason is necessary.
Keep answer() short: answer under 60 words, and do not use markdown or backticks inside answer()."""

**HumanMessage**:
"""
def action_lookup(query: str, max_matches: int = 6) -> str # For low-level action questions, map raw leaf actions back to task-sized summaries
def answer(reasoning: str = None, answer: str = Ellipsis)
def ask(question: str)
def date_lookup(query: str, max_matches: int = 8) -> str # For exact date/time or N-days-ago questions, list matching history summaries directly
def event_date_lookup(query: str, max_matches: int = 12) -> str # For "how many days ago did you X" questions, find all matching event dates directly
def now() -> datetime.datetime
def object_lookup(object_name: str, max_matches: int = 8) -> str # For object yes/no questions, check whether task summaries mention the object
def task_list(max_tasks: int = 30) -> str # For task-list questions, list task-sized history summaries in chronological order
def task_lookup(query: str, max_matches: int = 8) -> str # For task-description questions, list task-sized summaries matching a query
def temporal_neighbor(target_task: str, direction: str = 'before', max_candidates: int = 6) -> str # For just-before/just-after questions, find the target task and return adjacent task candidates
def vqa(question: str, *images: PIL.Image.Image)
"""

**HumanMessage**:
"""Usage examples:
>>> history.expand()  # Shows the history tree with all child nodes expanded
>>> history.expand(date(2021, 12, 20))  # Expand the children that overlap with the given day
>>> history.expand(now() - timedelta(hours=6), now() - timedelta(hours=4))  # Expand all children that overlap with the given range (in this example "about 5 hours ago")
>>> history.expand((now() - timedelta(days=2)).date())  # Expand all children that overlap with the day before yesterday
>>> history.expand(0)  # Shows child node 0
>>> history[0].expand()  # Expands all child nodes of node 0 (node 0 must be expanded already to see them)
>>> history[5][2].expand()  # Shows child node 2 of child node 5 with all its child nodes expanded
>>> history.search("green cup") # Semantic index search. Expands the most relevant children according to similarity of the natural language query and the node's (recursively defined) index content.
>>> history[1][42].search("bicycle") # Semantic index search on some node further down the tree. Expands the children of node 1.42 most relevant to the search term
>>> history[3].collapse_all_but(1); history[3][1].expand()  # Zooms into details of child node 3.1 while collapsing all other childs of node 3
>>> vqa("What color is the ... in this image?",
...     history[2][4][-1][0].image)  # Invoke a model to answer a visual question about image(s) of some leaf (!) node(s)

# After gathering the relevant information, answer the question:
# Use a short final answer. Optionally provide a brief reasoning only when needed.
>>> answer("...")"""

**HumanMessage**:
"""User question: what did you do on Nov 24, 2023 at 09:56 AM?"""

**AIMessage**:
"""date_lookup('what did you do on Nov 24, 2023 at 09:56 AM?')"""

**HumanMessage**:
""""Date lookup for query='what did you do on Nov 24, 2023 at 09:56 AM?': resolved=2023/11/24 09:56:00.\n1. score=0.99; 2023/11/24 09:56:51 - 09:57:32: I picked up a dirty, filled mug and used its contents to water a houseplant, as instructed.\n2. score=0.92; 2023/11/24 09:56:51 - 09:57:44: I followed the instruction to water a houseplant using the contents of a mug and then confirmed the task was completed.\n3. score=0.84; 2023/11/24 09:56:51 - 09:57:16: Goal: Pickup(Mug_1) Visual observation: Mug_1 [dirty, filled], StoveBurner_2, Cabinet_1, Cabinet_2, CounterTop_2, StoveKnob_1, Window_0, CoffeeMachine [toggled] Mug_1, CoffeeMachine are in/on CounterTop_2 Speech: 2023-11...\n4. score=0.35; 2023/11/24 09:56 - 17:55: On November 24th, I watered a houseplant, then prepared a salad by slicing lettuce and tomato onto a plate, and later placed two forks into a cabinet.\n5. score=0.17; 2023/11/23 - 2023/11/27: From November 23rd to 27th, I performed various kitchen tasks and plant care, including washing plates, making toast and salads, boiling potatoes, and watering houseplants.\n6. score=0.08; 2023/11/23 - 2023/12/14: From November 23rd to December 14th, I performed a consistent routine of household maintenance and meal preparation. This included preparing various meals such as toast, sandwiches, and salads, boiling potatoes, making c...\nRecommended answer: I picked up a dirty, filled mug and used its contents to water a houseplant, as instructed.""""

**HumanMessage**:
/home/user22303471/Project/Active-H-EMV/llm_emv/setup.py:226: FutureWarning: The `get_sentence_embedding_dimension` method has been renamed to `get_embedding_dimension`.
  filter_kwargs['_embedding_dim'] = embedding_model.get_sentence_embedding_dimension()
/home/user22303471/Project/Active-H-EMV/llm_emv/setup.py:183: FutureWarning: The `get_sentence_embedding_dimension` method has been renamed to `get_embedding_dimension`.
  result = torch.empty(len(texts), embedding_model.get_sentence_embedding_dimension(),
"""Current state:
2023/11/23 - 2023/12/14: "From November 23rd to December 14th, I performed a consistent routine of household maintenance and meal preparation. This included preparing various meals such as toast, sandwiches, and salads, boiling potatoes, making coffee, washing dishes, watering houseplants, and organizing common household items like remotes, newspapers, and pillows."  
  ..."""
{}
command: answer("I picked up a dirty, filled mug and used its contents to water a houseplant, as instructed.")
expected output: 


 ============================== 


eval answer("I picked up a dirty, filled mug and used its contents to water a houseplant, as instructed.")
Answering I picked up a dirty, filled mug and used its contents to water a houseplant, as instructed.  with reason: None
Tokens Used: 2698
	Prompt Tokens: 2183
	Completion Tokens: 515
Successful Requests: 1
Total Cost (USD): $0.0
Evaluating sample e336199e4aca573c_4d32-85ec788c6b00fb0d_14d1-ad2e4eb0b24a5940_9c9d-50bc3abf986ccabb_7071-915fdf90f4bc33cd_6c72-1fd74046ded8f9d1_42a3-cb0e41e1b364ad27_9a72-4b7b1a5b7f3d19ae_1413-cce21676357b2d20_b27c-01c1b8aa1820aa0b_adaf-b8f22271faff678f_dce6-4fc54b735d3f45a6_b7b4-e8f7cd03e3683657_4d70-84d6411d0710d918_5b3c-04ae108b77699c0f_2453-b53c115c99ca34dd_5e2b-b63078c7b3e28f59_355d-c6f7828bc5640531_1604-c7cc40993ef8468b_3e7b-0b161c6f709cde89_4c30-fef7c3fc3990d2e8_518b-e85d1457c7af9ad4_4960-9e23434a16a146b5_7f9a-41b067f2ce6f3fef_8ee6-9539c0004762d6a8_fe91-a2b0269334c60e48_2cb5-464fb2558d308797_4110-d8034826803791df_10bf-88f8ad0d2d356270_bb95-491169530040eb68_c8b0-e035a44ebae9d3fd_c842-c02445dd7a5b6f26_86bd-8150a936da2df63d_2451-3ebbcf3c3aed7c9e_5813-1e8fb21f2b41b0b0_db8b-a451af83aeece675_117b-140e54aadad74d20_222f-e455dbf27ecaf413_8484-c6c5c151b7b8e770_38db-18f6da623ba658a2_aa07-612f99763b6978b6_0c1a-09d537bcc73a42fc_52e8-5ab41ea72487ce0f_e5be-0d1a67f82b3b5854_d74d-0d600126a7947365_cac4-2b5a33d4908ee77d_20f6-a82cd949493bada0_ffe5-b2815444299854b0_d30e-5026400c43e20c2d_d3fc-85ec788c6b00fb0d_49ba-0-tasks_to_exact_times
[配置] 启用 FAISS 加速，索引类型: flat
[GraphAug] 命中图缓存 (nodes=5612, edges=18391)
Got 0 examples


 ============================== 


eval event_date_lookup('When did you cook 3 slice(s) of potato and serve on a plate?')
Updated/Defined variables after execution: {}

**SystemMessage**:
"""You are a smart humanoid robot answering user question about your past actions.
The history object contains information on what you did in the past, represented as a tree.
Use the method expand to look at details of a node.
Make sure to use collapse_all_but(idx) when you expanded irrelevant nodes, in order to keep the tree compact.
Enter Python expressions into the console to see the value and decide for the next command based on that result.
Answer concisely by calling answer("...") when you gathered enough information to answer the question.
Generate syntactically correct python console statements only, no explanations or other natural language statements.
IMPORTANT: If search() returns "No relevant records found", your next command MUST be answer("I have no record of that."). Do not search synonyms, do not expand further, and do not call vqa.
IMPORTANT: If you get "Nothing changed" twice, answer honestly that you have no record. Do NOT keep searching repeatedly. For just-before/just-after questions, first try one broader target search or inspect another relevant top-level time block before giving up.
For object yes/no questions, first use object_lookup("object name"). If it reports no matching summary, answer "No, I have no record of that." Do not call vqa unless you already have a directly relevant leaf image.
For task-list questions such as "List the tasks you performed", first use task_list(). Prefer its Recommended answer and chronological candidates instead of manually expanding the whole tree. For long histories, do not copy every task candidate verbatim unless the user explicitly asks for an exhaustive transcript.
For low-level action questions such as "what task did you perform when you toggle/open/pick up/place X", first use action_lookup("full low-level action"), for example action_lookup("open the drawer"). Do not call task_lookup first for these low-level action questions.
For task-description questions such as "describe what you did when you X", first use task_lookup("X"). Prefer its matching task candidates instead of manually expanding the whole tree. This does not apply to low-level action questions covered by action_lookup.
For exact date/time questions or "N days ago" questions asking what happened, first use date_lookup(question). Prefer its Recommended answer when it is confident instead of manually expanding by date.
For "How many days ago did you X?" or "When did you X?" questions, first use event_date_lookup(question). If it lists multiple days, include all of them in the final answer instead of only the most recent match.
For just-before or just-after questions, first use temporal_neighbor(target_task, direction="before" or "after") if a candidate is not already shown. Prefer the returned Recommended answer when it is confident. Only then inspect adjacent sibling or temporal nodes. Avoid expanding to raw leaf observations unless the summary is insufficient.
Do not call vqa for time, date, task-list, before/after, or yes/no object-existence questions when textual summaries already answer the question. Use vqa only for explicit visual appearance questions such as color, visible state, or what something looks like.
Never output bare parameters such as reasoning="..." answer="...". Always call answer("..."). You may call answer(reasoning="...", answer="...") only when a short reason is necessary.
Keep answer() short: answer under 60 words, and do not use markdown or backticks inside answer()."""

**HumanMessage**:
"""
def action_lookup(query: str, max_matches: int = 6) -> str # For low-level action questions, map raw leaf actions back to task-sized summaries
def answer(reasoning: str = None, answer: str = Ellipsis)
def ask(question: str)
def date_lookup(query: str, max_matches: int = 8) -> str # For exact date/time or N-days-ago questions, list matching history summaries directly
def event_date_lookup(query: str, max_matches: int = 12) -> str # For "how many days ago did you X" questions, find all matching event dates directly
def now() -> datetime.datetime
def object_lookup(object_name: str, max_matches: int = 8) -> str # For object yes/no questions, check whether task summaries mention the object
def task_list(max_tasks: int = 30) -> str # For task-list questions, list task-sized history summaries in chronological order
def task_lookup(query: str, max_matches: int = 8) -> str # For task-description questions, list task-sized summaries matching a query
def temporal_neighbor(target_task: str, direction: str = 'before', max_candidates: int = 6) -> str # For just-before/just-after questions, find the target task and return adjacent task candidates
def vqa(question: str, *images: PIL.Image.Image)
"""

**HumanMessage**:
/home/user22303471/Project/Active-H-EMV/llm_emv/setup.py:226: FutureWarning: The `get_sentence_embedding_dimension` method has been renamed to `get_embedding_dimension`.
  filter_kwargs['_embedding_dim'] = embedding_model.get_sentence_embedding_dimension()
/home/user22303471/Project/Active-H-EMV/llm_emv/setup.py:183: FutureWarning: The `get_sentence_embedding_dimension` method has been renamed to `get_embedding_dimension`.
  result = torch.empty(len(texts), embedding_model.get_sentence_embedding_dimension(),
"""Usage examples:
>>> history.expand()  # Shows the history tree with all child nodes expanded
>>> history.expand(date(2021, 12, 20))  # Expand the children that overlap with the given day
>>> history.expand(now() - timedelta(hours=6), now() - timedelta(hours=4))  # Expand all children that overlap with the given range (in this example "about 5 hours ago")
>>> history.expand((now() - timedelta(days=2)).date())  # Expand all children that overlap with the day before yesterday
>>> history.expand(0)  # Shows child node 0
>>> history[0].expand()  # Expands all child nodes of node 0 (node 0 must be expanded already to see them)
>>> history[5][2].expand()  # Shows child node 2 of child node 5 with all its child nodes expanded
>>> history.search("green cup") # Semantic index search. Expands the most relevant children according to similarity of the natural language query and the node's (recursively defined) index content.
>>> history[1][42].search("bicycle") # Semantic index search on some node further down the tree. Expands the children of node 1.42 most relevant to the search term
>>> history[3].collapse_all_but(1); history[3][1].expand()  # Zooms into details of child node 3.1 while collapsing all other childs of node 3
>>> vqa("What color is the ... in this image?",
...     history[2][4][-1][0].image)  # Invoke a model to answer a visual question about image(s) of some leaf (!) node(s)

# After gathering the relevant information, answer the question:
# Use a short final answer. Optionally provide a brief reasoning only when needed.
>>> answer("...")"""

**HumanMessage**:
"""User question: When did you cook 3 slice(s) of potato and serve on a plate?"""

**AIMessage**:
"""event_date_lookup('When did you cook 3 slice(s) of potato and serve on a plate?')"""

**HumanMessage**:
""""Event date lookup for query='When did you cook 3 slice(s) of potato and serve on a plate?': event='cook 3 slice(s) of potato and serve on a plate', today=2023/12/14.\n1. score=0.60; days_ago=19; 2023/11/25 19:54:53 - 19:56:09: I picked up each of the three cooked potato slices one by one and placed them onto the plate. The user then confirmed the task was well done.\n2. score=0.67; days_ago=12; 2023/12/02 09:05:34 - 09:07:02: Finally, I assembled the requested items by placing two cooked potato slices and a slice of lettuce onto the clean plate. The user thanked me for completing the task.\n3. score=0.59; days_ago=5; 2023/12/09 17:59:09 - 18:00:35: I assembled the salad by placing one slice of cooked potato, two slices of lettuce, and one slice of tomato onto the clean plate. The user thanked me upon completion.\n4. score=0.63; days_ago=4; 2023/12/10 13:40:29 - 13:42:02: I retrieved all three cooked potato slices from the microwave, placing them on a plate and then on the countertop.\n5. score=0.64; days_ago=2; 2023/12/12 15:28:07 - 15:28:41: I cleared a spoon from the microwave, then added the second cooked potato slice to the plate to finish the salad. The user thanked me for completing the task.\n6. score=0.58; days_ago=0; 2023/12/14 11:21:30 - 11:21:42: I picked up one of the sliced cooked potato pieces and placed it on a plate. The user then instructed me to pick a clean bowl from the fridge.\nRecommended answer: on 2023/11/25, 2023/12/02, 2023/12/09, 2023/12/10, 2023/12/12, and 2023/12/14""""

**HumanMessage**:
"""Current state:
2023/11/23 - 2023/12/14: "From November 23rd to December 14th, I performed a consistent routine of household maintenance and meal preparation. This included preparing various meals such as toast, sandwiches, and salads, boiling potatoes, making coffee, washing dishes, watering houseplants, and organizing common household items like remotes, newspapers, and pillows."  
  ..."""
{}
command: answer("I cooked three slices of potato and served them on a plate on November 25, 2023, and December 10, 2023.")
expected output: 


 ============================== 


eval answer("I cooked three slices of potato and served them on a plate on November 25, 2023, and December 10, 2023.")
Answering I cooked three slices of potato and served them on a plate on November 25, 2023, and December 10, 2023.  with reason: None
Tokens Used: 2758
	Prompt Tokens: 2227
	Completion Tokens: 531
Successful Requests: 1
Total Cost (USD): $0.0
Evaluating sample e336199e4aca573c_4d32-85ec788c6b00fb0d_14d1-ad2e4eb0b24a5940_9c9d-50bc3abf986ccabb_7071-915fdf90f4bc33cd_6c72-1fd74046ded8f9d1_42a3-cb0e41e1b364ad27_9a72-4b7b1a5b7f3d19ae_1413-cce21676357b2d20_b27c-01c1b8aa1820aa0b_adaf-b8f22271faff678f_dce6-4fc54b735d3f45a6_b7b4-e8f7cd03e3683657_4d70-84d6411d0710d918_5b3c-04ae108b77699c0f_2453-b53c115c99ca34dd_5e2b-b63078c7b3e28f59_355d-c6f7828bc5640531_1604-c7cc40993ef8468b_3e7b-0b161c6f709cde89_4c30-fef7c3fc3990d2e8_518b-e85d1457c7af9ad4_4960-9e23434a16a146b5_7f9a-41b067f2ce6f3fef_8ee6-9539c0004762d6a8_fe91-a2b0269334c60e48_2cb5-464fb2558d308797_4110-d8034826803791df_10bf-88f8ad0d2d356270_bb95-491169530040eb68_c8b0-e035a44ebae9d3fd_c842-c02445dd7a5b6f26_86bd-8150a936da2df63d_2451-3ebbcf3c3aed7c9e_5813-1e8fb21f2b41b0b0_db8b-a451af83aeece675_117b-140e54aadad74d20_222f-e455dbf27ecaf413_8484-c6c5c151b7b8e770_38db-18f6da623ba658a2_aa07-612f99763b6978b6_0c1a-09d537bcc73a42fc_52e8-5ab41ea72487ce0f_e5be-0d1a67f82b3b5854_d74d-0d600126a7947365_cac4-2b5a33d4908ee77d_20f6-a82cd949493bada0_ffe5-b2815444299854b0_d30e-5026400c43e20c2d_d3fc-85ec788c6b00fb0d_49ba-0-tasks_to_days_ago
[配置] 启用 FAISS 加速，索引类型: flat
[GraphAug] 命中图缓存 (nodes=5612, edges=18391)
Got 0 examples


 ============================== 


eval event_date_lookup('Today is Dec 14, 2023 at 06:25 PM. How many days ago did you serve 1 slice(s) of tomato in a bowl?')
Updated/Defined variables after execution: {}

**SystemMessage**:
"""You are a smart humanoid robot answering user question about your past actions.
The history object contains information on what you did in the past, represented as a tree.
Use the method expand to look at details of a node.
Make sure to use collapse_all_but(idx) when you expanded irrelevant nodes, in order to keep the tree compact.
Enter Python expressions into the console to see the value and decide for the next command based on that result.
Answer concisely by calling answer("...") when you gathered enough information to answer the question.
Generate syntactically correct python console statements only, no explanations or other natural language statements.
IMPORTANT: If search() returns "No relevant records found", your next command MUST be answer("I have no record of that."). Do not search synonyms, do not expand further, and do not call vqa.
IMPORTANT: If you get "Nothing changed" twice, answer honestly that you have no record. Do NOT keep searching repeatedly. For just-before/just-after questions, first try one broader target search or inspect another relevant top-level time block before giving up.
For object yes/no questions, first use object_lookup("object name"). If it reports no matching summary, answer "No, I have no record of that." Do not call vqa unless you already have a directly relevant leaf image.
For task-list questions such as "List the tasks you performed", first use task_list(). Prefer its Recommended answer and chronological candidates instead of manually expanding the whole tree. For long histories, do not copy every task candidate verbatim unless the user explicitly asks for an exhaustive transcript.
For low-level action questions such as "what task did you perform when you toggle/open/pick up/place X", first use action_lookup("full low-level action"), for example action_lookup("open the drawer"). Do not call task_lookup first for these low-level action questions.
For task-description questions such as "describe what you did when you X", first use task_lookup("X"). Prefer its matching task candidates instead of manually expanding the whole tree. This does not apply to low-level action questions covered by action_lookup.
For exact date/time questions or "N days ago" questions asking what happened, first use date_lookup(question). Prefer its Recommended answer when it is confident instead of manually expanding by date.
For "How many days ago did you X?" or "When did you X?" questions, first use event_date_lookup(question). If it lists multiple days, include all of them in the final answer instead of only the most recent match.
For just-before or just-after questions, first use temporal_neighbor(target_task, direction="before" or "after") if a candidate is not already shown. Prefer the returned Recommended answer when it is confident. Only then inspect adjacent sibling or temporal nodes. Avoid expanding to raw leaf observations unless the summary is insufficient.
Do not call vqa for time, date, task-list, before/after, or yes/no object-existence questions when textual summaries already answer the question. Use vqa only for explicit visual appearance questions such as color, visible state, or what something looks like.
Never output bare parameters such as reasoning="..." answer="...". Always call answer("..."). You may call answer(reasoning="...", answer="...") only when a short reason is necessary.
Keep answer() short: answer under 60 words, and do not use markdown or backticks inside answer()."""

**HumanMessage**:
"""
def action_lookup(query: str, max_matches: int = 6) -> str # For low-level action questions, map raw leaf actions back to task-sized summaries
def answer(reasoning: str = None, answer: str = Ellipsis)
def ask(question: str)
def date_lookup(query: str, max_matches: int = 8) -> str # For exact date/time or N-days-ago questions, list matching history summaries directly
def event_date_lookup(query: str, max_matches: int = 12) -> str # For "how many days ago did you X" questions, find all matching event dates directly
def now() -> datetime.datetime
def object_lookup(object_name: str, max_matches: int = 8) -> str # For object yes/no questions, check whether task summaries mention the object
def task_list(max_tasks: int = 30) -> str # For task-list questions, list task-sized history summaries in chronological order
def task_lookup(query: str, max_matches: int = 8) -> str # For task-description questions, list task-sized summaries matching a query
def temporal_neighbor(target_task: str, direction: str = 'before', max_candidates: int = 6) -> str # For just-before/just-after questions, find the target task and return adjacent task candidates
def vqa(question: str, *images: PIL.Image.Image)
"""

**HumanMessage**:
"""Usage examples:
>>> history.expand()  # Shows the history tree with all child nodes expanded
>>> history.expand(date(2021, 12, 20))  # Expand the children that overlap with the given day
>>> history.expand(now() - timedelta(hours=6), now() - timedelta(hours=4))  # Expand all children that overlap with the given range (in this example "about 5 hours ago")
>>> history.expand((now() - timedelta(days=2)).date())  # Expand all children that overlap with the day before yesterday
>>> history.expand(0)  # Shows child node 0
>>> history[0].expand()  # Expands all child nodes of node 0 (node 0 must be expanded already to see them)
>>> history[5][2].expand()  # Shows child node 2 of child node 5 with all its child nodes expanded
>>> history.search("green cup") # Semantic index search. Expands the most relevant children according to similarity of the natural language query and the node's (recursively defined) index content.
>>> history[1][42].search("bicycle") # Semantic index search on some node further down the tree. Expands the children of node 1.42 most relevant to the search term
>>> history[3].collapse_all_but(1); history[3][1].expand()  # Zooms into details of child node 3.1 while collapsing all other childs of node 3
>>> vqa("What color is the ... in this image?",
...     history[2][4][-1][0].image)  # Invoke a model to answer a visual question about image(s) of some leaf (!) node(s)

# After gathering the relevant information, answer the question:
# Use a short final answer. Optionally provide a brief reasoning only when needed.
>>> answer("...")"""

**HumanMessage**:
"""User question: Today is Dec 14, 2023 at 06:25 PM. How many days ago did you serve 1 slice(s) of tomato in a bowl?"""

**AIMessage**:
"""event_date_lookup('Today is Dec 14, 2023 at 06:25 PM. How many days ago did you serve 1 slice(s) of tomato in a bowl?')"""

**HumanMessage**:
""""Event date lookup for query='Today is Dec 14, 2023 at 06:25 PM. How many days ago did you serve 1 slice(s) of tomato in a bowl?': event='serve 1 slice(s) of tomato in a bowl', today=2023/12/14.\n1. score=0.64; days_ago=14; 2023/11/30 15:07 - 15:10: I received the task to serve one slice of tomato in a bowl. I first located a tomato and a knife, then sliced the tomato on the countertop.\n2. score=0.61; days_ago=9; 2023/12/05 14:23:24 - 14:24:18: I picked up two slices of the tomato and placed them into a bowl on the counter as instructed.\n3. score=0.62; days_ago=6; 2023/12/08 10:10:29 - 10:10:46: I picked up a tomato slice and placed it into the cleaned bowl, confirming completion of the task.\nRecommended answer: 14 days ago and 6 days ago""""

**HumanMessage**:
"""Current state:
2023/11/23 - 2023/12/14: "From November 23rd to December 14th, I performed a consistent routine of household maintenance and meal preparation. This included preparing various meals such as toast, sandwiches, and salads, boiling potatoes, making coffee, washing dishes, watering houseplants, and organizing common household items like remotes, newspapers, and pillows."  
  ..."""
{}
command: answer("I served one slice of tomato in a bowl 14 days ago and 6 days ago.")
expected output: 


 ============================== 


eval answer("I served one slice of tomato in a bowl 14 days ago and 6 days ago.")
Answering I served one slice of tomato in a bowl 14 days ago and 6 days ago.  with reason: None
/home/user22303471/Project/Active-H-EMV/llm_emv/setup.py:226: FutureWarning: The `get_sentence_embedding_dimension` method has been renamed to `get_embedding_dimension`.
  filter_kwargs['_embedding_dim'] = embedding_model.get_sentence_embedding_dimension()
Tokens Used: 2355
	Prompt Tokens: 1970
	Completion Tokens: 385
Successful Requests: 1
Total Cost (USD): $0.0
Evaluating sample e336199e4aca573c_4d32-85ec788c6b00fb0d_14d1-ad2e4eb0b24a5940_9c9d-50bc3abf986ccabb_7071-915fdf90f4bc33cd_6c72-1fd74046ded8f9d1_42a3-cb0e41e1b364ad27_9a72-4b7b1a5b7f3d19ae_1413-cce21676357b2d20_b27c-01c1b8aa1820aa0b_adaf-b8f22271faff678f_dce6-4fc54b735d3f45a6_b7b4-e8f7cd03e3683657_4d70-84d6411d0710d918_5b3c-04ae108b77699c0f_2453-b53c115c99ca34dd_5e2b-b63078c7b3e28f59_355d-c6f7828bc5640531_1604-c7cc40993ef8468b_3e7b-0b161c6f709cde89_4c30-fef7c3fc3990d2e8_518b-e85d1457c7af9ad4_4960-9e23434a16a146b5_7f9a-41b067f2ce6f3fef_8ee6-9539c0004762d6a8_fe91-a2b0269334c60e48_2cb5-464fb2558d308797_4110-d8034826803791df_10bf-88f8ad0d2d356270_bb95-491169530040eb68_c8b0-e035a44ebae9d3fd_c842-c02445dd7a5b6f26_86bd-8150a936da2df63d_2451-3ebbcf3c3aed7c9e_5813-1e8fb21f2b41b0b0_db8b-a451af83aeece675_117b-140e54aadad74d20_222f-e455dbf27ecaf413_8484-c6c5c151b7b8e770_38db-18f6da623ba658a2_aa07-612f99763b6978b6_0c1a-09d537bcc73a42fc_52e8-5ab41ea72487ce0f_e5be-0d1a67f82b3b5854_d74d-0d600126a7947365_cac4-2b5a33d4908ee77d_20f6-a82cd949493bada0_ffe5-b2815444299854b0_d30e-5026400c43e20c2d_d3fc-85ec788c6b00fb0d_49ba-0-days_ago_to_episode
[配置] 启用 FAISS 加速，索引类型: flat
[GraphAug] 命中图缓存 (nodes=5612, edges=18391)
Got 0 examples


 ============================== 


eval date_lookup('Today is Dec 14, 2023 at 06:25 PM. What did you do 21 days ago?')
Updated/Defined variables after execution: {}

**SystemMessage**:
"""You are a smart humanoid robot answering user question about your past actions.
The history object contains information on what you did in the past, represented as a tree.
Use the method expand to look at details of a node.
Make sure to use collapse_all_but(idx) when you expanded irrelevant nodes, in order to keep the tree compact.
Enter Python expressions into the console to see the value and decide for the next command based on that result.
Answer concisely by calling answer("...") when you gathered enough information to answer the question.
Generate syntactically correct python console statements only, no explanations or other natural language statements.
IMPORTANT: If search() returns "No relevant records found", your next command MUST be answer("I have no record of that."). Do not search synonyms, do not expand further, and do not call vqa.
IMPORTANT: If you get "Nothing changed" twice, answer honestly that you have no record. Do NOT keep searching repeatedly. For just-before/just-after questions, first try one broader target search or inspect another relevant top-level time block before giving up.
For object yes/no questions, first use object_lookup("object name"). If it reports no matching summary, answer "No, I have no record of that." Do not call vqa unless you already have a directly relevant leaf image.
For task-list questions such as "List the tasks you performed", first use task_list(). Prefer its Recommended answer and chronological candidates instead of manually expanding the whole tree. For long histories, do not copy every task candidate verbatim unless the user explicitly asks for an exhaustive transcript.
For low-level action questions such as "what task did you perform when you toggle/open/pick up/place X", first use action_lookup("full low-level action"), for example action_lookup("open the drawer"). Do not call task_lookup first for these low-level action questions.
For task-description questions such as "describe what you did when you X", first use task_lookup("X"). Prefer its matching task candidates instead of manually expanding the whole tree. This does not apply to low-level action questions covered by action_lookup.
For exact date/time questions or "N days ago" questions asking what happened, first use date_lookup(question). Prefer its Recommended answer when it is confident instead of manually expanding by date.
For "How many days ago did you X?" or "When did you X?" questions, first use event_date_lookup(question). If it lists multiple days, include all of them in the final answer instead of only the most recent match.
For just-before or just-after questions, first use temporal_neighbor(target_task, direction="before" or "after") if a candidate is not already shown. Prefer the returned Recommended answer when it is confident. Only then inspect adjacent sibling or temporal nodes. Avoid expanding to raw leaf observations unless the summary is insufficient.
Do not call vqa for time, date, task-list, before/after, or yes/no object-existence questions when textual summaries already answer the question. Use vqa only for explicit visual appearance questions such as color, visible state, or what something looks like.
Never output bare parameters such as reasoning="..." answer="...". Always call answer("..."). You may call answer(reasoning="...", answer="...") only when a short reason is necessary.
Keep answer() short: answer under 60 words, and do not use markdown or backticks inside answer()."""

**HumanMessage**:
"""
def action_lookup(query: str, max_matches: int = 6) -> str # For low-level action questions, map raw leaf actions back to task-sized summaries
def answer(reasoning: str = None, answer: str = Ellipsis)
def ask(question: str)
def date_lookup(query: str, max_matches: int = 8) -> str # For exact date/time or N-days-ago questions, list matching history summaries directly
def event_date_lookup(query: str, max_matches: int = 12) -> str # For "how many days ago did you X" questions, find all matching event dates directly
def now() -> datetime.datetime
def object_lookup(object_name: str, max_matches: int = 8) -> str # For object yes/no questions, check whether task summaries mention the object
def task_list(max_tasks: int = 30) -> str # For task-list questions, list task-sized history summaries in chronological order
def task_lookup(query: str, max_matches: int = 8) -> str # For task-description questions, list task-sized summaries matching a query
def temporal_neighbor(target_task: str, direction: str = 'before', max_candidates: int = 6) -> str # For just-before/just-after questions, find the target task and return adjacent task candidates
def vqa(question: str, *images: PIL.Image.Image)
"""

**HumanMessage**:
"""Usage examples:
>>> history.expand()  # Shows the history tree with all child nodes expanded
>>> history.expand(date(2021, 12, 20))  # Expand the children that overlap with the given day
>>> history.expand(now() - timedelta(hours=6), now() - timedelta(hours=4))  # Expand all children that overlap with the given range (in this example "about 5 hours ago")
>>> history.expand((now() - timedelta(days=2)).date())  # Expand all children that overlap with the day before yesterday
>>> history.expand(0)  # Shows child node 0
>>> history[0].expand()  # Expands all child nodes of node 0 (node 0 must be expanded already to see them)
>>> history[5][2].expand()  # Shows child node 2 of child node 5 with all its child nodes expanded
>>> history.search("green cup") # Semantic index search. Expands the most relevant children according to similarity of the natural language query and the node's (recursively defined) index content.
>>> history[1][42].search("bicycle") # Semantic index search on some node further down the tree. Expands the children of node 1.42 most relevant to the search term
>>> history[3].collapse_all_but(1); history[3][1].expand()  # Zooms into details of child node 3.1 while collapsing all other childs of node 3
>>> vqa("What color is the ... in this image?",
...     history[2][4][-1][0].image)  # Invoke a model to answer a visual question about image(s) of some leaf (!) node(s)

# After gathering the relevant information, answer the question:
# Use a short final answer. Optionally provide a brief reasoning only when needed.
>>> answer("...")"""

**HumanMessage**:
"""User question: Today is Dec 14, 2023 at 06:25 PM. What did you do 21 days ago?"""

**AIMessage**:
"""date_lookup('Today is Dec 14, 2023 at 06:25 PM. What did you do 21 days ago?')"""

**HumanMessage**:

History cache audit
Selected histories: 4
Cached histories: 4
Missing histories: 0
00 cached qa_start=0 qa_count=10 episodes=50 dataset/TEACh/preprocessed_histories/valid_unseen-multi/50ep-8ff5291f2e02216cc14877f3841c5033.pkl
01 cached qa_start=10 qa_count=10 episodes=50 dataset/TEACh/preprocessed_histories/valid_unseen-multi/50ep-c179436351ca12d6ac19176f5d3e1acb.pkl
02 cached qa_start=20 qa_count=10 episodes=50 dataset/TEACh/preprocessed_histories/valid_unseen-multi/50ep-e3690f2c5e5ccdb053803f54500075bb.pkl
03 cached qa_start=30 qa_count=10 episodes=50 dataset/TEACh/preprocessed_histories/valid_unseen-multi/50ep-04ad61ab48c59b07c35386471dcf5ca3.pkl
[Checkpoint] loaded 19 result(s) from experiments/results/teach/smoke/h50_current_zs_fast_n40_action_v12.jsonl / experiments/results/teach/smoke/h50_current_zs_fast_n40_action_v12.json
[Checkpoint] retrying 1 previous error/empty result(s)
[Checkpoint] skip completed sample 6c24abb778c24a7c_704a-977b52faf01e6c05_d71f-01c1b8aa1820aa0b_adaf-32918ea00b69d9fe_38ff-cdf30defa61245ba_5590-2513b9a8d8ae5129_ab38-7337be5c30b1b5d1_874c-57862376ad3394a1_c9dc-32fe2fa7cc43fbc3_b8f3-0de4b62afcd06138_45f2-a966ba0c6e0d463d_ce88-25ef88cce38adfbc_1740-7504548a0dd7baf8_b148-064a69cb5d40b41f_9c2e-a690a35743c855aa_4c00-4b813e7c9bc088d0_1ce1-e4909f617bc99db4_4ab8-03379f213dfbda39_79a2-c49a96282ec09e90_5bfa-a2d31b84a569e568_fb03-88ddc0cbf1a23687_43ea-b36a8d73976068a3_6afd-c02445dd7a5b6f26_d92a-a76099fbab67c9da_4d48-c6c5c151b7b8e770_38db-60d26ec0f9c4757e_425d-9539c0004762d6a8_2eee-b2fde7ee4eb1c40f_1f95-c2ffd6a81bfe2613_f91c-81b10da74f7ac9ff_15c8-6ccc8b815fbc093a_e921-5aa3cbd322d4f163_402a-52e190f2e5f3b790_edbb-71392179ff5e728f_d7fe-4e893adaff5699af_ab4f-6f4aca312776de7b_97f3-4e88e46c6584bd85_21d2-eef61c8f3cdd8280_c537-bfb3e4eaf7ba458f_81db-af3fc77ab8313235_5b72-dbb41344c474217f_ee0e-498d06abfb7e9487_5c19-36492265af47de94_a352-9c97a83f60095487_02d9-0d1a67f82b3b5854_d74d-2f8d482d22e56fdd_410e-5c12b219bbb5bc07_6008-4aafdc038df138e8_58f0-474a8460bc35eb12_20d0-0f0664338151d4ac_5c06-0-sequence_of_task_descs
[Checkpoint] skip completed sample 6c24abb778c24a7c_704a-977b52faf01e6c05_d71f-01c1b8aa1820aa0b_adaf-32918ea00b69d9fe_38ff-cdf30defa61245ba_5590-2513b9a8d8ae5129_ab38-7337be5c30b1b5d1_874c-57862376ad3394a1_c9dc-32fe2fa7cc43fbc3_b8f3-0de4b62afcd06138_45f2-a966ba0c6e0d463d_ce88-25ef88cce38adfbc_1740-7504548a0dd7baf8_b148-064a69cb5d40b41f_9c2e-a690a35743c855aa_4c00-4b813e7c9bc088d0_1ce1-e4909f617bc99db4_4ab8-03379f213dfbda39_79a2-c49a96282ec09e90_5bfa-a2d31b84a569e568_fb03-88ddc0cbf1a23687_43ea-b36a8d73976068a3_6afd-c02445dd7a5b6f26_d92a-a76099fbab67c9da_4d48-c6c5c151b7b8e770_38db-60d26ec0f9c4757e_425d-9539c0004762d6a8_2eee-b2fde7ee4eb1c40f_1f95-c2ffd6a81bfe2613_f91c-81b10da74f7ac9ff_15c8-6ccc8b815fbc093a_e921-5aa3cbd322d4f163_402a-52e190f2e5f3b790_edbb-71392179ff5e728f_d7fe-4e893adaff5699af_ab4f-6f4aca312776de7b_97f3-4e88e46c6584bd85_21d2-eef61c8f3cdd8280_c537-bfb3e4eaf7ba458f_81db-af3fc77ab8313235_5b72-dbb41344c474217f_ee0e-498d06abfb7e9487_5c19-36492265af47de94_a352-9c97a83f60095487_02d9-0d1a67f82b3b5854_d74d-2f8d482d22e56fdd_410e-5c12b219bbb5bc07_6008-4aafdc038df138e8_58f0-474a8460bc35eb12_20d0-0f0664338151d4ac_5c06-0-seq_specific_shortened_low_actions
[Checkpoint] skip completed sample 6c24abb778c24a7c_704a-977b52faf01e6c05_d71f-01c1b8aa1820aa0b_adaf-32918ea00b69d9fe_38ff-cdf30defa61245ba_5590-2513b9a8d8ae5129_ab38-7337be5c30b1b5d1_874c-57862376ad3394a1_c9dc-32fe2fa7cc43fbc3_b8f3-0de4b62afcd06138_45f2-a966ba0c6e0d463d_ce88-25ef88cce38adfbc_1740-7504548a0dd7baf8_b148-064a69cb5d40b41f_9c2e-a690a35743c855aa_4c00-4b813e7c9bc088d0_1ce1-e4909f617bc99db4_4ab8-03379f213dfbda39_79a2-c49a96282ec09e90_5bfa-a2d31b84a569e568_fb03-88ddc0cbf1a23687_43ea-b36a8d73976068a3_6afd-c02445dd7a5b6f26_d92a-a76099fbab67c9da_4d48-c6c5c151b7b8e770_38db-60d26ec0f9c4757e_425d-9539c0004762d6a8_2eee-b2fde7ee4eb1c40f_1f95-c2ffd6a81bfe2613_f91c-81b10da74f7ac9ff_15c8-6ccc8b815fbc093a_e921-5aa3cbd322d4f163_402a-52e190f2e5f3b790_edbb-71392179ff5e728f_d7fe-4e893adaff5699af_ab4f-6f4aca312776de7b_97f3-4e88e46c6584bd85_21d2-eef61c8f3cdd8280_c537-bfb3e4eaf7ba458f_81db-af3fc77ab8313235_5b72-dbb41344c474217f_ee0e-498d06abfb7e9487_5c19-36492265af47de94_a352-9c97a83f60095487_02d9-0d1a67f82b3b5854_d74d-2f8d482d22e56fdd_410e-5c12b219bbb5bc07_6008-4aafdc038df138e8_58f0-474a8460bc35eb12_20d0-0f0664338151d4ac_5c06-0-seq_right_after_questions
[Checkpoint] skip completed sample 6c24abb778c24a7c_704a-977b52faf01e6c05_d71f-01c1b8aa1820aa0b_adaf-32918ea00b69d9fe_38ff-cdf30defa61245ba_5590-2513b9a8d8ae5129_ab38-7337be5c30b1b5d1_874c-57862376ad3394a1_c9dc-32fe2fa7cc43fbc3_b8f3-0de4b62afcd06138_45f2-a966ba0c6e0d463d_ce88-25ef88cce38adfbc_1740-7504548a0dd7baf8_b148-064a69cb5d40b41f_9c2e-a690a35743c855aa_4c00-4b813e7c9bc088d0_1ce1-e4909f617bc99db4_4ab8-03379f213dfbda39_79a2-c49a96282ec09e90_5bfa-a2d31b84a569e568_fb03-88ddc0cbf1a23687_43ea-b36a8d73976068a3_6afd-c02445dd7a5b6f26_d92a-a76099fbab67c9da_4d48-c6c5c151b7b8e770_38db-60d26ec0f9c4757e_425d-9539c0004762d6a8_2eee-b2fde7ee4eb1c40f_1f95-c2ffd6a81bfe2613_f91c-81b10da74f7ac9ff_15c8-6ccc8b815fbc093a_e921-5aa3cbd322d4f163_402a-52e190f2e5f3b790_edbb-71392179ff5e728f_d7fe-4e893adaff5699af_ab4f-6f4aca312776de7b_97f3-4e88e46c6584bd85_21d2-eef61c8f3cdd8280_c537-bfb3e4eaf7ba458f_81db-af3fc77ab8313235_5b72-dbb41344c474217f_ee0e-498d06abfb7e9487_5c19-36492265af47de94_a352-9c97a83f60095487_02d9-0d1a67f82b3b5854_d74d-2f8d482d22e56fdd_410e-5c12b219bbb5bc07_6008-4aafdc038df138e8_58f0-474a8460bc35eb12_20d0-0f0664338151d4ac_5c06-0-seq_right_before_questions
[Checkpoint] skip completed sample 6c24abb778c24a7c_704a-977b52faf01e6c05_d71f-01c1b8aa1820aa0b_adaf-32918ea00b69d9fe_38ff-cdf30defa61245ba_5590-2513b9a8d8ae5129_ab38-7337be5c30b1b5d1_874c-57862376ad3394a1_c9dc-32fe2fa7cc43fbc3_b8f3-0de4b62afcd06138_45f2-a966ba0c6e0d463d_ce88-25ef88cce38adfbc_1740-7504548a0dd7baf8_b148-064a69cb5d40b41f_9c2e-a690a35743c855aa_4c00-4b813e7c9bc088d0_1ce1-e4909f617bc99db4_4ab8-03379f213dfbda39_79a2-c49a96282ec09e90_5bfa-a2d31b84a569e568_fb03-88ddc0cbf1a23687_43ea-b36a8d73976068a3_6afd-c02445dd7a5b6f26_d92a-a76099fbab67c9da_4d48-c6c5c151b7b8e770_38db-60d26ec0f9c4757e_425d-9539c0004762d6a8_2eee-b2fde7ee4eb1c40f_1f95-c2ffd6a81bfe2613_f91c-81b10da74f7ac9ff_15c8-6ccc8b815fbc093a_e921-5aa3cbd322d4f163_402a-52e190f2e5f3b790_edbb-71392179ff5e728f_d7fe-4e893adaff5699af_ab4f-6f4aca312776de7b_97f3-4e88e46c6584bd85_21d2-eef61c8f3cdd8280_c537-bfb3e4eaf7ba458f_81db-af3fc77ab8313235_5b72-dbb41344c474217f_ee0e-498d06abfb7e9487_5c19-36492265af47de94_a352-9c97a83f60095487_02d9-0d1a67f82b3b5854_d74d-2f8d482d22e56fdd_410e-5c12b219bbb5bc07_6008-4aafdc038df138e8_58f0-474a8460bc35eb12_20d0-0f0664338151d4ac_5c06-0-seq_simple_object_yes_no
[Checkpoint] skip completed sample 6c24abb778c24a7c_704a-977b52faf01e6c05_d71f-01c1b8aa1820aa0b_adaf-32918ea00b69d9fe_38ff-cdf30defa61245ba_5590-2513b9a8d8ae5129_ab38-7337be5c30b1b5d1_874c-57862376ad3394a1_c9dc-32fe2fa7cc43fbc3_b8f3-0de4b62afcd06138_45f2-a966ba0c6e0d463d_ce88-25ef88cce38adfbc_1740-7504548a0dd7baf8_b148-064a69cb5d40b41f_9c2e-a690a35743c855aa_4c00-4b813e7c9bc088d0_1ce1-e4909f617bc99db4_4ab8-03379f213dfbda39_79a2-c49a96282ec09e90_5bfa-a2d31b84a569e568_fb03-88ddc0cbf1a23687_43ea-b36a8d73976068a3_6afd-c02445dd7a5b6f26_d92a-a76099fbab67c9da_4d48-c6c5c151b7b8e770_38db-60d26ec0f9c4757e_425d-9539c0004762d6a8_2eee-b2fde7ee4eb1c40f_1f95-c2ffd6a81bfe2613_f91c-81b10da74f7ac9ff_15c8-6ccc8b815fbc093a_e921-5aa3cbd322d4f163_402a-52e190f2e5f3b790_edbb-71392179ff5e728f_d7fe-4e893adaff5699af_ab4f-6f4aca312776de7b_97f3-4e88e46c6584bd85_21d2-eef61c8f3cdd8280_c537-bfb3e4eaf7ba458f_81db-af3fc77ab8313235_5b72-dbb41344c474217f_ee0e-498d06abfb7e9487_5c19-36492265af47de94_a352-9c97a83f60095487_02d9-0d1a67f82b3b5854_d74d-2f8d482d22e56fdd_410e-5c12b219bbb5bc07_6008-4aafdc038df138e8_58f0-474a8460bc35eb12_20d0-0f0664338151d4ac_5c06-0-seq_low_actions_to_episode_task_descs
[Checkpoint] skip completed sample 6c24abb778c24a7c_704a-977b52faf01e6c05_d71f-01c1b8aa1820aa0b_adaf-32918ea00b69d9fe_38ff-cdf30defa61245ba_5590-2513b9a8d8ae5129_ab38-7337be5c30b1b5d1_874c-57862376ad3394a1_c9dc-32fe2fa7cc43fbc3_b8f3-0de4b62afcd06138_45f2-a966ba0c6e0d463d_ce88-25ef88cce38adfbc_1740-7504548a0dd7baf8_b148-064a69cb5d40b41f_9c2e-a690a35743c855aa_4c00-4b813e7c9bc088d0_1ce1-e4909f617bc99db4_4ab8-03379f213dfbda39_79a2-c49a96282ec09e90_5bfa-a2d31b84a569e568_fb03-88ddc0cbf1a23687_43ea-b36a8d73976068a3_6afd-c02445dd7a5b6f26_d92a-a76099fbab67c9da_4d48-c6c5c151b7b8e770_38db-60d26ec0f9c4757e_425d-9539c0004762d6a8_2eee-b2fde7ee4eb1c40f_1f95-c2ffd6a81bfe2613_f91c-81b10da74f7ac9ff_15c8-6ccc8b815fbc093a_e921-5aa3cbd322d4f163_402a-52e190f2e5f3b790_edbb-71392179ff5e728f_d7fe-4e893adaff5699af_ab4f-6f4aca312776de7b_97f3-4e88e46c6584bd85_21d2-eef61c8f3cdd8280_c537-bfb3e4eaf7ba458f_81db-af3fc77ab8313235_5b72-dbb41344c474217f_ee0e-498d06abfb7e9487_5c19-36492265af47de94_a352-9c97a83f60095487_02d9-0d1a67f82b3b5854_d74d-2f8d482d22e56fdd_410e-5c12b219bbb5bc07_6008-4aafdc038df138e8_58f0-474a8460bc35eb12_20d0-0f0664338151d4ac_5c06-0-exact_time_to_episode
[Checkpoint] skip completed sample 6c24abb778c24a7c_704a-977b52faf01e6c05_d71f-01c1b8aa1820aa0b_adaf-32918ea00b69d9fe_38ff-cdf30defa61245ba_5590-2513b9a8d8ae5129_ab38-7337be5c30b1b5d1_874c-57862376ad3394a1_c9dc-32fe2fa7cc43fbc3_b8f3-0de4b62afcd06138_45f2-a966ba0c6e0d463d_ce88-25ef88cce38adfbc_1740-7504548a0dd7baf8_b148-064a69cb5d40b41f_9c2e-a690a35743c855aa_4c00-4b813e7c9bc088d0_1ce1-e4909f617bc99db4_4ab8-03379f213dfbda39_79a2-c49a96282ec09e90_5bfa-a2d31b84a569e568_fb03-88ddc0cbf1a23687_43ea-b36a8d73976068a3_6afd-c02445dd7a5b6f26_d92a-a76099fbab67c9da_4d48-c6c5c151b7b8e770_38db-60d26ec0f9c4757e_425d-9539c0004762d6a8_2eee-b2fde7ee4eb1c40f_1f95-c2ffd6a81bfe2613_f91c-81b10da74f7ac9ff_15c8-6ccc8b815fbc093a_e921-5aa3cbd322d4f163_402a-52e190f2e5f3b790_edbb-71392179ff5e728f_d7fe-4e893adaff5699af_ab4f-6f4aca312776de7b_97f3-4e88e46c6584bd85_21d2-eef61c8f3cdd8280_c537-bfb3e4eaf7ba458f_81db-af3fc77ab8313235_5b72-dbb41344c474217f_ee0e-498d06abfb7e9487_5c19-36492265af47de94_a352-9c97a83f60095487_02d9-0d1a67f82b3b5854_d74d-2f8d482d22e56fdd_410e-5c12b219bbb5bc07_6008-4aafdc038df138e8_58f0-474a8460bc35eb12_20d0-0f0664338151d4ac_5c06-0-tasks_to_exact_times
[Checkpoint] skip completed sample 6c24abb778c24a7c_704a-977b52faf01e6c05_d71f-01c1b8aa1820aa0b_adaf-32918ea00b69d9fe_38ff-cdf30defa61245ba_5590-2513b9a8d8ae5129_ab38-7337be5c30b1b5d1_874c-57862376ad3394a1_c9dc-32fe2fa7cc43fbc3_b8f3-0de4b62afcd06138_45f2-a966ba0c6e0d463d_ce88-25ef88cce38adfbc_1740-7504548a0dd7baf8_b148-064a69cb5d40b41f_9c2e-a690a35743c855aa_4c00-4b813e7c9bc088d0_1ce1-e4909f617bc99db4_4ab8-03379f213dfbda39_79a2-c49a96282ec09e90_5bfa-a2d31b84a569e568_fb03-88ddc0cbf1a23687_43ea-b36a8d73976068a3_6afd-c02445dd7a5b6f26_d92a-a76099fbab67c9da_4d48-c6c5c151b7b8e770_38db-60d26ec0f9c4757e_425d-9539c0004762d6a8_2eee-b2fde7ee4eb1c40f_1f95-c2ffd6a81bfe2613_f91c-81b10da74f7ac9ff_15c8-6ccc8b815fbc093a_e921-5aa3cbd322d4f163_402a-52e190f2e5f3b790_edbb-71392179ff5e728f_d7fe-4e893adaff5699af_ab4f-6f4aca312776de7b_97f3-4e88e46c6584bd85_21d2-eef61c8f3cdd8280_c537-bfb3e4eaf7ba458f_81db-af3fc77ab8313235_5b72-dbb41344c474217f_ee0e-498d06abfb7e9487_5c19-36492265af47de94_a352-9c97a83f60095487_02d9-0d1a67f82b3b5854_d74d-2f8d482d22e56fdd_410e-5c12b219bbb5bc07_6008-4aafdc038df138e8_58f0-474a8460bc35eb12_20d0-0f0664338151d4ac_5c06-0-tasks_to_days_ago
[Checkpoint] skip completed sample 6c24abb778c24a7c_704a-977b52faf01e6c05_d71f-01c1b8aa1820aa0b_adaf-32918ea00b69d9fe_38ff-cdf30defa61245ba_5590-2513b9a8d8ae5129_ab38-7337be5c30b1b5d1_874c-57862376ad3394a1_c9dc-32fe2fa7cc43fbc3_b8f3-0de4b62afcd06138_45f2-a966ba0c6e0d463d_ce88-25ef88cce38adfbc_1740-7504548a0dd7baf8_b148-064a69cb5d40b41f_9c2e-a690a35743c855aa_4c00-4b813e7c9bc088d0_1ce1-e4909f617bc99db4_4ab8-03379f213dfbda39_79a2-c49a96282ec09e90_5bfa-a2d31b84a569e568_fb03-88ddc0cbf1a23687_43ea-b36a8d73976068a3_6afd-c02445dd7a5b6f26_d92a-a76099fbab67c9da_4d48-c6c5c151b7b8e770_38db-60d26ec0f9c4757e_425d-9539c0004762d6a8_2eee-b2fde7ee4eb1c40f_1f95-c2ffd6a81bfe2613_f91c-81b10da74f7ac9ff_15c8-6ccc8b815fbc093a_e921-5aa3cbd322d4f163_402a-52e190f2e5f3b790_edbb-71392179ff5e728f_d7fe-4e893adaff5699af_ab4f-6f4aca312776de7b_97f3-4e88e46c6584bd85_21d2-eef61c8f3cdd8280_c537-bfb3e4eaf7ba458f_81db-af3fc77ab8313235_5b72-dbb41344c474217f_ee0e-498d06abfb7e9487_5c19-36492265af47de94_a352-9c97a83f60095487_02d9-0d1a67f82b3b5854_d74d-2f8d482d22e56fdd_410e-5c12b219bbb5bc07_6008-4aafdc038df138e8_58f0-474a8460bc35eb12_20d0-0f0664338151d4ac_5c06-0-days_ago_to_episode
[Checkpoint] skip completed sample e336199e4aca573c_4d32-85ec788c6b00fb0d_14d1-ad2e4eb0b24a5940_9c9d-50bc3abf986ccabb_7071-915fdf90f4bc33cd_6c72-1fd74046ded8f9d1_42a3-cb0e41e1b364ad27_9a72-4b7b1a5b7f3d19ae_1413-cce21676357b2d20_b27c-01c1b8aa1820aa0b_adaf-b8f22271faff678f_dce6-4fc54b735d3f45a6_b7b4-e8f7cd03e3683657_4d70-84d6411d0710d918_5b3c-04ae108b77699c0f_2453-b53c115c99ca34dd_5e2b-b63078c7b3e28f59_355d-c6f7828bc5640531_1604-c7cc40993ef8468b_3e7b-0b161c6f709cde89_4c30-fef7c3fc3990d2e8_518b-e85d1457c7af9ad4_4960-9e23434a16a146b5_7f9a-41b067f2ce6f3fef_8ee6-9539c0004762d6a8_fe91-a2b0269334c60e48_2cb5-464fb2558d308797_4110-d8034826803791df_10bf-88f8ad0d2d356270_bb95-491169530040eb68_c8b0-e035a44ebae9d3fd_c842-c02445dd7a5b6f26_86bd-8150a936da2df63d_2451-3ebbcf3c3aed7c9e_5813-1e8fb21f2b41b0b0_db8b-a451af83aeece675_117b-140e54aadad74d20_222f-e455dbf27ecaf413_8484-c6c5c151b7b8e770_38db-18f6da623ba658a2_aa07-612f99763b6978b6_0c1a-09d537bcc73a42fc_52e8-5ab41ea72487ce0f_e5be-0d1a67f82b3b5854_d74d-0d600126a7947365_cac4-2b5a33d4908ee77d_20f6-a82cd949493bada0_ffe5-b2815444299854b0_d30e-5026400c43e20c2d_d3fc-85ec788c6b00fb0d_49ba-0-sequence_of_task_descs
[Checkpoint] skip completed sample e336199e4aca573c_4d32-85ec788c6b00fb0d_14d1-ad2e4eb0b24a5940_9c9d-50bc3abf986ccabb_7071-915fdf90f4bc33cd_6c72-1fd74046ded8f9d1_42a3-cb0e41e1b364ad27_9a72-4b7b1a5b7f3d19ae_1413-cce21676357b2d20_b27c-01c1b8aa1820aa0b_adaf-b8f22271faff678f_dce6-4fc54b735d3f45a6_b7b4-e8f7cd03e3683657_4d70-84d6411d0710d918_5b3c-04ae108b77699c0f_2453-b53c115c99ca34dd_5e2b-b63078c7b3e28f59_355d-c6f7828bc5640531_1604-c7cc40993ef8468b_3e7b-0b161c6f709cde89_4c30-fef7c3fc3990d2e8_518b-e85d1457c7af9ad4_4960-9e23434a16a146b5_7f9a-41b067f2ce6f3fef_8ee6-9539c0004762d6a8_fe91-a2b0269334c60e48_2cb5-464fb2558d308797_4110-d8034826803791df_10bf-88f8ad0d2d356270_bb95-491169530040eb68_c8b0-e035a44ebae9d3fd_c842-c02445dd7a5b6f26_86bd-8150a936da2df63d_2451-3ebbcf3c3aed7c9e_5813-1e8fb21f2b41b0b0_db8b-a451af83aeece675_117b-140e54aadad74d20_222f-e455dbf27ecaf413_8484-c6c5c151b7b8e770_38db-18f6da623ba658a2_aa07-612f99763b6978b6_0c1a-09d537bcc73a42fc_52e8-5ab41ea72487ce0f_e5be-0d1a67f82b3b5854_d74d-0d600126a7947365_cac4-2b5a33d4908ee77d_20f6-a82cd949493bada0_ffe5-b2815444299854b0_d30e-5026400c43e20c2d_d3fc-85ec788c6b00fb0d_49ba-0-seq_specific_shortened_low_actions
[Checkpoint] skip completed sample e336199e4aca573c_4d32-85ec788c6b00fb0d_14d1-ad2e4eb0b24a5940_9c9d-50bc3abf986ccabb_7071-915fdf90f4bc33cd_6c72-1fd74046ded8f9d1_42a3-cb0e41e1b364ad27_9a72-4b7b1a5b7f3d19ae_1413-cce21676357b2d20_b27c-01c1b8aa1820aa0b_adaf-b8f22271faff678f_dce6-4fc54b735d3f45a6_b7b4-e8f7cd03e3683657_4d70-84d6411d0710d918_5b3c-04ae108b77699c0f_2453-b53c115c99ca34dd_5e2b-b63078c7b3e28f59_355d-c6f7828bc5640531_1604-c7cc40993ef8468b_3e7b-0b161c6f709cde89_4c30-fef7c3fc3990d2e8_518b-e85d1457c7af9ad4_4960-9e23434a16a146b5_7f9a-41b067f2ce6f3fef_8ee6-9539c0004762d6a8_fe91-a2b0269334c60e48_2cb5-464fb2558d308797_4110-d8034826803791df_10bf-88f8ad0d2d356270_bb95-491169530040eb68_c8b0-e035a44ebae9d3fd_c842-c02445dd7a5b6f26_86bd-8150a936da2df63d_2451-3ebbcf3c3aed7c9e_5813-1e8fb21f2b41b0b0_db8b-a451af83aeece675_117b-140e54aadad74d20_222f-e455dbf27ecaf413_8484-c6c5c151b7b8e770_38db-18f6da623ba658a2_aa07-612f99763b6978b6_0c1a-09d537bcc73a42fc_52e8-5ab41ea72487ce0f_e5be-0d1a67f82b3b5854_d74d-0d600126a7947365_cac4-2b5a33d4908ee77d_20f6-a82cd949493bada0_ffe5-b2815444299854b0_d30e-5026400c43e20c2d_d3fc-85ec788c6b00fb0d_49ba-0-seq_right_after_questions
Warning: You are sending unauthenticated requests to the HF Hub. Please set a HF_TOKEN to enable higher rate limits and faster downloads.
[Checkpoint] retry error sample e336199e4aca573c_4d32-85ec788c6b00fb0d_14d1-ad2e4eb0b24a5940_9c9d-50bc3abf986ccabb_7071-915fdf90f4bc33cd_6c72-1fd74046ded8f9d1_42a3-cb0e41e1b364ad27_9a72-4b7b1a5b7f3d19ae_1413-cce21676357b2d20_b27c-01c1b8aa1820aa0b_adaf-b8f22271faff678f_dce6-4fc54b735d3f45a6_b7b4-e8f7cd03e3683657_4d70-84d6411d0710d918_5b3c-04ae108b77699c0f_2453-b53c115c99ca34dd_5e2b-b63078c7b3e28f59_355d-c6f7828bc5640531_1604-c7cc40993ef8468b_3e7b-0b161c6f709cde89_4c30-fef7c3fc3990d2e8_518b-e85d1457c7af9ad4_4960-9e23434a16a146b5_7f9a-41b067f2ce6f3fef_8ee6-9539c0004762d6a8_fe91-a2b0269334c60e48_2cb5-464fb2558d308797_4110-d8034826803791df_10bf-88f8ad0d2d356270_bb95-491169530040eb68_c8b0-e035a44ebae9d3fd_c842-c02445dd7a5b6f26_86bd-8150a936da2df63d_2451-3ebbcf3c3aed7c9e_5813-1e8fb21f2b41b0b0_db8b-a451af83aeece675_117b-140e54aadad74d20_222f-e455dbf27ecaf413_8484-c6c5c151b7b8e770_38db-18f6da623ba658a2_aa07-612f99763b6978b6_0c1a-09d537bcc73a42fc_52e8-5ab41ea72487ce0f_e5be-0d1a67f82b3b5854_d74d-0d600126a7947365_cac4-2b5a33d4908ee77d_20f6-a82cd949493bada0_ffe5-b2815444299854b0_d30e-5026400c43e20c2d_d3fc-85ec788c6b00fb0d_49ba-0-seq_right_before_questions
Evaluating sample e336199e4aca573c_4d32-85ec788c6b00fb0d_14d1-ad2e4eb0b24a5940_9c9d-50bc3abf986ccabb_7071-915fdf90f4bc33cd_6c72-1fd74046ded8f9d1_42a3-cb0e41e1b364ad27_9a72-4b7b1a5b7f3d19ae_1413-cce21676357b2d20_b27c-01c1b8aa1820aa0b_adaf-b8f22271faff678f_dce6-4fc54b735d3f45a6_b7b4-e8f7cd03e3683657_4d70-84d6411d0710d918_5b3c-04ae108b77699c0f_2453-b53c115c99ca34dd_5e2b-b63078c7b3e28f59_355d-c6f7828bc5640531_1604-c7cc40993ef8468b_3e7b-0b161c6f709cde89_4c30-fef7c3fc3990d2e8_518b-e85d1457c7af9ad4_4960-9e23434a16a146b5_7f9a-41b067f2ce6f3fef_8ee6-9539c0004762d6a8_fe91-a2b0269334c60e48_2cb5-464fb2558d308797_4110-d8034826803791df_10bf-88f8ad0d2d356270_bb95-491169530040eb68_c8b0-e035a44ebae9d3fd_c842-c02445dd7a5b6f26_86bd-8150a936da2df63d_2451-3ebbcf3c3aed7c9e_5813-1e8fb21f2b41b0b0_db8b-a451af83aeece675_117b-140e54aadad74d20_222f-e455dbf27ecaf413_8484-c6c5c151b7b8e770_38db-18f6da623ba658a2_aa07-612f99763b6978b6_0c1a-09d537bcc73a42fc_52e8-5ab41ea72487ce0f_e5be-0d1a67f82b3b5854_d74d-0d600126a7947365_cac4-2b5a33d4908ee77d_20f6-a82cd949493bada0_ffe5-b2815444299854b0_d30e-5026400c43e20c2d_d3fc-85ec788c6b00fb0d_49ba-0-seq_right_before_questions
Loading weights:   0%|          | 0/199 [00:00<?, ?it/s]Loading weights: 100%|██████████| 199/199 [00:00<00:00, 5168.73it/s]
[1mMPNetModel LOAD REPORT[0m from: sentence-transformers/all-mpnet-base-v2
Key                     | Status     |  | 
------------------------+------------+--+-
embeddings.position_ids | UNEXPECTED |  | 

Notes:
- UNEXPECTED:	can be ignored when loading from different task/architecture; not ok if you expect identical arch.
/home/user22303471/Project/Active-H-EMV/llm_emv/setup.py:226: FutureWarning: The `get_sentence_embedding_dimension` method has been renamed to `get_embedding_dimension`.
  filter_kwargs['_embedding_dim'] = embedding_model.get_sentence_embedding_dimension()
/home/user22303471/Project/Active-H-EMV/llm_emv/setup.py:183: FutureWarning: The `get_sentence_embedding_dimension` method has been renamed to `get_embedding_dimension`.
  result = torch.empty(len(texts), embedding_model.get_sentence_embedding_dimension(),
/home/user22303471/Project/Active-H-EMV/llm_emv/setup.py:183: FutureWarning: The `get_sentence_embedding_dimension` method has been renamed to `get_embedding_dimension`.
  result = torch.empty(len(texts), embedding_model.get_sentence_embedding_dimension(),
[配置] 启用 FAISS 加速，索引类型: flat
[GraphAug] 开始构建记忆图...
[MemoryGraph] 收集到 5612 个事件节点
[MemoryGraph] 时间相邻边: 4545
[MemoryGraph] 共享物体边: 12248
[MemoryGraph] 唯一动作数: 372, 相似动作对: 802
[MemoryGraph] 相似动作边: 1599
[MemoryGraph] 图构建完成: {'num_nodes': 5612, 'num_edges': 18392, 'edges_temporal_adjacent': 4545, 'edges_co_object': 12248, 'edges_similar_action': 1599}
[GraphAug] 记忆图构建完成
Got 0 examples


 ============================== 


eval temporal_neighbor('clean all the mugs', direction='before')
Updated/Defined variables after execution: {}

**SystemMessage**:
"""You are a smart humanoid robot answering user question about your past actions.
The history object contains information on what you did in the past, represented as a tree.
Use the method expand to look at details of a node.
Make sure to use collapse_all_but(idx) when you expanded irrelevant nodes, in order to keep the tree compact.
Enter Python expressions into the console to see the value and decide for the next command based on that result.
Answer concisely by calling answer("...") when you gathered enough information to answer the question.
Generate syntactically correct python console statements only, no explanations or other natural language statements.
IMPORTANT: If search() returns "No relevant records found", your next command MUST be answer("I have no record of that."). Do not search synonyms, do not expand further, and do not call vqa.
IMPORTANT: If you get "Nothing changed" twice, answer honestly that you have no record. Do NOT keep searching repeatedly. For just-before/just-after questions, first try one broader target search or inspect another relevant top-level time block before giving up.
For object yes/no questions, first use object_lookup("object name"). If it reports no matching summary, answer "No, I have no record of that." Do not call vqa unless you already have a directly relevant leaf image.
For task-list questions such as "List the tasks you performed", first use task_list(). Prefer its Recommended answer and chronological candidates instead of manually expanding the whole tree. For long histories, do not copy every task candidate verbatim unless the user explicitly asks for an exhaustive transcript.
For low-level action questions such as "what task did you perform when you toggle/open/pick up/place X", first use action_lookup("full low-level action"), for example action_lookup("open the drawer"). Do not call task_lookup first for these low-level action questions.
For task-description questions such as "describe what you did when you X", first use task_lookup("X"). Prefer its matching task candidates instead of manually expanding the whole tree. This does not apply to low-level action questions covered by action_lookup.
For exact date/time questions or "N days ago" questions asking what happened, first use date_lookup(question). Prefer its Recommended answer when it is confident instead of manually expanding by date.
For "How many days ago did you X?" or "When did you X?" questions, first use event_date_lookup(question). If it lists multiple days, include all of them in the final answer instead of only the most recent match.
For just-before or just-after questions, first use temporal_neighbor(target_task, direction="before" or "after") if a candidate is not already shown. Prefer the returned Recommended answer when it is confident. Only then inspect adjacent sibling or temporal nodes. Avoid expanding to raw leaf observations unless the summary is insufficient.
Do not call vqa for time, date, task-list, before/after, or yes/no object-existence questions when textual summaries already answer the question. Use vqa only for explicit visual appearance questions such as color, visible state, or what something looks like.
Never output bare parameters such as reasoning="..." answer="...". Always call answer("..."). You may call answer(reasoning="...", answer="...") only when a short reason is necessary.
Keep answer() short: answer under 60 words, and do not use markdown or backticks inside answer()."""

**HumanMessage**:
"""
def action_lookup(query: str, max_matches: int = 6) -> str # For low-level action questions, map raw leaf actions back to task-sized summaries
def answer(reasoning: str = None, answer: str = Ellipsis)
def ask(question: str)
def date_lookup(query: str, max_matches: int = 8) -> str # For exact date/time or N-days-ago questions, list matching history summaries directly
def event_date_lookup(query: str, max_matches: int = 12) -> str # For "how many days ago did you X" questions, find all matching event dates directly
def now() -> datetime.datetime
def object_lookup(object_name: str, max_matches: int = 8) -> str # For object yes/no questions, check whether task summaries mention the object
def task_list(max_tasks: int = 30) -> str # For task-list questions, list task-sized history summaries in chronological order
def task_lookup(query: str, max_matches: int = 8) -> str # For task-description questions, list task-sized summaries matching a query
def temporal_neighbor(target_task: str, direction: str = 'before', max_candidates: int = 6) -> str # For just-before/just-after questions, find the target task and return adjacent task candidates
def vqa(question: str, *images: PIL.Image.Image)
"""

**HumanMessage**:
"""Usage examples:
>>> history.expand()  # Shows the history tree with all child nodes expanded
>>> history.expand(date(2021, 12, 20))  # Expand the children that overlap with the given day
>>> history.expand(now() - timedelta(hours=6), now() - timedelta(hours=4))  # Expand all children that overlap with the given range (in this example "about 5 hours ago")
>>> history.expand((now() - timedelta(days=2)).date())  # Expand all children that overlap with the day before yesterday
>>> history.expand(0)  # Shows child node 0
>>> history[0].expand()  # Expands all child nodes of node 0 (node 0 must be expanded already to see them)
>>> history[5][2].expand()  # Shows child node 2 of child node 5 with all its child nodes expanded
>>> history.search("green cup") # Semantic index search. Expands the most relevant children according to similarity of the natural language query and the node's (recursively defined) index content.
>>> history[1][42].search("bicycle") # Semantic index search on some node further down the tree. Expands the children of node 1.42 most relevant to the search term
>>> history[3].collapse_all_but(1); history[3][1].expand()  # Zooms into details of child node 3.1 while collapsing all other childs of node 3
>>> vqa("What color is the ... in this image?",
...     history[2][4][-1][0].image)  # Invoke a model to answer a visual question about image(s) of some leaf (!) node(s)

# After gathering the relevant information, answer the question:
# Use a short final answer. Optionally provide a brief reasoning only when needed.
>>> answer("...")"""

**HumanMessage**:
"""User question: What task did you do just before clean all the mugs?"""

**AIMessage**:
"""temporal_neighbor('clean all the mugs', direction='before')"""

**HumanMessage**:
""""Temporal neighbor candidates for target='clean all the mugs', direction='before':\n1. score=0.80; target=2023/12/04 13:27:12 - 13:29:27: I started by locating two mugs, placing them in the sink, rinsing them by turning the faucet on and off, and then pouring out the water and placing the cleaned mugs on the countert...; before=2023/12/04 08:23:46 - 08:23:46: I attempted to open a cabinet (Cabinet_3) but there is no further action recorded for this cabinet, suggesting it might have been empty or the task was interrupted.\nRecommended answer: I attempted to open a cabinet (Cabinet_3) but there is no further action recorded for this cabinet, suggesting it might have been empty or the task was interrupted.""""

**HumanMessage**:
/home/user22303471/Project/Active-H-EMV/llm_emv/setup.py:226: FutureWarning: The `get_sentence_embedding_dimension` method has been renamed to `get_embedding_dimension`.
  filter_kwargs['_embedding_dim'] = embedding_model.get_sentence_embedding_dimension()
"""Current state:
2023/11/23 - 2023/12/14: "From November 23rd to December 14th, I performed a consistent routine of household maintenance and meal preparation. This included preparing various meals such as toast, sandwiches, and salads, boiling potatoes, making coffee, washing dishes, watering houseplants, and organizing common household items like remotes, newspapers, and pillows."  
  ..."""
{}
command: answer("Just before cleaning the mugs, I attempted to open a cabinet.")
expected output: 


 ============================== 


eval answer("Just before cleaning the mugs, I attempted to open a cabinet.")
Answering Just before cleaning the mugs, I attempted to open a cabinet.  with reason: None
Tokens Used: 2312
	Prompt Tokens: 1814
	Completion Tokens: 498
Successful Requests: 1
Total Cost (USD): $0.0
[Checkpoint] skip completed sample e336199e4aca573c_4d32-85ec788c6b00fb0d_14d1-ad2e4eb0b24a5940_9c9d-50bc3abf986ccabb_7071-915fdf90f4bc33cd_6c72-1fd74046ded8f9d1_42a3-cb0e41e1b364ad27_9a72-4b7b1a5b7f3d19ae_1413-cce21676357b2d20_b27c-01c1b8aa1820aa0b_adaf-b8f22271faff678f_dce6-4fc54b735d3f45a6_b7b4-e8f7cd03e3683657_4d70-84d6411d0710d918_5b3c-04ae108b77699c0f_2453-b53c115c99ca34dd_5e2b-b63078c7b3e28f59_355d-c6f7828bc5640531_1604-c7cc40993ef8468b_3e7b-0b161c6f709cde89_4c30-fef7c3fc3990d2e8_518b-e85d1457c7af9ad4_4960-9e23434a16a146b5_7f9a-41b067f2ce6f3fef_8ee6-9539c0004762d6a8_fe91-a2b0269334c60e48_2cb5-464fb2558d308797_4110-d8034826803791df_10bf-88f8ad0d2d356270_bb95-491169530040eb68_c8b0-e035a44ebae9d3fd_c842-c02445dd7a5b6f26_86bd-8150a936da2df63d_2451-3ebbcf3c3aed7c9e_5813-1e8fb21f2b41b0b0_db8b-a451af83aeece675_117b-140e54aadad74d20_222f-e455dbf27ecaf413_8484-c6c5c151b7b8e770_38db-18f6da623ba658a2_aa07-612f99763b6978b6_0c1a-09d537bcc73a42fc_52e8-5ab41ea72487ce0f_e5be-0d1a67f82b3b5854_d74d-0d600126a7947365_cac4-2b5a33d4908ee77d_20f6-a82cd949493bada0_ffe5-b2815444299854b0_d30e-5026400c43e20c2d_d3fc-85ec788c6b00fb0d_49ba-0-seq_simple_object_yes_no
[Checkpoint] skip completed sample e336199e4aca573c_4d32-85ec788c6b00fb0d_14d1-ad2e4eb0b24a5940_9c9d-50bc3abf986ccabb_7071-915fdf90f4bc33cd_6c72-1fd74046ded8f9d1_42a3-cb0e41e1b364ad27_9a72-4b7b1a5b7f3d19ae_1413-cce21676357b2d20_b27c-01c1b8aa1820aa0b_adaf-b8f22271faff678f_dce6-4fc54b735d3f45a6_b7b4-e8f7cd03e3683657_4d70-84d6411d0710d918_5b3c-04ae108b77699c0f_2453-b53c115c99ca34dd_5e2b-b63078c7b3e28f59_355d-c6f7828bc5640531_1604-c7cc40993ef8468b_3e7b-0b161c6f709cde89_4c30-fef7c3fc3990d2e8_518b-e85d1457c7af9ad4_4960-9e23434a16a146b5_7f9a-41b067f2ce6f3fef_8ee6-9539c0004762d6a8_fe91-a2b0269334c60e48_2cb5-464fb2558d308797_4110-d8034826803791df_10bf-88f8ad0d2d356270_bb95-491169530040eb68_c8b0-e035a44ebae9d3fd_c842-c02445dd7a5b6f26_86bd-8150a936da2df63d_2451-3ebbcf3c3aed7c9e_5813-1e8fb21f2b41b0b0_db8b-a451af83aeece675_117b-140e54aadad74d20_222f-e455dbf27ecaf413_8484-c6c5c151b7b8e770_38db-18f6da623ba658a2_aa07-612f99763b6978b6_0c1a-09d537bcc73a42fc_52e8-5ab41ea72487ce0f_e5be-0d1a67f82b3b5854_d74d-0d600126a7947365_cac4-2b5a33d4908ee77d_20f6-a82cd949493bada0_ffe5-b2815444299854b0_d30e-5026400c43e20c2d_d3fc-85ec788c6b00fb0d_49ba-0-seq_low_actions_to_episode_task_descs
[Checkpoint] skip completed sample e336199e4aca573c_4d32-85ec788c6b00fb0d_14d1-ad2e4eb0b24a5940_9c9d-50bc3abf986ccabb_7071-915fdf90f4bc33cd_6c72-1fd74046ded8f9d1_42a3-cb0e41e1b364ad27_9a72-4b7b1a5b7f3d19ae_1413-cce21676357b2d20_b27c-01c1b8aa1820aa0b_adaf-b8f22271faff678f_dce6-4fc54b735d3f45a6_b7b4-e8f7cd03e3683657_4d70-84d6411d0710d918_5b3c-04ae108b77699c0f_2453-b53c115c99ca34dd_5e2b-b63078c7b3e28f59_355d-c6f7828bc5640531_1604-c7cc40993ef8468b_3e7b-0b161c6f709cde89_4c30-fef7c3fc3990d2e8_518b-e85d1457c7af9ad4_4960-9e23434a16a146b5_7f9a-41b067f2ce6f3fef_8ee6-9539c0004762d6a8_fe91-a2b0269334c60e48_2cb5-464fb2558d308797_4110-d8034826803791df_10bf-88f8ad0d2d356270_bb95-491169530040eb68_c8b0-e035a44ebae9d3fd_c842-c02445dd7a5b6f26_86bd-8150a936da2df63d_2451-3ebbcf3c3aed7c9e_5813-1e8fb21f2b41b0b0_db8b-a451af83aeece675_117b-140e54aadad74d20_222f-e455dbf27ecaf413_8484-c6c5c151b7b8e770_38db-18f6da623ba658a2_aa07-612f99763b6978b6_0c1a-09d537bcc73a42fc_52e8-5ab41ea72487ce0f_e5be-0d1a67f82b3b5854_d74d-0d600126a7947365_cac4-2b5a33d4908ee77d_20f6-a82cd949493bada0_ffe5-b2815444299854b0_d30e-5026400c43e20c2d_d3fc-85ec788c6b00fb0d_49ba-0-exact_time_to_episode
[Checkpoint] skip completed sample e336199e4aca573c_4d32-85ec788c6b00fb0d_14d1-ad2e4eb0b24a5940_9c9d-50bc3abf986ccabb_7071-915fdf90f4bc33cd_6c72-1fd74046ded8f9d1_42a3-cb0e41e1b364ad27_9a72-4b7b1a5b7f3d19ae_1413-cce21676357b2d20_b27c-01c1b8aa1820aa0b_adaf-b8f22271faff678f_dce6-4fc54b735d3f45a6_b7b4-e8f7cd03e3683657_4d70-84d6411d0710d918_5b3c-04ae108b77699c0f_2453-b53c115c99ca34dd_5e2b-b63078c7b3e28f59_355d-c6f7828bc5640531_1604-c7cc40993ef8468b_3e7b-0b161c6f709cde89_4c30-fef7c3fc3990d2e8_518b-e85d1457c7af9ad4_4960-9e23434a16a146b5_7f9a-41b067f2ce6f3fef_8ee6-9539c0004762d6a8_fe91-a2b0269334c60e48_2cb5-464fb2558d308797_4110-d8034826803791df_10bf-88f8ad0d2d356270_bb95-491169530040eb68_c8b0-e035a44ebae9d3fd_c842-c02445dd7a5b6f26_86bd-8150a936da2df63d_2451-3ebbcf3c3aed7c9e_5813-1e8fb21f2b41b0b0_db8b-a451af83aeece675_117b-140e54aadad74d20_222f-e455dbf27ecaf413_8484-c6c5c151b7b8e770_38db-18f6da623ba658a2_aa07-612f99763b6978b6_0c1a-09d537bcc73a42fc_52e8-5ab41ea72487ce0f_e5be-0d1a67f82b3b5854_d74d-0d600126a7947365_cac4-2b5a33d4908ee77d_20f6-a82cd949493bada0_ffe5-b2815444299854b0_d30e-5026400c43e20c2d_d3fc-85ec788c6b00fb0d_49ba-0-tasks_to_exact_times
[Checkpoint] skip completed sample e336199e4aca573c_4d32-85ec788c6b00fb0d_14d1-ad2e4eb0b24a5940_9c9d-50bc3abf986ccabb_7071-915fdf90f4bc33cd_6c72-1fd74046ded8f9d1_42a3-cb0e41e1b364ad27_9a72-4b7b1a5b7f3d19ae_1413-cce21676357b2d20_b27c-01c1b8aa1820aa0b_adaf-b8f22271faff678f_dce6-4fc54b735d3f45a6_b7b4-e8f7cd03e3683657_4d70-84d6411d0710d918_5b3c-04ae108b77699c0f_2453-b53c115c99ca34dd_5e2b-b63078c7b3e28f59_355d-c6f7828bc5640531_1604-c7cc40993ef8468b_3e7b-0b161c6f709cde89_4c30-fef7c3fc3990d2e8_518b-e85d1457c7af9ad4_4960-9e23434a16a146b5_7f9a-41b067f2ce6f3fef_8ee6-9539c0004762d6a8_fe91-a2b0269334c60e48_2cb5-464fb2558d308797_4110-d8034826803791df_10bf-88f8ad0d2d356270_bb95-491169530040eb68_c8b0-e035a44ebae9d3fd_c842-c02445dd7a5b6f26_86bd-8150a936da2df63d_2451-3ebbcf3c3aed7c9e_5813-1e8fb21f2b41b0b0_db8b-a451af83aeece675_117b-140e54aadad74d20_222f-e455dbf27ecaf413_8484-c6c5c151b7b8e770_38db-18f6da623ba658a2_aa07-612f99763b6978b6_0c1a-09d537bcc73a42fc_52e8-5ab41ea72487ce0f_e5be-0d1a67f82b3b5854_d74d-0d600126a7947365_cac4-2b5a33d4908ee77d_20f6-a82cd949493bada0_ffe5-b2815444299854b0_d30e-5026400c43e20c2d_d3fc-85ec788c6b00fb0d_49ba-0-tasks_to_days_ago
Evaluating sample e336199e4aca573c_4d32-85ec788c6b00fb0d_14d1-ad2e4eb0b24a5940_9c9d-50bc3abf986ccabb_7071-915fdf90f4bc33cd_6c72-1fd74046ded8f9d1_42a3-cb0e41e1b364ad27_9a72-4b7b1a5b7f3d19ae_1413-cce21676357b2d20_b27c-01c1b8aa1820aa0b_adaf-b8f22271faff678f_dce6-4fc54b735d3f45a6_b7b4-e8f7cd03e3683657_4d70-84d6411d0710d918_5b3c-04ae108b77699c0f_2453-b53c115c99ca34dd_5e2b-b63078c7b3e28f59_355d-c6f7828bc5640531_1604-c7cc40993ef8468b_3e7b-0b161c6f709cde89_4c30-fef7c3fc3990d2e8_518b-e85d1457c7af9ad4_4960-9e23434a16a146b5_7f9a-41b067f2ce6f3fef_8ee6-9539c0004762d6a8_fe91-a2b0269334c60e48_2cb5-464fb2558d308797_4110-d8034826803791df_10bf-88f8ad0d2d356270_bb95-491169530040eb68_c8b0-e035a44ebae9d3fd_c842-c02445dd7a5b6f26_86bd-8150a936da2df63d_2451-3ebbcf3c3aed7c9e_5813-1e8fb21f2b41b0b0_db8b-a451af83aeece675_117b-140e54aadad74d20_222f-e455dbf27ecaf413_8484-c6c5c151b7b8e770_38db-18f6da623ba658a2_aa07-612f99763b6978b6_0c1a-09d537bcc73a42fc_52e8-5ab41ea72487ce0f_e5be-0d1a67f82b3b5854_d74d-0d600126a7947365_cac4-2b5a33d4908ee77d_20f6-a82cd949493bada0_ffe5-b2815444299854b0_d30e-5026400c43e20c2d_d3fc-85ec788c6b00fb0d_49ba-0-days_ago_to_episode
[配置] 启用 FAISS 加速，索引类型: flat
[GraphAug] 命中图缓存 (nodes=5612, edges=18392)
Got 0 examples


 ============================== 


eval date_lookup('Today is Dec 14, 2023 at 06:25 PM. What did you do 21 days ago?')
Updated/Defined variables after execution: {}

**SystemMessage**:
"""You are a smart humanoid robot answering user question about your past actions.
The history object contains information on what you did in the past, represented as a tree.
Use the method expand to look at details of a node.
Make sure to use collapse_all_but(idx) when you expanded irrelevant nodes, in order to keep the tree compact.
Enter Python expressions into the console to see the value and decide for the next command based on that result.
Answer concisely by calling answer("...") when you gathered enough information to answer the question.
Generate syntactically correct python console statements only, no explanations or other natural language statements.
IMPORTANT: If search() returns "No relevant records found", your next command MUST be answer("I have no record of that."). Do not search synonyms, do not expand further, and do not call vqa.
IMPORTANT: If you get "Nothing changed" twice, answer honestly that you have no record. Do NOT keep searching repeatedly. For just-before/just-after questions, first try one broader target search or inspect another relevant top-level time block before giving up.
For object yes/no questions, first use object_lookup("object name"). If it reports no matching summary, answer "No, I have no record of that." Do not call vqa unless you already have a directly relevant leaf image.
For task-list questions such as "List the tasks you performed", first use task_list(). Prefer its Recommended answer and chronological candidates instead of manually expanding the whole tree. For long histories, do not copy every task candidate verbatim unless the user explicitly asks for an exhaustive transcript.
For low-level action questions such as "what task did you perform when you toggle/open/pick up/place X", first use action_lookup("full low-level action"), for example action_lookup("open the drawer"). Do not call task_lookup first for these low-level action questions.
For task-description questions such as "describe what you did when you X", first use task_lookup("X"). Prefer its matching task candidates instead of manually expanding the whole tree. This does not apply to low-level action questions covered by action_lookup.
For exact date/time questions or "N days ago" questions asking what happened, first use date_lookup(question). Prefer its Recommended answer when it is confident instead of manually expanding by date.
For "How many days ago did you X?" or "When did you X?" questions, first use event_date_lookup(question). If it lists multiple days, include all of them in the final answer instead of only the most recent match.
For just-before or just-after questions, first use temporal_neighbor(target_task, direction="before" or "after") if a candidate is not already shown. Prefer the returned Recommended answer when it is confident. Only then inspect adjacent sibling or temporal nodes. Avoid expanding to raw leaf observations unless the summary is insufficient.
Do not call vqa for time, date, task-list, before/after, or yes/no object-existence questions when textual summaries already answer the question. Use vqa only for explicit visual appearance questions such as color, visible state, or what something looks like.
Never output bare parameters such as reasoning="..." answer="...". Always call answer("..."). You may call answer(reasoning="...", answer="...") only when a short reason is necessary.
Keep answer() short: answer under 60 words, and do not use markdown or backticks inside answer()."""

**HumanMessage**:
"""
def action_lookup(query: str, max_matches: int = 6) -> str # For low-level action questions, map raw leaf actions back to task-sized summaries
def answer(reasoning: str = None, answer: str = Ellipsis)
def ask(question: str)
def date_lookup(query: str, max_matches: int = 8) -> str # For exact date/time or N-days-ago questions, list matching history summaries directly
def event_date_lookup(query: str, max_matches: int = 12) -> str # For "how many days ago did you X" questions, find all matching event dates directly
def now() -> datetime.datetime
def object_lookup(object_name: str, max_matches: int = 8) -> str # For object yes/no questions, check whether task summaries mention the object
def task_list(max_tasks: int = 30) -> str # For task-list questions, list task-sized history summaries in chronological order
def task_lookup(query: str, max_matches: int = 8) -> str # For task-description questions, list task-sized summaries matching a query
def temporal_neighbor(target_task: str, direction: str = 'before', max_candidates: int = 6) -> str # For just-before/just-after questions, find the target task and return adjacent task candidates
def vqa(question: str, *images: PIL.Image.Image)
"""

**HumanMessage**:
"""Usage examples:
>>> history.expand()  # Shows the history tree with all child nodes expanded
>>> history.expand(date(2021, 12, 20))  # Expand the children that overlap with the given day
>>> history.expand(now() - timedelta(hours=6), now() - timedelta(hours=4))  # Expand all children that overlap with the given range (in this example "about 5 hours ago")
>>> history.expand((now() - timedelta(days=2)).date())  # Expand all children that overlap with the day before yesterday
>>> history.expand(0)  # Shows child node 0
>>> history[0].expand()  # Expands all child nodes of node 0 (node 0 must be expanded already to see them)
>>> history[5][2].expand()  # Shows child node 2 of child node 5 with all its child nodes expanded
>>> history.search("green cup") # Semantic index search. Expands the most relevant children according to similarity of the natural language query and the node's (recursively defined) index content.
>>> history[1][42].search("bicycle") # Semantic index search on some node further down the tree. Expands the children of node 1.42 most relevant to the search term
>>> history[3].collapse_all_but(1); history[3][1].expand()  # Zooms into details of child node 3.1 while collapsing all other childs of node 3
>>> vqa("What color is the ... in this image?",
...     history[2][4][-1][0].image)  # Invoke a model to answer a visual question about image(s) of some leaf (!) node(s)

# After gathering the relevant information, answer the question:
# Use a short final answer. Optionally provide a brief reasoning only when needed.
>>> answer("...")"""

**HumanMessage**:
"""User question: Today is Dec 14, 2023 at 06:25 PM. What did you do 21 days ago?"""

**AIMessage**:
"""date_lookup('Today is Dec 14, 2023 at 06:25 PM. What did you do 21 days ago?')"""

**HumanMessage**:
/home/user22303471/Project/Active-H-EMV/llm_emv/setup.py:226: FutureWarning: The `get_sentence_embedding_dimension` method has been renamed to `get_embedding_dimension`.
  filter_kwargs['_embedding_dim'] = embedding_model.get_sentence_embedding_dimension()
/home/user22303471/Project/Active-H-EMV/llm_emv/setup.py:183: FutureWarning: The `get_sentence_embedding_dimension` method has been renamed to `get_embedding_dimension`.
  result = torch.empty(len(texts), embedding_model.get_sentence_embedding_dimension(),
""""Date lookup for query='Today is Dec 14, 2023 at 06:25 PM. What did you do 21 days ago?': resolved=2023/11/23.\n1. score=0.85; 2023/11/23 14:22 - 14:26: I made toast by retrieving bread from a bin, slicing it with a knife, and toasting two slices. I then cleaned a plate, placed it on the countertop, and put the toast on the plate. The user confirmed the completion of the...\n2. score=0.85; 2023/11/23 13:28:24 - 13:31:22: I retrieved a dirty plate from the fridge, cleared the sink area, and washed the plate as requested.\n3. score=0.79; 2023/11/23 13:28 - 14:26: On November 23rd, I washed a dirty plate and later made toast by slicing bread, toasting it, and serving it on a clean plate.\n4. score=0.78; 2023/11/23 13:28:24 - 13:30:11: I received a request to wash a plate from the fridge. I opened the fridge, retrieved the dirty plate, and placed it on the countertop.\n5. score=0.78; 2023/11/23 14:22:47 - 14:24:14: I began the task of making toast by first turning off the faucet and then retrieving a loaf of bread from the black bin (garbage can) and placing it on the countertop.\n6. score=0.78; 2023/11/23 13:30:14 - 13:30:36: I cleared the countertop and sink area to make space for washing, moving items like a credit card and an egg from the sink basin to the countertop.\n7. score=0.78; 2023/11/23 13:30:41 - 13:31:22: I placed the dirty plate into the sink basin, toggled the faucet on and off to wash it, and then picked up the now clean plate.\n8. score=0.78; 2023/11/23 14:24:16 - 14:25:16: I located a knife in the cabinet above the toaster, used it to slice the bread, and then placed the sliced bread and knife back on the countertop.\nRecommended answer: I made toast by retrieving bread from a bin, slicing it with a knife, and toasting two slices. I then cleaned a plate, placed it on the countertop, and put the toast on the plate. The user confirmed the completion of the... I retrieved a dirty plate from the fridge, cleared the sink area, and washed the plate as requested. On November 23rd, I washed a dirty plate and later made toast by slicing bread, toasting it, and serving it on a clean plate. I received a request to wash a plate from the fridge. I opened the fridge, retrieved the dirty plate, and placed it on the countertop.""""

**HumanMessage**:
"""Current state:
2023/11/23 - 2023/12/14: "From November 23rd to December 14th, I performed a consistent routine of household maintenance and meal preparation. This included preparing various meals such as toast, sandwiches, and salads, boiling potatoes, making coffee, washing dishes, watering houseplants, and organizing common household items like remotes, newspapers, and pillows."  
  ..."""
{}
command: answer("On November 23rd, I washed a dirty plate and made toast.")
expected output: 


 ============================== 


eval answer("On November 23rd, I washed a dirty plate and made toast.")
Answering On November 23rd, I washed a dirty plate and made toast.  with reason: None
Tokens Used: 2834
	Prompt Tokens: 2413
	Completion Tokens: 421
Successful Requests: 1
Total Cost (USD): $0.0
Evaluating sample ed9479c5dd8f204d_0102-488f96fab858496c_d6e2-a01d8c5e515fa9c4_c871-345624f0e74dc947_8525-dbb41344c474217f_2e3e-57862376ad3394a1_464f-977b52faf01e6c05_2895-15fa5e0caaf6a06f_81e4-eccc0afc91fb9b74_d5ba-c4c12513ffbf7d33_9e16-fef7c3fc3990d2e8_fb19-7affadfe549cbeb4_1df8-92904ea754a401e6_2b2c-064a69cb5d40b41f_f773-bbe083aa96535a1d_a996-7d0db28e7d18c776_c97a-0d1a67f82b3b5854_d74d-c1eba1e4b831e04b_aab3-5ab41ea72487ce0f_e5be-a44d13c7da084070_fe04-bd7327d5d2853453_fad6-c02445dd7a5b6f26_fffd-53472cf3cabeb021_46b6-1fa4f0593088b6f2_89ee-1023a6f334db1f63_f0f2-bd7327d5d2853453_5b4f-cdf30defa61245ba_5590-88f8ad0d2d356270_bb95-864a2333f20b0957_be88-75a59f83a279bd78_fb03-c2787b38615034c6_6175-1a8b00c643110183_ebc6-1e8fb21f2b41b0b0_db8b-fe6b3de8c88b8573_9f76-8057d5b1cab47555_9345-04ae108b77699c0f_2453-dd2efe33087ddc60_cb3a-23acf721b22a6456_1716-1801730beafdda15_f501-a1694dc92f54473f_0b07-b8729e0c4c857a8e_24b5-4c98e155c32cdc6f_7acc-f7ca0c5c4964bcdc_c0cf-e82f290cb4ab70bd_86a3-b2fde7ee4eb1c40f_1f95-c7cc40993ef8468b_3e7b-41b067f2ce6f3fef_8ee6-f25eed33d1c37931_1a7f-0de4b62afcd06138_45f2-36651928a974c895_caa2-0-sequence_of_task_descs
[配置] 启用 FAISS 加速，索引类型: flat
[GraphAug] 开始构建记忆图...
[MemoryGraph] 收集到 6810 个事件节点
[MemoryGraph] 时间相邻边: 5514
[MemoryGraph] 共享物体边: 13276
[MemoryGraph] 唯一动作数: 424, 相似动作对: 929
[MemoryGraph] 相似动作边: 1848
[MemoryGraph] 图构建完成: {'num_nodes': 6810, 'num_edges': 20638, 'edges_temporal_adjacent': 5514, 'edges_co_object': 13276, 'edges_similar_action': 1848}
[GraphAug] 记忆图构建完成
Got 0 examples


 ============================== 


eval task_list()
Updated/Defined variables after execution: {}

**SystemMessage**:
"""You are a smart humanoid robot answering user question about your past actions.
The history object contains information on what you did in the past, represented as a tree.
Use the method expand to look at details of a node.
Make sure to use collapse_all_but(idx) when you expanded irrelevant nodes, in order to keep the tree compact.
Enter Python expressions into the console to see the value and decide for the next command based on that result.
Answer concisely by calling answer("...") when you gathered enough information to answer the question.
Generate syntactically correct python console statements only, no explanations or other natural language statements.
IMPORTANT: If search() returns "No relevant records found", your next command MUST be answer("I have no record of that."). Do not search synonyms, do not expand further, and do not call vqa.
IMPORTANT: If you get "Nothing changed" twice, answer honestly that you have no record. Do NOT keep searching repeatedly. For just-before/just-after questions, first try one broader target search or inspect another relevant top-level time block before giving up.
For object yes/no questions, first use object_lookup("object name"). If it reports no matching summary, answer "No, I have no record of that." Do not call vqa unless you already have a directly relevant leaf image.
For task-list questions such as "List the tasks you performed", first use task_list(). Prefer its Recommended answer and chronological candidates instead of manually expanding the whole tree. For long histories, do not copy every task candidate verbatim unless the user explicitly asks for an exhaustive transcript.
For low-level action questions such as "what task did you perform when you toggle/open/pick up/place X", first use action_lookup("full low-level action"), for example action_lookup("open the drawer"). Do not call task_lookup first for these low-level action questions.
For task-description questions such as "describe what you did when you X", first use task_lookup("X"). Prefer its matching task candidates instead of manually expanding the whole tree. This does not apply to low-level action questions covered by action_lookup.
For exact date/time questions or "N days ago" questions asking what happened, first use date_lookup(question). Prefer its Recommended answer when it is confident instead of manually expanding by date.
For "How many days ago did you X?" or "When did you X?" questions, first use event_date_lookup(question). If it lists multiple days, include all of them in the final answer instead of only the most recent match.
For just-before or just-after questions, first use temporal_neighbor(target_task, direction="before" or "after") if a candidate is not already shown. Prefer the returned Recommended answer when it is confident. Only then inspect adjacent sibling or temporal nodes. Avoid expanding to raw leaf observations unless the summary is insufficient.
Do not call vqa for time, date, task-list, before/after, or yes/no object-existence questions when textual summaries already answer the question. Use vqa only for explicit visual appearance questions such as color, visible state, or what something looks like.
Never output bare parameters such as reasoning="..." answer="...". Always call answer("..."). You may call answer(reasoning="...", answer="...") only when a short reason is necessary.
Keep answer() short: answer under 60 words, and do not use markdown or backticks inside answer()."""

**HumanMessage**:
"""
def action_lookup(query: str, max_matches: int = 6) -> str # For low-level action questions, map raw leaf actions back to task-sized summaries
def answer(reasoning: str = None, answer: str = Ellipsis)
def ask(question: str)
def date_lookup(query: str, max_matches: int = 8) -> str # For exact date/time or N-days-ago questions, list matching history summaries directly
def event_date_lookup(query: str, max_matches: int = 12) -> str # For "how many days ago did you X" questions, find all matching event dates directly
def now() -> datetime.datetime
def object_lookup(object_name: str, max_matches: int = 8) -> str # For object yes/no questions, check whether task summaries mention the object
def task_list(max_tasks: int = 30) -> str # For task-list questions, list task-sized history summaries in chronological order
def task_lookup(query: str, max_matches: int = 8) -> str # For task-description questions, list task-sized summaries matching a query
def temporal_neighbor(target_task: str, direction: str = 'before', max_candidates: int = 6) -> str # For just-before/just-after questions, find the target task and return adjacent task candidates
def vqa(question: str, *images: PIL.Image.Image)
"""

**HumanMessage**:
"""Usage examples:
>>> history.expand()  # Shows the history tree with all child nodes expanded
>>> history.expand(date(2021, 12, 20))  # Expand the children that overlap with the given day
>>> history.expand(now() - timedelta(hours=6), now() - timedelta(hours=4))  # Expand all children that overlap with the given range (in this example "about 5 hours ago")
>>> history.expand((now() - timedelta(days=2)).date())  # Expand all children that overlap with the day before yesterday
>>> history.expand(0)  # Shows child node 0
>>> history[0].expand()  # Expands all child nodes of node 0 (node 0 must be expanded already to see them)
>>> history[5][2].expand()  # Shows child node 2 of child node 5 with all its child nodes expanded
>>> history.search("green cup") # Semantic index search. Expands the most relevant children according to similarity of the natural language query and the node's (recursively defined) index content.
>>> history[1][42].search("bicycle") # Semantic index search on some node further down the tree. Expands the children of node 1.42 most relevant to the search term
>>> history[3].collapse_all_but(1); history[3][1].expand()  # Zooms into details of child node 3.1 while collapsing all other childs of node 3
>>> vqa("What color is the ... in this image?",
...     history[2][4][-1][0].image)  # Invoke a model to answer a visual question about image(s) of some leaf (!) node(s)

# After gathering the relevant information, answer the question:
# Use a short final answer. Optionally provide a brief reasoning only when needed.
>>> answer("...")"""

**HumanMessage**:
"""User question: List the tasks you performed."""

**AIMessage**:
"""task_list()"""

**HumanMessage**:
"""'Task list candidates in chronological order:\nUse these as evidence. If there are many candidates, do not copy every candidate verbatim; use the Recommended answer unless the user explicitly asks for an exhaustive transcript.\n1. 2023/03/29 18:52 - 18:58: I collected forks from the countertop and fridge and placed them in the sink.\n2. 2023/03/31 16:32 - 16:47: I prepared breakfast, which included making coffee and a salad. I started by making coffee and placing the filled mug on the countertop. For the salad, I moved a potato from the sink to the countertop, sliced it, cooked a potato slice in th...\n3. 2023/04/03 09:56 - 10:00: I successfully completed the task of boiling a potato by preparing the stove, filling a pot with water, and heating the potato on the burner.\n4. 2023/04/03 10:28 - 10:36: I started by gathering dirty pots on the countertop and clearing the sink area of other items like a mug, dish sponge, and spatula. Then, I cleaned both pots by placing each in the sink, filling it with water, and pouring the water out. The...\n5. 2023/04/04 10:10 - 10:30: I prepared a meal by slicing bread, toasting it, slicing lettuce, and then assembling the toasted bread and lettuce onto a plate.\n6. 2023/04/04 19:21 - 19:31: I cooked five potato slices in the microwave and then cleaned a dirty plate to serve them on, completing the task as instructed.\n7. 2023/04/05 17:56 - 18:01: I prepared and toasted a slice of bread, cleaned a dirty plate I found nearby, and served the toast on the clean plate to complete the task.\n8. 2023/04/06 17:03 - 17:17: I prepared and washed a dirty plate, then sliced and toasted bread, placing one piece on the plate and the other on the countertop. Finally, I sliced a tomato and assembled the plate with a tomato slice and the remaining toast, confirming t...\n9. 2023/04/06 18:25 - 18:30: I was asked to slice and cook a potato. I mistakenly picked up a tomato, but then used a knife to slice both the tomato and a potato. I cooked one potato slice in a pan on the stove. Finally, I assembled the dish by placing the cooked potat...\n10. 2023/04/07 08:22 - 08:27: I prepared a slice of toast by retrieving a butter knife, slicing bread, and toasting it, then cleaned a plate and placed the toast on it to complete the task.\n11. 2023/04/07 14:53 - 15:03: I prepared two slices of toast by slicing and toasting bread, cleaned a plate to serve them on, and completed the task as requested by the user.\n12. 2023/04/09 12:51 - 12:55: I gathered two pillows, one from a side table and another from inside a cabinet, and placed both on the sofa, confirming the task was completed.\n13. 2023/04/11 10:18 - 10:34: I prepared a full breakfast by brewing a cup of coffee in a cleaned mug and making a toasted tomato sandwich.\n14. 2023/04/12 10:53 - 11:02: Upon receiving the instruction to make a sandwich, I first prepared the bread by slicing and toasting it. I then prepared the other ingredients by slicing lettuce and a tomato. After washing a plate, I assembled the sandwich with the bread,...\n15. 2023/04/13 13:41 - 13:48: I prepared two mugs of coffee and two slices of toast, organized the toast onto plates as instructed, and reported the completion of the food and beverage preparation.\n16. 2023/04/13 19:37 - 19:42: After the user requested a slice of tomato in a clean bowl, I cleared the sink, located a bowl and a knife, sliced the tomato, and placed a slice into the bowl to complete the task.\n17. 2023/04/14 09:32 - 09:45: I sliced a tomato and bread, and placed a tomato slice into a bowl. After being informed the bowl was dirty, I washed it and replaced the tomato slice to complete the task as requested.\n18. 2023/04/15 09:34 - 09:42: I prepared a tomato slice and placed it into a bowl. This process involved slicing the tomato, finding the correct bowl after an initial mistake, clearing space at the sink to wash the dirty bowl, and finally placing the tomato slice into t...\n19. 2023/04/15 18:59 - 19:23: I prepared and cooked potato slices using both the microwave and the stove, then cleaned my workspace and finalized the meal by plating the potatoes with tomato slices.\n20. 2023/04/16 13:41 - 13:47: I attempted to boil a potato. I retrieved a potato from the fridge, placed it in a pot on the stove with water, and tried to operate the stove. After encountering difficulties, I retrieved a second potato from the microwave, added it to the...\n21. 2023/04/16 16:24 - 16:37: I prepared a slice of toasted bread. I retrieved bread from the cabinet, sliced it with a knife, and then toasted one slice. After toasting, I cleaned a plate, placed it on the countertop, and put the toasted bread on the clean plate. I the...\n22. 2023/04/16 17:39 - 17:52: I prepared a cup of coffee for the user by finding a dirty mug in the fridge, cleaning it in the sink, and then setting it up at the coffee machine. Although I initially forgot to empty the water from the rinsing step, I quickly corrected t...\n23. 2023/04/17 18:57 - 19:06: I completed the task of watering the plant. I found a bowl on the countertop, filled it with water at the sink, watered the houseplant, and then returned the bowl to the countertop.\n24. 2023/04/18 11:38 - 11:56: I prepared a breakfast consisting of coffee and a sandwich. This involved finding and cleaning a mug to make coffee, toasting bread, slicing lettuce, and assembling the sandwich on a plate.\n25. 2023/04/19 18:38 - 18:46: I prepared and boiled a potato by retrieving it from a chair, placing it in a pot filled with water at the sink, and then clearing space on the stove to begin boiling it.\n26. 2023/04/20 16:40 - 16:47: I was instructed to water a plant. Initially, I attempted to use a vase from the sink, turning the faucet on and off before moving the vase to the countertop. I then decided to use a mug instead, picking one up from a shelf, filling it with...\n27. 2023/04/21 08:05 - 08:08: I retrieved a dirty plate from a chair and prepared the sink for washing by moving a soap bottle and an egg out of the basin. I also moved a potato to the countertop before washing the plate and declaring it clean.\n28. 2023/04/22 14:22 - 14:27: I sliced and cooked two potato slices in the microwave, then washed a dirty bowl and placed the cooked slices into it to complete the task.\n29. 2023/04/22 19:45 - 19:54: I prepared breakfast by first making a mug of coffee, then gathering and prepping salad ingredients—including washing a plate and slicing vegetables. Finally, I cooked potato slices in the microwave and assembled the salad on the plate to t...\n30. 2023/04/23 09:13 - 09:22: I microwaved a potato after clearing the microwave, then sliced it and served the pieces on a plate as requested by the user.\nRecommended answer: From 2023/03/29 to 2023/04/23, I performed 30 recorded task groups, including bread, toast, and sandwich preparation; potato cooking and slicing; salad, lettuce, and tomato preparation; coffee and drinkware tasks; dish, plate, bowl, and pan cleaning; plant watering.'"""

**HumanMessage**:
"""Current state:
2023/03/29 - 2023/04/23: "Between March 29th and April 23rd, I performed consistent household maintenance and daily routines, including preparing various meals like coffee and sandwiches, watering plants, cleaning kitchenware, and tidying up the living room and sofa areas."  
  ..."""
{}
command: answer("From 2023/03/29 to 2023/04/23, I performed 30 recorded task groups, including bread, toast, and sandwich preparation; potato cooking and slicing; salad, lettuce, and tomato preparation; coffee and drinkware tasks; dish, plate, bowl, and pan cleaning; plant watering.")
expected output: 


 ============================== 


eval answer("From 2023/03/29 to 2023/04/23, I performed 30 recorded task groups, including bread, toast, and sandwich preparation; potato cooking and slicing; salad, lettuce, and tomato preparation; coffee and drinkware tasks; dish, plate, bowl, and pan cleaning; plant watering.")
Answering /home/user22303471/Project/Active-H-EMV/llm_emv/setup.py:226: FutureWarning: The `get_sentence_embedding_dimension` method has been renamed to `get_embedding_dimension`.
  filter_kwargs['_embedding_dim'] = embedding_model.get_sentence_embedding_dimension()
/home/user22303471/Project/Active-H-EMV/llm_emv/setup.py:183: FutureWarning: The `get_sentence_embedding_dimension` method has been renamed to `get_embedding_dimension`.
  result = torch.empty(len(texts), embedding_model.get_sentence_embedding_dimension(),
From 2023/03/29 to 2023/04/23, I performed 30 recorded task groups, including bread, toast, and sandwich preparation; potato cooking and slicing; salad, lettuce, and tomato preparation; coffee and drinkware tasks; dish, plate, bowl, and pan cleaning; plant watering.  with reason: None
Tokens Used: 4201
	Prompt Tokens: 3718
	Completion Tokens: 483
Successful Requests: 1
Total Cost (USD): $0.0
Evaluating sample ed9479c5dd8f204d_0102-488f96fab858496c_d6e2-a01d8c5e515fa9c4_c871-345624f0e74dc947_8525-dbb41344c474217f_2e3e-57862376ad3394a1_464f-977b52faf01e6c05_2895-15fa5e0caaf6a06f_81e4-eccc0afc91fb9b74_d5ba-c4c12513ffbf7d33_9e16-fef7c3fc3990d2e8_fb19-7affadfe549cbeb4_1df8-92904ea754a401e6_2b2c-064a69cb5d40b41f_f773-bbe083aa96535a1d_a996-7d0db28e7d18c776_c97a-0d1a67f82b3b5854_d74d-c1eba1e4b831e04b_aab3-5ab41ea72487ce0f_e5be-a44d13c7da084070_fe04-bd7327d5d2853453_fad6-c02445dd7a5b6f26_fffd-53472cf3cabeb021_46b6-1fa4f0593088b6f2_89ee-1023a6f334db1f63_f0f2-bd7327d5d2853453_5b4f-cdf30defa61245ba_5590-88f8ad0d2d356270_bb95-864a2333f20b0957_be88-75a59f83a279bd78_fb03-c2787b38615034c6_6175-1a8b00c643110183_ebc6-1e8fb21f2b41b0b0_db8b-fe6b3de8c88b8573_9f76-8057d5b1cab47555_9345-04ae108b77699c0f_2453-dd2efe33087ddc60_cb3a-23acf721b22a6456_1716-1801730beafdda15_f501-a1694dc92f54473f_0b07-b8729e0c4c857a8e_24b5-4c98e155c32cdc6f_7acc-f7ca0c5c4964bcdc_c0cf-e82f290cb4ab70bd_86a3-b2fde7ee4eb1c40f_1f95-c7cc40993ef8468b_3e7b-41b067f2ce6f3fef_8ee6-f25eed33d1c37931_1a7f-0de4b62afcd06138_45f2-36651928a974c895_caa2-0-seq_specific_shortened_low_actions
[配置] 启用 FAISS 加速，索引类型: flat
[GraphAug] 命中图缓存 (nodes=6810, edges=20638)
Got 0 examples


 ============================== 


eval task_lookup('serve 2 slice(s) of tomato on a plate')
Updated/Defined variables after execution: {}

**SystemMessage**:
"""You are a smart humanoid robot answering user question about your past actions.
The history object contains information on what you did in the past, represented as a tree.
Use the method expand to look at details of a node.
Make sure to use collapse_all_but(idx) when you expanded irrelevant nodes, in order to keep the tree compact.
Enter Python expressions into the console to see the value and decide for the next command based on that result.
Answer concisely by calling answer("...") when you gathered enough information to answer the question.
Generate syntactically correct python console statements only, no explanations or other natural language statements.
IMPORTANT: If search() returns "No relevant records found", your next command MUST be answer("I have no record of that."). Do not search synonyms, do not expand further, and do not call vqa.
IMPORTANT: If you get "Nothing changed" twice, answer honestly that you have no record. Do NOT keep searching repeatedly. For just-before/just-after questions, first try one broader target search or inspect another relevant top-level time block before giving up.
For object yes/no questions, first use object_lookup("object name"). If it reports no matching summary, answer "No, I have no record of that." Do not call vqa unless you already have a directly relevant leaf image.
For task-list questions such as "List the tasks you performed", first use task_list(). Prefer its Recommended answer and chronological candidates instead of manually expanding the whole tree. For long histories, do not copy every task candidate verbatim unless the user explicitly asks for an exhaustive transcript.
For low-level action questions such as "what task did you perform when you toggle/open/pick up/place X", first use action_lookup("full low-level action"), for example action_lookup("open the drawer"). Do not call task_lookup first for these low-level action questions.
For task-description questions such as "describe what you did when you X", first use task_lookup("X"). Prefer its matching task candidates instead of manually expanding the whole tree. This does not apply to low-level action questions covered by action_lookup.
For exact date/time questions or "N days ago" questions asking what happened, first use date_lookup(question). Prefer its Recommended answer when it is confident instead of manually expanding by date.
For "How many days ago did you X?" or "When did you X?" questions, first use event_date_lookup(question). If it lists multiple days, include all of them in the final answer instead of only the most recent match.
For just-before or just-after questions, first use temporal_neighbor(target_task, direction="before" or "after") if a candidate is not already shown. Prefer the returned Recommended answer when it is confident. Only then inspect adjacent sibling or temporal nodes. Avoid expanding to raw leaf observations unless the summary is insufficient.
Do not call vqa for time, date, task-list, before/after, or yes/no object-existence questions when textual summaries already answer the question. Use vqa only for explicit visual appearance questions such as color, visible state, or what something looks like.
Never output bare parameters such as reasoning="..." answer="...". Always call answer("..."). You may call answer(reasoning="...", answer="...") only when a short reason is necessary.
Keep answer() short: answer under 60 words, and do not use markdown or backticks inside answer()."""

**HumanMessage**:
"""
def action_lookup(query: str, max_matches: int = 6) -> str # For low-level action questions, map raw leaf actions back to task-sized summaries
def answer(reasoning: str = None, answer: str = Ellipsis)
def ask(question: str)
def date_lookup(query: str, max_matches: int = 8) -> str # For exact date/time or N-days-ago questions, list matching history summaries directly
def event_date_lookup(query: str, max_matches: int = 12) -> str # For "how many days ago did you X" questions, find all matching event dates directly
def now() -> datetime.datetime
def object_lookup(object_name: str, max_matches: int = 8) -> str # For object yes/no questions, check whether task summaries mention the object
def task_list(max_tasks: int = 30) -> str # For task-list questions, list task-sized history summaries in chronological order
def task_lookup(query: str, max_matches: int = 8) -> str # For task-description questions, list task-sized summaries matching a query
def temporal_neighbor(target_task: str, direction: str = 'before', max_candidates: int = 6) -> str # For just-before/just-after questions, find the target task and return adjacent task candidates
def vqa(question: str, *images: PIL.Image.Image)
"""

**HumanMessage**:
"""Usage examples:
>>> history.expand()  # Shows the history tree with all child nodes expanded
>>> history.expand(date(2021, 12, 20))  # Expand the children that overlap with the given day
>>> history.expand(now() - timedelta(hours=6), now() - timedelta(hours=4))  # Expand all children that overlap with the given range (in this example "about 5 hours ago")
>>> history.expand((now() - timedelta(days=2)).date())  # Expand all children that overlap with the day before yesterday
>>> history.expand(0)  # Shows child node 0
>>> history[0].expand()  # Expands all child nodes of node 0 (node 0 must be expanded already to see them)
>>> history[5][2].expand()  # Shows child node 2 of child node 5 with all its child nodes expanded
>>> history.search("green cup") # Semantic index search. Expands the most relevant children according to similarity of the natural language query and the node's (recursively defined) index content.
>>> history[1][42].search("bicycle") # Semantic index search on some node further down the tree. Expands the children of node 1.42 most relevant to the search term
>>> history[3].collapse_all_but(1); history[3][1].expand()  # Zooms into details of child node 3.1 while collapsing all other childs of node 3
>>> vqa("What color is the ... in this image?",
...     history[2][4][-1][0].image)  # Invoke a model to answer a visual question about image(s) of some leaf (!) node(s)

# After gathering the relevant information, answer the question:
# Use a short final answer. Optionally provide a brief reasoning only when needed.
>>> answer("...")"""

**HumanMessage**:
/home/user22303471/Project/Active-H-EMV/llm_emv/setup.py:226: FutureWarning: The `get_sentence_embedding_dimension` method has been renamed to `get_embedding_dimension`.
  filter_kwargs['_embedding_dim'] = embedding_model.get_sentence_embedding_dimension()
/home/user22303471/Project/Active-H-EMV/llm_emv/setup.py:183: FutureWarning: The `get_sentence_embedding_dimension` method has been renamed to `get_embedding_dimension`.
  result = torch.empty(len(texts), embedding_model.get_sentence_embedding_dimension(),
"""User question: describe what you did when you serve 2 slice(s) of tomato on a plate."""

**AIMessage**:
"""task_lookup('serve 2 slice(s) of tomato on a plate')"""

**HumanMessage**:
""""Task lookup candidates for query='serve 2 slice(s) of tomato on a plate':\n1. score=0.73; 2023/03/31 16:43 - 16:47: I found a tomato on a chair, moved it to the countertop, and sliced it. I then added two tomato slices to the plate to complete the salad assembly.\n2. score=0.72; 2023/04/22 19:53:07 - 19:53:53: I added the second cooked potato slice to the salad plate.\n3. score=0.71; 2023/04/02 18:33:55 - 18:35:30: I fulfilled a request for a slice of tomato by retrieving a tomato from the fridge, slicing it, and placing a slice on a plate for the user.\n4. score=0.69; 2023/04/22 19:50 - 19:54: I assembled the salad, which involved cooking two potato slices in the microwave and layering the ingredients on the plate until the user was satisfied.\n5. score=0.69; 2023/04/22 19:51:58 - 19:52:57: At the user's suggestion, I cooked a second potato slice in the microwave.\n6. score=0.68; 2023/04/02 18:33:55 - 18:34:46: The user requested a slice of tomato served on a plate. I opened the fridge, retrieved a tomato, and placed it on the countertop.\n7. score=0.68; 2023/04/13 19:40:54 - 19:41:32: I opened the fridge, retrieved a knife, and used it to slice the tomato on the countertop.\n8. score=0.68; 2023/03/31 16:42:35 - 16:43:36: I retrieved lettuce from the fridge, sliced it on the countertop, and placed a slice onto the plate.\nRecommended answer: I found a tomato on a chair, moved it to the countertop, and sliced it...; I added the second cooked potato slice to the salad plate.; I fulfilled a request for a slice of tomato by retrieving a tomato from the fridge, slicing it...""""

**HumanMessage**:
"""Current state:
2023/03/29 - 2023/04/23: "Between March 29th and April 23rd, I performed consistent household maintenance and daily routines, including preparing various meals like coffee and sandwiches, watering plants, cleaning kitchenware, and tidying up the living room and sofa areas."  
  ..."""
{}
command: answer("I found a tomato on a chair, moved it to the countertop, and sliced it. I then added two tomato slices to the plate to complete the salad assembly.")
expected output: 


 ============================== 


eval answer("I found a tomato on a chair, moved it to the countertop, and sliced it. I then added two tomato slices to the plate to complete the salad assembly.")
Answering I found a tomato on a chair, moved it to the countertop, and sliced it. I then added two tomato slices to the plate to complete the salad assembly.  with reason: None
Tokens Used: 2773
	Prompt Tokens: 2187
	Completion Tokens: 586
Successful Requests: 1
Total Cost (USD): $0.0
Evaluating sample ed9479c5dd8f204d_0102-488f96fab858496c_d6e2-a01d8c5e515fa9c4_c871-345624f0e74dc947_8525-dbb41344c474217f_2e3e-57862376ad3394a1_464f-977b52faf01e6c05_2895-15fa5e0caaf6a06f_81e4-eccc0afc91fb9b74_d5ba-c4c12513ffbf7d33_9e16-fef7c3fc3990d2e8_fb19-7affadfe549cbeb4_1df8-92904ea754a401e6_2b2c-064a69cb5d40b41f_f773-bbe083aa96535a1d_a996-7d0db28e7d18c776_c97a-0d1a67f82b3b5854_d74d-c1eba1e4b831e04b_aab3-5ab41ea72487ce0f_e5be-a44d13c7da084070_fe04-bd7327d5d2853453_fad6-c02445dd7a5b6f26_fffd-53472cf3cabeb021_46b6-1fa4f0593088b6f2_89ee-1023a6f334db1f63_f0f2-bd7327d5d2853453_5b4f-cdf30defa61245ba_5590-88f8ad0d2d356270_bb95-864a2333f20b0957_be88-75a59f83a279bd78_fb03-c2787b38615034c6_6175-1a8b00c643110183_ebc6-1e8fb21f2b41b0b0_db8b-fe6b3de8c88b8573_9f76-8057d5b1cab47555_9345-04ae108b77699c0f_2453-dd2efe33087ddc60_cb3a-23acf721b22a6456_1716-1801730beafdda15_f501-a1694dc92f54473f_0b07-b8729e0c4c857a8e_24b5-4c98e155c32cdc6f_7acc-f7ca0c5c4964bcdc_c0cf-e82f290cb4ab70bd_86a3-b2fde7ee4eb1c40f_1f95-c7cc40993ef8468b_3e7b-41b067f2ce6f3fef_8ee6-f25eed33d1c37931_1a7f-0de4b62afcd06138_45f2-36651928a974c895_caa2-0-seq_right_after_questions
[配置] 启用 FAISS 加速，索引类型: flat
[GraphAug] 命中图缓存 (nodes=6810, edges=20638)
Got 0 examples


 ============================== 


eval temporal_neighbor('clean all the pots', direction='after')
Updated/Defined variables after execution: {}

**SystemMessage**:
"""You are a smart humanoid robot answering user question about your past actions.
The history object contains information on what you did in the past, represented as a tree.
Use the method expand to look at details of a node.
Make sure to use collapse_all_but(idx) when you expanded irrelevant nodes, in order to keep the tree compact.
Enter Python expressions into the console to see the value and decide for the next command based on that result.
Answer concisely by calling answer("...") when you gathered enough information to answer the question.
Generate syntactically correct python console statements only, no explanations or other natural language statements.
IMPORTANT: If search() returns "No relevant records found", your next command MUST be answer("I have no record of that."). Do not search synonyms, do not expand further, and do not call vqa.
IMPORTANT: If you get "Nothing changed" twice, answer honestly that you have no record. Do NOT keep searching repeatedly. For just-before/just-after questions, first try one broader target search or inspect another relevant top-level time block before giving up.
For object yes/no questions, first use object_lookup("object name"). If it reports no matching summary, answer "No, I have no record of that." Do not call vqa unless you already have a directly relevant leaf image.
For task-list questions such as "List the tasks you performed", first use task_list(). Prefer its Recommended answer and chronological candidates instead of manually expanding the whole tree. For long histories, do not copy every task candidate verbatim unless the user explicitly asks for an exhaustive transcript.
For low-level action questions such as "what task did you perform when you toggle/open/pick up/place X", first use action_lookup("full low-level action"), for example action_lookup("open the drawer"). Do not call task_lookup first for these low-level action questions.
For task-description questions such as "describe what you did when you X", first use task_lookup("X"). Prefer its matching task candidates instead of manually expanding the whole tree. This does not apply to low-level action questions covered by action_lookup.
For exact date/time questions or "N days ago" questions asking what happened, first use date_lookup(question). Prefer its Recommended answer when it is confident instead of manually expanding by date.
For "How many days ago did you X?" or "When did you X?" questions, first use event_date_lookup(question). If it lists multiple days, include all of them in the final answer instead of only the most recent match.
For just-before or just-after questions, first use temporal_neighbor(target_task, direction="before" or "after") if a candidate is not already shown. Prefer the returned Recommended answer when it is confident. Only then inspect adjacent sibling or temporal nodes. Avoid expanding to raw leaf observations unless the summary is insufficient.
Do not call vqa for time, date, task-list, before/after, or yes/no object-existence questions when textual summaries already answer the question. Use vqa only for explicit visual appearance questions such as color, visible state, or what something looks like.
Never output bare parameters such as reasoning="..." answer="...". Always call answer("..."). You may call answer(reasoning="...", answer="...") only when a short reason is necessary.
Keep answer() short: answer under 60 words, and do not use markdown or backticks inside answer()."""

**HumanMessage**:
/home/user22303471/Project/Active-H-EMV/llm_emv/setup.py:226: FutureWarning: The `get_sentence_embedding_dimension` method has been renamed to `get_embedding_dimension`.
  filter_kwargs['_embedding_dim'] = embedding_model.get_sentence_embedding_dimension()
/home/user22303471/Project/Active-H-EMV/llm_emv/setup.py:183: FutureWarning: The `get_sentence_embedding_dimension` method has been renamed to `get_embedding_dimension`.
  result = torch.empty(len(texts), embedding_model.get_sentence_embedding_dimension(),
"""
def action_lookup(query: str, max_matches: int = 6) -> str # For low-level action questions, map raw leaf actions back to task-sized summaries
def answer(reasoning: str = None, answer: str = Ellipsis)
def ask(question: str)
def date_lookup(query: str, max_matches: int = 8) -> str # For exact date/time or N-days-ago questions, list matching history summaries directly
def event_date_lookup(query: str, max_matches: int = 12) -> str # For "how many days ago did you X" questions, find all matching event dates directly
def now() -> datetime.datetime
def object_lookup(object_name: str, max_matches: int = 8) -> str # For object yes/no questions, check whether task summaries mention the object
def task_list(max_tasks: int = 30) -> str # For task-list questions, list task-sized history summaries in chronological order
def task_lookup(query: str, max_matches: int = 8) -> str # For task-description questions, list task-sized summaries matching a query
def temporal_neighbor(target_task: str, direction: str = 'before', max_candidates: int = 6) -> str # For just-before/just-after questions, find the target task and return adjacent task candidates
def vqa(question: str, *images: PIL.Image.Image)
"""

**HumanMessage**:
"""Usage examples:
>>> history.expand()  # Shows the history tree with all child nodes expanded
>>> history.expand(date(2021, 12, 20))  # Expand the children that overlap with the given day
>>> history.expand(now() - timedelta(hours=6), now() - timedelta(hours=4))  # Expand all children that overlap with the given range (in this example "about 5 hours ago")
>>> history.expand((now() - timedelta(days=2)).date())  # Expand all children that overlap with the day before yesterday
>>> history.expand(0)  # Shows child node 0
>>> history[0].expand()  # Expands all child nodes of node 0 (node 0 must be expanded already to see them)
>>> history[5][2].expand()  # Shows child node 2 of child node 5 with all its child nodes expanded
>>> history.search("green cup") # Semantic index search. Expands the most relevant children according to similarity of the natural language query and the node's (recursively defined) index content.
>>> history[1][42].search("bicycle") # Semantic index search on some node further down the tree. Expands the children of node 1.42 most relevant to the search term
>>> history[3].collapse_all_but(1); history[3][1].expand()  # Zooms into details of child node 3.1 while collapsing all other childs of node 3
>>> vqa("What color is the ... in this image?",
...     history[2][4][-1][0].image)  # Invoke a model to answer a visual question about image(s) of some leaf (!) node(s)

# After gathering the relevant information, answer the question:
# Use a short final answer. Optionally provide a brief reasoning only when needed.
>>> answer("...")"""

**HumanMessage**:
"""User question: What task did you do just after clean all the pots?"""

**AIMessage**:
"""temporal_neighbor('clean all the pots', direction='after')"""

**HumanMessage**:
""""Temporal neighbor candidates for target='clean all the pots', direction='after':\n1. score=0.86; target=2023/04/03 10:28 - 10:36: I started by gathering dirty pots on the countertop and clearing the sink area of other items like a mug, dish sponge, and spatula. Then, I cleaned both pots by placing each in the...; after=2023/04/03 14:10:28 - 14:13:07: I fulfilled a request to place all remote controls on the sofa by gathering two remotes from the side table and shelf, placing them on the sofa, and confirming task completion with...\n2. score=0.82; target=2023/04/03 10:28 - 10:32: I started cleaning pots by gathering them on the countertop and then cleared the sink area by moving a mug, dish sponge, and spatula to make space.; after=2023/04/03 10:32 - 10:36: I cleaned both pots by placing each in the sink, filling it with water, and then pouring the water out. The user guided me through the process, including checking cabinets and conf...\n3. score=0.82; target=2023/04/03 10:32 - 10:36: I cleaned both pots by placing each in the sink, filling it with water, and then pouring the water out. The user guided me through the process, including checking cabinets and conf...; after=2023/04/03 14:10:28 - 14:13:07: I fulfilled a request to place all remote controls on the sofa by gathering two remotes from the side table and shelf, placing them on the sofa, and confirming task completion with...\n4. score=0.77; target=2023/04/03 10:33:03 - 10:34:28: I checked several cabinets and the fridge, possibly looking for cleaning supplies or storage space, while the user advised me on the progress and suggested rinsing the pots again.; after=2023/04/03 10:34:31 - 10:35:05: I rinsed the second pot by placing it in the sink, filling it with water, and then pouring the water out before returning it to the countertop.\n5. score=0.69; target=2023/04/16 17:43 - 17:47: I cleaned the dirty mug in the sink. I had to move some items (CreditCard, Knife, Pot) out of the way, then I filled the mug with water and rinsed it.; after=2023/04/16 17:47:43 - 17:49:42: I brought the mug to the coffee machine and attempted to turn the machine on.\n6. score=0.67; target=2023/04/03 10:28 - 10:31: I was tasked with cleaning the pots. I located two pots: one on a shelf and a dirty one on the counter by the toaster, and I placed both on the main countertop to prepare for clean...; after=2023/04/03 10:31:44 - 10:32:12: I cleared the sink area to make room for washing the pots, moving a mug, a dish sponge, and a spatula from the sink basin to the countertop.\nRecommended answer: I fulfilled a request to place all remote controls on the sofa by gathering two remotes from the side table and shelf, placing them on the sofa, and confirming task completion with...""""

**HumanMessage**:
"""Current state:
2023/03/29 - 2023/04/23: "Between March 29th and April 23rd, I performed consistent household maintenance and daily routines, including preparing various meals like coffee and sandwiches, watering plants, cleaning kitchenware, and tidying up the living room and sofa areas."  
  ..."""
{}
command: answer("After cleaning the pots, I placed all the remote controls on the sofa.")
expected output: 


 ============================== 


eval answer("After cleaning the pots, I placed all the remote controls on the sofa.")
Answering After cleaning the pots, I placed all the remote controls on the sofa.  with reason: None
Tokens Used: 3073
	Prompt Tokens: 2468
	Completion Tokens: 605
Successful Requests: 1
Total Cost (USD): $0.0
Evaluating sample ed9479c5dd8f204d_0102-488f96fab858496c_d6e2-a01d8c5e515fa9c4_c871-345624f0e74dc947_8525-dbb41344c474217f_2e3e-57862376ad3394a1_464f-977b52faf01e6c05_2895-15fa5e0caaf6a06f_81e4-eccc0afc91fb9b74_d5ba-c4c12513ffbf7d33_9e16-fef7c3fc3990d2e8_fb19-7affadfe549cbeb4_1df8-92904ea754a401e6_2b2c-064a69cb5d40b41f_f773-bbe083aa96535a1d_a996-7d0db28e7d18c776_c97a-0d1a67f82b3b5854_d74d-c1eba1e4b831e04b_aab3-5ab41ea72487ce0f_e5be-a44d13c7da084070_fe04-bd7327d5d2853453_fad6-c02445dd7a5b6f26_fffd-53472cf3cabeb021_46b6-1fa4f0593088b6f2_89ee-1023a6f334db1f63_f0f2-bd7327d5d2853453_5b4f-cdf30defa61245ba_5590-88f8ad0d2d356270_bb95-864a2333f20b0957_be88-75a59f83a279bd78_fb03-c2787b38615034c6_6175-1a8b00c643110183_ebc6-1e8fb21f2b41b0b0_db8b-fe6b3de8c88b8573_9f76-8057d5b1cab47555_9345-04ae108b77699c0f_2453-dd2efe33087ddc60_cb3a-23acf721b22a6456_1716-1801730beafdda15_f501-a1694dc92f54473f_0b07-b8729e0c4c857a8e_24b5-4c98e155c32cdc6f_7acc-f7ca0c5c4964bcdc_c0cf-e82f290cb4ab70bd_86a3-b2fde7ee4eb1c40f_1f95-c7cc40993ef8468b_3e7b-41b067f2ce6f3fef_8ee6-f25eed33d1c37931_1a7f-0de4b62afcd06138_45f2-36651928a974c895_caa2-0-seq_right_before_questions
[配置] 启用 FAISS 加速，索引类型: flat
[GraphAug] 命中图缓存 (nodes=6810, edges=20638)
Got 0 examples


 ============================== 


eval temporal_neighbor('clean all the drinkwares', direction='before')
Updated/Defined variables after execution: {}

**SystemMessage**:
"""You are a smart humanoid robot answering user question about your past actions.
The history object contains information on what you did in the past, represented as a tree.
Use the method expand to look at details of a node.
Make sure to use collapse_all_but(idx) when you expanded irrelevant nodes, in order to keep the tree compact.
Enter Python expressions into the console to see the value and decide for the next command based on that result.
Answer concisely by calling answer("...") when you gathered enough information to answer the question.
Generate syntactically correct python console statements only, no explanations or other natural language statements.
IMPORTANT: If search() returns "No relevant records found", your next command MUST be answer("I have no record of that."). Do not search synonyms, do not expand further, and do not call vqa.
IMPORTANT: If you get "Nothing changed" twice, answer honestly that you have no record. Do NOT keep searching repeatedly. For just-before/just-after questions, first try one broader target search or inspect another relevant top-level time block before giving up.
For object yes/no questions, first use object_lookup("object name"). If it reports no matching summary, answer "No, I have no record of that." Do not call vqa unless you already have a directly relevant leaf image.
For task-list questions such as "List the tasks you performed", first use task_list(). Prefer its Recommended answer and chronological candidates instead of manually expanding the whole tree. For long histories, do not copy every task candidate verbatim unless the user explicitly asks for an exhaustive transcript.
For low-level action questions such as "what task did you perform when you toggle/open/pick up/place X", first use action_lookup("full low-level action"), for example action_lookup("open the drawer"). Do not call task_lookup first for these low-level action questions.
For task-description questions such as "describe what you did when you X", first use task_lookup("X"). Prefer its matching task candidates instead of manually expanding the whole tree. This does not apply to low-level action questions covered by action_lookup.
For exact date/time questions or "N days ago" questions asking what happened, first use date_lookup(question). Prefer its Recommended answer when it is confident instead of manually expanding by date.
For "How many days ago did you X?" or "When did you X?" questions, first use event_date_lookup(question). If it lists multiple days, include all of them in the final answer instead of only the most recent match.
For just-before or just-after questions, first use temporal_neighbor(target_task, direction="before" or "after") if a candidate is not already shown. Prefer the returned Recommended answer when it is confident. Only then inspect adjacent sibling or temporal nodes. Avoid expanding to raw leaf observations unless the summary is insufficient.
Do not call vqa for time, date, task-list, before/after, or yes/no object-existence questions when textual summaries already answer the question. Use vqa only for explicit visual appearance questions such as color, visible state, or what something looks like.
Never output bare parameters such as reasoning="..." answer="...". Always call answer("..."). You may call answer(reasoning="...", answer="...") only when a short reason is necessary.
Keep answer() short: answer under 60 words, and do not use markdown or backticks inside answer()."""

**HumanMessage**:
"""
def action_lookup(query: str, max_matches: int = 6) -> str # For low-level action questions, map raw leaf actions back to task-sized summaries
def answer(reasoning: str = None, answer: str = Ellipsis)
def ask(question: str)
def date_lookup(query: str, max_matches: int = 8) -> str # For exact date/time or N-days-ago questions, list matching history summaries directly
def event_date_lookup(query: str, max_matches: int = 12) -> str # For "how many days ago did you X" questions, find all matching event dates directly
def now() -> datetime.datetime
def object_lookup(object_name: str, max_matches: int = 8) -> str # For object yes/no questions, check whether task summaries mention the object
def task_list(max_tasks: int = 30) -> str # For task-list questions, list task-sized history summaries in chronological order
def task_lookup(query: str, max_matches: int = 8) -> str # For task-description questions, list task-sized summaries matching a query
def temporal_neighbor(target_task: str, direction: str = 'before', max_candidates: int = 6) -> str # For just-before/just-after questions, find the target task and return adjacent task candidates
def vqa(question: str, *images: PIL.Image.Image)
"""

**HumanMessage**:
"""Usage examples:
>>> history.expand()  # Shows the history tree with all child nodes expanded
>>> history.expand(date(2021, 12, 20))  # Expand the children that overlap with the given day
>>> history.expand(now() - timedelta(hours=6), now() - timedelta(hours=4))  # Expand all children that overlap with the given range (in this example "about 5 hours ago")
>>> history.expand((now() - timedelta(days=2)).date())  # Expand all children that overlap with the day before yesterday
>>> history.expand(0)  # Shows child node 0
>>> history[0].expand()  # Expands all child nodes of node 0 (node 0 must be expanded already to see them)
>>> history[5][2].expand()  # Shows child node 2 of child node 5 with all its child nodes expanded
>>> history.search("green cup") # Semantic index search. Expands the most relevant children according to similarity of the natural language query and the node's (recursively defined) index content.
>>> history[1][42].search("bicycle") # Semantic index search on some node further down the tree. Expands the children of node 1.42 most relevant to the search term
>>> history[3].collapse_all_but(1); history[3][1].expand()  # Zooms into details of child node 3.1 while collapsing all other childs of node 3
>>> vqa("What color is the ... in this image?",
...     history[2][4][-1][0].image)  # Invoke a model to answer a visual question about image(s) of some leaf (!) node(s)

# After gathering the relevant information, answer the question:
# Use a short final answer. Optionally provide a brief reasoning only when needed.
>>> answer("...")"""

**HumanMessage**:
"""User question: What task did you do just before clean all the drinkwares?"""

**AIMessage**:
"""temporal_neighbor('clean all the drinkwares', direction='before')"""

**HumanMessage**:
/home/user22303471/Project/Active-H-EMV/llm_emv/setup.py:226: FutureWarning: The `get_sentence_embedding_dimension` method has been renamed to `get_embedding_dimension`.
  filter_kwargs['_embedding_dim'] = embedding_model.get_sentence_embedding_dimension()
""""Temporal neighbor candidates for target='clean all the drinkwares', direction='before':\n1. score=0.79; target=2023/04/16 17:39 - 17:52: I prepared a cup of coffee for the user by finding a dirty mug in the fridge, cleaning it in the sink, and then setting it up at the coffee machine. Although I initially forgot to...; before=2023/04/16 16:24 - 16:37: I prepared a slice of toasted bread. I retrieved bread from the cabinet, sliced it with a knife, and then toasted one slice. After toasting, I cleaned a plate, placed it on the cou...\n2. score=0.77; target=2023/04/08 19:57:24 - 19:57:43: I placed the clean mug back into the coffee machine and turned it on to brew new coffee. The task was completed successfully.; before=2023/04/08 19:56:59 - 19:57:23: I brought the mug to the sink, turned on the faucet to rinse it, emptied the mug, and then turned off the faucet.\n3. score=0.73; target=2023/04/13 19:37 - 19:42: After the user requested a slice of tomato in a clean bowl, I cleared the sink, located a bowl and a knife, sliced the tomato, and placed a slice into the bowl to complete the task...; before=2023/04/13 13:41 - 13:48: I prepared two mugs of coffee and two slices of toast, organized the toast onto plates as instructed, and reported the completion of the food and beverage preparation.\n4. score=0.72; target=2023/04/14 09:39 - 09:45: After the user noted the bowl was unwashed, I removed the tomato slice, moved the bowl to the sink, cleared the area, and washed the bowl. I then placed the tomato slice back into...; before=2023/04/14 09:32 - 09:39: I sliced a tomato and some bread, then placed a tomato slice into a bowl as instructed by the user.\n5. score=0.71; target=2023/04/05 17:56 - 18:01: I prepared and toasted a slice of bread, cleaned a dirty plate I found nearby, and served the toast on the clean plate to complete the task.; before=2023/04/04 19:21 - 19:31: I cooked five potato slices in the microwave and then cleaned a dirty plate to serve them on, completing the task as instructed.\n6. score=0.70; target=2023/04/15 19:14 - 19:23: I transitioned the potatoes to the stove for final cooking, cleaned the necessary workspace and dishes, and completed the final plating of the potato and tomato slices.; before=2023/04/15 18:59 - 19:13: I began by preparing and slicing a potato as requested, then microwaved the slices and started an initial assembly of the meal on a plate.\nRecommended answer: I prepared two mugs of coffee and two slices of toast, organized the toast onto plates as instructed, and reported the completion of the food and beverage preparation.""""

**HumanMessage**:
"""Current state:
2023/03/29 - 2023/04/23: "Between March 29th and April 23rd, I performed consistent household maintenance and daily routines, including preparing various meals like coffee and sandwiches, watering plants, cleaning kitchenware, and tidying up the living room and sofa areas."  
  ..."""
{}
command: answer("Just before cleaning all the drinkwares, I prepared two mugs of coffee and two slices of toast, organized the toast onto plates as instructed, and reported the completion of the food and beverage preparation.")
expected output: 


 ============================== 


eval answer("Just before cleaning all the drinkwares, I prepared two mugs of coffee and two slices of toast, organized the toast onto plates as instructed, and reported the completion of the food and beverage preparation.")
Answering Just before cleaning all the drinkwares, I prepared two mugs of coffee and two slices of toast, organized the toast onto plates as instructed, and reported the completion of the food and beverage preparation.  with reason: None
Tokens Used: 2740
	Prompt Tokens: 2419
	Completion Tokens: 321
Successful Requests: 1
Total Cost (USD): $0.0
Evaluating sample ed9479c5dd8f204d_0102-488f96fab858496c_d6e2-a01d8c5e515fa9c4_c871-345624f0e74dc947_8525-dbb41344c474217f_2e3e-57862376ad3394a1_464f-977b52faf01e6c05_2895-15fa5e0caaf6a06f_81e4-eccc0afc91fb9b74_d5ba-c4c12513ffbf7d33_9e16-fef7c3fc3990d2e8_fb19-7affadfe549cbeb4_1df8-92904ea754a401e6_2b2c-064a69cb5d40b41f_f773-bbe083aa96535a1d_a996-7d0db28e7d18c776_c97a-0d1a67f82b3b5854_d74d-c1eba1e4b831e04b_aab3-5ab41ea72487ce0f_e5be-a44d13c7da084070_fe04-bd7327d5d2853453_fad6-c02445dd7a5b6f26_fffd-53472cf3cabeb021_46b6-1fa4f0593088b6f2_89ee-1023a6f334db1f63_f0f2-bd7327d5d2853453_5b4f-cdf30defa61245ba_5590-88f8ad0d2d356270_bb95-864a2333f20b0957_be88-75a59f83a279bd78_fb03-c2787b38615034c6_6175-1a8b00c643110183_ebc6-1e8fb21f2b41b0b0_db8b-fe6b3de8c88b8573_9f76-8057d5b1cab47555_9345-04ae108b77699c0f_2453-dd2efe33087ddc60_cb3a-23acf721b22a6456_1716-1801730beafdda15_f501-a1694dc92f54473f_0b07-b8729e0c4c857a8e_24b5-4c98e155c32cdc6f_7acc-f7ca0c5c4964bcdc_c0cf-e82f290cb4ab70bd_86a3-b2fde7ee4eb1c40f_1f95-c7cc40993ef8468b_3e7b-41b067f2ce6f3fef_8ee6-f25eed33d1c37931_1a7f-0de4b62afcd06138_45f2-36651928a974c895_caa2-0-seq_simple_object_yes_no
[配置] 启用 FAISS 加速，索引类型: flat
[GraphAug] 命中图缓存 (nodes=6810, edges=20638)
Got 0 examples


 ============================== 


eval object_lookup('painting')
Updated/Defined variables after execution: {}

**SystemMessage**:
"""You are a smart humanoid robot answering user question about your past actions.
The history object contains information on what you did in the past, represented as a tree.
Use the method expand to look at details of a node.
Make sure to use collapse_all_but(idx) when you expanded irrelevant nodes, in order to keep the tree compact.
Enter Python expressions into the console to see the value and decide for the next command based on that result.
Answer concisely by calling answer("...") when you gathered enough information to answer the question.
Generate syntactically correct python console statements only, no explanations or other natural language statements.
IMPORTANT: If search() returns "No relevant records found", your next command MUST be answer("I have no record of that."). Do not search synonyms, do not expand further, and do not call vqa.
IMPORTANT: If you get "Nothing changed" twice, answer honestly that you have no record. Do NOT keep searching repeatedly. For just-before/just-after questions, first try one broader target search or inspect another relevant top-level time block before giving up.
For object yes/no questions, first use object_lookup("object name"). If it reports no matching summary, answer "No, I have no record of that." Do not call vqa unless you already have a directly relevant leaf image.
For task-list questions such as "List the tasks you performed", first use task_list(). Prefer its Recommended answer and chronological candidates instead of manually expanding the whole tree. For long histories, do not copy every task candidate verbatim unless the user explicitly asks for an exhaustive transcript.
For low-level action questions such as "what task did you perform when you toggle/open/pick up/place X", first use action_lookup("full low-level action"), for example action_lookup("open the drawer"). Do not call task_lookup first for these low-level action questions.
For task-description questions such as "describe what you did when you X", first use task_lookup("X"). Prefer its matching task candidates instead of manually expanding the whole tree. This does not apply to low-level action questions covered by action_lookup.
For exact date/time questions or "N days ago" questions asking what happened, first use date_lookup(question). Prefer its Recommended answer when it is confident instead of manually expanding by date.
For "How many days ago did you X?" or "When did you X?" questions, first use event_date_lookup(question). If it lists multiple days, include all of them in the final answer instead of only the most recent match.
For just-before or just-after questions, first use temporal_neighbor(target_task, direction="before" or "after") if a candidate is not already shown. Prefer the returned Recommended answer when it is confident. Only then inspect adjacent sibling or temporal nodes. Avoid expanding to raw leaf observations unless the summary is insufficient.
Do not call vqa for time, date, task-list, before/after, or yes/no object-existence questions when textual summaries already answer the question. Use vqa only for explicit visual appearance questions such as color, visible state, or what something looks like.
Never output bare parameters such as reasoning="..." answer="...". Always call answer("..."). You may call answer(reasoning="...", answer="...") only when a short reason is necessary.
Keep answer() short: answer under 60 words, and do not use markdown or backticks inside answer()."""

**HumanMessage**:
"""
def action_lookup(query: str, max_matches: int = 6) -> str # For low-level action questions, map raw leaf actions back to task-sized summaries
def answer(reasoning: str = None, answer: str = Ellipsis)
def ask(question: str)
def date_lookup(query: str, max_matches: int = 8) -> str # For exact date/time or N-days-ago questions, list matching history summaries directly
def event_date_lookup(query: str, max_matches: int = 12) -> str # For "how many days ago did you X" questions, find all matching event dates directly
def now() -> datetime.datetime
def object_lookup(object_name: str, max_matches: int = 8) -> str # For object yes/no questions, check whether task summaries mention the object
def task_list(max_tasks: int = 30) -> str # For task-list questions, list task-sized history summaries in chronological order
def task_lookup(query: str, max_matches: int = 8) -> str # For task-description questions, list task-sized summaries matching a query
def temporal_neighbor(target_task: str, direction: str = 'before', max_candidates: int = 6) -> str # For just-before/just-after questions, find the target task and return adjacent task candidates
def vqa(question: str, *images: PIL.Image.Image)
"""

**HumanMessage**:
"""Usage examples:
>>> history.expand()  # Shows the history tree with all child nodes expanded
>>> history.expand(date(2021, 12, 20))  # Expand the children that overlap with the given day
>>> history.expand(now() - timedelta(hours=6), now() - timedelta(hours=4))  # Expand all children that overlap with the given range (in this example "about 5 hours ago")
>>> history.expand((now() - timedelta(days=2)).date())  # Expand all children that overlap with the day before yesterday
>>> history.expand(0)  # Shows child node 0
>>> history[0].expand()  # Expands all child nodes of node 0 (node 0 must be expanded already to see them)
>>> history[5][2].expand()  # Shows child node 2 of child node 5 with all its child nodes expanded
>>> history.search("green cup") # Semantic index search. Expands the most relevant children according to similarity of the natural language query and the node's (recursively defined) index content.
>>> history[1][42].search("bicycle") # Semantic index search on some node further down the tree. Expands the children of node 1.42 most relevant to the search term
>>> history[3].collapse_all_but(1); history[3][1].expand()  # Zooms into details of child node 3.1 while collapsing all other childs of node 3
>>> vqa("What color is the ... in this image?",
...     history[2][4][-1][0].image)  # Invoke a model to answer a visual question about image(s) of some leaf (!) node(s)

# After gathering the relevant information, answer the question:
# Use a short final answer. Optionally provide a brief reasoning only when needed.
>>> answer("...")"""

**HumanMessage**:
"""User question: Was there a painting ?"""

**AIMessage**:
"""object_lookup('painting')"""

**HumanMessage**:
""""Object lookup for object='painting':\nNo task-sized summaries mention this object.\nRecommended answer: No, I have no record of that.""""

**HumanMessage**:
"""Current state:
2023/03/29 - 2023/04/23: "Between March 29th and April 23rd, I performed consistent household maintenance and daily routines, including preparing various meals like coffee and sandwiches, watering plants, cleaning kitchenware, and tidying up the living room and sofa areas."  
  ..."""
{}
command: answer("No, I have no record of that.")
expected output: 


 ============================== 


eval answer("No, I have no record of that.")
Answering No, I have no record of that.  with reason: None
Tokens Used: 1790
	Prompt Tokens: 1613
	Completion Tokens: 177
Successful Requests: 1
Total Cost (USD): $0.0
Evaluating sample /home/user22303471/Project/Active-H-EMV/llm_emv/setup.py:226: FutureWarning: The `get_sentence_embedding_dimension` method has been renamed to `get_embedding_dimension`.
  filter_kwargs['_embedding_dim'] = embedding_model.get_sentence_embedding_dimension()
ed9479c5dd8f204d_0102-488f96fab858496c_d6e2-a01d8c5e515fa9c4_c871-345624f0e74dc947_8525-dbb41344c474217f_2e3e-57862376ad3394a1_464f-977b52faf01e6c05_2895-15fa5e0caaf6a06f_81e4-eccc0afc91fb9b74_d5ba-c4c12513ffbf7d33_9e16-fef7c3fc3990d2e8_fb19-7affadfe549cbeb4_1df8-92904ea754a401e6_2b2c-064a69cb5d40b41f_f773-bbe083aa96535a1d_a996-7d0db28e7d18c776_c97a-0d1a67f82b3b5854_d74d-c1eba1e4b831e04b_aab3-5ab41ea72487ce0f_e5be-a44d13c7da084070_fe04-bd7327d5d2853453_fad6-c02445dd7a5b6f26_fffd-53472cf3cabeb021_46b6-1fa4f0593088b6f2_89ee-1023a6f334db1f63_f0f2-bd7327d5d2853453_5b4f-cdf30defa61245ba_5590-88f8ad0d2d356270_bb95-864a2333f20b0957_be88-75a59f83a279bd78_fb03-c2787b38615034c6_6175-1a8b00c643110183_ebc6-1e8fb21f2b41b0b0_db8b-fe6b3de8c88b8573_9f76-8057d5b1cab47555_9345-04ae108b77699c0f_2453-dd2efe33087ddc60_cb3a-23acf721b22a6456_1716-1801730beafdda15_f501-a1694dc92f54473f_0b07-b8729e0c4c857a8e_24b5-4c98e155c32cdc6f_7acc-f7ca0c5c4964bcdc_c0cf-e82f290cb4ab70bd_86a3-b2fde7ee4eb1c40f_1f95-c7cc40993ef8468b_3e7b-41b067f2ce6f3fef_8ee6-f25eed33d1c37931_1a7f-0de4b62afcd06138_45f2-36651928a974c895_caa2-0-seq_low_actions_to_episode_task_descs
[配置] 启用 FAISS 加速，索引类型: flat
[GraphAug] 命中图缓存 (nodes=6810, edges=20638)
Got 0 examples


 ============================== 


eval task_lookup('pick up the butterknife')
Updated/Defined variables after execution: {}

**SystemMessage**:
"""You are a smart humanoid robot answering user question about your past actions.
The history object contains information on what you did in the past, represented as a tree.
Use the method expand to look at details of a node.
Make sure to use collapse_all_but(idx) when you expanded irrelevant nodes, in order to keep the tree compact.
Enter Python expressions into the console to see the value and decide for the next command based on that result.
Answer concisely by calling answer("...") when you gathered enough information to answer the question.
Generate syntactically correct python console statements only, no explanations or other natural language statements.
IMPORTANT: If search() returns "No relevant records found", your next command MUST be answer("I have no record of that."). Do not search synonyms, do not expand further, and do not call vqa.
IMPORTANT: If you get "Nothing changed" twice, answer honestly that you have no record. Do NOT keep searching repeatedly. For just-before/just-after questions, first try one broader target search or inspect another relevant top-level time block before giving up.
For object yes/no questions, first use object_lookup("object name"). If it reports no matching summary, answer "No, I have no record of that." Do not call vqa unless you already have a directly relevant leaf image.
For task-list questions such as "List the tasks you performed", first use task_list(). Prefer its Recommended answer and chronological candidates instead of manually expanding the whole tree. For long histories, do not copy every task candidate verbatim unless the user explicitly asks for an exhaustive transcript.
For low-level action questions such as "what task did you perform when you toggle/open/pick up/place X", first use action_lookup("full low-level action"), for example action_lookup("open the drawer"). Do not call task_lookup first for these low-level action questions.
For task-description questions such as "describe what you did when you X", first use task_lookup("X"). Prefer its matching task candidates instead of manually expanding the whole tree. This does not apply to low-level action questions covered by action_lookup.
For exact date/time questions or "N days ago" questions asking what happened, first use date_lookup(question). Prefer its Recommended answer when it is confident instead of manually expanding by date.
For "How many days ago did you X?" or "When did you X?" questions, first use event_date_lookup(question). If it lists multiple days, include all of them in the final answer instead of only the most recent match.
For just-before or just-after questions, first use temporal_neighbor(target_task, direction="before" or "after") if a candidate is not already shown. Prefer the returned Recommended answer when it is confident. Only then inspect adjacent sibling or temporal nodes. Avoid expanding to raw leaf observations unless the summary is insufficient.
Do not call vqa for time, date, task-list, before/after, or yes/no object-existence questions when textual summaries already answer the question. Use vqa only for explicit visual appearance questions such as color, visible state, or what something looks like.
Never output bare parameters such as reasoning="..." answer="...". Always call answer("..."). You may call answer(reasoning="...", answer="...") only when a short reason is necessary.
Keep answer() short: answer under 60 words, and do not use markdown or backticks inside answer()."""

**HumanMessage**:
"""
def action_lookup(query: str, max_matches: int = 6) -> str # For low-level action questions, map raw leaf actions back to task-sized summaries
def answer(reasoning: str = None, answer: str = Ellipsis)
def ask(question: str)
def date_lookup(query: str, max_matches: int = 8) -> str # For exact date/time or N-days-ago questions, list matching history summaries directly
def event_date_lookup(query: str, max_matches: int = 12) -> str # For "how many days ago did you X" questions, find all matching event dates directly
def now() -> datetime.datetime
def object_lookup(object_name: str, max_matches: int = 8) -> str # For object yes/no questions, check whether task summaries mention the object
def task_list(max_tasks: int = 30) -> str # For task-list questions, list task-sized history summaries in chronological order
def task_lookup(query: str, max_matches: int = 8) -> str # For task-description questions, list task-sized summaries matching a query
def temporal_neighbor(target_task: str, direction: str = 'before', max_candidates: int = 6) -> str # For just-before/just-after questions, find the target task and return adjacent task candidates
def vqa(question: str, *images: PIL.Image.Image)
"""

**HumanMessage**:
"""Usage examples:
>>> history.expand()  # Shows the history tree with all child nodes expanded
>>> history.expand(date(2021, 12, 20))  # Expand the children that overlap with the given day
>>> history.expand(now() - timedelta(hours=6), now() - timedelta(hours=4))  # Expand all children that overlap with the given range (in this example "about 5 hours ago")
>>> history.expand((now() - timedelta(days=2)).date())  # Expand all children that overlap with the day before yesterday
>>> history.expand(0)  # Shows child node 0
>>> history[0].expand()  # Expands all child nodes of node 0 (node 0 must be expanded already to see them)
>>> history[5][2].expand()  # Shows child node 2 of child node 5 with all its child nodes expanded
>>> history.search("green cup") # Semantic index search. Expands the most relevant children according to similarity of the natural language query and the node's (recursively defined) index content.
>>> history[1][42].search("bicycle") # Semantic index search on some node further down the tree. Expands the children of node 1.42 most relevant to the search term
>>> history[3].collapse_all_but(1); history[3][1].expand()  # Zooms into details of child node 3.1 while collapsing all other childs of node 3
>>> vqa("What color is the ... in this image?",
...     history[2][4][-1][0].image)  # Invoke a model to answer a visual question about image(s) of some leaf (!) node(s)

# After gathering the relevant information, answer the question:
# Use a short final answer. Optionally provide a brief reasoning only when needed.
>>> answer("...")"""

**HumanMessage**:
"""User question: what task or tasks did you perform when you pick up the butterknife?"""

**AIMessage**:
"""task_lookup('pick up the butterknife')"""

**HumanMessage**:
/home/user22303471/Project/Active-H-EMV/llm_emv/setup.py:226: FutureWarning: The `get_sentence_embedding_dimension` method has been renamed to `get_embedding_dimension`.
  filter_kwargs['_embedding_dim'] = embedding_model.get_sentence_embedding_dimension()
""""Task lookup candidates for query='pick up the butterknife' (matched by raw action target):\n1. score=1.00; raw_matches=1; 2023/04/15 09:34:22 - 09:36:21: I picked up a tomato, placed it on the countertop, then picked up a butter knife and sliced the tomato, placing the slices back on the countertop.\n2. score=1.00; raw_matches=1; 2023/04/14 09:39 - 09:45: After the user noted the bowl was unwashed, I removed the tomato slice, moved the bowl to the sink, cleared the area, and washed the bowl. I then placed the tomato s...\n3. score=1.00; raw_matches=1; 2023/04/07 08:22:34 - 08:24:14: I picked up a butter knife and placed it on the countertop. During this time, I received instructions to prepare a slice of toast.\n4. score=1.00; raw_matches=1; 2023/04/05 17:56:56 - 17:59:36: I prepared and toasted a slice of bread after checking the fridge for ingredients and slicing a loaf from the cabinet.\n5. score=1.00; raw_matches=1; 2023/04/04 19:21 - 19:24: The user instructed me to cook 5 slices of potato. I picked up a potato from the shelf, placed it on the countertop, turned off the faucet, and then picked up a butt...\n6. score=1.00; raw_matches=1; 2023/04/04 19:21 - 19:27: After being instructed to cook 5 potato slices, I prepared the potato, sliced it, and placed the slices into the microwave to cook.\nRecommended answer: I picked up a tomato, placed it on the countertop, then picked up a butter knife and sliced the tomato; After the user noted the bowl was unwashed, I removed the tomato slice, moved the bowl to the sink; I picked up a butter knife and placed it on the countertop. During this time; I prepared and toasted a slice of bread after checking the fridge for ingredients and slicing a loaf from the; The user instructed me to cook 5 slices of potato. I picked up a potato from the shelf\nAnswer now with concise task-sized phrases; do not call action_lookup again.""""

**HumanMessage**:
"""Current state:
2023/03/29 - 2023/04/23: "Between March 29th and April 23rd, I performed consistent household maintenance and daily routines, including preparing various meals like coffee and sandwiches, watering plants, cleaning kitchenware, and tidying up the living room and sofa areas."  
  ..."""
{}
command: answer("I picked up the butterknife for several tasks, including slicing a tomato, preparing a slice of toast, and slicing a potato.")
expected output: 


 ============================== 


eval answer("I picked up the butterknife for several tasks, including slicing a tomato, preparing a slice of toast, and slicing a potato.")
Answering I picked up the butterknife for several tasks, including slicing a tomato, preparing a slice of toast, and slicing a potato.  with reason: None
Tokens Used: 2955
	Prompt Tokens: 2192
	Completion Tokens: 763
Successful Requests: 1
Total Cost (USD): $0.0
Evaluating sample ed9479c5dd8f204d_0102-488f96fab858496c_d6e2-a01d8c5e515fa9c4_c871-345624f0e74dc947_8525-dbb41344c474217f_2e3e-57862376ad3394a1_464f-977b52faf01e6c05_2895-15fa5e0caaf6a06f_81e4-eccc0afc91fb9b74_d5ba-c4c12513ffbf7d33_9e16-fef7c3fc3990d2e8_fb19-7affadfe549cbeb4_1df8-92904ea754a401e6_2b2c-064a69cb5d40b41f_f773-bbe083aa96535a1d_a996-7d0db28e7d18c776_c97a-0d1a67f82b3b5854_d74d-c1eba1e4b831e04b_aab3-5ab41ea72487ce0f_e5be-a44d13c7da084070_fe04-bd7327d5d2853453_fad6-c02445dd7a5b6f26_fffd-53472cf3cabeb021_46b6-1fa4f0593088b6f2_89ee-1023a6f334db1f63_f0f2-bd7327d5d2853453_5b4f-cdf30defa61245ba_5590-88f8ad0d2d356270_bb95-864a2333f20b0957_be88-75a59f83a279bd78_fb03-c2787b38615034c6_6175-1a8b00c643110183_ebc6-1e8fb21f2b41b0b0_db8b-fe6b3de8c88b8573_9f76-8057d5b1cab47555_9345-04ae108b77699c0f_2453-dd2efe33087ddc60_cb3a-23acf721b22a6456_1716-1801730beafdda15_f501-a1694dc92f54473f_0b07-b8729e0c4c857a8e_24b5-4c98e155c32cdc6f_7acc-f7ca0c5c4964bcdc_c0cf-e82f290cb4ab70bd_86a3-b2fde7ee4eb1c40f_1f95-c7cc40993ef8468b_3e7b-41b067f2ce6f3fef_8ee6-f25eed33d1c37931_1a7f-0de4b62afcd06138_45f2-36651928a974c895_caa2-0-exact_time_to_episode
[配置] 启用 FAISS 加速，索引类型: flat
[GraphAug] 命中图缓存 (nodes=6810, edges=20638)
Got 0 examples


 ============================== 


eval date_lookup('what did you do on Apr 02, 2023 at 04:09 PM?')
Updated/Defined variables after execution: {}

**SystemMessage**:
"""You are a smart humanoid robot answering user question about your past actions.
The history object contains information on what you did in the past, represented as a tree.
Use the method expand to look at details of a node.
Make sure to use collapse_all_but(idx) when you expanded irrelevant nodes, in order to keep the tree compact.
Enter Python expressions into the console to see the value and decide for the next command based on that result.
Answer concisely by calling answer("...") when you gathered enough information to answer the question.
Generate syntactically correct python console statements only, no explanations or other natural language statements.
IMPORTANT: If search() returns "No relevant records found", your next command MUST be answer("I have no record of that."). Do not search synonyms, do not expand further, and do not call vqa.
IMPORTANT: If you get "Nothing changed" twice, answer honestly that you have no record. Do NOT keep searching repeatedly. For just-before/just-after questions, first try one broader target search or inspect another relevant top-level time block before giving up.
For object yes/no questions, first use object_lookup("object name"). If it reports no matching summary, answer "No, I have no record of that." Do not call vqa unless you already have a directly relevant leaf image.
For task-list questions such as "List the tasks you performed", first use task_list(). Prefer its Recommended answer and chronological candidates instead of manually expanding the whole tree. For long histories, do not copy every task candidate verbatim unless the user explicitly asks for an exhaustive transcript.
For low-level action questions such as "what task did you perform when you toggle/open/pick up/place X", first use action_lookup("full low-level action"), for example action_lookup("open the drawer"). Do not call task_lookup first for these low-level action questions.
For task-description questions such as "describe what you did when you X", first use task_lookup("X"). Prefer its matching task candidates instead of manually expanding the whole tree. This does not apply to low-level action questions covered by action_lookup.
For exact date/time questions or "N days ago" questions asking what happened, first use date_lookup(question). Prefer its Recommended answer when it is confident instead of manually expanding by date.
For "How many days ago did you X?" or "When did you X?" questions, first use event_date_lookup(question). If it lists multiple days, include all of them in the final answer instead of only the most recent match.
For just-before or just-after questions, first use temporal_neighbor(target_task, direction="before" or "after") if a candidate is not already shown. Prefer the returned Recommended answer when it is confident. Only then inspect adjacent sibling or temporal nodes. Avoid expanding to raw leaf observations unless the summary is insufficient.
Do not call vqa for time, date, task-list, before/after, or yes/no object-existence questions when textual summaries already answer the question. Use vqa only for explicit visual appearance questions such as color, visible state, or what something looks like.
Never output bare parameters such as reasoning="..." answer="...". Always call answer("..."). You may call answer(reasoning="...", answer="...") only when a short reason is necessary.
Keep answer() short: answer under 60 words, and do not use markdown or backticks inside answer()."""

**HumanMessage**:
/home/user22303471/Project/Active-H-EMV/llm_emv/setup.py:226: FutureWarning: The `get_sentence_embedding_dimension` method has been renamed to `get_embedding_dimension`.
  filter_kwargs['_embedding_dim'] = embedding_model.get_sentence_embedding_dimension()
/home/user22303471/Project/Active-H-EMV/llm_emv/setup.py:183: FutureWarning: The `get_sentence_embedding_dimension` method has been renamed to `get_embedding_dimension`.
  result = torch.empty(len(texts), embedding_model.get_sentence_embedding_dimension(),
"""
def action_lookup(query: str, max_matches: int = 6) -> str # For low-level action questions, map raw leaf actions back to task-sized summaries
def answer(reasoning: str = None, answer: str = Ellipsis)
def ask(question: str)
def date_lookup(query: str, max_matches: int = 8) -> str # For exact date/time or N-days-ago questions, list matching history summaries directly
def event_date_lookup(query: str, max_matches: int = 12) -> str # For "how many days ago did you X" questions, find all matching event dates directly
def now() -> datetime.datetime
def object_lookup(object_name: str, max_matches: int = 8) -> str # For object yes/no questions, check whether task summaries mention the object
def task_list(max_tasks: int = 30) -> str # For task-list questions, list task-sized history summaries in chronological order
def task_lookup(query: str, max_matches: int = 8) -> str # For task-description questions, list task-sized summaries matching a query
def temporal_neighbor(target_task: str, direction: str = 'before', max_candidates: int = 6) -> str # For just-before/just-after questions, find the target task and return adjacent task candidates
def vqa(question: str, *images: PIL.Image.Image)
"""

**HumanMessage**:
"""Usage examples:
>>> history.expand()  # Shows the history tree with all child nodes expanded
>>> history.expand(date(2021, 12, 20))  # Expand the children that overlap with the given day
>>> history.expand(now() - timedelta(hours=6), now() - timedelta(hours=4))  # Expand all children that overlap with the given range (in this example "about 5 hours ago")
>>> history.expand((now() - timedelta(days=2)).date())  # Expand all children that overlap with the day before yesterday
>>> history.expand(0)  # Shows child node 0
>>> history[0].expand()  # Expands all child nodes of node 0 (node 0 must be expanded already to see them)
>>> history[5][2].expand()  # Shows child node 2 of child node 5 with all its child nodes expanded
>>> history.search("green cup") # Semantic index search. Expands the most relevant children according to similarity of the natural language query and the node's (recursively defined) index content.
>>> history[1][42].search("bicycle") # Semantic index search on some node further down the tree. Expands the children of node 1.42 most relevant to the search term
>>> history[3].collapse_all_but(1); history[3][1].expand()  # Zooms into details of child node 3.1 while collapsing all other childs of node 3
>>> vqa("What color is the ... in this image?",
...     history[2][4][-1][0].image)  # Invoke a model to answer a visual question about image(s) of some leaf (!) node(s)

# After gathering the relevant information, answer the question:
# Use a short final answer. Optionally provide a brief reasoning only when needed.
>>> answer("...")"""

**HumanMessage**:
"""User question: what did you do on Apr 02, 2023 at 04:09 PM?"""

**AIMessage**:
"""date_lookup('what did you do on Apr 02, 2023 at 04:09 PM?')"""

**HumanMessage**:
""""Date lookup for query='what did you do on Apr 02, 2023 at 04:09 PM?': resolved=2023/04/02 16:09:00.\n1. score=0.85; 2023/04/02 16:09 - 16:25: I prepared and cooked a potato on the stove, then sliced it and placed the slices into a bowl I had cleaned.\n2. score=0.82; 2023/04/02 16:09 - 16:16: After clearing the sink and receiving instructions to cook a potato, I prepared my workspace and cooked the potato in a pan on the stove.\n3. score=0.76; 2023/04/02 16:09 - 16:12: I cleared the sink by moving a paper towel roll, sponge, and spatula to the countertop. I then picked up a potato from the sink and placed it on the countertop. During this, the user instructed me to cook the potato.\n4. score=0.65; 2023/04/02 16:09 - 18:49: I prepared various food items including a cooked potato in a bowl, a tomato slice on a plate, and toast on a plate.\n5. score=0.61; 2023/04/02 16:09:17 - 16:10:50: Goal: Pickup(PaperTowelRoll) Visual observation: Spoon_1, PepperShaker_2, Pot_2, Potato_1, CounterTop_0, Sink, CreditCard, Plate [dirty], Spatula_0, PaperTowelRoll, Tomato, Sink_Basin, SoapBottle, DishSponge, HousePlant...\n6. score=0.35; 2023/04/01 - 2023/04/02: On April 1st and 2nd, I prepared a tomato slice in a clean bowl, washed two dirty plates, and prepared various food items including cooked potato in a bowl, a tomato slice on a plate, and toast on a plate.\n7. score=0.24; 2023/04/01 - 2023/04/05: Between April 1st and 5th, I focused on food preparation involving potatoes, tomatoes, and toast, while also cleaning kitchenware and organizing the sofa area.\n8. score=0.16; 2023/03/29 - 2023/04/12: Between March 29th and April 12th, I maintained the household by cleaning kitchenware, organizing the sofa area, watering plants, and preparing various meals such as coffee, potato salad, toast, and tomato sandwiches.\nRecommended answer: I prepared and cooked a potato on the stove, then sliced it and placed the slices into a bowl I had cleaned.""""

**HumanMessage**:
"""Current state:
2023/03/29 - 2023/04/23: "Between March 29th and April 23rd, I performed consistent household maintenance and daily routines, including preparing various meals like coffee and sandwiches, watering plants, cleaning kitchenware, and tidying up the living room and sofa areas."  
  ..."""
{}
command: answer("I prepared and cooked a potato on the stove, then sliced it and placed the slices into a bowl I had cleaned.")
expected output: 


 ============================== 


eval answer("I prepared and cooked a potato on the stove, then sliced it and placed the slices into a bowl I had cleaned.")
Answering I prepared and cooked a potato on the stove, then sliced it and placed the slices into a bowl I had cleaned.  with reason: None
Tokens Used: 2882
	Prompt Tokens: 2313
	Completion Tokens: 569
Successful Requests: 1
Total Cost (USD): $0.0
Evaluating sample ed9479c5dd8f204d_0102-488f96fab858496c_d6e2-a01d8c5e515fa9c4_c871-345624f0e74dc947_8525-dbb41344c474217f_2e3e-57862376ad3394a1_464f-977b52faf01e6c05_2895-15fa5e0caaf6a06f_81e4-eccc0afc91fb9b74_d5ba-c4c12513ffbf7d33_9e16-fef7c3fc3990d2e8_fb19-7affadfe549cbeb4_1df8-92904ea754a401e6_2b2c-064a69cb5d40b41f_f773-bbe083aa96535a1d_a996-7d0db28e7d18c776_c97a-0d1a67f82b3b5854_d74d-c1eba1e4b831e04b_aab3-5ab41ea72487ce0f_e5be-a44d13c7da084070_fe04-bd7327d5d2853453_fad6-c02445dd7a5b6f26_fffd-53472cf3cabeb021_46b6-1fa4f0593088b6f2_89ee-1023a6f334db1f63_f0f2-bd7327d5d2853453_5b4f-cdf30defa61245ba_5590-88f8ad0d2d356270_bb95-864a2333f20b0957_be88-75a59f83a279bd78_fb03-c2787b38615034c6_6175-1a8b00c643110183_ebc6-1e8fb21f2b41b0b0_db8b-fe6b3de8c88b8573_9f76-8057d5b1cab47555_9345-04ae108b77699c0f_2453-dd2efe33087ddc60_cb3a-23acf721b22a6456_1716-1801730beafdda15_f501-a1694dc92f54473f_0b07-b8729e0c4c857a8e_24b5-4c98e155c32cdc6f_7acc-f7ca0c5c4964bcdc_c0cf-e82f290cb4ab70bd_86a3-b2fde7ee4eb1c40f_1f95-c7cc40993ef8468b_3e7b-41b067f2ce6f3fef_8ee6-f25eed33d1c37931_1a7f-0de4b62afcd06138_45f2-36651928a974c895_caa2-0-tasks_to_exact_times
[配置] 启用 FAISS 加速，索引类型: flat
[GraphAug] 命中图缓存 (nodes=6810, edges=20638)
Got 0 examples


 ============================== 


eval event_date_lookup('When did you serve 1 slice(s) of tomato on a plate?')
Updated/Defined variables after execution: {}

**SystemMessage**:
"""You are a smart humanoid robot answering user question about your past actions.
The history object contains information on what you did in the past, represented as a tree.
Use the method expand to look at details of a node.
Make sure to use collapse_all_but(idx) when you expanded irrelevant nodes, in order to keep the tree compact.
Enter Python expressions into the console to see the value and decide for the next command based on that result.
Answer concisely by calling answer("...") when you gathered enough information to answer the question.
Generate syntactically correct python console statements only, no explanations or other natural language statements.
IMPORTANT: If search() returns "No relevant records found", your next command MUST be answer("I have no record of that."). Do not search synonyms, do not expand further, and do not call vqa.
IMPORTANT: If you get "Nothing changed" twice, answer honestly that you have no record. Do NOT keep searching repeatedly. For just-before/just-after questions, first try one broader target search or inspect another relevant top-level time block before giving up.
For object yes/no questions, first use object_lookup("object name"). If it reports no matching summary, answer "No, I have no record of that." Do not call vqa unless you already have a directly relevant leaf image.
For task-list questions such as "List the tasks you performed", first use task_list(). Prefer its Recommended answer and chronological candidates instead of manually expanding the whole tree. For long histories, do not copy every task candidate verbatim unless the user explicitly asks for an exhaustive transcript.
For low-level action questions such as "what task did you perform when you toggle/open/pick up/place X", first use action_lookup("full low-level action"), for example action_lookup("open the drawer"). Do not call task_lookup first for these low-level action questions.
For task-description questions such as "describe what you did when you X", first use task_lookup("X"). Prefer its matching task candidates instead of manually expanding the whole tree. This does not apply to low-level action questions covered by action_lookup.
For exact date/time questions or "N days ago" questions asking what happened, first use date_lookup(question). Prefer its Recommended answer when it is confident instead of manually expanding by date.
For "How many days ago did you X?" or "When did you X?" questions, first use event_date_lookup(question). If it lists multiple days, include all of them in the final answer instead of only the most recent match.
For just-before or just-after questions, first use temporal_neighbor(target_task, direction="before" or "after") if a candidate is not already shown. Prefer the returned Recommended answer when it is confident. Only then inspect adjacent sibling or temporal nodes. Avoid expanding to raw leaf observations unless the summary is insufficient.
Do not call vqa for time, date, task-list, before/after, or yes/no object-existence questions when textual summaries already answer the question. Use vqa only for explicit visual appearance questions such as color, visible state, or what something looks like.
Never output bare parameters such as reasoning="..." answer="...". Always call answer("..."). You may call answer(reasoning="...", answer="...") only when a short reason is necessary.
Keep answer() short: answer under 60 words, and do not use markdown or backticks inside answer()."""

**HumanMessage**:
"""
def action_lookup(query: str, max_matches: int = 6) -> str # For low-level action questions, map raw leaf actions back to task-sized summaries
def answer(reasoning: str = None, answer: str = Ellipsis)
def ask(question: str)
def date_lookup(query: str, max_matches: int = 8) -> str # For exact date/time or N-days-ago questions, list matching history summaries directly
def event_date_lookup(query: str, max_matches: int = 12) -> str # For "how many days ago did you X" questions, find all matching event dates directly
def now() -> datetime.datetime
def object_lookup(object_name: str, max_matches: int = 8) -> str # For object yes/no questions, check whether task summaries mention the object
def task_list(max_tasks: int = 30) -> str # For task-list questions, list task-sized history summaries in chronological order
def task_lookup(query: str, max_matches: int = 8) -> str # For task-description questions, list task-sized summaries matching a query
def temporal_neighbor(target_task: str, direction: str = 'before', max_candidates: int = 6) -> str # For just-before/just-after questions, find the target task and return adjacent task candidates
def vqa(question: str, *images: PIL.Image.Image)
"""

**HumanMessage**:
"""Usage examples:
>>> history.expand()  # Shows the history tree with all child nodes expanded
>>> history.expand(date(2021, 12, 20))  # Expand the children that overlap with the given day
>>> history.expand(now() - timedelta(hours=6), now() - timedelta(hours=4))  # Expand all children that overlap with the given range (in this example "about 5 hours ago")
>>> history.expand((now() - timedelta(days=2)).date())  # Expand all children that overlap with the day before yesterday
>>> history.expand(0)  # Shows child node 0
>>> history[0].expand()  # Expands all child nodes of node 0 (node 0 must be expanded already to see them)
>>> history[5][2].expand()  # Shows child node 2 of child node 5 with all its child nodes expanded
>>> history.search("green cup") # Semantic index search. Expands the most relevant children according to similarity of the natural language query and the node's (recursively defined) index content.
>>> history[1][42].search("bicycle") # Semantic index search on some node further down the tree. Expands the children of node 1.42 most relevant to the search term
>>> history[3].collapse_all_but(1); history[3][1].expand()  # Zooms into details of child node 3.1 while collapsing all other childs of node 3
>>> vqa("What color is the ... in this image?",
...     history[2][4][-1][0].image)  # Invoke a model to answer a visual question about image(s) of some leaf (!) node(s)

# After gathering the relevant information, answer the question:
# Use a short final answer. Optionally provide a brief reasoning only when needed.
>>> answer("...")"""

**HumanMessage**:
"""User question: When did you serve 1 slice(s) of tomato on a plate?"""

**AIMessage**:
"""event_date_lookup('When did you serve 1 slice(s) of tomato on a plate?')"""

**HumanMessage**:
""""Event date lookup for query='When did you serve 1 slice(s) of tomato on a plate?': event='serve 1 slice(s) of tomato on a plate', today=2023/04/23.\n1. score=0.64; days_ago=23; 2023/03/31 16:43 - 16:47: I found a tomato on a chair, moved it to the countertop, and sliced it. I then added two tomato slices to the plate to complete the salad assembly.\n2. score=0.66; days_ago=21; 2023/04/02 18:33:55 - 18:35:30: I fulfilled a request for a slice of tomato by retrieving a tomato from the fridge, slicing it, and placing a slice on a plate for the user.\n3. score=0.60; days_ago=17; 2023/04/06 17:16:24 - 17:17:42: I assembled the final plate by adding a tomato slice and the second piece of toast to the plate, then confirmed the task was complete.\n4. score=0.63; days_ago=11; 2023/04/12 10:59:53 - 11:00:59: I assembled the sandwich by placing a slice of tomato, two slices of cooked bread, and a slice of lettuce onto the plate.\n5. score=0.57; days_ago=8; 2023/04/15 19:09 - 19:13: I began assembling the plate on the countertop by picking up two potato slices and one tomato slice and placing them onto the plate.\n6. score=0.62; days_ago=1; 2023/04/22 19:50:42 - 19:51:19: I began assembling the salad by placing a slice of tomato and a slice of lettuce onto the plate.\nRecommended answer: on 2023/04/02, 2023/04/06, 2023/04/12, 2023/04/15, and 2023/04/22""""

**HumanMessage**:
/home/user22303471/Project/Active-H-EMV/llm_emv/setup.py:226: FutureWarning: The `get_sentence_embedding_dimension` method has been renamed to `get_embedding_dimension`.
  filter_kwargs['_embedding_dim'] = embedding_model.get_sentence_embedding_dimension()
/home/user22303471/Project/Active-H-EMV/llm_emv/setup.py:183: FutureWarning: The `get_sentence_embedding_dimension` method has been renamed to `get_embedding_dimension`.
  result = torch.empty(len(texts), embedding_model.get_sentence_embedding_dimension(),
"""Current state:
2023/03/29 - 2023/04/23: "Between March 29th and April 23rd, I performed consistent household maintenance and daily routines, including preparing various meals like coffee and sandwiches, watering plants, cleaning kitchenware, and tidying up the living room and sofa areas."  
  ..."""
{}
command: answer("I served one slice of tomato on a plate on April 2, April 6, April 12, April 15, and April 22, 2023.")
expected output: 


 ============================== 


eval answer("I served one slice of tomato on a plate on April 2, April 6, April 12, April 15, and April 22, 2023.")
Answering I served one slice of tomato on a plate on April 2, April 6, April 12, April 15, and April 22, 2023.  with reason: None
Tokens Used: 2693
	Prompt Tokens: 2162
	Completion Tokens: 531
Successful Requests: 1
Total Cost (USD): $0.0
Evaluating sample ed9479c5dd8f204d_0102-488f96fab858496c_d6e2-a01d8c5e515fa9c4_c871-345624f0e74dc947_8525-dbb41344c474217f_2e3e-57862376ad3394a1_464f-977b52faf01e6c05_2895-15fa5e0caaf6a06f_81e4-eccc0afc91fb9b74_d5ba-c4c12513ffbf7d33_9e16-fef7c3fc3990d2e8_fb19-7affadfe549cbeb4_1df8-92904ea754a401e6_2b2c-064a69cb5d40b41f_f773-bbe083aa96535a1d_a996-7d0db28e7d18c776_c97a-0d1a67f82b3b5854_d74d-c1eba1e4b831e04b_aab3-5ab41ea72487ce0f_e5be-a44d13c7da084070_fe04-bd7327d5d2853453_fad6-c02445dd7a5b6f26_fffd-53472cf3cabeb021_46b6-1fa4f0593088b6f2_89ee-1023a6f334db1f63_f0f2-bd7327d5d2853453_5b4f-cdf30defa61245ba_5590-88f8ad0d2d356270_bb95-864a2333f20b0957_be88-75a59f83a279bd78_fb03-c2787b38615034c6_6175-1a8b00c643110183_ebc6-1e8fb21f2b41b0b0_db8b-fe6b3de8c88b8573_9f76-8057d5b1cab47555_9345-04ae108b77699c0f_2453-dd2efe33087ddc60_cb3a-23acf721b22a6456_1716-1801730beafdda15_f501-a1694dc92f54473f_0b07-b8729e0c4c857a8e_24b5-4c98e155c32cdc6f_7acc-f7ca0c5c4964bcdc_c0cf-e82f290cb4ab70bd_86a3-b2fde7ee4eb1c40f_1f95-c7cc40993ef8468b_3e7b-41b067f2ce6f3fef_8ee6-f25eed33d1c37931_1a7f-0de4b62afcd06138_45f2-36651928a974c895_caa2-0-tasks_to_days_ago
[配置] 启用 FAISS 加速，索引类型: flat
[GraphAug] 命中图缓存 (nodes=6810, edges=20638)
Got 0 examples


 ============================== 


eval event_date_lookup('Today is Apr 23, 2023 at 03:22 PM. How many days ago did you serve 1 slice(s) of tomato in a bowl?')
Updated/Defined variables after execution: {}

**SystemMessage**:
"""You are a smart humanoid robot answering user question about your past actions.
The history object contains information on what you did in the past, represented as a tree.
Use the method expand to look at details of a node.
Make sure to use collapse_all_but(idx) when you expanded irrelevant nodes, in order to keep the tree compact.
Enter Python expressions into the console to see the value and decide for the next command based on that result.
Answer concisely by calling answer("...") when you gathered enough information to answer the question.
Generate syntactically correct python console statements only, no explanations or other natural language statements.
IMPORTANT: If search() returns "No relevant records found", your next command MUST be answer("I have no record of that."). Do not search synonyms, do not expand further, and do not call vqa.
IMPORTANT: If you get "Nothing changed" twice, answer honestly that you have no record. Do NOT keep searching repeatedly. For just-before/just-after questions, first try one broader target search or inspect another relevant top-level time block before giving up.
For object yes/no questions, first use object_lookup("object name"). If it reports no matching summary, answer "No, I have no record of that." Do not call vqa unless you already have a directly relevant leaf image.
For task-list questions such as "List the tasks you performed", first use task_list(). Prefer its Recommended answer and chronological candidates instead of manually expanding the whole tree. For long histories, do not copy every task candidate verbatim unless the user explicitly asks for an exhaustive transcript.
For low-level action questions such as "what task did you perform when you toggle/open/pick up/place X", first use action_lookup("full low-level action"), for example action_lookup("open the drawer"). Do not call task_lookup first for these low-level action questions.
For task-description questions such as "describe what you did when you X", first use task_lookup("X"). Prefer its matching task candidates instead of manually expanding the whole tree. This does not apply to low-level action questions covered by action_lookup.
For exact date/time questions or "N days ago" questions asking what happened, first use date_lookup(question). Prefer its Recommended answer when it is confident instead of manually expanding by date.
For "How many days ago did you X?" or "When did you X?" questions, first use event_date_lookup(question). If it lists multiple days, include all of them in the final answer instead of only the most recent match.
For just-before or just-after questions, first use temporal_neighbor(target_task, direction="before" or "after") if a candidate is not already shown. Prefer the returned Recommended answer when it is confident. Only then inspect adjacent sibling or temporal nodes. Avoid expanding to raw leaf observations unless the summary is insufficient.
Do not call vqa for time, date, task-list, before/after, or yes/no object-existence questions when textual summaries already answer the question. Use vqa only for explicit visual appearance questions such as color, visible state, or what something looks like.
Never output bare parameters such as reasoning="..." answer="...". Always call answer("..."). You may call answer(reasoning="...", answer="...") only when a short reason is necessary.
Keep answer() short: answer under 60 words, and do not use markdown or backticks inside answer()."""

**HumanMessage**:
"""
def action_lookup(query: str, max_matches: int = 6) -> str # For low-level action questions, map raw leaf actions back to task-sized summaries
def answer(reasoning: str = None, answer: str = Ellipsis)
def ask(question: str)
def date_lookup(query: str, max_matches: int = 8) -> str # For exact date/time or N-days-ago questions, list matching history summaries directly
def event_date_lookup(query: str, max_matches: int = 12) -> str # For "how many days ago did you X" questions, find all matching event dates directly
def now() -> datetime.datetime
def object_lookup(object_name: str, max_matches: int = 8) -> str # For object yes/no questions, check whether task summaries mention the object
def task_list(max_tasks: int = 30) -> str # For task-list questions, list task-sized history summaries in chronological order
def task_lookup(query: str, max_matches: int = 8) -> str # For task-description questions, list task-sized summaries matching a query
def temporal_neighbor(target_task: str, direction: str = 'before', max_candidates: int = 6) -> str # For just-before/just-after questions, find the target task and return adjacent task candidates
def vqa(question: str, *images: PIL.Image.Image)
"""

**HumanMessage**:
/home/user22303471/Project/Active-H-EMV/llm_emv/setup.py:226: FutureWarning: The `get_sentence_embedding_dimension` method has been renamed to `get_embedding_dimension`.
  filter_kwargs['_embedding_dim'] = embedding_model.get_sentence_embedding_dimension()
"""Usage examples:
>>> history.expand()  # Shows the history tree with all child nodes expanded
>>> history.expand(date(2021, 12, 20))  # Expand the children that overlap with the given day
>>> history.expand(now() - timedelta(hours=6), now() - timedelta(hours=4))  # Expand all children that overlap with the given range (in this example "about 5 hours ago")
>>> history.expand((now() - timedelta(days=2)).date())  # Expand all children that overlap with the day before yesterday
>>> history.expand(0)  # Shows child node 0
>>> history[0].expand()  # Expands all child nodes of node 0 (node 0 must be expanded already to see them)
>>> history[5][2].expand()  # Shows child node 2 of child node 5 with all its child nodes expanded
>>> history.search("green cup") # Semantic index search. Expands the most relevant children according to similarity of the natural language query and the node's (recursively defined) index content.
>>> history[1][42].search("bicycle") # Semantic index search on some node further down the tree. Expands the children of node 1.42 most relevant to the search term
>>> history[3].collapse_all_but(1); history[3][1].expand()  # Zooms into details of child node 3.1 while collapsing all other childs of node 3
>>> vqa("What color is the ... in this image?",
...     history[2][4][-1][0].image)  # Invoke a model to answer a visual question about image(s) of some leaf (!) node(s)

# After gathering the relevant information, answer the question:
# Use a short final answer. Optionally provide a brief reasoning only when needed.
>>> answer("...")"""

**HumanMessage**:
"""User question: Today is Apr 23, 2023 at 03:22 PM. How many days ago did you serve 1 slice(s) of tomato in a bowl?"""

**AIMessage**:
"""event_date_lookup('Today is Apr 23, 2023 at 03:22 PM. How many days ago did you serve 1 slice(s) of tomato in a bowl?')"""

**HumanMessage**:
""""Event date lookup for query='Today is Apr 23, 2023 at 03:22 PM. How many days ago did you serve 1 slice(s) of tomato in a bowl?': event='serve 1 slice(s) of tomato in a bowl', today=2023/04/23.\n1. score=0.67; days_ago=24; 2023/03/30 19:42:08 - 19:44:05: I prepared a bowl with a tomato slice by gathering bowls, slicing a tomato, and placing a slice into one of the bowls, then asked the user for feedback.\n2. score=0.62; days_ago=22; 2023/04/01 17:03:17 - 17:03:27: I placed the tomato slice into the clean bowl, completing the task as requested by the user.\n3. score=0.64; days_ago=10; 2023/04/13 19:41:34 - 19:42:06: I picked up a tomato slice and placed it into the bowl as requested, completing the task.\n4. score=0.68; days_ago=9; 2023/04/14 09:39 - 09:45: After the user noted the bowl was unwashed, I removed the tomato slice, moved the bowl to the sink, cleared the area, and washed the bowl. I then placed the tomato slice back into the clean bowl and completed the task.\n5. score=0.65; days_ago=8; 2023/04/15 09:42:31 - 09:42:49: I picked up a tomato slice and placed it into the cleaned bowl, confirming completion of the task.\nRecommended answer: 24 days ago and 22 days ago and 10 days ago and 9 days ago and 8 days ago""""

**HumanMessage**:
"""Current state:
2023/03/29 - 2023/04/23: "Between March 29th and April 23rd, I performed consistent household maintenance and daily routines, including preparing various meals like coffee and sandwiches, watering plants, cleaning kitchenware, and tidying up the living room and sofa areas."  
  ..."""
{}
command: answer("I served a slice of tomato in a bowl 24 days ago, 22 days ago, 10 days ago, 9 days ago, and 8 days ago.")
expected output: 


 ============================== 


eval answer("I served a slice of tomato in a bowl 24 days ago, 22 days ago, 10 days ago, 9 days ago, and 8 days ago.")
Answering I served a slice of tomato in a bowl 24 days ago, 22 days ago, 10 days ago, 9 days ago, and 8 days ago.  with reason: None
Tokens Used: 2552
	Prompt Tokens: 2135
	Completion Tokens: 417
Successful Requests: 1
Total Cost (USD): $0.0
Evaluating sample ed9479c5dd8f204d_0102-488f96fab858496c_d6e2-a01d8c5e515fa9c4_c871-345624f0e74dc947_8525-dbb41344c474217f_2e3e-57862376ad3394a1_464f-977b52faf01e6c05_2895-15fa5e0caaf6a06f_81e4-eccc0afc91fb9b74_d5ba-c4c12513ffbf7d33_9e16-fef7c3fc3990d2e8_fb19-7affadfe549cbeb4_1df8-92904ea754a401e6_2b2c-064a69cb5d40b41f_f773-bbe083aa96535a1d_a996-7d0db28e7d18c776_c97a-0d1a67f82b3b5854_d74d-c1eba1e4b831e04b_aab3-5ab41ea72487ce0f_e5be-a44d13c7da084070_fe04-bd7327d5d2853453_fad6-c02445dd7a5b6f26_fffd-53472cf3cabeb021_46b6-1fa4f0593088b6f2_89ee-1023a6f334db1f63_f0f2-bd7327d5d2853453_5b4f-cdf30defa61245ba_5590-88f8ad0d2d356270_bb95-864a2333f20b0957_be88-75a59f83a279bd78_fb03-c2787b38615034c6_6175-1a8b00c643110183_ebc6-1e8fb21f2b41b0b0_db8b-fe6b3de8c88b8573_9f76-8057d5b1cab47555_9345-04ae108b77699c0f_2453-dd2efe33087ddc60_cb3a-23acf721b22a6456_1716-1801730beafdda15_f501-a1694dc92f54473f_0b07-b8729e0c4c857a8e_24b5-4c98e155c32cdc6f_7acc-f7ca0c5c4964bcdc_c0cf-e82f290cb4ab70bd_86a3-b2fde7ee4eb1c40f_1f95-c7cc40993ef8468b_3e7b-41b067f2ce6f3fef_8ee6-f25eed33d1c37931_1a7f-0de4b62afcd06138_45f2-36651928a974c895_caa2-0-days_ago_to_episode
[配置] 启用 FAISS 加速，索引类型: flat
[GraphAug] 命中图缓存 (nodes=6810, edges=20638)
Got 0 examples


 ============================== 


eval date_lookup('Today is Apr 23, 2023 at 03:22 PM. What did you do 10 days ago?')
Updated/Defined variables after execution: {}

**SystemMessage**:
"""You are a smart humanoid robot answering user question about your past actions.
The history object contains information on what you did in the past, represented as a tree.
Use the method expand to look at details of a node.
Make sure to use collapse_all_but(idx) when you expanded irrelevant nodes, in order to keep the tree compact.
Enter Python expressions into the console to see the value and decide for the next command based on that result.
Answer concisely by calling answer("...") when you gathered enough information to answer the question.
Generate syntactically correct python console statements only, no explanations or other natural language statements.
IMPORTANT: If search() returns "No relevant records found", your next command MUST be answer("I have no record of that."). Do not search synonyms, do not expand further, and do not call vqa.
IMPORTANT: If you get "Nothing changed" twice, answer honestly that you have no record. Do NOT keep searching repeatedly. For just-before/just-after questions, first try one broader target search or inspect another relevant top-level time block before giving up.
For object yes/no questions, first use object_lookup("object name"). If it reports no matching summary, answer "No, I have no record of that." Do not call vqa unless you already have a directly relevant leaf image.
For task-list questions such as "List the tasks you performed", first use task_list(). Prefer its Recommended answer and chronological candidates instead of manually expanding the whole tree. For long histories, do not copy every task candidate verbatim unless the user explicitly asks for an exhaustive transcript.
For low-level action questions such as "what task did you perform when you toggle/open/pick up/place X", first use action_lookup("full low-level action"), for example action_lookup("open the drawer"). Do not call task_lookup first for these low-level action questions.
For task-description questions such as "describe what you did when you X", first use task_lookup("X"). Prefer its matching task candidates instead of manually expanding the whole tree. This does not apply to low-level action questions covered by action_lookup.
For exact date/time questions or "N days ago" questions asking what happened, first use date_lookup(question). Prefer its Recommended answer when it is confident instead of manually expanding by date.
For "How many days ago did you X?" or "When did you X?" questions, first use event_date_lookup(question). If it lists multiple days, include all of them in the final answer instead of only the most recent match.
For just-before or just-after questions, first use temporal_neighbor(target_task, direction="before" or "after") if a candidate is not already shown. Prefer the returned Recommended answer when it is confident. Only then inspect adjacent sibling or temporal nodes. Avoid expanding to raw leaf observations unless the summary is insufficient.
Do not call vqa for time, date, task-list, before/after, or yes/no object-existence questions when textual summaries already answer the question. Use vqa only for explicit visual appearance questions such as color, visible state, or what something looks like.
Never output bare parameters such as reasoning="..." answer="...". Always call answer("..."). You may call answer(reasoning="...", answer="...") only when a short reason is necessary.
Keep answer() short: answer under 60 words, and do not use markdown or backticks inside answer()."""

**HumanMessage**:
"""
def action_lookup(query: str, max_matches: int = 6) -> str # For low-level action questions, map raw leaf actions back to task-sized summaries
def answer(reasoning: str = None, answer: str = Ellipsis)
def ask(question: str)
def date_lookup(query: str, max_matches: int = 8) -> str # For exact date/time or N-days-ago questions, list matching history summaries directly
def event_date_lookup(query: str, max_matches: int = 12) -> str # For "how many days ago did you X" questions, find all matching event dates directly
def now() -> datetime.datetime
def object_lookup(object_name: str, max_matches: int = 8) -> str # For object yes/no questions, check whether task summaries mention the object
def task_list(max_tasks: int = 30) -> str # For task-list questions, list task-sized history summaries in chronological order
def task_lookup(query: str, max_matches: int = 8) -> str # For task-description questions, list task-sized summaries matching a query
def temporal_neighbor(target_task: str, direction: str = 'before', max_candidates: int = 6) -> str # For just-before/just-after questions, find the target task and return adjacent task candidates
def vqa(question: str, *images: PIL.Image.Image)
"""

**HumanMessage**:
"""Usage examples:
>>> history.expand()  # Shows the history tree with all child nodes expanded
>>> history.expand(date(2021, 12, 20))  # Expand the children that overlap with the given day
>>> history.expand(now() - timedelta(hours=6), now() - timedelta(hours=4))  # Expand all children that overlap with the given range (in this example "about 5 hours ago")
>>> history.expand((now() - timedelta(days=2)).date())  # Expand all children that overlap with the day before yesterday
>>> history.expand(0)  # Shows child node 0
>>> history[0].expand()  # Expands all child nodes of node 0 (node 0 must be expanded already to see them)
>>> history[5][2].expand()  # Shows child node 2 of child node 5 with all its child nodes expanded
>>> history.search("green cup") # Semantic index search. Expands the most relevant children according to similarity of the natural language query and the node's (recursively defined) index content.
>>> history[1][42].search("bicycle") # Semantic index search on some node further down the tree. Expands the children of node 1.42 most relevant to the search term
>>> history[3].collapse_all_but(1); history[3][1].expand()  # Zooms into details of child node 3.1 while collapsing all other childs of node 3
>>> vqa("What color is the ... in this image?",
...     history[2][4][-1][0].image)  # Invoke a model to answer a visual question about image(s) of some leaf (!) node(s)

# After gathering the relevant information, answer the question:
# Use a short final answer. Optionally provide a brief reasoning only when needed.
>>> answer("...")"""

**HumanMessage**:
"""User question: Today is Apr 23, 2023 at 03:22 PM. What did you do 10 days ago?"""

**AIMessage**:
"""date_lookup('Today is Apr 23, 2023 at 03:22 PM. What did you do 10 days ago?')"""

**HumanMessage**:
Traceback (most recent call last):
  File "/home/user22303471/.conda/envs/active-h-emv/lib/python3.10/site-packages/httpx/_transports/default.py", line 101, in map_httpcore_exceptions
    yield
  File "/home/user22303471/.conda/envs/active-h-emv/lib/python3.10/site-packages/httpx/_transports/default.py", line 250, in handle_request
    resp = self._pool.handle_request(req)
  File "/home/user22303471/.conda/envs/active-h-emv/lib/python3.10/site-packages/httpcore/_sync/connection_pool.py", line 256, in handle_request
    raise exc from None
  File "/home/user22303471/.conda/envs/active-h-emv/lib/python3.10/site-packages/httpcore/_sync/connection_pool.py", line 236, in handle_request
    response = connection.handle_request(
  File "/home/user22303471/.conda/envs/active-h-emv/lib/python3.10/site-packages/httpcore/_sync/http_proxy.py", line 316, in handle_request
    stream = stream.start_tls(**kwargs)
  File "/home/user22303471/.conda/envs/active-h-emv/lib/python3.10/site-packages/httpcore/_sync/http11.py", line 376, in start_tls
    return self._stream.start_tls(ssl_context, server_hostname, timeout)
  File "/home/user22303471/.conda/envs/active-h-emv/lib/python3.10/site-packages/httpcore/_backends/sync.py", line 154, in start_tls
    with map_exceptions(exc_map):
  File "/home/user22303471/.conda/envs/active-h-emv/lib/python3.10/contextlib.py", line 153, in __exit__
    self.gen.throw(typ, value, traceback)
  File "/home/user22303471/.conda/envs/active-h-emv/lib/python3.10/site-packages/httpcore/_exceptions.py", line 14, in map_exceptions
    raise to_exc(exc) from exc
httpcore.ConnectError: [SSL: UNEXPECTED_EOF_WHILE_READING] EOF occurred in violation of protocol (_ssl.c:1017)

The above exception was the direct cause of the following exception:

Traceback (most recent call last):
  File "/home/user22303471/.conda/envs/active-h-emv/lib/python3.10/site-packages/openai/_base_client.py", line 982, in request
    response = self._client.send(
  File "/home/user22303471/.conda/envs/active-h-emv/lib/python3.10/site-packages/httpx/_client.py", line 914, in send
    response = self._send_handling_auth(
  File "/home/user22303471/.conda/envs/active-h-emv/lib/python3.10/site-packages/httpx/_client.py", line 942, in _send_handling_auth
    response = self._send_handling_redirects(
  File "/home/user22303471/.conda/envs/active-h-emv/lib/python3.10/site-packages/httpx/_client.py", line 979, in _send_handling_redirects
    response = self._send_single_request(request)
  File "/home/user22303471/.conda/envs/active-h-emv/lib/python3.10/site-packages/httpx/_client.py", line 1014, in _send_single_request
    response = transport.handle_request(request)
  File "/home/user22303471/.conda/envs/active-h-emv/lib/python3.10/site-packages/httpx/_transports/default.py", line 249, in handle_request
    with map_httpcore_exceptions():
  File "/home/user22303471/.conda/envs/active-h-emv/lib/python3.10/contextlib.py", line 153, in __exit__
    self.gen.throw(typ, value, traceback)
  File "/home/user22303471/.conda/envs/active-h-emv/lib/python3.10/site-packages/httpx/_transports/default.py", line 118, in map_httpcore_exceptions
    raise mapped_exc(message) from exc
httpx.ConnectError: [SSL: UNEXPECTED_EOF_WHILE_READING] EOF occurred in violation of protocol (_ssl.c:1017)

The above exception was the direct cause of the following exception:

Traceback (most recent call last):
  File "/home/user22303471/Project/Active-H-EMV/llm_emv/simplified_agent/simple_coding_emv.py", line 653, in __call__
    code, _ = self._llm_to_python_console_helper(loop_detected_flag=steps == self._max_rounds)
  File "/home/user22303471/Project/Active-H-EMV/lmp/repl/llm_to_python_console.py", line 48, in __call__
    code_str_with_expected_reply = self._context_length_adaptive_generate(loop_detected_flag)
  File "/home/user22303471/Project/Active-H-EMV/lmp/repl/llm_to_python_console.py", line 65, in _context_length_adaptive_generate
    return _prepare_and_gen()
  File "/home/user22303471/Project/Active-H-EMV/lmp/repl/llm_to_python_console.py", line 57, in _prepare_and_gen
    return self._generate(prompt)
  File "/home/user22303471/Project/Active-H-EMV/lmp/repl/llm_to_python_console.py", line 89, in _generate
    result = self._generate_increasing_temperature(kwargs)
  File "/home/user22303471/Project/Active-H-EMV/lmp/repl/llm_to_python_console.py", line 131, in _generate_increasing_temperature
    result = self._llm_predict_and_sanitize_code_with_python_console_artifacts(kwargs)
  File "/home/user22303471/Project/Active-H-EMV/lmp/repl/llm_to_python_console.py", line 116, in _llm_predict_and_sanitize_code_with_python_console_artifacts
    result = llm_predict(self.llm, **kwargs).strip()
  File "/home/user22303471/Project/Active-H-EMV/lmp/util.py", line 13, in llm_predict
    response = llm.invoke(text, **kwargs)
  File "/home/user22303471/.conda/envs/active-h-emv/lib/python3.10/site-packages/langchain_core/language_models/chat_models.py", line 277, in invoke
    self.generate_prompt(
  File "/home/user22303471/.conda/envs/active-h-emv/lib/python3.10/site-packages/langchain_core/language_models/chat_models.py", line 777, in generate_prompt
    return self.generate(prompt_messages, stop=stop, callbacks=callbacks, **kwargs)
  File "/home/user22303471/.conda/envs/active-h-emv/lib/python3.10/site-packages/langchain_core/language_models/chat_models.py", line 634, in generate
    raise e
  File "/home/user22303471/.conda/envs/active-h-emv/lib/python3.10/site-packages/langchain_core/language_models/chat_models.py", line 624, in generate
    self._generate_with_cache(
  File "/home/user22303471/.conda/envs/active-h-emv/lib/python3.10/site-packages/langchain_core/language_models/chat_models.py", line 846, in _generate_with_cache
    result = self._generate(
  File "/home/user22303471/.conda/envs/active-h-emv/lib/python3.10/site-packages/langchain_openai/chat_models/base.py", line 686, in _generate
    response = self.client.create(**payload)
  File "/home/user22303471/.conda/envs/active-h-emv/lib/python3.10/site-packages/openai/_utils/_utils.py", line 286, in wrapper
    return func(*args, **kwargs)
  File "/home/user22303471/.conda/envs/active-h-emv/lib/python3.10/site-packages/openai/resources/chat/completions/completions.py", line 1147, in create
    return self._post(
  File "/home/user22303471/.conda/envs/active-h-emv/lib/python3.10/site-packages/openai/_base_client.py", line 1259, in post
    return cast(ResponseT, self.request(cast_to, opts, stream=stream, stream_cls=stream_cls))
  File "/home/user22303471/.conda/envs/active-h-emv/lib/python3.10/site-packages/openai/_base_client.py", line 1014, in request
    raise APIConnectionError(request=request) from err
openai.APIConnectionError: Connection error.
Traceback (most recent call last):
  File "/home/user22303471/.conda/envs/active-h-emv/lib/python3.10/site-packages/httpx/_transports/default.py", line 101, in map_httpcore_exceptions
    yield
  File "/home/user22303471/.conda/envs/active-h-emv/lib/python3.10/site-packages/httpx/_transports/default.py", line 250, in handle_request
    resp = self._pool.handle_request(req)
  File "/home/user22303471/.conda/envs/active-h-emv/lib/python3.10/site-packages/httpcore/_sync/connection_pool.py", line 256, in handle_request
    raise exc from None
  File "/home/user22303471/.conda/envs/active-h-emv/lib/python3.10/site-packages/httpcore/_sync/connection_pool.py", line 236, in handle_request
    response = connection.handle_request(
  File "/home/user22303471/.conda/envs/active-h-emv/lib/python3.10/site-packages/httpcore/_sync/http_proxy.py", line 316, in handle_request
    stream = stream.start_tls(**kwargs)
  File "/home/user22303471/.conda/envs/active-h-emv/lib/python3.10/site-packages/httpcore/_sync/http11.py", line 376, in start_tls
    return self._stream.start_tls(ssl_context, server_hostname, timeout)
  File "/home/user22303471/.conda/envs/active-h-emv/lib/python3.10/site-packages/httpcore/_backends/sync.py", line 154, in start_tls
    with map_exceptions(exc_map):
  File "/home/user22303471/.conda/envs/active-h-emv/lib/python3.10/contextlib.py", line 153, in __exit__
    self.gen.throw(typ, value, traceback)
  File "/home/user22303471/.conda/envs/active-h-emv/lib/python3.10/site-packages/httpcore/_exceptions.py", line 14, in map_exceptions
    raise to_exc(exc) from exc
httpcore.ConnectError: [SSL: UNEXPECTED_EOF_WHILE_READING] EOF occurred in violation of protocol (_ssl.c:1017)

The above exception was the direct cause of the following exception:

Traceback (most recent call last):
  File "/home/user22303471/.conda/envs/active-h-emv/lib/python3.10/site-packages/openai/_base_client.py", line 982, in request
    response = self._client.send(
  File "/home/user22303471/.conda/envs/active-h-emv/lib/python3.10/site-packages/httpx/_client.py", line 914, in send
    response = self._send_handling_auth(
  File "/home/user22303471/.conda/envs/active-h-emv/lib/python3.10/site-packages/httpx/_client.py", line 942, in _send_handling_auth
    response = self._send_handling_redirects(
  File "/home/user22303471/.conda/envs/active-h-emv/lib/python3.10/site-packages/httpx/_client.py", line 979, in _send_handling_redirects
    response = self._send_single_request(request)
  File "/home/user22303471/.conda/envs/active-h-emv/lib/python3.10/site-packages/httpx/_client.py", line 1014, in _send_single_request
    response = transport.handle_request(request)
  File "/home/user22303471/.conda/envs/active-h-emv/lib/python3.10/site-packages/httpx/_transports/default.py", line 249, in handle_request
    with map_httpcore_exceptions():
  File "/home/user22303471/.conda/envs/active-h-emv/lib/python3.10/contextlib.py", line 153, in __exit__
    self.gen.throw(typ, value, traceback)
  File "/home/user22303471/.conda/envs/active-h-emv/lib/python3.10/site-packages/httpx/_transports/default.py", line 118, in map_httpcore_exceptions
    raise mapped_exc(message) from exc
httpx.ConnectError: [SSL: UNEXPECTED_EOF_WHILE_READING] EOF occurred in violation of protocol (_ssl.c:1017)

The above exception was the direct cause of the following exception:

Traceback (most recent call last):
  File "/home/user22303471/Project/Active-H-EMV/llm_emv/eval/__main__.py", line 417, in main
    hypothesis = model(sample.question, sample.question_time, sample.history)
  File "/home/user22303471/Project/Active-H-EMV/llm_emv/eval/__main__.py", line 239, in run_model
    output = lmp(question)
  File "/home/user22303471/Project/Active-H-EMV/llm_emv/simplified_agent/simple_coding_emv.py", line 653, in __call__
    code, _ = self._llm_to_python_console_helper(loop_detected_flag=steps == self._max_rounds)
  File "/home/user22303471/Project/Active-H-EMV/lmp/repl/llm_to_python_console.py", line 48, in __call__
    code_str_with_expected_reply = self._context_length_adaptive_generate(loop_detected_flag)
  File "/home/user22303471/Project/Active-H-EMV/lmp/repl/llm_to_python_console.py", line 65, in _context_length_adaptive_generate
    return _prepare_and_gen()
  File "/home/user22303471/Project/Active-H-EMV/lmp/repl/llm_to_python_console.py", line 57, in _prepare_and_gen
    return self._generate(prompt)
  File "/home/user22303471/Project/Active-H-EMV/lmp/repl/llm_to_python_console.py", line 89, in _generate
    result = self._generate_increasing_temperature(kwargs)
  File "/home/user22303471/Project/Active-H-EMV/lmp/repl/llm_to_python_console.py", line 131, in _generate_increasing_temperature
    result = self._llm_predict_and_sanitize_code_with_python_console_artifacts(kwargs)
  File "/home/user22303471/Project/Active-H-EMV/lmp/repl/llm_to_python_console.py", line 116, in _llm_predict_and_sanitize_code_with_python_console_artifacts
    result = llm_predict(self.llm, **kwargs).strip()
  File "/home/user22303471/Project/Active-H-EMV/lmp/util.py", line 13, in llm_predict
    response = llm.invoke(text, **kwargs)
  File "/home/user22303471/.conda/envs/active-h-emv/lib/python3.10/site-packages/langchain_core/language_models/chat_models.py", line 277, in invoke
    self.generate_prompt(
  File "/home/user22303471/.conda/envs/active-h-emv/lib/python3.10/site-packages/langchain_core/language_models/chat_models.py", line 777, in generate_prompt
    return self.generate(prompt_messages, stop=stop, callbacks=callbacks, **kwargs)
  File "/home/user22303471/.conda/envs/active-h-emv/lib/python3.10/site-packages/langchain_core/language_models/chat_models.py", line 634, in generate
    raise e
  File "/home/user22303471/.conda/envs/active-h-emv/lib/python3.10/site-packages/langchain_core/language_models/chat_models.py", line 624, in generate
    self._generate_with_cache(
  File "/home/user22303471/.conda/envs/active-h-emv/lib/python3.10/site-packages/langchain_core/language_models/chat_models.py", line 846, in _generate_with_cache
    result = self._generate(
  File "/home/user22303471/.conda/envs/active-h-emv/lib/python3.10/site-packages/langchain_openai/chat_models/base.py", line 686, in _generate
    response = self.client.create(**payload)
  File "/home/user22303471/.conda/envs/active-h-emv/lib/python3.10/site-packages/openai/_utils/_utils.py", line 286, in wrapper
    return func(*args, **kwargs)
  File "/home/user22303471/.conda/envs/active-h-emv/lib/python3.10/site-packages/openai/resources/chat/completions/completions.py", line 1147, in create
    return self._post(
  File "/home/user22303471/.conda/envs/active-h-emv/lib/python3.10/site-packages/openai/_base_client.py", line 1259, in post
    return cast(ResponseT, self.request(cast_to, opts, stream=stream, stream_cls=stream_cls))
  File "/home/user22303471/.conda/envs/active-h-emv/lib/python3.10/site-packages/openai/_base_client.py", line 1014, in request
    raise APIConnectionError(request=request) from err
openai.APIConnectionError: Connection error.
/home/user22303471/Project/Active-H-EMV/llm_emv/setup.py:226: FutureWarning: The `get_sentence_embedding_dimension` method has been renamed to `get_embedding_dimension`.
  filter_kwargs['_embedding_dim'] = embedding_model.get_sentence_embedding_dimension()
/home/user22303471/Project/Active-H-EMV/llm_emv/setup.py:183: FutureWarning: The `get_sentence_embedding_dimension` method has been renamed to `get_embedding_dimension`.
  result = torch.empty(len(texts), embedding_model.get_sentence_embedding_dimension(),
""""Date lookup for query='Today is Apr 23, 2023 at 03:22 PM. What did you do 10 days ago?': resolved=2023/04/13.\n1. score=0.95; 2023/04/13 13:41 - 19:42: I prepared coffee and toast for two, then served a tomato slice in a clean bowl.\n2. score=0.78; 2023/04/13 13:41 - 13:48: I prepared two mugs of coffee and two slices of toast, organized the toast onto plates as instructed, and reported the completion of the food and beverage preparation.\n3. score=0.78; 2023/04/13 19:37 - 19:42: After the user requested a slice of tomato in a clean bowl, I cleared the sink, located a bowl and a knife, sliced the tomato, and placed a slice into the bowl to complete the task.\n4. score=0.70; 2023/04/13 13:41 - 13:44: I prepared two mugs of coffee. This involved rinsing a dirty mug, retrieving another mug from the microwave, and operating the coffee machine for both.\n5. score=0.70; 2023/04/13 13:46:23 - 13:48:21: I organized the toast onto different plates according to instructions, moving slices between plates retrieved from the fridge and the countertop, before finally setting a mug on the countertop and reporting task completi...\n6. score=0.70; 2023/04/13 13:44:48 - 13:46:20: I proceeded to make toast by retrieving bread, slicing it, and toasting two slices, which I initially placed on a plate.\n7. score=0.70; 2023/04/13 19:37:46 - 19:38:53: The user requested a slice of tomato in a clean bowl. I cleared several items from the sink (a cup, a tomato, and a butter knife) and placed them on the countertop.\n8. score=0.70; 2023/04/13 19:38:58 - 19:39:58: I searched for a bowl, eventually finding one on a shelving unit, and placed it on the countertop.\nRecommended answer: I prepared coffee and toast for two, then served a tomato slice in a clean bowl. I prepared two mugs of coffee and two slices of toast, organized the toast onto plates as instructed, and reported the completion of the food and beverage preparation. After the user requested a slice of tomato in a clean bowl, I cleared the sink, located a bowl and a knife, sliced the tomato, and placed a slice into the bowl to complete the task. I prepared two mugs of coffee. This involved rinsing a dirty mug, retrieving another mug from the microwave, and operating the coffee machine for both.""""

**HumanMessage**:
"""Current state:
2023/03/29 - 2023/04/23: "Between March 29th and April 23rd, I performed consistent household maintenance and daily routines, including preparing various meals like coffee and sandwiches, watering plants, cleaning kitchenware, and tidying up the living room and sofa areas."  
  ..."""
{}
Evaluating sample 464fb2558d308797_4110-5f3063384d77aa71_0ac8-bfa7505b440eadde_750f-249afd96389c8ae6_c966-dcc90b08c376f4dc_74ab-ebd80a433c115116_b3d7-555c981b1ecc6c8a_7c01-32e631d248583662_5835-c02445dd7a5b6f26_be05-93af984d7981fdaa_6fc9-a690a35743c855aa_4c00-b87bd55d7820c86e_8d92-345624f0e74dc947_8525-49c94e2372ffae4f_3917-2b5a33d4908ee77d_20f6-7c76f284a689ed0a_dee3-22fa2e73c63bc50f_c1a7-6ccc8b815fbc093a_5cca-32813f06255beef5_0bd5-18f6da623ba658a2_aa07-e32e722334301fa7_892d-aae955889a0ba5fa_d123-35025f516f41aba5_ba52-4b813e7c9bc088d0_8155-61e8f5910474b00b_53e6-aa310077d368fbbc_0a82-c2ffd6a81bfe2613_f91c-41b067f2ce6f3fef_8ee6-fef7c3fc3990d2e8_e2e9-fb7d765ba6874372_db67-59d897f4009147d8_1d27-a451af83aeece675_117b-e455dbf27ecaf413_8484-dd2efe33087ddc60_cb3a-48f25d2481974dee_e871-9d1c053084e66e7b_dc9f-c4c12513ffbf7d33_9e16-a76099fbab67c9da_4d48-15fa5e0caaf6a06f_46f8-fc0fe94a4c8e3a29_9052-d62a957ecbfa6792_8217-0ae40b26ad1ead81_6240-c02445dd7a5b6f26_86bd-f82346f1b273c70a_aaf6-53472cf3cabeb021_b7f8-6e26385c641764c7_fe5a-e035a44ebae9d3fd_c842-7d0db28e7d18c776_c97a-dbb41344c474217f_2e3e-8f7791c488b51c98_fa79-0-sequence_of_task_descs
[配置] 启用 FAISS 加速，索引类型: flat
[GraphAug] 开始构建记忆图...
[MemoryGraph] 收集到 7003 个事件节点
[MemoryGraph] 时间相邻边: 5743
[MemoryGraph] 共享物体边: 12814
[MemoryGraph] 唯一动作数: 435, 相似动作对: 840
[MemoryGraph] 相似动作边: 1669
[MemoryGraph] 图构建完成: {'num_nodes': 7003, 'num_edges': 20226, 'edges_temporal_adjacent': 5743, 'edges_co_object': 12814, 'edges_similar_action': 1669}
[GraphAug] 记忆图构建完成
Got 0 examples


 ============================== 


eval task_list()
Updated/Defined variables after execution: {}

**SystemMessage**:
"""You are a smart humanoid robot answering user question about your past actions.
The history object contains information on what you did in the past, represented as a tree.
Use the method expand to look at details of a node.
Make sure to use collapse_all_but(idx) when you expanded irrelevant nodes, in order to keep the tree compact.
Enter Python expressions into the console to see the value and decide for the next command based on that result.
Answer concisely by calling answer("...") when you gathered enough information to answer the question.
Generate syntactically correct python console statements only, no explanations or other natural language statements.
IMPORTANT: If search() returns "No relevant records found", your next command MUST be answer("I have no record of that."). Do not search synonyms, do not expand further, and do not call vqa.
IMPORTANT: If you get "Nothing changed" twice, answer honestly that you have no record. Do NOT keep searching repeatedly. For just-before/just-after questions, first try one broader target search or inspect another relevant top-level time block before giving up.
For object yes/no questions, first use object_lookup("object name"). If it reports no matching summary, answer "No, I have no record of that." Do not call vqa unless you already have a directly relevant leaf image.
For task-list questions such as "List the tasks you performed", first use task_list(). Prefer its Recommended answer and chronological candidates instead of manually expanding the whole tree. For long histories, do not copy every task candidate verbatim unless the user explicitly asks for an exhaustive transcript.
For low-level action questions such as "what task did you perform when you toggle/open/pick up/place X", first use action_lookup("full low-level action"), for example action_lookup("open the drawer"). Do not call task_lookup first for these low-level action questions.
For task-description questions such as "describe what you did when you X", first use task_lookup("X"). Prefer its matching task candidates instead of manually expanding the whole tree. This does not apply to low-level action questions covered by action_lookup.
For exact date/time questions or "N days ago" questions asking what happened, first use date_lookup(question). Prefer its Recommended answer when it is confident instead of manually expanding by date.
For "How many days ago did you X?" or "When did you X?" questions, first use event_date_lookup(question). If it lists multiple days, include all of them in the final answer instead of only the most recent match.
For just-before or just-after questions, first use temporal_neighbor(target_task, direction="before" or "after") if a candidate is not already shown. Prefer the returned Recommended answer when it is confident. Only then inspect adjacent sibling or temporal nodes. Avoid expanding to raw leaf observations unless the summary is insufficient.
Do not call vqa for time, date, task-list, before/after, or yes/no object-existence questions when textual summaries already answer the question. Use vqa only for explicit visual appearance questions such as color, visible state, or what something looks like.
Never output bare parameters such as reasoning="..." answer="...". Always call answer("..."). You may call answer(reasoning="...", answer="...") only when a short reason is necessary.
Keep answer() short: answer under 60 words, and do not use markdown or backticks inside answer()."""

**HumanMessage**:
/home/user22303471/Project/Active-H-EMV/llm_emv/setup.py:226: FutureWarning: The `get_sentence_embedding_dimension` method has been renamed to `get_embedding_dimension`.
  filter_kwargs['_embedding_dim'] = embedding_model.get_sentence_embedding_dimension()
"""
def action_lookup(query: str, max_matches: int = 6) -> str # For low-level action questions, map raw leaf actions back to task-sized summaries
def answer(reasoning: str = None, answer: str = Ellipsis)
def ask(question: str)
def date_lookup(query: str, max_matches: int = 8) -> str # For exact date/time or N-days-ago questions, list matching history summaries directly
def event_date_lookup(query: str, max_matches: int = 12) -> str # For "how many days ago did you X" questions, find all matching event dates directly
def now() -> datetime.datetime
def object_lookup(object_name: str, max_matches: int = 8) -> str # For object yes/no questions, check whether task summaries mention the object
def task_list(max_tasks: int = 30) -> str # For task-list questions, list task-sized history summaries in chronological order
def task_lookup(query: str, max_matches: int = 8) -> str # For task-description questions, list task-sized summaries matching a query
def temporal_neighbor(target_task: str, direction: str = 'before', max_candidates: int = 6) -> str # For just-before/just-after questions, find the target task and return adjacent task candidates
def vqa(question: str, *images: PIL.Image.Image)
"""

**HumanMessage**:
"""Usage examples:
>>> history.expand()  # Shows the history tree with all child nodes expanded
>>> history.expand(date(2021, 12, 20))  # Expand the children that overlap with the given day
>>> history.expand(now() - timedelta(hours=6), now() - timedelta(hours=4))  # Expand all children that overlap with the given range (in this example "about 5 hours ago")
>>> history.expand((now() - timedelta(days=2)).date())  # Expand all children that overlap with the day before yesterday
>>> history.expand(0)  # Shows child node 0
>>> history[0].expand()  # Expands all child nodes of node 0 (node 0 must be expanded already to see them)
>>> history[5][2].expand()  # Shows child node 2 of child node 5 with all its child nodes expanded
>>> history.search("green cup") # Semantic index search. Expands the most relevant children according to similarity of the natural language query and the node's (recursively defined) index content.
>>> history[1][42].search("bicycle") # Semantic index search on some node further down the tree. Expands the children of node 1.42 most relevant to the search term
>>> history[3].collapse_all_but(1); history[3][1].expand()  # Zooms into details of child node 3.1 while collapsing all other childs of node 3
>>> vqa("What color is the ... in this image?",
...     history[2][4][-1][0].image)  # Invoke a model to answer a visual question about image(s) of some leaf (!) node(s)

# After gathering the relevant information, answer the question:
# Use a short final answer. Optionally provide a brief reasoning only when needed.
>>> answer("...")"""

**HumanMessage**:
"""User question: List the tasks you performed."""

**AIMessage**:
"""task_list()"""

**HumanMessage**:
"""'Task list candidates in chronological order:\nUse these as evidence. If there are many candidates, do not copy every candidate verbatim; use the Recommended answer unless the user explicitly asks for an exhaustive transcript.\n1. 2024/09/19 14:11 - 14:17: I picked up a knife, sliced a tomato, and placed the sliced tomato pieces on the countertop.\n2. 2024/09/22 11:57 - 12:01: I started the task of watering a plant by finding and picking up a vase, which I then brought to the kitchen countertop.\n3. 2024/09/22 14:27 - 14:32: I began preparing a meal by organizing the workspace, retrieving lettuce, a tomato, and a knife from the fridge, and then slicing the vegetables and washing a plate.\n4. 2024/09/22 14:32:30 - 14:35:06: I retrieved a potato from the fridge, organized my workspace, and sliced the potato.\n5. 2024/09/22 14:35 - 14:41: I prepared to cook the potato slices by placing them in a pan and transferring them to the stove. After briefly moving them to a plate, I returned them to the pan and turned on the stove burner to cook them.\n6. 2024/09/22 14:41:42 - 14:43:23: Once the potato slices were cooked, I transferred them to the plate and added slices of tomato and lettuce to complete the dish.\n7. 2024/09/22 15:05:02 - 15:06:50: I received a task to clean a mug and prepare coffee. I picked up a dirty mug from the sink and placed it on the countertop.\n8. 2024/09/24 12:59 - 13:03: I searched for a knife, opening and closing several cabinets, eventually finding and picking up the knife from Cabinet_3.\n9. 2024/09/24 15:04 - 15:09: I prepared a plate, assembled the sandwich with the toasted bread and tomato slices, and made final adjustments to the presentation as requested.\n10. 2024/09/26 18:34 - 18:38: I opened the Safe, picked up the KeyChain from inside, and placed it on the floor. Then, I picked up Watch_0 from the Safe and placed it into Box_1, combining both watches.\n11. 2024/09/27 15:11:53 - 15:14:07: I picked up a knife as instructed and placed it on the countertop, receiving further instructions about a potato and pan.\n12. 2024/09/27 15:15:53 - 15:17:54: I picked up one of the potato slices, opened the microwave, and placed the slice inside.\n13. 2024/09/27 15:18:02 - 15:19:53: I picked up a second potato slice, placed it in the microwave, then picked up a third slice and placed it in the microwave before closing the microwave door.\n14. 2024/09/27 15:20:12 - 15:21:44: I retrieved all three cooked potato slices from the microwave, placing them on a plate and then on the countertop.\n15. 2024/09/27 19:02:24 - 19:04:10: I moved the toasted bread slices to the countertop and cleared some space on the counter.\n16. 2024/09/29 11:25 - 11:30: I retrieved a potato from the floor (after being guided by the user) and placed it into a pot.\n17. 2024/10/01 14:02:57 - 14:04:33: I received an instruction to cook a slice of potato. I picked up a potato, placed it in the microwave, cooked it, and then retrieved it.\n18. 2024/10/01 18:22:38 - 18:25:12: I opened the cabinet below the coffee maker to find a pan. I moved a pepper shaker out of the way, picked up the pan, and placed it on the countertop before closing the cabinet.\n19. 2024/10/01 18:26:15 - 18:27:49: After the potato slices were cooked, I went to the shelving unit to retrieve a clean bowl. I emptied the bowl into the sink and placed it on the countertop.\n20. 2024/10/03 12:39 - 12:44: I picked up a tomato as instructed by the user and placed it on the countertop.\n21. 2024/10/04 14:33 - 14:36: I was asked to get a clean mug from the fridge and make coffee. I opened the fridge, picked up a dirty mug, closed the fridge, placed the mug in the sink, picked up the soap bottle, placed it on the countertop, turned the faucet on and off...\n22. 2024/10/04 14:39:30 - 14:41:07: I was asked to slice a potato and cook one of the slices. I picked up a potato from the shelf, placed it on the countertop, picked up the knife, sliced the potato, and placed the knife back down.\n23. 2024/10/04 14:45:04 - 14:46:43: I began plating the sliced ingredients by picking up a sliced lettuce piece, placing it on the plate, then picking up a sliced tomato piece, and placing it on the plate.\n24. 2024/10/05 12:26 - 12:30: I picked up a mug from the sink basin, turned off the faucet, poured the contents of the mug into the sink, and placed the mug back into the sink basin.\n25. 2024/10/06 09:18:51 - 09:21:27: I received the task to boil a potato. I began by picking up a pot, clearing a space on the stove by moving a pan, and then placing the pot on the burner.\n26. 2024/10/07 14:02 - 14:06: I began preparing breakfast by making coffee and preparing the sandwich ingredients, which included slicing and toasting bread as well as slicing a tomato.\n27. 2024/10/10 15:20:56 - 15:23:02: I started by picking up a dirty plate and placing it on a chair, while receiving instructions to wash it.\n28. 2024/10/10 15:25:19 - 15:27:53: I opened the fridge to get bread and a knife, then sliced the bread on the countertop.\n29. 2024/10/10 15:27:57 - 15:29:57: I closed the fridge, picked up a slice of bread, toasted it, and placed the cooked toast onto the plate.\n30. 2024/10/10 15:31:30 - 15:33:22: I retrieved a tomato and a knife, sliced the tomato on the countertop, and set the knife down.\nRecommended answer: From 2024/09/19 to 2024/10/10, I performed 30 recorded task groups, including bread, toast, and sandwich preparation; potato cooking and slicing; salad, lettuce, and tomato preparation; coffee and drinkware tasks; dish, plate, bowl, and pan cleaning; plant watering.'"""

**HumanMessage**:
"""Current state:
2024/09/19 - 2024/10/11: "Over the past few weeks, I have consistently managed household tasks by preparing various meals, brewing coffee, and cleaning kitchenware. I also maintained the living space by organizing items like remotes and pillows, watering houseplants, and keeping the area tidy."  
  ..."""
{}
command: answer("From September 19th to October 10th, I performed 30 recorded task groups, including preparing bread, toast, and sandwiches; cooking and slicing potatoes; preparing salads with lettuce and tomatoes; making coffee; cleaning dishes; and watering plants.")
expected output: 


 ============================== 


eval answer("From September 19th to October 10th, I performed 30 recorded task groups, including preparing bread, toast, and sandwiches; cooking and slicing potatoes; preparing salads with lettuce and tomatoes; making coffee; cleaning dishes; and watering plants.")
Answering From September 19th to October 10th, I performed 30 recorded task groups, including preparing bread, toast, and sandwiches; cooking and slicing potatoes; preparing salads with lettuce and tomatoes; making coffee; cleaning dishes; and watering plants.  with reason: None
Tokens Used: 3646
	Prompt Tokens: 3530
	Completion Tokens: 116
Successful Requests: 1
Total Cost (USD): $0.0
Evaluating sample 464fb2558d308797_4110-5f3063384d77aa71_0ac8-bfa7505b440eadde_750f-249afd96389c8ae6_c966-dcc90b08c376f4dc_74ab-ebd80a433c115116_b3d7-555c981b1ecc6c8a_7c01-32e631d248583662_5835-c02445dd7a5b6f26_be05-93af984d7981fdaa_6fc9-a690a35743c855aa_4c00-b87bd55d7820c86e_8d92-345624f0e74dc947_8525-49c94e2372ffae4f_3917-2b5a33d4908ee77d_20f6-7c76f284a689ed0a_dee3-22fa2e73c63bc50f_c1a7-6ccc8b815fbc093a_5cca-32813f06255beef5_0bd5-18f6da623ba658a2_aa07-e32e722334301fa7_892d-aae955889a0ba5fa_d123-35025f516f41aba5_ba52-4b813e7c9bc088d0_8155-61e8f5910474b00b_53e6-aa310077d368fbbc_0a82-c2ffd6a81bfe2613_f91c-41b067f2ce6f3fef_8ee6-fef7c3fc3990d2e8_e2e9-fb7d765ba6874372_db67-59d897f4009147d8_1d27-a451af83aeece675_117b-e455dbf27ecaf413_8484-dd2efe33087ddc60_cb3a-48f25d2481974dee_e871-9d1c053084e66e7b_dc9f-c4c12513ffbf7d33_9e16-a76099fbab67c9da_4d48-15fa5e0caaf6a06f_46f8-fc0fe94a4c8e3a29_9052-d62a957ecbfa6792_8217-0ae40b26ad1ead81_6240-c02445dd7a5b6f26_86bd-f82346f1b273c70a_aaf6-53472cf3cabeb021_b7f8-6e26385c641764c7_fe5a-e035a44ebae9d3fd_c842-7d0db28e7d18c776_c97a-dbb41344c474217f_2e3e-8f7791c488b51c98_fa79-0-seq_specific_shortened_low_actions
[配置] 启用 FAISS 加速，索引类型: flat
[GraphAug] 命中图缓存 (nodes=7003, edges=20226)
Got 0 examples


 ============================== 


eval task_lookup('put all pillow on any sofa')
Updated/Defined variables after execution: {}

**SystemMessage**:
"""You are a smart humanoid robot answering user question about your past actions.
The history object contains information on what you did in the past, represented as a tree.
Use the method expand to look at details of a node.
Make sure to use collapse_all_but(idx) when you expanded irrelevant nodes, in order to keep the tree compact.
Enter Python expressions into the console to see the value and decide for the next command based on that result.
Answer concisely by calling answer("...") when you gathered enough information to answer the question.
Generate syntactically correct python console statements only, no explanations or other natural language statements.
IMPORTANT: If search() returns "No relevant records found", your next command MUST be answer("I have no record of that."). Do not search synonyms, do not expand further, and do not call vqa.
IMPORTANT: If you get "Nothing changed" twice, answer honestly that you have no record. Do NOT keep searching repeatedly. For just-before/just-after questions, first try one broader target search or inspect another relevant top-level time block before giving up.
For object yes/no questions, first use object_lookup("object name"). If it reports no matching summary, answer "No, I have no record of that." Do not call vqa unless you already have a directly relevant leaf image.
For task-list questions such as "List the tasks you performed", first use task_list(). Prefer its Recommended answer and chronological candidates instead of manually expanding the whole tree. For long histories, do not copy every task candidate verbatim unless the user explicitly asks for an exhaustive transcript.
For low-level action questions such as "what task did you perform when you toggle/open/pick up/place X", first use action_lookup("full low-level action"), for example action_lookup("open the drawer"). Do not call task_lookup first for these low-level action questions.
For task-description questions such as "describe what you did when you X", first use task_lookup("X"). Prefer its matching task candidates instead of manually expanding the whole tree. This does not apply to low-level action questions covered by action_lookup.
For exact date/time questions or "N days ago" questions asking what happened, first use date_lookup(question). Prefer its Recommended answer when it is confident instead of manually expanding by date.
For "How many days ago did you X?" or "When did you X?" questions, first use event_date_lookup(question). If it lists multiple days, include all of them in the final answer instead of only the most recent match.
For just-before or just-after questions, first use temporal_neighbor(target_task, direction="before" or "after") if a candidate is not already shown. Prefer the returned Recommended answer when it is confident. Only then inspect adjacent sibling or temporal nodes. Avoid expanding to raw leaf observations unless the summary is insufficient.
Do not call vqa for time, date, task-list, before/after, or yes/no object-existence questions when textual summaries already answer the question. Use vqa only for explicit visual appearance questions such as color, visible state, or what something looks like.
Never output bare parameters such as reasoning="..." answer="...". Always call answer("..."). You may call answer(reasoning="...", answer="...") only when a short reason is necessary.
Keep answer() short: answer under 60 words, and do not use markdown or backticks inside answer()."""

**HumanMessage**:
"""
def action_lookup(query: str, max_matches: int = 6) -> str # For low-level action questions, map raw leaf actions back to task-sized summaries
def answer(reasoning: str = None, answer: str = Ellipsis)
def ask(question: str)
def date_lookup(query: str, max_matches: int = 8) -> str # For exact date/time or N-days-ago questions, list matching history summaries directly
def event_date_lookup(query: str, max_matches: int = 12) -> str # For "how many days ago did you X" questions, find all matching event dates directly
def now() -> datetime.datetime
def object_lookup(object_name: str, max_matches: int = 8) -> str # For object yes/no questions, check whether task summaries mention the object
def task_list(max_tasks: int = 30) -> str # For task-list questions, list task-sized history summaries in chronological order
def task_lookup(query: str, max_matches: int = 8) -> str # For task-description questions, list task-sized summaries matching a query
def temporal_neighbor(target_task: str, direction: str = 'before', max_candidates: int = 6) -> str # For just-before/just-after questions, find the target task and return adjacent task candidates
def vqa(question: str, *images: PIL.Image.Image)
"""

**HumanMessage**:
"""Usage examples:
>>> history.expand()  # Shows the history tree with all child nodes expanded
>>> history.expand(date(2021, 12, 20))  # Expand the children that overlap with the given day
>>> history.expand(now() - timedelta(hours=6), now() - timedelta(hours=4))  # Expand all children that overlap with the given range (in this example "about 5 hours ago")
>>> history.expand((now() - timedelta(days=2)).date())  # Expand all children that overlap with the day before yesterday
>>> history.expand(0)  # Shows child node 0
>>> history[0].expand()  # Expands all child nodes of node 0 (node 0 must be expanded already to see them)
>>> history[5][2].expand()  # Shows child node 2 of child node 5 with all its child nodes expanded
>>> history.search("green cup") # Semantic index search. Expands the most relevant children according to similarity of the natural language query and the node's (recursively defined) index content.
>>> history[1][42].search("bicycle") # Semantic index search on some node further down the tree. Expands the children of node 1.42 most relevant to the search term
>>> history[3].collapse_all_but(1); history[3][1].expand()  # Zooms into details of child node 3.1 while collapsing all other childs of node 3
>>> vqa("What color is the ... in this image?",
...     history[2][4][-1][0].image)  # Invoke a model to answer a visual question about image(s) of some leaf (!) node(s)

# After gathering the relevant information, answer the question:
# Use a short final answer. Optionally provide a brief reasoning only when needed.
>>> answer("...")"""

**HumanMessage**:
"""User question: describe what you did when you put all pillow on any sofa."""

**AIMessage**:
"""task_lookup('put all pillow on any sofa')"""

**HumanMessage**:
""""Task lookup candidates for query='put all pillow on any sofa' (matched by raw action target):\n1. score=1.00; raw_matches=1; 2024/10/09 13:52:01 - 13:53:08: I found a second pillow inside a cabinet, retrieved it, and placed it on the sofa with the first one.\n2. score=1.00; raw_matches=1; 2024/10/09 13:50:54 - 13:51:57: I located the first pillow on a side table and placed it onto the sofa as instructed.\nRecommended answer: I found a second pillow inside a cabinet, retrieved it, and placed it on the sofa with the first one.; I located the first pillow on a side table and placed it onto the sofa as instructed.\nAnswer now with concise task-sized phrases; do not call action_lookup again.""""

**HumanMessage**:
"""Current state:
2024/09/19 - 2024/10/11: "Over the past few weeks, I have consistently managed household tasks by preparing various meals, brewing coffee, and cleaning kitchenware. I also maintained the living space by organizing items like remotes and pillows, watering houseplants, and keeping the area tidy."  
  ..."""
{}
command: answer("I located the first pillow on a side table and placed it on the sofa. Then, I found a second pillow in a cabinet and placed it on the sofa with the first one.")
expected output: 


 ============================== 


eval answer("I located the first pillow on a side table and placed it on the sofa. Then, I found a second pillow in a cabinet and placed it on the sofa with the first one.")
Answering /home/user22303471/Project/Active-H-EMV/llm_emv/setup.py:226: FutureWarning: The `get_sentence_embedding_dimension` method has been renamed to `get_embedding_dimension`.
  filter_kwargs['_embedding_dim'] = embedding_model.get_sentence_embedding_dimension()
/home/user22303471/Project/Active-H-EMV/llm_emv/setup.py:183: FutureWarning: The `get_sentence_embedding_dimension` method has been renamed to `get_embedding_dimension`.
  result = torch.empty(len(texts), embedding_model.get_sentence_embedding_dimension(),
I located the first pillow on a side table and placed it on the sofa. Then, I found a second pillow in a cabinet and placed it on the sofa with the first one.  with reason: None
Tokens Used: 2250
	Prompt Tokens: 1813
	Completion Tokens: 437
Successful Requests: 1
Total Cost (USD): $0.0
Evaluating sample 464fb2558d308797_4110-5f3063384d77aa71_0ac8-bfa7505b440eadde_750f-249afd96389c8ae6_c966-dcc90b08c376f4dc_74ab-ebd80a433c115116_b3d7-555c981b1ecc6c8a_7c01-32e631d248583662_5835-c02445dd7a5b6f26_be05-93af984d7981fdaa_6fc9-a690a35743c855aa_4c00-b87bd55d7820c86e_8d92-345624f0e74dc947_8525-49c94e2372ffae4f_3917-2b5a33d4908ee77d_20f6-7c76f284a689ed0a_dee3-22fa2e73c63bc50f_c1a7-6ccc8b815fbc093a_5cca-32813f06255beef5_0bd5-18f6da623ba658a2_aa07-e32e722334301fa7_892d-aae955889a0ba5fa_d123-35025f516f41aba5_ba52-4b813e7c9bc088d0_8155-61e8f5910474b00b_53e6-aa310077d368fbbc_0a82-c2ffd6a81bfe2613_f91c-41b067f2ce6f3fef_8ee6-fef7c3fc3990d2e8_e2e9-fb7d765ba6874372_db67-59d897f4009147d8_1d27-a451af83aeece675_117b-e455dbf27ecaf413_8484-dd2efe33087ddc60_cb3a-48f25d2481974dee_e871-9d1c053084e66e7b_dc9f-c4c12513ffbf7d33_9e16-a76099fbab67c9da_4d48-15fa5e0caaf6a06f_46f8-fc0fe94a4c8e3a29_9052-d62a957ecbfa6792_8217-0ae40b26ad1ead81_6240-c02445dd7a5b6f26_86bd-f82346f1b273c70a_aaf6-53472cf3cabeb021_b7f8-6e26385c641764c7_fe5a-e035a44ebae9d3fd_c842-7d0db28e7d18c776_c97a-dbb41344c474217f_2e3e-8f7791c488b51c98_fa79-0-seq_right_after_questions
[配置] 启用 FAISS 加速，索引类型: flat
[GraphAug] 命中图缓存 (nodes=7003, edges=20226)
Got 0 examples


 ============================== 


eval temporal_neighbor('cook 1 slice(s) of potato and serve in a bowl', direction='after')
Updated/Defined variables after execution: {}

**SystemMessage**:
"""You are a smart humanoid robot answering user question about your past actions.
The history object contains information on what you did in the past, represented as a tree.
Use the method expand to look at details of a node.
Make sure to use collapse_all_but(idx) when you expanded irrelevant nodes, in order to keep the tree compact.
Enter Python expressions into the console to see the value and decide for the next command based on that result.
Answer concisely by calling answer("...") when you gathered enough information to answer the question.
Generate syntactically correct python console statements only, no explanations or other natural language statements.
IMPORTANT: If search() returns "No relevant records found", your next command MUST be answer("I have no record of that."). Do not search synonyms, do not expand further, and do not call vqa.
IMPORTANT: If you get "Nothing changed" twice, answer honestly that you have no record. Do NOT keep searching repeatedly. For just-before/just-after questions, first try one broader target search or inspect another relevant top-level time block before giving up.
For object yes/no questions, first use object_lookup("object name"). If it reports no matching summary, answer "No, I have no record of that." Do not call vqa unless you already have a directly relevant leaf image.
For task-list questions such as "List the tasks you performed", first use task_list(). Prefer its Recommended answer and chronological candidates instead of manually expanding the whole tree. For long histories, do not copy every task candidate verbatim unless the user explicitly asks for an exhaustive transcript.
For low-level action questions such as "what task did you perform when you toggle/open/pick up/place X", first use action_lookup("full low-level action"), for example action_lookup("open the drawer"). Do not call task_lookup first for these low-level action questions.
For task-description questions such as "describe what you did when you X", first use task_lookup("X"). Prefer its matching task candidates instead of manually expanding the whole tree. This does not apply to low-level action questions covered by action_lookup.
For exact date/time questions or "N days ago" questions asking what happened, first use date_lookup(question). Prefer its Recommended answer when it is confident instead of manually expanding by date.
For "How many days ago did you X?" or "When did you X?" questions, first use event_date_lookup(question). If it lists multiple days, include all of them in the final answer instead of only the most recent match.
For just-before or just-after questions, first use temporal_neighbor(target_task, direction="before" or "after") if a candidate is not already shown. Prefer the returned Recommended answer when it is confident. Only then inspect adjacent sibling or temporal nodes. Avoid expanding to raw leaf observations unless the summary is insufficient.
Do not call vqa for time, date, task-list, before/after, or yes/no object-existence questions when textual summaries already answer the question. Use vqa only for explicit visual appearance questions such as color, visible state, or what something looks like.
Never output bare parameters such as reasoning="..." answer="...". Always call answer("..."). You may call answer(reasoning="...", answer="...") only when a short reason is necessary.
Keep answer() short: answer under 60 words, and do not use markdown or backticks inside answer()."""

**HumanMessage**:
"""
def action_lookup(query: str, max_matches: int = 6) -> str # For low-level action questions, map raw leaf actions back to task-sized summaries
def answer(reasoning: str = None, answer: str = Ellipsis)
def ask(question: str)
def date_lookup(query: str, max_matches: int = 8) -> str # For exact date/time or N-days-ago questions, list matching history summaries directly
def event_date_lookup(query: str, max_matches: int = 12) -> str # For "how many days ago did you X" questions, find all matching event dates directly
def now() -> datetime.datetime
def object_lookup(object_name: str, max_matches: int = 8) -> str # For object yes/no questions, check whether task summaries mention the object
def task_list(max_tasks: int = 30) -> str # For task-list questions, list task-sized history summaries in chronological order
def task_lookup(query: str, max_matches: int = 8) -> str # For task-description questions, list task-sized summaries matching a query
def temporal_neighbor(target_task: str, direction: str = 'before', max_candidates: int = 6) -> str # For just-before/just-after questions, find the target task and return adjacent task candidates
def vqa(question: str, *images: PIL.Image.Image)
"""

**HumanMessage**:
"""Usage examples:
>>> history.expand()  # Shows the history tree with all child nodes expanded
>>> history.expand(date(2021, 12, 20))  # Expand the children that overlap with the given day
>>> history.expand(now() - timedelta(hours=6), now() - timedelta(hours=4))  # Expand all children that overlap with the given range (in this example "about 5 hours ago")
>>> history.expand((now() - timedelta(days=2)).date())  # Expand all children that overlap with the day before yesterday
>>> history.expand(0)  # Shows child node 0
>>> history[0].expand()  # Expands all child nodes of node 0 (node 0 must be expanded already to see them)
>>> history[5][2].expand()  # Shows child node 2 of child node 5 with all its child nodes expanded
>>> history.search("green cup") # Semantic index search. Expands the most relevant children according to similarity of the natural language query and the node's (recursively defined) index content.
>>> history[1][42].search("bicycle") # Semantic index search on some node further down the tree. Expands the children of node 1.42 most relevant to the search term
>>> history[3].collapse_all_but(1); history[3][1].expand()  # Zooms into details of child node 3.1 while collapsing all other childs of node 3
>>> vqa("What color is the ... in this image?",
...     history[2][4][-1][0].image)  # Invoke a model to answer a visual question about image(s) of some leaf (!) node(s)

# After gathering the relevant information, answer the question:
# Use a short final answer. Optionally provide a brief reasoning only when needed.
>>> answer("...")"""

**HumanMessage**:
"""User question: What task did you do just after cook 1 slice(s) of potato and serve in a bowl?"""

**AIMessage**:
/home/user22303471/Project/Active-H-EMV/llm_emv/setup.py:226: FutureWarning: The `get_sentence_embedding_dimension` method has been renamed to `get_embedding_dimension`.
  filter_kwargs['_embedding_dim'] = embedding_model.get_sentence_embedding_dimension()
/home/user22303471/Project/Active-H-EMV/llm_emv/setup.py:183: FutureWarning: The `get_sentence_embedding_dimension` method has been renamed to `get_embedding_dimension`.
  result = torch.empty(len(texts), embedding_model.get_sentence_embedding_dimension(),
"""temporal_neighbor('cook 1 slice(s) of potato and serve in a bowl', direction='after')"""

**HumanMessage**:
""""Temporal neighbor candidates for target='cook 1 slice(s) of potato and serve in a bowl', direction='after':\n1. score=0.79; target=2024/09/27 15:22:58 - 15:23:15: I picked up the cooked potato slices one by one and placed them into the bowl, as instructed.; after=2024/09/27 15:23:17 - 15:23:18: I attempted to place an item, but the action failed, and the user indicated the task was finished.\n2. score=0.71; target=2024/10/01 18:26:15 - 18:27:49: After the potato slices were cooked, I went to the shelving unit to retrieve a clean bowl. I emptied the bowl into the sink and placed it on the countertop.; after=2024/10/02 08:31:18 - 08:33:13: I cleared several items, including a dish sponge, cellphone, salt shaker, and potato, from the sink basin and placed them on the countertop.\n3. score=0.70; target=2024/10/01 18:27:52 - 18:28:38: I placed the three cooked potato slices into the clean bowl. The user then confirmed the task was completed successfully.; after=2024/10/02 08:31:18 - 08:33:13: I cleared several items, including a dish sponge, cellphone, salt shaker, and potato, from the sink basin and placed them on the countertop.\n4. score=0.63; target=2024/09/27 15:21:50 - 15:23:18: I located a bowl in a cabinet and placed it on the countertop. I then transferred all the cooked potato slices into the bowl, completing the task as instructed, despite a final fai...; after=2024/09/27 18:06:23 - 18:07:19: I was tasked with placing all tissue boxes on the side table with the lamp. I picked up the first tissue box from the armchair and placed it on the dresser.\n5. score=0.62; target=2024/10/01 18:26:15 - 18:28:38: After the potato slices were cooked, I retrieved a clean bowl, emptied it, and then placed the cooked potato slices into the bowl. The task was confirmed as completed.; after=2024/10/02 08:31:18 - 08:33:13: I cleared several items, including a dish sponge, cellphone, salt shaker, and potato, from the sink basin and placed them on the countertop.\n6. score=0.44; target=2024/10/01 08:58 - 18:28: On October 1, I cleaned a dirty pot in the morning, and prepared cooked potato slices on a plate and in a bowl during the afternoon and evening.; after=2024/10/02 08:31 - 08:44: On October 2, I prepared a lettuce sandwich on a cleaned plate.\nRecommended answer: I attempted to place an item, but the action failed, and the user indicated the task was finished.""""

**HumanMessage**:
"""Current state:
2024/09/19 - 2024/10/11: "Over the past few weeks, I have consistently managed household tasks by preparing various meals, brewing coffee, and cleaning kitchenware. I also maintained the living space by organizing items like remotes and pillows, watering houseplants, and keeping the area tidy."  
  ..."""
{}
command: answer("I attempted to place an item, but the action failed, and the user indicated the task was finished.")
expected output: 


 ============================== 


eval answer("I attempted to place an item, but the action failed, and the user indicated the task was finished.")
Answering I attempted to place an item, but the action failed, and the user indicated the task was finished.  with reason: None
Tokens Used: 2906
	Prompt Tokens: 2434
	Completion Tokens: 472
Successful Requests: 1
Total Cost (USD): $0.0
Evaluating sample 464fb2558d308797_4110-5f3063384d77aa71_0ac8-bfa7505b440eadde_750f-249afd96389c8ae6_c966-dcc90b08c376f4dc_74ab-ebd80a433c115116_b3d7-555c981b1ecc6c8a_7c01-32e631d248583662_5835-c02445dd7a5b6f26_be05-93af984d7981fdaa_6fc9-a690a35743c855aa_4c00-b87bd55d7820c86e_8d92-345624f0e74dc947_8525-49c94e2372ffae4f_3917-2b5a33d4908ee77d_20f6-7c76f284a689ed0a_dee3-22fa2e73c63bc50f_c1a7-6ccc8b815fbc093a_5cca-32813f06255beef5_0bd5-18f6da623ba658a2_aa07-e32e722334301fa7_892d-aae955889a0ba5fa_d123-35025f516f41aba5_ba52-4b813e7c9bc088d0_8155-61e8f5910474b00b_53e6-aa310077d368fbbc_0a82-c2ffd6a81bfe2613_f91c-41b067f2ce6f3fef_8ee6-fef7c3fc3990d2e8_e2e9-fb7d765ba6874372_db67-59d897f4009147d8_1d27-a451af83aeece675_117b-e455dbf27ecaf413_8484-dd2efe33087ddc60_cb3a-48f25d2481974dee_e871-9d1c053084e66e7b_dc9f-c4c12513ffbf7d33_9e16-a76099fbab67c9da_4d48-15fa5e0caaf6a06f_46f8-fc0fe94a4c8e3a29_9052-d62a957ecbfa6792_8217-0ae40b26ad1ead81_6240-c02445dd7a5b6f26_86bd-f82346f1b273c70a_aaf6-53472cf3cabeb021_b7f8-6e26385c641764c7_fe5a-e035a44ebae9d3fd_c842-7d0db28e7d18c776_c97a-dbb41344c474217f_2e3e-8f7791c488b51c98_fa79-0-seq_right_before_questions
[配置] 启用 FAISS 加速，索引类型: flat
[GraphAug] 命中图缓存 (nodes=7003, edges=20226)
Got 0 examples


 ============================== 


eval temporal_neighbor('clean all the pots', direction='before')
Updated/Defined variables after execution: {}

**SystemMessage**:
"""You are a smart humanoid robot answering user question about your past actions.
The history object contains information on what you did in the past, represented as a tree.
Use the method expand to look at details of a node.
Make sure to use collapse_all_but(idx) when you expanded irrelevant nodes, in order to keep the tree compact.
Enter Python expressions into the console to see the value and decide for the next command based on that result.
Answer concisely by calling answer("...") when you gathered enough information to answer the question.
Generate syntactically correct python console statements only, no explanations or other natural language statements.
IMPORTANT: If search() returns "No relevant records found", your next command MUST be answer("I have no record of that."). Do not search synonyms, do not expand further, and do not call vqa.
IMPORTANT: If you get "Nothing changed" twice, answer honestly that you have no record. Do NOT keep searching repeatedly. For just-before/just-after questions, first try one broader target search or inspect another relevant top-level time block before giving up.
For object yes/no questions, first use object_lookup("object name"). If it reports no matching summary, answer "No, I have no record of that." Do not call vqa unless you already have a directly relevant leaf image.
For task-list questions such as "List the tasks you performed", first use task_list(). Prefer its Recommended answer and chronological candidates instead of manually expanding the whole tree. For long histories, do not copy every task candidate verbatim unless the user explicitly asks for an exhaustive transcript.
For low-level action questions such as "what task did you perform when you toggle/open/pick up/place X", first use action_lookup("full low-level action"), for example action_lookup("open the drawer"). Do not call task_lookup first for these low-level action questions.
For task-description questions such as "describe what you did when you X", first use task_lookup("X"). Prefer its matching task candidates instead of manually expanding the whole tree. This does not apply to low-level action questions covered by action_lookup.
For exact date/time questions or "N days ago" questions asking what happened, first use date_lookup(question). Prefer its Recommended answer when it is confident instead of manually expanding by date.
For "How many days ago did you X?" or "When did you X?" questions, first use event_date_lookup(question). If it lists multiple days, include all of them in the final answer instead of only the most recent match.
For just-before or just-after questions, first use temporal_neighbor(target_task, direction="before" or "after") if a candidate is not already shown. Prefer the returned Recommended answer when it is confident. Only then inspect adjacent sibling or temporal nodes. Avoid expanding to raw leaf observations unless the summary is insufficient.
Do not call vqa for time, date, task-list, before/after, or yes/no object-existence questions when textual summaries already answer the question. Use vqa only for explicit visual appearance questions such as color, visible state, or what something looks like.
Never output bare parameters such as reasoning="..." answer="...". Always call answer("..."). You may call answer(reasoning="...", answer="...") only when a short reason is necessary.
Keep answer() short: answer under 60 words, and do not use markdown or backticks inside answer()."""

**HumanMessage**:
"""
def action_lookup(query: str, max_matches: int = 6) -> str # For low-level action questions, map raw leaf actions back to task-sized summaries
def answer(reasoning: str = None, answer: str = Ellipsis)
def ask(question: str)
def date_lookup(query: str, max_matches: int = 8) -> str # For exact date/time or N-days-ago questions, list matching history summaries directly
def event_date_lookup(query: str, max_matches: int = 12) -> str # For "how many days ago did you X" questions, find all matching event dates directly
def now() -> datetime.datetime
def object_lookup(object_name: str, max_matches: int = 8) -> str # For object yes/no questions, check whether task summaries mention the object
def task_list(max_tasks: int = 30) -> str # For task-list questions, list task-sized history summaries in chronological order
def task_lookup(query: str, max_matches: int = 8) -> str # For task-description questions, list task-sized summaries matching a query
def temporal_neighbor(target_task: str, direction: str = 'before', max_candidates: int = 6) -> str # For just-before/just-after questions, find the target task and return adjacent task candidates
def vqa(question: str, *images: PIL.Image.Image)
"""

**HumanMessage**:
"""Usage examples:
>>> history.expand()  # Shows the history tree with all child nodes expanded
>>> history.expand(date(2021, 12, 20))  # Expand the children that overlap with the given day
>>> history.expand(now() - timedelta(hours=6), now() - timedelta(hours=4))  # Expand all children that overlap with the given range (in this example "about 5 hours ago")
>>> history.expand((now() - timedelta(days=2)).date())  # Expand all children that overlap with the day before yesterday
>>> history.expand(0)  # Shows child node 0
>>> history[0].expand()  # Expands all child nodes of node 0 (node 0 must be expanded already to see them)
>>> history[5][2].expand()  # Shows child node 2 of child node 5 with all its child nodes expanded
>>> history.search("green cup") # Semantic index search. Expands the most relevant children according to similarity of the natural language query and the node's (recursively defined) index content.
>>> history[1][42].search("bicycle") # Semantic index search on some node further down the tree. Expands the children of node 1.42 most relevant to the search term
>>> history[3].collapse_all_but(1); history[3][1].expand()  # Zooms into details of child node 3.1 while collapsing all other childs of node 3
>>> vqa("What color is the ... in this image?",
...     history[2][4][-1][0].image)  # Invoke a model to answer a visual question about image(s) of some leaf (!) node(s)

# After gathering the relevant information, answer the question:
# Use a short final answer. Optionally provide a brief reasoning only when needed.
>>> answer("...")"""

**HumanMessage**:
"""User question: What task did you do just before clean all the pots?"""

**AIMessage**:
"""temporal_neighbor('clean all the pots', direction='before')"""

**HumanMessage**:

History cache audit
Selected histories: 4
Cached histories: 4
Missing histories: 0
00 cached qa_start=0 qa_count=10 episodes=50 dataset/TEACh/preprocessed_histories/valid_unseen-multi/50ep-8ff5291f2e02216cc14877f3841c5033.pkl
01 cached qa_start=10 qa_count=10 episodes=50 dataset/TEACh/preprocessed_histories/valid_unseen-multi/50ep-c179436351ca12d6ac19176f5d3e1acb.pkl
02 cached qa_start=20 qa_count=10 episodes=50 dataset/TEACh/preprocessed_histories/valid_unseen-multi/50ep-e3690f2c5e5ccdb053803f54500075bb.pkl
03 cached qa_start=30 qa_count=10 episodes=50 dataset/TEACh/preprocessed_histories/valid_unseen-multi/50ep-04ad61ab48c59b07c35386471dcf5ca3.pkl
[Checkpoint] loaded 33 result(s) from experiments/results/teach/smoke/h50_current_zs_fast_n40_action_v12.jsonl / experiments/results/teach/smoke/h50_current_zs_fast_n40_action_v12.json
[Checkpoint] retrying 1 previous error/empty result(s)
[Checkpoint] skip completed sample 6c24abb778c24a7c_704a-977b52faf01e6c05_d71f-01c1b8aa1820aa0b_adaf-32918ea00b69d9fe_38ff-cdf30defa61245ba_5590-2513b9a8d8ae5129_ab38-7337be5c30b1b5d1_874c-57862376ad3394a1_c9dc-32fe2fa7cc43fbc3_b8f3-0de4b62afcd06138_45f2-a966ba0c6e0d463d_ce88-25ef88cce38adfbc_1740-7504548a0dd7baf8_b148-064a69cb5d40b41f_9c2e-a690a35743c855aa_4c00-4b813e7c9bc088d0_1ce1-e4909f617bc99db4_4ab8-03379f213dfbda39_79a2-c49a96282ec09e90_5bfa-a2d31b84a569e568_fb03-88ddc0cbf1a23687_43ea-b36a8d73976068a3_6afd-c02445dd7a5b6f26_d92a-a76099fbab67c9da_4d48-c6c5c151b7b8e770_38db-60d26ec0f9c4757e_425d-9539c0004762d6a8_2eee-b2fde7ee4eb1c40f_1f95-c2ffd6a81bfe2613_f91c-81b10da74f7ac9ff_15c8-6ccc8b815fbc093a_e921-5aa3cbd322d4f163_402a-52e190f2e5f3b790_edbb-71392179ff5e728f_d7fe-4e893adaff5699af_ab4f-6f4aca312776de7b_97f3-4e88e46c6584bd85_21d2-eef61c8f3cdd8280_c537-bfb3e4eaf7ba458f_81db-af3fc77ab8313235_5b72-dbb41344c474217f_ee0e-498d06abfb7e9487_5c19-36492265af47de94_a352-9c97a83f60095487_02d9-0d1a67f82b3b5854_d74d-2f8d482d22e56fdd_410e-5c12b219bbb5bc07_6008-4aafdc038df138e8_58f0-474a8460bc35eb12_20d0-0f0664338151d4ac_5c06-0-sequence_of_task_descs
[Checkpoint] skip completed sample 6c24abb778c24a7c_704a-977b52faf01e6c05_d71f-01c1b8aa1820aa0b_adaf-32918ea00b69d9fe_38ff-cdf30defa61245ba_5590-2513b9a8d8ae5129_ab38-7337be5c30b1b5d1_874c-57862376ad3394a1_c9dc-32fe2fa7cc43fbc3_b8f3-0de4b62afcd06138_45f2-a966ba0c6e0d463d_ce88-25ef88cce38adfbc_1740-7504548a0dd7baf8_b148-064a69cb5d40b41f_9c2e-a690a35743c855aa_4c00-4b813e7c9bc088d0_1ce1-e4909f617bc99db4_4ab8-03379f213dfbda39_79a2-c49a96282ec09e90_5bfa-a2d31b84a569e568_fb03-88ddc0cbf1a23687_43ea-b36a8d73976068a3_6afd-c02445dd7a5b6f26_d92a-a76099fbab67c9da_4d48-c6c5c151b7b8e770_38db-60d26ec0f9c4757e_425d-9539c0004762d6a8_2eee-b2fde7ee4eb1c40f_1f95-c2ffd6a81bfe2613_f91c-81b10da74f7ac9ff_15c8-6ccc8b815fbc093a_e921-5aa3cbd322d4f163_402a-52e190f2e5f3b790_edbb-71392179ff5e728f_d7fe-4e893adaff5699af_ab4f-6f4aca312776de7b_97f3-4e88e46c6584bd85_21d2-eef61c8f3cdd8280_c537-bfb3e4eaf7ba458f_81db-af3fc77ab8313235_5b72-dbb41344c474217f_ee0e-498d06abfb7e9487_5c19-36492265af47de94_a352-9c97a83f60095487_02d9-0d1a67f82b3b5854_d74d-2f8d482d22e56fdd_410e-5c12b219bbb5bc07_6008-4aafdc038df138e8_58f0-474a8460bc35eb12_20d0-0f0664338151d4ac_5c06-0-seq_specific_shortened_low_actions
[Checkpoint] skip completed sample 6c24abb778c24a7c_704a-977b52faf01e6c05_d71f-01c1b8aa1820aa0b_adaf-32918ea00b69d9fe_38ff-cdf30defa61245ba_5590-2513b9a8d8ae5129_ab38-7337be5c30b1b5d1_874c-57862376ad3394a1_c9dc-32fe2fa7cc43fbc3_b8f3-0de4b62afcd06138_45f2-a966ba0c6e0d463d_ce88-25ef88cce38adfbc_1740-7504548a0dd7baf8_b148-064a69cb5d40b41f_9c2e-a690a35743c855aa_4c00-4b813e7c9bc088d0_1ce1-e4909f617bc99db4_4ab8-03379f213dfbda39_79a2-c49a96282ec09e90_5bfa-a2d31b84a569e568_fb03-88ddc0cbf1a23687_43ea-b36a8d73976068a3_6afd-c02445dd7a5b6f26_d92a-a76099fbab67c9da_4d48-c6c5c151b7b8e770_38db-60d26ec0f9c4757e_425d-9539c0004762d6a8_2eee-b2fde7ee4eb1c40f_1f95-c2ffd6a81bfe2613_f91c-81b10da74f7ac9ff_15c8-6ccc8b815fbc093a_e921-5aa3cbd322d4f163_402a-52e190f2e5f3b790_edbb-71392179ff5e728f_d7fe-4e893adaff5699af_ab4f-6f4aca312776de7b_97f3-4e88e46c6584bd85_21d2-eef61c8f3cdd8280_c537-bfb3e4eaf7ba458f_81db-af3fc77ab8313235_5b72-dbb41344c474217f_ee0e-498d06abfb7e9487_5c19-36492265af47de94_a352-9c97a83f60095487_02d9-0d1a67f82b3b5854_d74d-2f8d482d22e56fdd_410e-5c12b219bbb5bc07_6008-4aafdc038df138e8_58f0-474a8460bc35eb12_20d0-0f0664338151d4ac_5c06-0-seq_right_after_questions
[Checkpoint] skip completed sample 6c24abb778c24a7c_704a-977b52faf01e6c05_d71f-01c1b8aa1820aa0b_adaf-32918ea00b69d9fe_38ff-cdf30defa61245ba_5590-2513b9a8d8ae5129_ab38-7337be5c30b1b5d1_874c-57862376ad3394a1_c9dc-32fe2fa7cc43fbc3_b8f3-0de4b62afcd06138_45f2-a966ba0c6e0d463d_ce88-25ef88cce38adfbc_1740-7504548a0dd7baf8_b148-064a69cb5d40b41f_9c2e-a690a35743c855aa_4c00-4b813e7c9bc088d0_1ce1-e4909f617bc99db4_4ab8-03379f213dfbda39_79a2-c49a96282ec09e90_5bfa-a2d31b84a569e568_fb03-88ddc0cbf1a23687_43ea-b36a8d73976068a3_6afd-c02445dd7a5b6f26_d92a-a76099fbab67c9da_4d48-c6c5c151b7b8e770_38db-60d26ec0f9c4757e_425d-9539c0004762d6a8_2eee-b2fde7ee4eb1c40f_1f95-c2ffd6a81bfe2613_f91c-81b10da74f7ac9ff_15c8-6ccc8b815fbc093a_e921-5aa3cbd322d4f163_402a-52e190f2e5f3b790_edbb-71392179ff5e728f_d7fe-4e893adaff5699af_ab4f-6f4aca312776de7b_97f3-4e88e46c6584bd85_21d2-eef61c8f3cdd8280_c537-bfb3e4eaf7ba458f_81db-af3fc77ab8313235_5b72-dbb41344c474217f_ee0e-498d06abfb7e9487_5c19-36492265af47de94_a352-9c97a83f60095487_02d9-0d1a67f82b3b5854_d74d-2f8d482d22e56fdd_410e-5c12b219bbb5bc07_6008-4aafdc038df138e8_58f0-474a8460bc35eb12_20d0-0f0664338151d4ac_5c06-0-seq_right_before_questions
[Checkpoint] skip completed sample 6c24abb778c24a7c_704a-977b52faf01e6c05_d71f-01c1b8aa1820aa0b_adaf-32918ea00b69d9fe_38ff-cdf30defa61245ba_5590-2513b9a8d8ae5129_ab38-7337be5c30b1b5d1_874c-57862376ad3394a1_c9dc-32fe2fa7cc43fbc3_b8f3-0de4b62afcd06138_45f2-a966ba0c6e0d463d_ce88-25ef88cce38adfbc_1740-7504548a0dd7baf8_b148-064a69cb5d40b41f_9c2e-a690a35743c855aa_4c00-4b813e7c9bc088d0_1ce1-e4909f617bc99db4_4ab8-03379f213dfbda39_79a2-c49a96282ec09e90_5bfa-a2d31b84a569e568_fb03-88ddc0cbf1a23687_43ea-b36a8d73976068a3_6afd-c02445dd7a5b6f26_d92a-a76099fbab67c9da_4d48-c6c5c151b7b8e770_38db-60d26ec0f9c4757e_425d-9539c0004762d6a8_2eee-b2fde7ee4eb1c40f_1f95-c2ffd6a81bfe2613_f91c-81b10da74f7ac9ff_15c8-6ccc8b815fbc093a_e921-5aa3cbd322d4f163_402a-52e190f2e5f3b790_edbb-71392179ff5e728f_d7fe-4e893adaff5699af_ab4f-6f4aca312776de7b_97f3-4e88e46c6584bd85_21d2-eef61c8f3cdd8280_c537-bfb3e4eaf7ba458f_81db-af3fc77ab8313235_5b72-dbb41344c474217f_ee0e-498d06abfb7e9487_5c19-36492265af47de94_a352-9c97a83f60095487_02d9-0d1a67f82b3b5854_d74d-2f8d482d22e56fdd_410e-5c12b219bbb5bc07_6008-4aafdc038df138e8_58f0-474a8460bc35eb12_20d0-0f0664338151d4ac_5c06-0-seq_simple_object_yes_no
[Checkpoint] skip completed sample 6c24abb778c24a7c_704a-977b52faf01e6c05_d71f-01c1b8aa1820aa0b_adaf-32918ea00b69d9fe_38ff-cdf30defa61245ba_5590-2513b9a8d8ae5129_ab38-7337be5c30b1b5d1_874c-57862376ad3394a1_c9dc-32fe2fa7cc43fbc3_b8f3-0de4b62afcd06138_45f2-a966ba0c6e0d463d_ce88-25ef88cce38adfbc_1740-7504548a0dd7baf8_b148-064a69cb5d40b41f_9c2e-a690a35743c855aa_4c00-4b813e7c9bc088d0_1ce1-e4909f617bc99db4_4ab8-03379f213dfbda39_79a2-c49a96282ec09e90_5bfa-a2d31b84a569e568_fb03-88ddc0cbf1a23687_43ea-b36a8d73976068a3_6afd-c02445dd7a5b6f26_d92a-a76099fbab67c9da_4d48-c6c5c151b7b8e770_38db-60d26ec0f9c4757e_425d-9539c0004762d6a8_2eee-b2fde7ee4eb1c40f_1f95-c2ffd6a81bfe2613_f91c-81b10da74f7ac9ff_15c8-6ccc8b815fbc093a_e921-5aa3cbd322d4f163_402a-52e190f2e5f3b790_edbb-71392179ff5e728f_d7fe-4e893adaff5699af_ab4f-6f4aca312776de7b_97f3-4e88e46c6584bd85_21d2-eef61c8f3cdd8280_c537-bfb3e4eaf7ba458f_81db-af3fc77ab8313235_5b72-dbb41344c474217f_ee0e-498d06abfb7e9487_5c19-36492265af47de94_a352-9c97a83f60095487_02d9-0d1a67f82b3b5854_d74d-2f8d482d22e56fdd_410e-5c12b219bbb5bc07_6008-4aafdc038df138e8_58f0-474a8460bc35eb12_20d0-0f0664338151d4ac_5c06-0-seq_low_actions_to_episode_task_descs
[Checkpoint] skip completed sample 6c24abb778c24a7c_704a-977b52faf01e6c05_d71f-01c1b8aa1820aa0b_adaf-32918ea00b69d9fe_38ff-cdf30defa61245ba_5590-2513b9a8d8ae5129_ab38-7337be5c30b1b5d1_874c-57862376ad3394a1_c9dc-32fe2fa7cc43fbc3_b8f3-0de4b62afcd06138_45f2-a966ba0c6e0d463d_ce88-25ef88cce38adfbc_1740-7504548a0dd7baf8_b148-064a69cb5d40b41f_9c2e-a690a35743c855aa_4c00-4b813e7c9bc088d0_1ce1-e4909f617bc99db4_4ab8-03379f213dfbda39_79a2-c49a96282ec09e90_5bfa-a2d31b84a569e568_fb03-88ddc0cbf1a23687_43ea-b36a8d73976068a3_6afd-c02445dd7a5b6f26_d92a-a76099fbab67c9da_4d48-c6c5c151b7b8e770_38db-60d26ec0f9c4757e_425d-9539c0004762d6a8_2eee-b2fde7ee4eb1c40f_1f95-c2ffd6a81bfe2613_f91c-81b10da74f7ac9ff_15c8-6ccc8b815fbc093a_e921-5aa3cbd322d4f163_402a-52e190f2e5f3b790_edbb-71392179ff5e728f_d7fe-4e893adaff5699af_ab4f-6f4aca312776de7b_97f3-4e88e46c6584bd85_21d2-eef61c8f3cdd8280_c537-bfb3e4eaf7ba458f_81db-af3fc77ab8313235_5b72-dbb41344c474217f_ee0e-498d06abfb7e9487_5c19-36492265af47de94_a352-9c97a83f60095487_02d9-0d1a67f82b3b5854_d74d-2f8d482d22e56fdd_410e-5c12b219bbb5bc07_6008-4aafdc038df138e8_58f0-474a8460bc35eb12_20d0-0f0664338151d4ac_5c06-0-exact_time_to_episode
[Checkpoint] skip completed sample 6c24abb778c24a7c_704a-977b52faf01e6c05_d71f-01c1b8aa1820aa0b_adaf-32918ea00b69d9fe_38ff-cdf30defa61245ba_5590-2513b9a8d8ae5129_ab38-7337be5c30b1b5d1_874c-57862376ad3394a1_c9dc-32fe2fa7cc43fbc3_b8f3-0de4b62afcd06138_45f2-a966ba0c6e0d463d_ce88-25ef88cce38adfbc_1740-7504548a0dd7baf8_b148-064a69cb5d40b41f_9c2e-a690a35743c855aa_4c00-4b813e7c9bc088d0_1ce1-e4909f617bc99db4_4ab8-03379f213dfbda39_79a2-c49a96282ec09e90_5bfa-a2d31b84a569e568_fb03-88ddc0cbf1a23687_43ea-b36a8d73976068a3_6afd-c02445dd7a5b6f26_d92a-a76099fbab67c9da_4d48-c6c5c151b7b8e770_38db-60d26ec0f9c4757e_425d-9539c0004762d6a8_2eee-b2fde7ee4eb1c40f_1f95-c2ffd6a81bfe2613_f91c-81b10da74f7ac9ff_15c8-6ccc8b815fbc093a_e921-5aa3cbd322d4f163_402a-52e190f2e5f3b790_edbb-71392179ff5e728f_d7fe-4e893adaff5699af_ab4f-6f4aca312776de7b_97f3-4e88e46c6584bd85_21d2-eef61c8f3cdd8280_c537-bfb3e4eaf7ba458f_81db-af3fc77ab8313235_5b72-dbb41344c474217f_ee0e-498d06abfb7e9487_5c19-36492265af47de94_a352-9c97a83f60095487_02d9-0d1a67f82b3b5854_d74d-2f8d482d22e56fdd_410e-5c12b219bbb5bc07_6008-4aafdc038df138e8_58f0-474a8460bc35eb12_20d0-0f0664338151d4ac_5c06-0-tasks_to_exact_times
[Checkpoint] skip completed sample 6c24abb778c24a7c_704a-977b52faf01e6c05_d71f-01c1b8aa1820aa0b_adaf-32918ea00b69d9fe_38ff-cdf30defa61245ba_5590-2513b9a8d8ae5129_ab38-7337be5c30b1b5d1_874c-57862376ad3394a1_c9dc-32fe2fa7cc43fbc3_b8f3-0de4b62afcd06138_45f2-a966ba0c6e0d463d_ce88-25ef88cce38adfbc_1740-7504548a0dd7baf8_b148-064a69cb5d40b41f_9c2e-a690a35743c855aa_4c00-4b813e7c9bc088d0_1ce1-e4909f617bc99db4_4ab8-03379f213dfbda39_79a2-c49a96282ec09e90_5bfa-a2d31b84a569e568_fb03-88ddc0cbf1a23687_43ea-b36a8d73976068a3_6afd-c02445dd7a5b6f26_d92a-a76099fbab67c9da_4d48-c6c5c151b7b8e770_38db-60d26ec0f9c4757e_425d-9539c0004762d6a8_2eee-b2fde7ee4eb1c40f_1f95-c2ffd6a81bfe2613_f91c-81b10da74f7ac9ff_15c8-6ccc8b815fbc093a_e921-5aa3cbd322d4f163_402a-52e190f2e5f3b790_edbb-71392179ff5e728f_d7fe-4e893adaff5699af_ab4f-6f4aca312776de7b_97f3-4e88e46c6584bd85_21d2-eef61c8f3cdd8280_c537-bfb3e4eaf7ba458f_81db-af3fc77ab8313235_5b72-dbb41344c474217f_ee0e-498d06abfb7e9487_5c19-36492265af47de94_a352-9c97a83f60095487_02d9-0d1a67f82b3b5854_d74d-2f8d482d22e56fdd_410e-5c12b219bbb5bc07_6008-4aafdc038df138e8_58f0-474a8460bc35eb12_20d0-0f0664338151d4ac_5c06-0-tasks_to_days_ago
[Checkpoint] skip completed sample 6c24abb778c24a7c_704a-977b52faf01e6c05_d71f-01c1b8aa1820aa0b_adaf-32918ea00b69d9fe_38ff-cdf30defa61245ba_5590-2513b9a8d8ae5129_ab38-7337be5c30b1b5d1_874c-57862376ad3394a1_c9dc-32fe2fa7cc43fbc3_b8f3-0de4b62afcd06138_45f2-a966ba0c6e0d463d_ce88-25ef88cce38adfbc_1740-7504548a0dd7baf8_b148-064a69cb5d40b41f_9c2e-a690a35743c855aa_4c00-4b813e7c9bc088d0_1ce1-e4909f617bc99db4_4ab8-03379f213dfbda39_79a2-c49a96282ec09e90_5bfa-a2d31b84a569e568_fb03-88ddc0cbf1a23687_43ea-b36a8d73976068a3_6afd-c02445dd7a5b6f26_d92a-a76099fbab67c9da_4d48-c6c5c151b7b8e770_38db-60d26ec0f9c4757e_425d-9539c0004762d6a8_2eee-b2fde7ee4eb1c40f_1f95-c2ffd6a81bfe2613_f91c-81b10da74f7ac9ff_15c8-6ccc8b815fbc093a_e921-5aa3cbd322d4f163_402a-52e190f2e5f3b790_edbb-71392179ff5e728f_d7fe-4e893adaff5699af_ab4f-6f4aca312776de7b_97f3-4e88e46c6584bd85_21d2-eef61c8f3cdd8280_c537-bfb3e4eaf7ba458f_81db-af3fc77ab8313235_5b72-dbb41344c474217f_ee0e-498d06abfb7e9487_5c19-36492265af47de94_a352-9c97a83f60095487_02d9-0d1a67f82b3b5854_d74d-2f8d482d22e56fdd_410e-5c12b219bbb5bc07_6008-4aafdc038df138e8_58f0-474a8460bc35eb12_20d0-0f0664338151d4ac_5c06-0-days_ago_to_episode
[Checkpoint] skip completed sample e336199e4aca573c_4d32-85ec788c6b00fb0d_14d1-ad2e4eb0b24a5940_9c9d-50bc3abf986ccabb_7071-915fdf90f4bc33cd_6c72-1fd74046ded8f9d1_42a3-cb0e41e1b364ad27_9a72-4b7b1a5b7f3d19ae_1413-cce21676357b2d20_b27c-01c1b8aa1820aa0b_adaf-b8f22271faff678f_dce6-4fc54b735d3f45a6_b7b4-e8f7cd03e3683657_4d70-84d6411d0710d918_5b3c-04ae108b77699c0f_2453-b53c115c99ca34dd_5e2b-b63078c7b3e28f59_355d-c6f7828bc5640531_1604-c7cc40993ef8468b_3e7b-0b161c6f709cde89_4c30-fef7c3fc3990d2e8_518b-e85d1457c7af9ad4_4960-9e23434a16a146b5_7f9a-41b067f2ce6f3fef_8ee6-9539c0004762d6a8_fe91-a2b0269334c60e48_2cb5-464fb2558d308797_4110-d8034826803791df_10bf-88f8ad0d2d356270_bb95-491169530040eb68_c8b0-e035a44ebae9d3fd_c842-c02445dd7a5b6f26_86bd-8150a936da2df63d_2451-3ebbcf3c3aed7c9e_5813-1e8fb21f2b41b0b0_db8b-a451af83aeece675_117b-140e54aadad74d20_222f-e455dbf27ecaf413_8484-c6c5c151b7b8e770_38db-18f6da623ba658a2_aa07-612f99763b6978b6_0c1a-09d537bcc73a42fc_52e8-5ab41ea72487ce0f_e5be-0d1a67f82b3b5854_d74d-0d600126a7947365_cac4-2b5a33d4908ee77d_20f6-a82cd949493bada0_ffe5-b2815444299854b0_d30e-5026400c43e20c2d_d3fc-85ec788c6b00fb0d_49ba-0-sequence_of_task_descs
[Checkpoint] skip completed sample e336199e4aca573c_4d32-85ec788c6b00fb0d_14d1-ad2e4eb0b24a5940_9c9d-50bc3abf986ccabb_7071-915fdf90f4bc33cd_6c72-1fd74046ded8f9d1_42a3-cb0e41e1b364ad27_9a72-4b7b1a5b7f3d19ae_1413-cce21676357b2d20_b27c-01c1b8aa1820aa0b_adaf-b8f22271faff678f_dce6-4fc54b735d3f45a6_b7b4-e8f7cd03e3683657_4d70-84d6411d0710d918_5b3c-04ae108b77699c0f_2453-b53c115c99ca34dd_5e2b-b63078c7b3e28f59_355d-c6f7828bc5640531_1604-c7cc40993ef8468b_3e7b-0b161c6f709cde89_4c30-fef7c3fc3990d2e8_518b-e85d1457c7af9ad4_4960-9e23434a16a146b5_7f9a-41b067f2ce6f3fef_8ee6-9539c0004762d6a8_fe91-a2b0269334c60e48_2cb5-464fb2558d308797_4110-d8034826803791df_10bf-88f8ad0d2d356270_bb95-491169530040eb68_c8b0-e035a44ebae9d3fd_c842-c02445dd7a5b6f26_86bd-8150a936da2df63d_2451-3ebbcf3c3aed7c9e_5813-1e8fb21f2b41b0b0_db8b-a451af83aeece675_117b-140e54aadad74d20_222f-e455dbf27ecaf413_8484-c6c5c151b7b8e770_38db-18f6da623ba658a2_aa07-612f99763b6978b6_0c1a-09d537bcc73a42fc_52e8-5ab41ea72487ce0f_e5be-0d1a67f82b3b5854_d74d-0d600126a7947365_cac4-2b5a33d4908ee77d_20f6-a82cd949493bada0_ffe5-b2815444299854b0_d30e-5026400c43e20c2d_d3fc-85ec788c6b00fb0d_49ba-0-seq_specific_shortened_low_actions
[Checkpoint] skip completed sample e336199e4aca573c_4d32-85ec788c6b00fb0d_14d1-ad2e4eb0b24a5940_9c9d-50bc3abf986ccabb_7071-915fdf90f4bc33cd_6c72-1fd74046ded8f9d1_42a3-cb0e41e1b364ad27_9a72-4b7b1a5b7f3d19ae_1413-cce21676357b2d20_b27c-01c1b8aa1820aa0b_adaf-b8f22271faff678f_dce6-4fc54b735d3f45a6_b7b4-e8f7cd03e3683657_4d70-84d6411d0710d918_5b3c-04ae108b77699c0f_2453-b53c115c99ca34dd_5e2b-b63078c7b3e28f59_355d-c6f7828bc5640531_1604-c7cc40993ef8468b_3e7b-0b161c6f709cde89_4c30-fef7c3fc3990d2e8_518b-e85d1457c7af9ad4_4960-9e23434a16a146b5_7f9a-41b067f2ce6f3fef_8ee6-9539c0004762d6a8_fe91-a2b0269334c60e48_2cb5-464fb2558d308797_4110-d8034826803791df_10bf-88f8ad0d2d356270_bb95-491169530040eb68_c8b0-e035a44ebae9d3fd_c842-c02445dd7a5b6f26_86bd-8150a936da2df63d_2451-3ebbcf3c3aed7c9e_5813-1e8fb21f2b41b0b0_db8b-a451af83aeece675_117b-140e54aadad74d20_222f-e455dbf27ecaf413_8484-c6c5c151b7b8e770_38db-18f6da623ba658a2_aa07-612f99763b6978b6_0c1a-09d537bcc73a42fc_52e8-5ab41ea72487ce0f_e5be-0d1a67f82b3b5854_d74d-0d600126a7947365_cac4-2b5a33d4908ee77d_20f6-a82cd949493bada0_ffe5-b2815444299854b0_d30e-5026400c43e20c2d_d3fc-85ec788c6b00fb0d_49ba-0-seq_right_after_questions
[Checkpoint] skip completed sample e336199e4aca573c_4d32-85ec788c6b00fb0d_14d1-ad2e4eb0b24a5940_9c9d-50bc3abf986ccabb_7071-915fdf90f4bc33cd_6c72-1fd74046ded8f9d1_42a3-cb0e41e1b364ad27_9a72-4b7b1a5b7f3d19ae_1413-cce21676357b2d20_b27c-01c1b8aa1820aa0b_adaf-b8f22271faff678f_dce6-4fc54b735d3f45a6_b7b4-e8f7cd03e3683657_4d70-84d6411d0710d918_5b3c-04ae108b77699c0f_2453-b53c115c99ca34dd_5e2b-b63078c7b3e28f59_355d-c6f7828bc5640531_1604-c7cc40993ef8468b_3e7b-0b161c6f709cde89_4c30-fef7c3fc3990d2e8_518b-e85d1457c7af9ad4_4960-9e23434a16a146b5_7f9a-41b067f2ce6f3fef_8ee6-9539c0004762d6a8_fe91-a2b0269334c60e48_2cb5-464fb2558d308797_4110-d8034826803791df_10bf-88f8ad0d2d356270_bb95-491169530040eb68_c8b0-e035a44ebae9d3fd_c842-c02445dd7a5b6f26_86bd-8150a936da2df63d_2451-3ebbcf3c3aed7c9e_5813-1e8fb21f2b41b0b0_db8b-a451af83aeece675_117b-140e54aadad74d20_222f-e455dbf27ecaf413_8484-c6c5c151b7b8e770_38db-18f6da623ba658a2_aa07-612f99763b6978b6_0c1a-09d537bcc73a42fc_52e8-5ab41ea72487ce0f_e5be-0d1a67f82b3b5854_d74d-0d600126a7947365_cac4-2b5a33d4908ee77d_20f6-a82cd949493bada0_ffe5-b2815444299854b0_d30e-5026400c43e20c2d_d3fc-85ec788c6b00fb0d_49ba-0-seq_right_before_questions
[Checkpoint] skip completed sample e336199e4aca573c_4d32-85ec788c6b00fb0d_14d1-ad2e4eb0b24a5940_9c9d-50bc3abf986ccabb_7071-915fdf90f4bc33cd_6c72-1fd74046ded8f9d1_42a3-cb0e41e1b364ad27_9a72-4b7b1a5b7f3d19ae_1413-cce21676357b2d20_b27c-01c1b8aa1820aa0b_adaf-b8f22271faff678f_dce6-4fc54b735d3f45a6_b7b4-e8f7cd03e3683657_4d70-84d6411d0710d918_5b3c-04ae108b77699c0f_2453-b53c115c99ca34dd_5e2b-b63078c7b3e28f59_355d-c6f7828bc5640531_1604-c7cc40993ef8468b_3e7b-0b161c6f709cde89_4c30-fef7c3fc3990d2e8_518b-e85d1457c7af9ad4_4960-9e23434a16a146b5_7f9a-41b067f2ce6f3fef_8ee6-9539c0004762d6a8_fe91-a2b0269334c60e48_2cb5-464fb2558d308797_4110-d8034826803791df_10bf-88f8ad0d2d356270_bb95-491169530040eb68_c8b0-e035a44ebae9d3fd_c842-c02445dd7a5b6f26_86bd-8150a936da2df63d_2451-3ebbcf3c3aed7c9e_5813-1e8fb21f2b41b0b0_db8b-a451af83aeece675_117b-140e54aadad74d20_222f-e455dbf27ecaf413_8484-c6c5c151b7b8e770_38db-18f6da623ba658a2_aa07-612f99763b6978b6_0c1a-09d537bcc73a42fc_52e8-5ab41ea72487ce0f_e5be-0d1a67f82b3b5854_d74d-0d600126a7947365_cac4-2b5a33d4908ee77d_20f6-a82cd949493bada0_ffe5-b2815444299854b0_d30e-5026400c43e20c2d_d3fc-85ec788c6b00fb0d_49ba-0-seq_simple_object_yes_no
[Checkpoint] skip completed sample e336199e4aca573c_4d32-85ec788c6b00fb0d_14d1-ad2e4eb0b24a5940_9c9d-50bc3abf986ccabb_7071-915fdf90f4bc33cd_6c72-1fd74046ded8f9d1_42a3-cb0e41e1b364ad27_9a72-4b7b1a5b7f3d19ae_1413-cce21676357b2d20_b27c-01c1b8aa1820aa0b_adaf-b8f22271faff678f_dce6-4fc54b735d3f45a6_b7b4-e8f7cd03e3683657_4d70-84d6411d0710d918_5b3c-04ae108b77699c0f_2453-b53c115c99ca34dd_5e2b-b63078c7b3e28f59_355d-c6f7828bc5640531_1604-c7cc40993ef8468b_3e7b-0b161c6f709cde89_4c30-fef7c3fc3990d2e8_518b-e85d1457c7af9ad4_4960-9e23434a16a146b5_7f9a-41b067f2ce6f3fef_8ee6-9539c0004762d6a8_fe91-a2b0269334c60e48_2cb5-464fb2558d308797_4110-d8034826803791df_10bf-88f8ad0d2d356270_bb95-491169530040eb68_c8b0-e035a44ebae9d3fd_c842-c02445dd7a5b6f26_86bd-8150a936da2df63d_2451-3ebbcf3c3aed7c9e_5813-1e8fb21f2b41b0b0_db8b-a451af83aeece675_117b-140e54aadad74d20_222f-e455dbf27ecaf413_8484-c6c5c151b7b8e770_38db-18f6da623ba658a2_aa07-612f99763b6978b6_0c1a-09d537bcc73a42fc_52e8-5ab41ea72487ce0f_e5be-0d1a67f82b3b5854_d74d-0d600126a7947365_cac4-2b5a33d4908ee77d_20f6-a82cd949493bada0_ffe5-b2815444299854b0_d30e-5026400c43e20c2d_d3fc-85ec788c6b00fb0d_49ba-0-seq_low_actions_to_episode_task_descs
[Checkpoint] skip completed sample e336199e4aca573c_4d32-85ec788c6b00fb0d_14d1-ad2e4eb0b24a5940_9c9d-50bc3abf986ccabb_7071-915fdf90f4bc33cd_6c72-1fd74046ded8f9d1_42a3-cb0e41e1b364ad27_9a72-4b7b1a5b7f3d19ae_1413-cce21676357b2d20_b27c-01c1b8aa1820aa0b_adaf-b8f22271faff678f_dce6-4fc54b735d3f45a6_b7b4-e8f7cd03e3683657_4d70-84d6411d0710d918_5b3c-04ae108b77699c0f_2453-b53c115c99ca34dd_5e2b-b63078c7b3e28f59_355d-c6f7828bc5640531_1604-c7cc40993ef8468b_3e7b-0b161c6f709cde89_4c30-fef7c3fc3990d2e8_518b-e85d1457c7af9ad4_4960-9e23434a16a146b5_7f9a-41b067f2ce6f3fef_8ee6-9539c0004762d6a8_fe91-a2b0269334c60e48_2cb5-464fb2558d308797_4110-d8034826803791df_10bf-88f8ad0d2d356270_bb95-491169530040eb68_c8b0-e035a44ebae9d3fd_c842-c02445dd7a5b6f26_86bd-8150a936da2df63d_2451-3ebbcf3c3aed7c9e_5813-1e8fb21f2b41b0b0_db8b-a451af83aeece675_117b-140e54aadad74d20_222f-e455dbf27ecaf413_8484-c6c5c151b7b8e770_38db-18f6da623ba658a2_aa07-612f99763b6978b6_0c1a-09d537bcc73a42fc_52e8-5ab41ea72487ce0f_e5be-0d1a67f82b3b5854_d74d-0d600126a7947365_cac4-2b5a33d4908ee77d_20f6-a82cd949493bada0_ffe5-b2815444299854b0_d30e-5026400c43e20c2d_d3fc-85ec788c6b00fb0d_49ba-0-exact_time_to_episode
[Checkpoint] skip completed sample e336199e4aca573c_4d32-85ec788c6b00fb0d_14d1-ad2e4eb0b24a5940_9c9d-50bc3abf986ccabb_7071-915fdf90f4bc33cd_6c72-1fd74046ded8f9d1_42a3-cb0e41e1b364ad27_9a72-4b7b1a5b7f3d19ae_1413-cce21676357b2d20_b27c-01c1b8aa1820aa0b_adaf-b8f22271faff678f_dce6-4fc54b735d3f45a6_b7b4-e8f7cd03e3683657_4d70-84d6411d0710d918_5b3c-04ae108b77699c0f_2453-b53c115c99ca34dd_5e2b-b63078c7b3e28f59_355d-c6f7828bc5640531_1604-c7cc40993ef8468b_3e7b-0b161c6f709cde89_4c30-fef7c3fc3990d2e8_518b-e85d1457c7af9ad4_4960-9e23434a16a146b5_7f9a-41b067f2ce6f3fef_8ee6-9539c0004762d6a8_fe91-a2b0269334c60e48_2cb5-464fb2558d308797_4110-d8034826803791df_10bf-88f8ad0d2d356270_bb95-491169530040eb68_c8b0-e035a44ebae9d3fd_c842-c02445dd7a5b6f26_86bd-8150a936da2df63d_2451-3ebbcf3c3aed7c9e_5813-1e8fb21f2b41b0b0_db8b-a451af83aeece675_117b-140e54aadad74d20_222f-e455dbf27ecaf413_8484-c6c5c151b7b8e770_38db-18f6da623ba658a2_aa07-612f99763b6978b6_0c1a-09d537bcc73a42fc_52e8-5ab41ea72487ce0f_e5be-0d1a67f82b3b5854_d74d-0d600126a7947365_cac4-2b5a33d4908ee77d_20f6-a82cd949493bada0_ffe5-b2815444299854b0_d30e-5026400c43e20c2d_d3fc-85ec788c6b00fb0d_49ba-0-tasks_to_exact_times
[Checkpoint] skip completed sample e336199e4aca573c_4d32-85ec788c6b00fb0d_14d1-ad2e4eb0b24a5940_9c9d-50bc3abf986ccabb_7071-915fdf90f4bc33cd_6c72-1fd74046ded8f9d1_42a3-cb0e41e1b364ad27_9a72-4b7b1a5b7f3d19ae_1413-cce21676357b2d20_b27c-01c1b8aa1820aa0b_adaf-b8f22271faff678f_dce6-4fc54b735d3f45a6_b7b4-e8f7cd03e3683657_4d70-84d6411d0710d918_5b3c-04ae108b77699c0f_2453-b53c115c99ca34dd_5e2b-b63078c7b3e28f59_355d-c6f7828bc5640531_1604-c7cc40993ef8468b_3e7b-0b161c6f709cde89_4c30-fef7c3fc3990d2e8_518b-e85d1457c7af9ad4_4960-9e23434a16a146b5_7f9a-41b067f2ce6f3fef_8ee6-9539c0004762d6a8_fe91-a2b0269334c60e48_2cb5-464fb2558d308797_4110-d8034826803791df_10bf-88f8ad0d2d356270_bb95-491169530040eb68_c8b0-e035a44ebae9d3fd_c842-c02445dd7a5b6f26_86bd-8150a936da2df63d_2451-3ebbcf3c3aed7c9e_5813-1e8fb21f2b41b0b0_db8b-a451af83aeece675_117b-140e54aadad74d20_222f-e455dbf27ecaf413_8484-c6c5c151b7b8e770_38db-18f6da623ba658a2_aa07-612f99763b6978b6_0c1a-09d537bcc73a42fc_52e8-5ab41ea72487ce0f_e5be-0d1a67f82b3b5854_d74d-0d600126a7947365_cac4-2b5a33d4908ee77d_20f6-a82cd949493bada0_ffe5-b2815444299854b0_d30e-5026400c43e20c2d_d3fc-85ec788c6b00fb0d_49ba-0-tasks_to_days_ago
[Checkpoint] skip completed sample e336199e4aca573c_4d32-85ec788c6b00fb0d_14d1-ad2e4eb0b24a5940_9c9d-50bc3abf986ccabb_7071-915fdf90f4bc33cd_6c72-1fd74046ded8f9d1_42a3-cb0e41e1b364ad27_9a72-4b7b1a5b7f3d19ae_1413-cce21676357b2d20_b27c-01c1b8aa1820aa0b_adaf-b8f22271faff678f_dce6-4fc54b735d3f45a6_b7b4-e8f7cd03e3683657_4d70-84d6411d0710d918_5b3c-04ae108b77699c0f_2453-b53c115c99ca34dd_5e2b-b63078c7b3e28f59_355d-c6f7828bc5640531_1604-c7cc40993ef8468b_3e7b-0b161c6f709cde89_4c30-fef7c3fc3990d2e8_518b-e85d1457c7af9ad4_4960-9e23434a16a146b5_7f9a-41b067f2ce6f3fef_8ee6-9539c0004762d6a8_fe91-a2b0269334c60e48_2cb5-464fb2558d308797_4110-d8034826803791df_10bf-88f8ad0d2d356270_bb95-491169530040eb68_c8b0-e035a44ebae9d3fd_c842-c02445dd7a5b6f26_86bd-8150a936da2df63d_2451-3ebbcf3c3aed7c9e_5813-1e8fb21f2b41b0b0_db8b-a451af83aeece675_117b-140e54aadad74d20_222f-e455dbf27ecaf413_8484-c6c5c151b7b8e770_38db-18f6da623ba658a2_aa07-612f99763b6978b6_0c1a-09d537bcc73a42fc_52e8-5ab41ea72487ce0f_e5be-0d1a67f82b3b5854_d74d-0d600126a7947365_cac4-2b5a33d4908ee77d_20f6-a82cd949493bada0_ffe5-b2815444299854b0_d30e-5026400c43e20c2d_d3fc-85ec788c6b00fb0d_49ba-0-days_ago_to_episode
[Checkpoint] skip completed sample ed9479c5dd8f204d_0102-488f96fab858496c_d6e2-a01d8c5e515fa9c4_c871-345624f0e74dc947_8525-dbb41344c474217f_2e3e-57862376ad3394a1_464f-977b52faf01e6c05_2895-15fa5e0caaf6a06f_81e4-eccc0afc91fb9b74_d5ba-c4c12513ffbf7d33_9e16-fef7c3fc3990d2e8_fb19-7affadfe549cbeb4_1df8-92904ea754a401e6_2b2c-064a69cb5d40b41f_f773-bbe083aa96535a1d_a996-7d0db28e7d18c776_c97a-0d1a67f82b3b5854_d74d-c1eba1e4b831e04b_aab3-5ab41ea72487ce0f_e5be-a44d13c7da084070_fe04-bd7327d5d2853453_fad6-c02445dd7a5b6f26_fffd-53472cf3cabeb021_46b6-1fa4f0593088b6f2_89ee-1023a6f334db1f63_f0f2-bd7327d5d2853453_5b4f-cdf30defa61245ba_5590-88f8ad0d2d356270_bb95-864a2333f20b0957_be88-75a59f83a279bd78_fb03-c2787b38615034c6_6175-1a8b00c643110183_ebc6-1e8fb21f2b41b0b0_db8b-fe6b3de8c88b8573_9f76-8057d5b1cab47555_9345-04ae108b77699c0f_2453-dd2efe33087ddc60_cb3a-23acf721b22a6456_1716-1801730beafdda15_f501-a1694dc92f54473f_0b07-b8729e0c4c857a8e_24b5-4c98e155c32cdc6f_7acc-f7ca0c5c4964bcdc_c0cf-e82f290cb4ab70bd_86a3-b2fde7ee4eb1c40f_1f95-c7cc40993ef8468b_3e7b-41b067f2ce6f3fef_8ee6-f25eed33d1c37931_1a7f-0de4b62afcd06138_45f2-36651928a974c895_caa2-0-sequence_of_task_descs
[Checkpoint] skip completed sample ed9479c5dd8f204d_0102-488f96fab858496c_d6e2-a01d8c5e515fa9c4_c871-345624f0e74dc947_8525-dbb41344c474217f_2e3e-57862376ad3394a1_464f-977b52faf01e6c05_2895-15fa5e0caaf6a06f_81e4-eccc0afc91fb9b74_d5ba-c4c12513ffbf7d33_9e16-fef7c3fc3990d2e8_fb19-7affadfe549cbeb4_1df8-92904ea754a401e6_2b2c-064a69cb5d40b41f_f773-bbe083aa96535a1d_a996-7d0db28e7d18c776_c97a-0d1a67f82b3b5854_d74d-c1eba1e4b831e04b_aab3-5ab41ea72487ce0f_e5be-a44d13c7da084070_fe04-bd7327d5d2853453_fad6-c02445dd7a5b6f26_fffd-53472cf3cabeb021_46b6-1fa4f0593088b6f2_89ee-1023a6f334db1f63_f0f2-bd7327d5d2853453_5b4f-cdf30defa61245ba_5590-88f8ad0d2d356270_bb95-864a2333f20b0957_be88-75a59f83a279bd78_fb03-c2787b38615034c6_6175-1a8b00c643110183_ebc6-1e8fb21f2b41b0b0_db8b-fe6b3de8c88b8573_9f76-8057d5b1cab47555_9345-04ae108b77699c0f_2453-dd2efe33087ddc60_cb3a-23acf721b22a6456_1716-1801730beafdda15_f501-a1694dc92f54473f_0b07-b8729e0c4c857a8e_24b5-4c98e155c32cdc6f_7acc-f7ca0c5c4964bcdc_c0cf-e82f290cb4ab70bd_86a3-b2fde7ee4eb1c40f_1f95-c7cc40993ef8468b_3e7b-41b067f2ce6f3fef_8ee6-f25eed33d1c37931_1a7f-0de4b62afcd06138_45f2-36651928a974c895_caa2-0-seq_specific_shortened_low_actions
[Checkpoint] skip completed sample ed9479c5dd8f204d_0102-488f96fab858496c_d6e2-a01d8c5e515fa9c4_c871-345624f0e74dc947_8525-dbb41344c474217f_2e3e-57862376ad3394a1_464f-977b52faf01e6c05_2895-15fa5e0caaf6a06f_81e4-eccc0afc91fb9b74_d5ba-c4c12513ffbf7d33_9e16-fef7c3fc3990d2e8_fb19-7affadfe549cbeb4_1df8-92904ea754a401e6_2b2c-064a69cb5d40b41f_f773-bbe083aa96535a1d_a996-7d0db28e7d18c776_c97a-0d1a67f82b3b5854_d74d-c1eba1e4b831e04b_aab3-5ab41ea72487ce0f_e5be-a44d13c7da084070_fe04-bd7327d5d2853453_fad6-c02445dd7a5b6f26_fffd-53472cf3cabeb021_46b6-1fa4f0593088b6f2_89ee-1023a6f334db1f63_f0f2-bd7327d5d2853453_5b4f-cdf30defa61245ba_5590-88f8ad0d2d356270_bb95-864a2333f20b0957_be88-75a59f83a279bd78_fb03-c2787b38615034c6_6175-1a8b00c643110183_ebc6-1e8fb21f2b41b0b0_db8b-fe6b3de8c88b8573_9f76-8057d5b1cab47555_9345-04ae108b77699c0f_2453-dd2efe33087ddc60_cb3a-23acf721b22a6456_1716-1801730beafdda15_f501-a1694dc92f54473f_0b07-b8729e0c4c857a8e_24b5-4c98e155c32cdc6f_7acc-f7ca0c5c4964bcdc_c0cf-e82f290cb4ab70bd_86a3-b2fde7ee4eb1c40f_1f95-c7cc40993ef8468b_3e7b-41b067f2ce6f3fef_8ee6-f25eed33d1c37931_1a7f-0de4b62afcd06138_45f2-36651928a974c895_caa2-0-seq_right_after_questions
[Checkpoint] skip completed sample ed9479c5dd8f204d_0102-488f96fab858496c_d6e2-a01d8c5e515fa9c4_c871-345624f0e74dc947_8525-dbb41344c474217f_2e3e-57862376ad3394a1_464f-977b52faf01e6c05_2895-15fa5e0caaf6a06f_81e4-eccc0afc91fb9b74_d5ba-c4c12513ffbf7d33_9e16-fef7c3fc3990d2e8_fb19-7affadfe549cbeb4_1df8-92904ea754a401e6_2b2c-064a69cb5d40b41f_f773-bbe083aa96535a1d_a996-7d0db28e7d18c776_c97a-0d1a67f82b3b5854_d74d-c1eba1e4b831e04b_aab3-5ab41ea72487ce0f_e5be-a44d13c7da084070_fe04-bd7327d5d2853453_fad6-c02445dd7a5b6f26_fffd-53472cf3cabeb021_46b6-1fa4f0593088b6f2_89ee-1023a6f334db1f63_f0f2-bd7327d5d2853453_5b4f-cdf30defa61245ba_5590-88f8ad0d2d356270_bb95-864a2333f20b0957_be88-75a59f83a279bd78_fb03-c2787b38615034c6_6175-1a8b00c643110183_ebc6-1e8fb21f2b41b0b0_db8b-fe6b3de8c88b8573_9f76-8057d5b1cab47555_9345-04ae108b77699c0f_2453-dd2efe33087ddc60_cb3a-23acf721b22a6456_1716-1801730beafdda15_f501-a1694dc92f54473f_0b07-b8729e0c4c857a8e_24b5-4c98e155c32cdc6f_7acc-f7ca0c5c4964bcdc_c0cf-e82f290cb4ab70bd_86a3-b2fde7ee4eb1c40f_1f95-c7cc40993ef8468b_3e7b-41b067f2ce6f3fef_8ee6-f25eed33d1c37931_1a7f-0de4b62afcd06138_45f2-36651928a974c895_caa2-0-seq_right_before_questions
[Checkpoint] skip completed sample ed9479c5dd8f204d_0102-488f96fab858496c_d6e2-a01d8c5e515fa9c4_c871-345624f0e74dc947_8525-dbb41344c474217f_2e3e-57862376ad3394a1_464f-977b52faf01e6c05_2895-15fa5e0caaf6a06f_81e4-eccc0afc91fb9b74_d5ba-c4c12513ffbf7d33_9e16-fef7c3fc3990d2e8_fb19-7affadfe549cbeb4_1df8-92904ea754a401e6_2b2c-064a69cb5d40b41f_f773-bbe083aa96535a1d_a996-7d0db28e7d18c776_c97a-0d1a67f82b3b5854_d74d-c1eba1e4b831e04b_aab3-5ab41ea72487ce0f_e5be-a44d13c7da084070_fe04-bd7327d5d2853453_fad6-c02445dd7a5b6f26_fffd-53472cf3cabeb021_46b6-1fa4f0593088b6f2_89ee-1023a6f334db1f63_f0f2-bd7327d5d2853453_5b4f-cdf30defa61245ba_5590-88f8ad0d2d356270_bb95-864a2333f20b0957_be88-75a59f83a279bd78_fb03-c2787b38615034c6_6175-1a8b00c643110183_ebc6-1e8fb21f2b41b0b0_db8b-fe6b3de8c88b8573_9f76-8057d5b1cab47555_9345-04ae108b77699c0f_2453-dd2efe33087ddc60_cb3a-23acf721b22a6456_1716-1801730beafdda15_f501-a1694dc92f54473f_0b07-b8729e0c4c857a8e_24b5-4c98e155c32cdc6f_7acc-f7ca0c5c4964bcdc_c0cf-e82f290cb4ab70bd_86a3-b2fde7ee4eb1c40f_1f95-c7cc40993ef8468b_3e7b-41b067f2ce6f3fef_8ee6-f25eed33d1c37931_1a7f-0de4b62afcd06138_45f2-36651928a974c895_caa2-0-seq_simple_object_yes_no
[Checkpoint] skip completed sample ed9479c5dd8f204d_0102-488f96fab858496c_d6e2-a01d8c5e515fa9c4_c871-345624f0e74dc947_8525-dbb41344c474217f_2e3e-57862376ad3394a1_464f-977b52faf01e6c05_2895-15fa5e0caaf6a06f_81e4-eccc0afc91fb9b74_d5ba-c4c12513ffbf7d33_9e16-fef7c3fc3990d2e8_fb19-7affadfe549cbeb4_1df8-92904ea754a401e6_2b2c-064a69cb5d40b41f_f773-bbe083aa96535a1d_a996-7d0db28e7d18c776_c97a-0d1a67f82b3b5854_d74d-c1eba1e4b831e04b_aab3-5ab41ea72487ce0f_e5be-a44d13c7da084070_fe04-bd7327d5d2853453_fad6-c02445dd7a5b6f26_fffd-53472cf3cabeb021_46b6-1fa4f0593088b6f2_89ee-1023a6f334db1f63_f0f2-bd7327d5d2853453_5b4f-cdf30defa61245ba_5590-88f8ad0d2d356270_bb95-864a2333f20b0957_be88-75a59f83a279bd78_fb03-c2787b38615034c6_6175-1a8b00c643110183_ebc6-1e8fb21f2b41b0b0_db8b-fe6b3de8c88b8573_9f76-8057d5b1cab47555_9345-04ae108b77699c0f_2453-dd2efe33087ddc60_cb3a-23acf721b22a6456_1716-1801730beafdda15_f501-a1694dc92f54473f_0b07-b8729e0c4c857a8e_24b5-4c98e155c32cdc6f_7acc-f7ca0c5c4964bcdc_c0cf-e82f290cb4ab70bd_86a3-b2fde7ee4eb1c40f_1f95-c7cc40993ef8468b_3e7b-41b067f2ce6f3fef_8ee6-f25eed33d1c37931_1a7f-0de4b62afcd06138_45f2-36651928a974c895_caa2-0-seq_low_actions_to_episode_task_descs
[Checkpoint] skip completed sample ed9479c5dd8f204d_0102-488f96fab858496c_d6e2-a01d8c5e515fa9c4_c871-345624f0e74dc947_8525-dbb41344c474217f_2e3e-57862376ad3394a1_464f-977b52faf01e6c05_2895-15fa5e0caaf6a06f_81e4-eccc0afc91fb9b74_d5ba-c4c12513ffbf7d33_9e16-fef7c3fc3990d2e8_fb19-7affadfe549cbeb4_1df8-92904ea754a401e6_2b2c-064a69cb5d40b41f_f773-bbe083aa96535a1d_a996-7d0db28e7d18c776_c97a-0d1a67f82b3b5854_d74d-c1eba1e4b831e04b_aab3-5ab41ea72487ce0f_e5be-a44d13c7da084070_fe04-bd7327d5d2853453_fad6-c02445dd7a5b6f26_fffd-53472cf3cabeb021_46b6-1fa4f0593088b6f2_89ee-1023a6f334db1f63_f0f2-bd7327d5d2853453_5b4f-cdf30defa61245ba_5590-88f8ad0d2d356270_bb95-864a2333f20b0957_be88-75a59f83a279bd78_fb03-c2787b38615034c6_6175-1a8b00c643110183_ebc6-1e8fb21f2b41b0b0_db8b-fe6b3de8c88b8573_9f76-8057d5b1cab47555_9345-04ae108b77699c0f_2453-dd2efe33087ddc60_cb3a-23acf721b22a6456_1716-1801730beafdda15_f501-a1694dc92f54473f_0b07-b8729e0c4c857a8e_24b5-4c98e155c32cdc6f_7acc-f7ca0c5c4964bcdc_c0cf-e82f290cb4ab70bd_86a3-b2fde7ee4eb1c40f_1f95-c7cc40993ef8468b_3e7b-41b067f2ce6f3fef_8ee6-f25eed33d1c37931_1a7f-0de4b62afcd06138_45f2-36651928a974c895_caa2-0-exact_time_to_episode
Warning: You are sending unauthenticated requests to the HF Hub. Please set a HF_TOKEN to enable higher rate limits and faster downloads.
[Checkpoint] skip completed sample ed9479c5dd8f204d_0102-488f96fab858496c_d6e2-a01d8c5e515fa9c4_c871-345624f0e74dc947_8525-dbb41344c474217f_2e3e-57862376ad3394a1_464f-977b52faf01e6c05_2895-15fa5e0caaf6a06f_81e4-eccc0afc91fb9b74_d5ba-c4c12513ffbf7d33_9e16-fef7c3fc3990d2e8_fb19-7affadfe549cbeb4_1df8-92904ea754a401e6_2b2c-064a69cb5d40b41f_f773-bbe083aa96535a1d_a996-7d0db28e7d18c776_c97a-0d1a67f82b3b5854_d74d-c1eba1e4b831e04b_aab3-5ab41ea72487ce0f_e5be-a44d13c7da084070_fe04-bd7327d5d2853453_fad6-c02445dd7a5b6f26_fffd-53472cf3cabeb021_46b6-1fa4f0593088b6f2_89ee-1023a6f334db1f63_f0f2-bd7327d5d2853453_5b4f-cdf30defa61245ba_5590-88f8ad0d2d356270_bb95-864a2333f20b0957_be88-75a59f83a279bd78_fb03-c2787b38615034c6_6175-1a8b00c643110183_ebc6-1e8fb21f2b41b0b0_db8b-fe6b3de8c88b8573_9f76-8057d5b1cab47555_9345-04ae108b77699c0f_2453-dd2efe33087ddc60_cb3a-23acf721b22a6456_1716-1801730beafdda15_f501-a1694dc92f54473f_0b07-b8729e0c4c857a8e_24b5-4c98e155c32cdc6f_7acc-f7ca0c5c4964bcdc_c0cf-e82f290cb4ab70bd_86a3-b2fde7ee4eb1c40f_1f95-c7cc40993ef8468b_3e7b-41b067f2ce6f3fef_8ee6-f25eed33d1c37931_1a7f-0de4b62afcd06138_45f2-36651928a974c895_caa2-0-tasks_to_exact_times
[Checkpoint] skip completed sample ed9479c5dd8f204d_0102-488f96fab858496c_d6e2-a01d8c5e515fa9c4_c871-345624f0e74dc947_8525-dbb41344c474217f_2e3e-57862376ad3394a1_464f-977b52faf01e6c05_2895-15fa5e0caaf6a06f_81e4-eccc0afc91fb9b74_d5ba-c4c12513ffbf7d33_9e16-fef7c3fc3990d2e8_fb19-7affadfe549cbeb4_1df8-92904ea754a401e6_2b2c-064a69cb5d40b41f_f773-bbe083aa96535a1d_a996-7d0db28e7d18c776_c97a-0d1a67f82b3b5854_d74d-c1eba1e4b831e04b_aab3-5ab41ea72487ce0f_e5be-a44d13c7da084070_fe04-bd7327d5d2853453_fad6-c02445dd7a5b6f26_fffd-53472cf3cabeb021_46b6-1fa4f0593088b6f2_89ee-1023a6f334db1f63_f0f2-bd7327d5d2853453_5b4f-cdf30defa61245ba_5590-88f8ad0d2d356270_bb95-864a2333f20b0957_be88-75a59f83a279bd78_fb03-c2787b38615034c6_6175-1a8b00c643110183_ebc6-1e8fb21f2b41b0b0_db8b-fe6b3de8c88b8573_9f76-8057d5b1cab47555_9345-04ae108b77699c0f_2453-dd2efe33087ddc60_cb3a-23acf721b22a6456_1716-1801730beafdda15_f501-a1694dc92f54473f_0b07-b8729e0c4c857a8e_24b5-4c98e155c32cdc6f_7acc-f7ca0c5c4964bcdc_c0cf-e82f290cb4ab70bd_86a3-b2fde7ee4eb1c40f_1f95-c7cc40993ef8468b_3e7b-41b067f2ce6f3fef_8ee6-f25eed33d1c37931_1a7f-0de4b62afcd06138_45f2-36651928a974c895_caa2-0-tasks_to_days_ago
[Checkpoint] retry error sample ed9479c5dd8f204d_0102-488f96fab858496c_d6e2-a01d8c5e515fa9c4_c871-345624f0e74dc947_8525-dbb41344c474217f_2e3e-57862376ad3394a1_464f-977b52faf01e6c05_2895-15fa5e0caaf6a06f_81e4-eccc0afc91fb9b74_d5ba-c4c12513ffbf7d33_9e16-fef7c3fc3990d2e8_fb19-7affadfe549cbeb4_1df8-92904ea754a401e6_2b2c-064a69cb5d40b41f_f773-bbe083aa96535a1d_a996-7d0db28e7d18c776_c97a-0d1a67f82b3b5854_d74d-c1eba1e4b831e04b_aab3-5ab41ea72487ce0f_e5be-a44d13c7da084070_fe04-bd7327d5d2853453_fad6-c02445dd7a5b6f26_fffd-53472cf3cabeb021_46b6-1fa4f0593088b6f2_89ee-1023a6f334db1f63_f0f2-bd7327d5d2853453_5b4f-cdf30defa61245ba_5590-88f8ad0d2d356270_bb95-864a2333f20b0957_be88-75a59f83a279bd78_fb03-c2787b38615034c6_6175-1a8b00c643110183_ebc6-1e8fb21f2b41b0b0_db8b-fe6b3de8c88b8573_9f76-8057d5b1cab47555_9345-04ae108b77699c0f_2453-dd2efe33087ddc60_cb3a-23acf721b22a6456_1716-1801730beafdda15_f501-a1694dc92f54473f_0b07-b8729e0c4c857a8e_24b5-4c98e155c32cdc6f_7acc-f7ca0c5c4964bcdc_c0cf-e82f290cb4ab70bd_86a3-b2fde7ee4eb1c40f_1f95-c7cc40993ef8468b_3e7b-41b067f2ce6f3fef_8ee6-f25eed33d1c37931_1a7f-0de4b62afcd06138_45f2-36651928a974c895_caa2-0-days_ago_to_episode
Evaluating sample ed9479c5dd8f204d_0102-488f96fab858496c_d6e2-a01d8c5e515fa9c4_c871-345624f0e74dc947_8525-dbb41344c474217f_2e3e-57862376ad3394a1_464f-977b52faf01e6c05_2895-15fa5e0caaf6a06f_81e4-eccc0afc91fb9b74_d5ba-c4c12513ffbf7d33_9e16-fef7c3fc3990d2e8_fb19-7affadfe549cbeb4_1df8-92904ea754a401e6_2b2c-064a69cb5d40b41f_f773-bbe083aa96535a1d_a996-7d0db28e7d18c776_c97a-0d1a67f82b3b5854_d74d-c1eba1e4b831e04b_aab3-5ab41ea72487ce0f_e5be-a44d13c7da084070_fe04-bd7327d5d2853453_fad6-c02445dd7a5b6f26_fffd-53472cf3cabeb021_46b6-1fa4f0593088b6f2_89ee-1023a6f334db1f63_f0f2-bd7327d5d2853453_5b4f-cdf30defa61245ba_5590-88f8ad0d2d356270_bb95-864a2333f20b0957_be88-75a59f83a279bd78_fb03-c2787b38615034c6_6175-1a8b00c643110183_ebc6-1e8fb21f2b41b0b0_db8b-fe6b3de8c88b8573_9f76-8057d5b1cab47555_9345-04ae108b77699c0f_2453-dd2efe33087ddc60_cb3a-23acf721b22a6456_1716-1801730beafdda15_f501-a1694dc92f54473f_0b07-b8729e0c4c857a8e_24b5-4c98e155c32cdc6f_7acc-f7ca0c5c4964bcdc_c0cf-e82f290cb4ab70bd_86a3-b2fde7ee4eb1c40f_1f95-c7cc40993ef8468b_3e7b-41b067f2ce6f3fef_8ee6-f25eed33d1c37931_1a7f-0de4b62afcd06138_45f2-36651928a974c895_caa2-0-days_ago_to_episode
Loading weights:   0%|          | 0/199 [00:00<?, ?it/s]Loading weights: 100%|██████████| 199/199 [00:00<00:00, 5511.31it/s]
[1mMPNetModel LOAD REPORT[0m from: sentence-transformers/all-mpnet-base-v2
Key                     | Status     |  | 
------------------------+------------+--+-
embeddings.position_ids | UNEXPECTED |  | 

Notes:
- UNEXPECTED:	can be ignored when loading from different task/architecture; not ok if you expect identical arch.
/home/user22303471/Project/Active-H-EMV/llm_emv/setup.py:226: FutureWarning: The `get_sentence_embedding_dimension` method has been renamed to `get_embedding_dimension`.
  filter_kwargs['_embedding_dim'] = embedding_model.get_sentence_embedding_dimension()
/home/user22303471/Project/Active-H-EMV/llm_emv/setup.py:183: FutureWarning: The `get_sentence_embedding_dimension` method has been renamed to `get_embedding_dimension`.
  result = torch.empty(len(texts), embedding_model.get_sentence_embedding_dimension(),
[配置] 启用 FAISS 加速，索引类型: flat
[GraphAug] 开始构建记忆图...
[MemoryGraph] 收集到 6810 个事件节点
[MemoryGraph] 时间相邻边: 5514
[MemoryGraph] 共享物体边: 13276
[MemoryGraph] 唯一动作数: 424, 相似动作对: 929
[MemoryGraph] 相似动作边: 1848
[MemoryGraph] 图构建完成: {'num_nodes': 6810, 'num_edges': 20638, 'edges_temporal_adjacent': 5514, 'edges_co_object': 13276, 'edges_similar_action': 1848}
[GraphAug] 记忆图构建完成
Got 0 examples


 ============================== 


eval date_lookup('Today is Apr 23, 2023 at 03:22 PM. What did you do 10 days ago?')
Updated/Defined variables after execution: {}

**SystemMessage**:
"""You are a smart humanoid robot answering user question about your past actions.
The history object contains information on what you did in the past, represented as a tree.
Use the method expand to look at details of a node.
Make sure to use collapse_all_but(idx) when you expanded irrelevant nodes, in order to keep the tree compact.
Enter Python expressions into the console to see the value and decide for the next command based on that result.
Answer concisely by calling answer("...") when you gathered enough information to answer the question.
Generate syntactically correct python console statements only, no explanations or other natural language statements.
IMPORTANT: If search() returns "No relevant records found", your next command MUST be answer("I have no record of that."). Do not search synonyms, do not expand further, and do not call vqa.
IMPORTANT: If you get "Nothing changed" twice, answer honestly that you have no record. Do NOT keep searching repeatedly. For just-before/just-after questions, first try one broader target search or inspect another relevant top-level time block before giving up.
For object yes/no questions, first use object_lookup("object name"). If it reports no matching summary, answer "No, I have no record of that." Do not call vqa unless you already have a directly relevant leaf image.
For task-list questions such as "List the tasks you performed", first use task_list(). Prefer its Recommended answer and chronological candidates instead of manually expanding the whole tree. For long histories, do not copy every task candidate verbatim unless the user explicitly asks for an exhaustive transcript.
For low-level action questions such as "what task did you perform when you toggle/open/pick up/place X", first use action_lookup("full low-level action"), for example action_lookup("open the drawer"). Do not call task_lookup first for these low-level action questions.
For task-description questions such as "describe what you did when you X", first use task_lookup("X"). Prefer its matching task candidates instead of manually expanding the whole tree. This does not apply to low-level action questions covered by action_lookup.
For exact date/time questions or "N days ago" questions asking what happened, first use date_lookup(question). Prefer its Recommended answer when it is confident instead of manually expanding by date.
For "How many days ago did you X?" or "When did you X?" questions, first use event_date_lookup(question). If it lists multiple days, include all of them in the final answer instead of only the most recent match.
For just-before or just-after questions, first use temporal_neighbor(target_task, direction="before" or "after") if a candidate is not already shown. Prefer the returned Recommended answer when it is confident. Only then inspect adjacent sibling or temporal nodes. Avoid expanding to raw leaf observations unless the summary is insufficient.
Do not call vqa for time, date, task-list, before/after, or yes/no object-existence questions when textual summaries already answer the question. Use vqa only for explicit visual appearance questions such as color, visible state, or what something looks like.
Never output bare parameters such as reasoning="..." answer="...". Always call answer("..."). You may call answer(reasoning="...", answer="...") only when a short reason is necessary.
Keep answer() short: answer under 60 words, and do not use markdown or backticks inside answer()."""

**HumanMessage**:
"""
def action_lookup(query: str, max_matches: int = 6) -> str # For low-level action questions, map raw leaf actions back to task-sized summaries
def answer(reasoning: str = None, answer: str = Ellipsis)
def ask(question: str)
def date_lookup(query: str, max_matches: int = 8) -> str # For exact date/time or N-days-ago questions, list matching history summaries directly
def event_date_lookup(query: str, max_matches: int = 12) -> str # For "how many days ago did you X" questions, find all matching event dates directly
def now() -> datetime.datetime
def object_lookup(object_name: str, max_matches: int = 8) -> str # For object yes/no questions, check whether task summaries mention the object
def task_list(max_tasks: int = 30) -> str # For task-list questions, list task-sized history summaries in chronological order
def task_lookup(query: str, max_matches: int = 8) -> str # For task-description questions, list task-sized summaries matching a query
def temporal_neighbor(target_task: str, direction: str = 'before', max_candidates: int = 6) -> str # For just-before/just-after questions, find the target task and return adjacent task candidates
def vqa(question: str, *images: PIL.Image.Image)
"""

**HumanMessage**:
"""Usage examples:
>>> history.expand()  # Shows the history tree with all child nodes expanded
>>> history.expand(date(2021, 12, 20))  # Expand the children that overlap with the given day
>>> history.expand(now() - timedelta(hours=6), now() - timedelta(hours=4))  # Expand all children that overlap with the given range (in this example "about 5 hours ago")
>>> history.expand((now() - timedelta(days=2)).date())  # Expand all children that overlap with the day before yesterday
>>> history.expand(0)  # Shows child node 0
>>> history[0].expand()  # Expands all child nodes of node 0 (node 0 must be expanded already to see them)
>>> history[5][2].expand()  # Shows child node 2 of child node 5 with all its child nodes expanded
>>> history.search("green cup") # Semantic index search. Expands the most relevant children according to similarity of the natural language query and the node's (recursively defined) index content.
>>> history[1][42].search("bicycle") # Semantic index search on some node further down the tree. Expands the children of node 1.42 most relevant to the search term
>>> history[3].collapse_all_but(1); history[3][1].expand()  # Zooms into details of child node 3.1 while collapsing all other childs of node 3
>>> vqa("What color is the ... in this image?",
...     history[2][4][-1][0].image)  # Invoke a model to answer a visual question about image(s) of some leaf (!) node(s)

# After gathering the relevant information, answer the question:
# Use a short final answer. Optionally provide a brief reasoning only when needed.
>>> answer("...")"""

**HumanMessage**:
"""User question: Today is Apr 23, 2023 at 03:22 PM. What did you do 10 days ago?"""

**AIMessage**:
"""date_lookup('Today is Apr 23, 2023 at 03:22 PM. What did you do 10 days ago?')"""

**HumanMessage**:
/home/user22303471/Project/Active-H-EMV/llm_emv/setup.py:226: FutureWarning: The `get_sentence_embedding_dimension` method has been renamed to `get_embedding_dimension`.
  filter_kwargs['_embedding_dim'] = embedding_model.get_sentence_embedding_dimension()
/home/user22303471/Project/Active-H-EMV/llm_emv/setup.py:183: FutureWarning: The `get_sentence_embedding_dimension` method has been renamed to `get_embedding_dimension`.
  result = torch.empty(len(texts), embedding_model.get_sentence_embedding_dimension(),
""""Date lookup for query='Today is Apr 23, 2023 at 03:22 PM. What did you do 10 days ago?': resolved=2023/04/13.\n1. score=0.95; 2023/04/13 13:41 - 19:42: I prepared coffee and toast for two, then served a tomato slice in a clean bowl.\n2. score=0.78; 2023/04/13 13:41 - 13:48: I prepared two mugs of coffee and two slices of toast, organized the toast onto plates as instructed, and reported the completion of the food and beverage preparation.\n3. score=0.78; 2023/04/13 19:37 - 19:42: After the user requested a slice of tomato in a clean bowl, I cleared the sink, located a bowl and a knife, sliced the tomato, and placed a slice into the bowl to complete the task.\n4. score=0.70; 2023/04/13 13:41 - 13:44: I prepared two mugs of coffee. This involved rinsing a dirty mug, retrieving another mug from the microwave, and operating the coffee machine for both.\n5. score=0.70; 2023/04/13 13:46:23 - 13:48:21: I organized the toast onto different plates according to instructions, moving slices between plates retrieved from the fridge and the countertop, before finally setting a mug on the countertop and reporting task completi...\n6. score=0.70; 2023/04/13 13:44:48 - 13:46:20: I proceeded to make toast by retrieving bread, slicing it, and toasting two slices, which I initially placed on a plate.\n7. score=0.70; 2023/04/13 19:37:46 - 19:38:53: The user requested a slice of tomato in a clean bowl. I cleared several items from the sink (a cup, a tomato, and a butter knife) and placed them on the countertop.\n8. score=0.70; 2023/04/13 19:38:58 - 19:39:58: I searched for a bowl, eventually finding one on a shelving unit, and placed it on the countertop.\nRecommended answer: I prepared coffee and toast for two, then served a tomato slice in a clean bowl. I prepared two mugs of coffee and two slices of toast, organized the toast onto plates as instructed, and reported the completion of the food and beverage preparation. After the user requested a slice of tomato in a clean bowl, I cleared the sink, located a bowl and a knife, sliced the tomato, and placed a slice into the bowl to complete the task. I prepared two mugs of coffee. This involved rinsing a dirty mug, retrieving another mug from the microwave, and operating the coffee machine for both.""""

**HumanMessage**:
"""Current state:
2023/03/29 - 2023/04/23: "Between March 29th and April 23rd, I performed consistent household maintenance and daily routines, including preparing various meals like coffee and sandwiches, watering plants, cleaning kitchenware, and tidying up the living room and sofa areas."  
  ..."""
{}
command: answer("On April 13, 2023, I prepared coffee and toast for two, and later I served a slice of tomato in a clean bowl.")
expected output: 


 ============================== 


eval answer("On April 13, 2023, I prepared coffee and toast for two, and later I served a slice of tomato in a clean bowl.")
Answering On April 13, 2023, I prepared coffee and toast for two, and later I served a slice of tomato in a clean bowl.  with reason: None
Tokens Used: 3015
	Prompt Tokens: 2355
	Completion Tokens: 660
Successful Requests: 1
Total Cost (USD): $0.0
[Checkpoint] skip completed sample 464fb2558d308797_4110-5f3063384d77aa71_0ac8-bfa7505b440eadde_750f-249afd96389c8ae6_c966-dcc90b08c376f4dc_74ab-ebd80a433c115116_b3d7-555c981b1ecc6c8a_7c01-32e631d248583662_5835-c02445dd7a5b6f26_be05-93af984d7981fdaa_6fc9-a690a35743c855aa_4c00-b87bd55d7820c86e_8d92-345624f0e74dc947_8525-49c94e2372ffae4f_3917-2b5a33d4908ee77d_20f6-7c76f284a689ed0a_dee3-22fa2e73c63bc50f_c1a7-6ccc8b815fbc093a_5cca-32813f06255beef5_0bd5-18f6da623ba658a2_aa07-e32e722334301fa7_892d-aae955889a0ba5fa_d123-35025f516f41aba5_ba52-4b813e7c9bc088d0_8155-61e8f5910474b00b_53e6-aa310077d368fbbc_0a82-c2ffd6a81bfe2613_f91c-41b067f2ce6f3fef_8ee6-fef7c3fc3990d2e8_e2e9-fb7d765ba6874372_db67-59d897f4009147d8_1d27-a451af83aeece675_117b-e455dbf27ecaf413_8484-dd2efe33087ddc60_cb3a-48f25d2481974dee_e871-9d1c053084e66e7b_dc9f-c4c12513ffbf7d33_9e16-a76099fbab67c9da_4d48-15fa5e0caaf6a06f_46f8-fc0fe94a4c8e3a29_9052-d62a957ecbfa6792_8217-0ae40b26ad1ead81_6240-c02445dd7a5b6f26_86bd-f82346f1b273c70a_aaf6-53472cf3cabeb021_b7f8-6e26385c641764c7_fe5a-e035a44ebae9d3fd_c842-7d0db28e7d18c776_c97a-dbb41344c474217f_2e3e-8f7791c488b51c98_fa79-0-sequence_of_task_descs
[Checkpoint] skip completed sample 464fb2558d308797_4110-5f3063384d77aa71_0ac8-bfa7505b440eadde_750f-249afd96389c8ae6_c966-dcc90b08c376f4dc_74ab-ebd80a433c115116_b3d7-555c981b1ecc6c8a_7c01-32e631d248583662_5835-c02445dd7a5b6f26_be05-93af984d7981fdaa_6fc9-a690a35743c855aa_4c00-b87bd55d7820c86e_8d92-345624f0e74dc947_8525-49c94e2372ffae4f_3917-2b5a33d4908ee77d_20f6-7c76f284a689ed0a_dee3-22fa2e73c63bc50f_c1a7-6ccc8b815fbc093a_5cca-32813f06255beef5_0bd5-18f6da623ba658a2_aa07-e32e722334301fa7_892d-aae955889a0ba5fa_d123-35025f516f41aba5_ba52-4b813e7c9bc088d0_8155-61e8f5910474b00b_53e6-aa310077d368fbbc_0a82-c2ffd6a81bfe2613_f91c-41b067f2ce6f3fef_8ee6-fef7c3fc3990d2e8_e2e9-fb7d765ba6874372_db67-59d897f4009147d8_1d27-a451af83aeece675_117b-e455dbf27ecaf413_8484-dd2efe33087ddc60_cb3a-48f25d2481974dee_e871-9d1c053084e66e7b_dc9f-c4c12513ffbf7d33_9e16-a76099fbab67c9da_4d48-15fa5e0caaf6a06f_46f8-fc0fe94a4c8e3a29_9052-d62a957ecbfa6792_8217-0ae40b26ad1ead81_6240-c02445dd7a5b6f26_86bd-f82346f1b273c70a_aaf6-53472cf3cabeb021_b7f8-6e26385c641764c7_fe5a-e035a44ebae9d3fd_c842-7d0db28e7d18c776_c97a-dbb41344c474217f_2e3e-8f7791c488b51c98_fa79-0-seq_specific_shortened_low_actions
[Checkpoint] skip completed sample 464fb2558d308797_4110-5f3063384d77aa71_0ac8-bfa7505b440eadde_750f-249afd96389c8ae6_c966-dcc90b08c376f4dc_74ab-ebd80a433c115116_b3d7-555c981b1ecc6c8a_7c01-32e631d248583662_5835-c02445dd7a5b6f26_be05-93af984d7981fdaa_6fc9-a690a35743c855aa_4c00-b87bd55d7820c86e_8d92-345624f0e74dc947_8525-49c94e2372ffae4f_3917-2b5a33d4908ee77d_20f6-7c76f284a689ed0a_dee3-22fa2e73c63bc50f_c1a7-6ccc8b815fbc093a_5cca-32813f06255beef5_0bd5-18f6da623ba658a2_aa07-e32e722334301fa7_892d-aae955889a0ba5fa_d123-35025f516f41aba5_ba52-4b813e7c9bc088d0_8155-61e8f5910474b00b_53e6-aa310077d368fbbc_0a82-c2ffd6a81bfe2613_f91c-41b067f2ce6f3fef_8ee6-fef7c3fc3990d2e8_e2e9-fb7d765ba6874372_db67-59d897f4009147d8_1d27-a451af83aeece675_117b-e455dbf27ecaf413_8484-dd2efe33087ddc60_cb3a-48f25d2481974dee_e871-9d1c053084e66e7b_dc9f-c4c12513ffbf7d33_9e16-a76099fbab67c9da_4d48-15fa5e0caaf6a06f_46f8-fc0fe94a4c8e3a29_9052-d62a957ecbfa6792_8217-0ae40b26ad1ead81_6240-c02445dd7a5b6f26_86bd-f82346f1b273c70a_aaf6-53472cf3cabeb021_b7f8-6e26385c641764c7_fe5a-e035a44ebae9d3fd_c842-7d0db28e7d18c776_c97a-dbb41344c474217f_2e3e-8f7791c488b51c98_fa79-0-seq_right_after_questions
Evaluating sample 464fb2558d308797_4110-5f3063384d77aa71_0ac8-bfa7505b440eadde_750f-249afd96389c8ae6_c966-dcc90b08c376f4dc_74ab-ebd80a433c115116_b3d7-555c981b1ecc6c8a_7c01-32e631d248583662_5835-c02445dd7a5b6f26_be05-93af984d7981fdaa_6fc9-a690a35743c855aa_4c00-b87bd55d7820c86e_8d92-345624f0e74dc947_8525-49c94e2372ffae4f_3917-2b5a33d4908ee77d_20f6-7c76f284a689ed0a_dee3-22fa2e73c63bc50f_c1a7-6ccc8b815fbc093a_5cca-32813f06255beef5_0bd5-18f6da623ba658a2_aa07-e32e722334301fa7_892d-aae955889a0ba5fa_d123-35025f516f41aba5_ba52-4b813e7c9bc088d0_8155-61e8f5910474b00b_53e6-aa310077d368fbbc_0a82-c2ffd6a81bfe2613_f91c-41b067f2ce6f3fef_8ee6-fef7c3fc3990d2e8_e2e9-fb7d765ba6874372_db67-59d897f4009147d8_1d27-a451af83aeece675_117b-e455dbf27ecaf413_8484-dd2efe33087ddc60_cb3a-48f25d2481974dee_e871-9d1c053084e66e7b_dc9f-c4c12513ffbf7d33_9e16-a76099fbab67c9da_4d48-15fa5e0caaf6a06f_46f8-fc0fe94a4c8e3a29_9052-d62a957ecbfa6792_8217-0ae40b26ad1ead81_6240-c02445dd7a5b6f26_86bd-f82346f1b273c70a_aaf6-53472cf3cabeb021_b7f8-6e26385c641764c7_fe5a-e035a44ebae9d3fd_c842-7d0db28e7d18c776_c97a-dbb41344c474217f_2e3e-8f7791c488b51c98_fa79-0-seq_right_before_questions
[配置] 启用 FAISS 加速，索引类型: flat
[GraphAug] 开始构建记忆图...
[MemoryGraph] 收集到 7003 个事件节点
[MemoryGraph] 时间相邻边: 5743
[MemoryGraph] 共享物体边: 12814
[MemoryGraph] 唯一动作数: 435, 相似动作对: 840
[MemoryGraph] 相似动作边: 1669
/home/user22303471/Project/Active-H-EMV/llm_emv/setup.py:183: FutureWarning: The `get_sentence_embedding_dimension` method has been renamed to `get_embedding_dimension`.
  result = torch.empty(len(texts), embedding_model.get_sentence_embedding_dimension(),
[MemoryGraph] 图构建完成: {'num_nodes': 7003, 'num_edges': 20226, 'edges_temporal_adjacent': 5743, 'edges_co_object': 12814, 'edges_similar_action': 1669}
[GraphAug] 记忆图构建完成
Got 0 examples


 ============================== 


eval temporal_neighbor('clean all the pots', direction='before')
Updated/Defined variables after execution: {}

**SystemMessage**:
"""You are a smart humanoid robot answering user question about your past actions.
The history object contains information on what you did in the past, represented as a tree.
Use the method expand to look at details of a node.
Make sure to use collapse_all_but(idx) when you expanded irrelevant nodes, in order to keep the tree compact.
Enter Python expressions into the console to see the value and decide for the next command based on that result.
Answer concisely by calling answer("...") when you gathered enough information to answer the question.
Generate syntactically correct python console statements only, no explanations or other natural language statements.
IMPORTANT: If search() returns "No relevant records found", your next command MUST be answer("I have no record of that."). Do not search synonyms, do not expand further, and do not call vqa.
IMPORTANT: If you get "Nothing changed" twice, answer honestly that you have no record. Do NOT keep searching repeatedly. For just-before/just-after questions, first try one broader target search or inspect another relevant top-level time block before giving up.
For object yes/no questions, first use object_lookup("object name"). If it reports no matching summary, answer "No, I have no record of that." Do not call vqa unless you already have a directly relevant leaf image.
For task-list questions such as "List the tasks you performed", first use task_list(). Prefer its Recommended answer and chronological candidates instead of manually expanding the whole tree. For long histories, do not copy every task candidate verbatim unless the user explicitly asks for an exhaustive transcript.
For low-level action questions such as "what task did you perform when you toggle/open/pick up/place X", first use action_lookup("full low-level action"), for example action_lookup("open the drawer"). Do not call task_lookup first for these low-level action questions.
For task-description questions such as "describe what you did when you X", first use task_lookup("X"). Prefer its matching task candidates instead of manually expanding the whole tree. This does not apply to low-level action questions covered by action_lookup.
For exact date/time questions or "N days ago" questions asking what happened, first use date_lookup(question). Prefer its Recommended answer when it is confident instead of manually expanding by date.
For "How many days ago did you X?" or "When did you X?" questions, first use event_date_lookup(question). If it lists multiple days, include all of them in the final answer instead of only the most recent match.
For just-before or just-after questions, first use temporal_neighbor(target_task, direction="before" or "after") if a candidate is not already shown. Prefer the returned Recommended answer when it is confident. Only then inspect adjacent sibling or temporal nodes. Avoid expanding to raw leaf observations unless the summary is insufficient.
Do not call vqa for time, date, task-list, before/after, or yes/no object-existence questions when textual summaries already answer the question. Use vqa only for explicit visual appearance questions such as color, visible state, or what something looks like.
Never output bare parameters such as reasoning="..." answer="...". Always call answer("..."). You may call answer(reasoning="...", answer="...") only when a short reason is necessary.
Keep answer() short: answer under 60 words, and do not use markdown or backticks inside answer()."""

**HumanMessage**:
"""
def action_lookup(query: str, max_matches: int = 6) -> str # For low-level action questions, map raw leaf actions back to task-sized summaries
def answer(reasoning: str = None, answer: str = Ellipsis)
def ask(question: str)
def date_lookup(query: str, max_matches: int = 8) -> str # For exact date/time or N-days-ago questions, list matching history summaries directly
def event_date_lookup(query: str, max_matches: int = 12) -> str # For "how many days ago did you X" questions, find all matching event dates directly
def now() -> datetime.datetime
def object_lookup(object_name: str, max_matches: int = 8) -> str # For object yes/no questions, check whether task summaries mention the object
def task_list(max_tasks: int = 30) -> str # For task-list questions, list task-sized history summaries in chronological order
def task_lookup(query: str, max_matches: int = 8) -> str # For task-description questions, list task-sized summaries matching a query
def temporal_neighbor(target_task: str, direction: str = 'before', max_candidates: int = 6) -> str # For just-before/just-after questions, find the target task and return adjacent task candidates
def vqa(question: str, *images: PIL.Image.Image)
"""

**HumanMessage**:
"""Usage examples:
>>> history.expand()  # Shows the history tree with all child nodes expanded
>>> history.expand(date(2021, 12, 20))  # Expand the children that overlap with the given day
>>> history.expand(now() - timedelta(hours=6), now() - timedelta(hours=4))  # Expand all children that overlap with the given range (in this example "about 5 hours ago")
>>> history.expand((now() - timedelta(days=2)).date())  # Expand all children that overlap with the day before yesterday
>>> history.expand(0)  # Shows child node 0
>>> history[0].expand()  # Expands all child nodes of node 0 (node 0 must be expanded already to see them)
>>> history[5][2].expand()  # Shows child node 2 of child node 5 with all its child nodes expanded
>>> history.search("green cup") # Semantic index search. Expands the most relevant children according to similarity of the natural language query and the node's (recursively defined) index content.
>>> history[1][42].search("bicycle") # Semantic index search on some node further down the tree. Expands the children of node 1.42 most relevant to the search term
>>> history[3].collapse_all_but(1); history[3][1].expand()  # Zooms into details of child node 3.1 while collapsing all other childs of node 3
>>> vqa("What color is the ... in this image?",
...     history[2][4][-1][0].image)  # Invoke a model to answer a visual question about image(s) of some leaf (!) node(s)

# After gathering the relevant information, answer the question:
# Use a short final answer. Optionally provide a brief reasoning only when needed.
>>> answer("...")"""

**HumanMessage**:
"""User question: What task did you do just before clean all the pots?"""

**AIMessage**:
"""temporal_neighbor('clean all the pots', direction='before')"""

**HumanMessage**:
/home/user22303471/Project/Active-H-EMV/llm_emv/setup.py:226: FutureWarning: The `get_sentence_embedding_dimension` method has been renamed to `get_embedding_dimension`.
  filter_kwargs['_embedding_dim'] = embedding_model.get_sentence_embedding_dimension()
""""Temporal neighbor candidates for target='clean all the pots', direction='before':\n1. score=0.77; target=2024/10/01 08:58 - 09:01: I was instructed to clean a dirty pot. I picked up the pot, which was next to the stove, and placed it on the countertop.; before=2024/09/30 17:38:26 - 17:38:26: I attempted to open a cabinet (Cabinet_3) but there is no further action recorded for this cabinet, suggesting it might have been empty or the task was interrupted.\n2. score=0.76; target=2024/10/01 08:58 - 09:02: I was instructed to clean a dirty pot. I started by moving the pot from the stove to the countertop. Then, I cleared items from the sink basin, placed the pot in the sink, filled i...; before=2024/09/30 17:38:26 - 17:38:26: I attempted to open a cabinet (Cabinet_3) but there is no further action recorded for this cabinet, suggesting it might have been empty or the task was interrupted.\n3. score=0.69; target=2024/10/01 08:58 - 18:28: On October 1, I cleaned a dirty pot in the morning, and prepared cooked potato slices on a plate and in a bowl during the afternoon and evening.; before=2024/09/30 09:16 - 17:38: On September 30, I moved a newspaper to the dresser and organized remote controls onto an armchair and a dresser in two separate sessions.\n4. score=0.69; target=2024/10/04 10:04 - 10:08: I cleaned the dirty mug in the sink. I had to move some items (CreditCard, Knife, Pot) out of the way, then I filled the mug with water and rinsed it.; before=2024/10/04 10:00 - 10:04: The user wanted to make a cup of coffee. I searched the fridge, found a dirty mug, and picked it up.\nRecommended answer: I attempted to open a cabinet (Cabinet_3) but there is no further action recorded for this cabinet, suggesting it might have been empty or the task was interrupted.""""

**HumanMessage**:
"""Current state:
2024/09/19 - 2024/10/11: "Over the past few weeks, I have consistently managed household tasks by preparing various meals, brewing coffee, and cleaning kitchenware. I also maintained the living space by organizing items like remotes and pillows, watering houseplants, and keeping the area tidy."  
  ..."""
{}
command: answer("I attempted to open a cabinet (Cabinet_3) but there is no further action recorded for this cabinet, suggesting it might have been empty or the task was interrupted.")
expected output: 


 ============================== 


eval answer("I attempted to open a cabinet (Cabinet_3) but there is no further action recorded for this cabinet, suggesting it might have been empty or the task was interrupted.")
Answering I attempted to open a cabinet (Cabinet_3) but there is no further action recorded for this cabinet, suggesting it might have been empty or the task was interrupted.  with reason: None
Tokens Used: 2532
	Prompt Tokens: 2174
	Completion Tokens: 358
Successful Requests: 1
Total Cost (USD): $0.0
Evaluating sample 464fb2558d308797_4110-5f3063384d77aa71_0ac8-bfa7505b440eadde_750f-249afd96389c8ae6_c966-dcc90b08c376f4dc_74ab-ebd80a433c115116_b3d7-555c981b1ecc6c8a_7c01-32e631d248583662_5835-c02445dd7a5b6f26_be05-93af984d7981fdaa_6fc9-a690a35743c855aa_4c00-b87bd55d7820c86e_8d92-345624f0e74dc947_8525-49c94e2372ffae4f_3917-2b5a33d4908ee77d_20f6-7c76f284a689ed0a_dee3-22fa2e73c63bc50f_c1a7-6ccc8b815fbc093a_5cca-32813f06255beef5_0bd5-18f6da623ba658a2_aa07-e32e722334301fa7_892d-aae955889a0ba5fa_d123-35025f516f41aba5_ba52-4b813e7c9bc088d0_8155-61e8f5910474b00b_53e6-aa310077d368fbbc_0a82-c2ffd6a81bfe2613_f91c-41b067f2ce6f3fef_8ee6-fef7c3fc3990d2e8_e2e9-fb7d765ba6874372_db67-59d897f4009147d8_1d27-a451af83aeece675_117b-e455dbf27ecaf413_8484-dd2efe33087ddc60_cb3a-48f25d2481974dee_e871-9d1c053084e66e7b_dc9f-c4c12513ffbf7d33_9e16-a76099fbab67c9da_4d48-15fa5e0caaf6a06f_46f8-fc0fe94a4c8e3a29_9052-d62a957ecbfa6792_8217-0ae40b26ad1ead81_6240-c02445dd7a5b6f26_86bd-f82346f1b273c70a_aaf6-53472cf3cabeb021_b7f8-6e26385c641764c7_fe5a-e035a44ebae9d3fd_c842-7d0db28e7d18c776_c97a-dbb41344c474217f_2e3e-8f7791c488b51c98_fa79-0-seq_simple_object_yes_no
[配置] 启用 FAISS 加速，索引类型: flat
[GraphAug] 命中图缓存 (nodes=7003, edges=20226)
Got 0 examples


 ============================== 


eval object_lookup('desk')
Updated/Defined variables after execution: {}

**SystemMessage**:
"""You are a smart humanoid robot answering user question about your past actions.
The history object contains information on what you did in the past, represented as a tree.
Use the method expand to look at details of a node.
Make sure to use collapse_all_but(idx) when you expanded irrelevant nodes, in order to keep the tree compact.
Enter Python expressions into the console to see the value and decide for the next command based on that result.
Answer concisely by calling answer("...") when you gathered enough information to answer the question.
Generate syntactically correct python console statements only, no explanations or other natural language statements.
IMPORTANT: If search() returns "No relevant records found", your next command MUST be answer("I have no record of that."). Do not search synonyms, do not expand further, and do not call vqa.
IMPORTANT: If you get "Nothing changed" twice, answer honestly that you have no record. Do NOT keep searching repeatedly. For just-before/just-after questions, first try one broader target search or inspect another relevant top-level time block before giving up.
For object yes/no questions, first use object_lookup("object name"). If it reports no matching summary, answer "No, I have no record of that." Do not call vqa unless you already have a directly relevant leaf image.
For task-list questions such as "List the tasks you performed", first use task_list(). Prefer its Recommended answer and chronological candidates instead of manually expanding the whole tree. For long histories, do not copy every task candidate verbatim unless the user explicitly asks for an exhaustive transcript.
For low-level action questions such as "what task did you perform when you toggle/open/pick up/place X", first use action_lookup("full low-level action"), for example action_lookup("open the drawer"). Do not call task_lookup first for these low-level action questions.
For task-description questions such as "describe what you did when you X", first use task_lookup("X"). Prefer its matching task candidates instead of manually expanding the whole tree. This does not apply to low-level action questions covered by action_lookup.
For exact date/time questions or "N days ago" questions asking what happened, first use date_lookup(question). Prefer its Recommended answer when it is confident instead of manually expanding by date.
For "How many days ago did you X?" or "When did you X?" questions, first use event_date_lookup(question). If it lists multiple days, include all of them in the final answer instead of only the most recent match.
For just-before or just-after questions, first use temporal_neighbor(target_task, direction="before" or "after") if a candidate is not already shown. Prefer the returned Recommended answer when it is confident. Only then inspect adjacent sibling or temporal nodes. Avoid expanding to raw leaf observations unless the summary is insufficient.
Do not call vqa for time, date, task-list, before/after, or yes/no object-existence questions when textual summaries already answer the question. Use vqa only for explicit visual appearance questions such as color, visible state, or what something looks like.
Never output bare parameters such as reasoning="..." answer="...". Always call answer("..."). You may call answer(reasoning="...", answer="...") only when a short reason is necessary.
Keep answer() short: answer under 60 words, and do not use markdown or backticks inside answer()."""

**HumanMessage**:
/home/user22303471/Project/Active-H-EMV/llm_emv/setup.py:226: FutureWarning: The `get_sentence_embedding_dimension` method has been renamed to `get_embedding_dimension`.
  filter_kwargs['_embedding_dim'] = embedding_model.get_sentence_embedding_dimension()
"""
def action_lookup(query: str, max_matches: int = 6) -> str # For low-level action questions, map raw leaf actions back to task-sized summaries
def answer(reasoning: str = None, answer: str = Ellipsis)
def ask(question: str)
def date_lookup(query: str, max_matches: int = 8) -> str # For exact date/time or N-days-ago questions, list matching history summaries directly
def event_date_lookup(query: str, max_matches: int = 12) -> str # For "how many days ago did you X" questions, find all matching event dates directly
def now() -> datetime.datetime
def object_lookup(object_name: str, max_matches: int = 8) -> str # For object yes/no questions, check whether task summaries mention the object
def task_list(max_tasks: int = 30) -> str # For task-list questions, list task-sized history summaries in chronological order
def task_lookup(query: str, max_matches: int = 8) -> str # For task-description questions, list task-sized summaries matching a query
def temporal_neighbor(target_task: str, direction: str = 'before', max_candidates: int = 6) -> str # For just-before/just-after questions, find the target task and return adjacent task candidates
def vqa(question: str, *images: PIL.Image.Image)
"""

**HumanMessage**:
"""Usage examples:
>>> history.expand()  # Shows the history tree with all child nodes expanded
>>> history.expand(date(2021, 12, 20))  # Expand the children that overlap with the given day
>>> history.expand(now() - timedelta(hours=6), now() - timedelta(hours=4))  # Expand all children that overlap with the given range (in this example "about 5 hours ago")
>>> history.expand((now() - timedelta(days=2)).date())  # Expand all children that overlap with the day before yesterday
>>> history.expand(0)  # Shows child node 0
>>> history[0].expand()  # Expands all child nodes of node 0 (node 0 must be expanded already to see them)
>>> history[5][2].expand()  # Shows child node 2 of child node 5 with all its child nodes expanded
>>> history.search("green cup") # Semantic index search. Expands the most relevant children according to similarity of the natural language query and the node's (recursively defined) index content.
>>> history[1][42].search("bicycle") # Semantic index search on some node further down the tree. Expands the children of node 1.42 most relevant to the search term
>>> history[3].collapse_all_but(1); history[3][1].expand()  # Zooms into details of child node 3.1 while collapsing all other childs of node 3
>>> vqa("What color is the ... in this image?",
...     history[2][4][-1][0].image)  # Invoke a model to answer a visual question about image(s) of some leaf (!) node(s)

# After gathering the relevant information, answer the question:
# Use a short final answer. Optionally provide a brief reasoning only when needed.
>>> answer("...")"""

**HumanMessage**:
"""User question: Was there a desk ?"""

**AIMessage**:
"""object_lookup('desk')"""

**HumanMessage**:
""""Object lookup for object='desk':\nNo task-sized summaries mention this object.\nRecommended answer: No, I have no record of that.""""

**HumanMessage**:
"""Current state:
2024/09/19 - 2024/10/11: "Over the past few weeks, I have consistently managed household tasks by preparing various meals, brewing coffee, and cleaning kitchenware. I also maintained the living space by organizing items like remotes and pillows, watering houseplants, and keeping the area tidy."  
  ..."""
{}
command: answer("No, I have no record of that.")
expected output: 


 ============================== 


eval answer("No, I have no record of that.")
Answering No, I have no record of that.  with reason: None
Tokens Used: 1904
	Prompt Tokens: 1613
	Completion Tokens: 291
Successful Requests: 1
Total Cost (USD): $0.0
Evaluating sample 464fb2558d308797_4110-5f3063384d77aa71_0ac8-bfa7505b440eadde_750f-249afd96389c8ae6_c966-dcc90b08c376f4dc_74ab-ebd80a433c115116_b3d7-555c981b1ecc6c8a_7c01-32e631d248583662_5835-c02445dd7a5b6f26_be05-93af984d7981fdaa_6fc9-a690a35743c855aa_4c00-b87bd55d7820c86e_8d92-345624f0e74dc947_8525-49c94e2372ffae4f_3917-2b5a33d4908ee77d_20f6-7c76f284a689ed0a_dee3-22fa2e73c63bc50f_c1a7-6ccc8b815fbc093a_5cca-32813f06255beef5_0bd5-18f6da623ba658a2_aa07-e32e722334301fa7_892d-aae955889a0ba5fa_d123-35025f516f41aba5_ba52-4b813e7c9bc088d0_8155-61e8f5910474b00b_53e6-aa310077d368fbbc_0a82-c2ffd6a81bfe2613_f91c-41b067f2ce6f3fef_8ee6-fef7c3fc3990d2e8_e2e9-fb7d765ba6874372_db67-59d897f4009147d8_1d27-a451af83aeece675_117b-e455dbf27ecaf413_8484-dd2efe33087ddc60_cb3a-48f25d2481974dee_e871-9d1c053084e66e7b_dc9f-c4c12513ffbf7d33_9e16-a76099fbab67c9da_4d48-15fa5e0caaf6a06f_46f8-fc0fe94a4c8e3a29_9052-d62a957ecbfa6792_8217-0ae40b26ad1ead81_6240-c02445dd7a5b6f26_86bd-f82346f1b273c70a_aaf6-53472cf3cabeb021_b7f8-6e26385c641764c7_fe5a-e035a44ebae9d3fd_c842-7d0db28e7d18c776_c97a-dbb41344c474217f_2e3e-8f7791c488b51c98_fa79-0-seq_low_actions_to_episode_task_descs
[配置] 启用 FAISS 加速，索引类型: flat
[GraphAug] 命中图缓存 (nodes=7003, edges=20226)
Got 0 examples


 ============================== 


eval task_lookup('open the drawer')
Updated/Defined variables after execution: {}

**SystemMessage**:
"""You are a smart humanoid robot answering user question about your past actions.
The history object contains information on what you did in the past, represented as a tree.
Use the method expand to look at details of a node.
Make sure to use collapse_all_but(idx) when you expanded irrelevant nodes, in order to keep the tree compact.
Enter Python expressions into the console to see the value and decide for the next command based on that result.
Answer concisely by calling answer("...") when you gathered enough information to answer the question.
Generate syntactically correct python console statements only, no explanations or other natural language statements.
IMPORTANT: If search() returns "No relevant records found", your next command MUST be answer("I have no record of that."). Do not search synonyms, do not expand further, and do not call vqa.
IMPORTANT: If you get "Nothing changed" twice, answer honestly that you have no record. Do NOT keep searching repeatedly. For just-before/just-after questions, first try one broader target search or inspect another relevant top-level time block before giving up.
For object yes/no questions, first use object_lookup("object name"). If it reports no matching summary, answer "No, I have no record of that." Do not call vqa unless you already have a directly relevant leaf image.
For task-list questions such as "List the tasks you performed", first use task_list(). Prefer its Recommended answer and chronological candidates instead of manually expanding the whole tree. For long histories, do not copy every task candidate verbatim unless the user explicitly asks for an exhaustive transcript.
For low-level action questions such as "what task did you perform when you toggle/open/pick up/place X", first use action_lookup("full low-level action"), for example action_lookup("open the drawer"). Do not call task_lookup first for these low-level action questions.
For task-description questions such as "describe what you did when you X", first use task_lookup("X"). Prefer its matching task candidates instead of manually expanding the whole tree. This does not apply to low-level action questions covered by action_lookup.
For exact date/time questions or "N days ago" questions asking what happened, first use date_lookup(question). Prefer its Recommended answer when it is confident instead of manually expanding by date.
For "How many days ago did you X?" or "When did you X?" questions, first use event_date_lookup(question). If it lists multiple days, include all of them in the final answer instead of only the most recent match.
For just-before or just-after questions, first use temporal_neighbor(target_task, direction="before" or "after") if a candidate is not already shown. Prefer the returned Recommended answer when it is confident. Only then inspect adjacent sibling or temporal nodes. Avoid expanding to raw leaf observations unless the summary is insufficient.
Do not call vqa for time, date, task-list, before/after, or yes/no object-existence questions when textual summaries already answer the question. Use vqa only for explicit visual appearance questions such as color, visible state, or what something looks like.
Never output bare parameters such as reasoning="..." answer="...". Always call answer("..."). You may call answer(reasoning="...", answer="...") only when a short reason is necessary.
Keep answer() short: answer under 60 words, and do not use markdown or backticks inside answer()."""

**HumanMessage**:
"""
def action_lookup(query: str, max_matches: int = 6) -> str # For low-level action questions, map raw leaf actions back to task-sized summaries
def answer(reasoning: str = None, answer: str = Ellipsis)
def ask(question: str)
def date_lookup(query: str, max_matches: int = 8) -> str # For exact date/time or N-days-ago questions, list matching history summaries directly
def event_date_lookup(query: str, max_matches: int = 12) -> str # For "how many days ago did you X" questions, find all matching event dates directly
def now() -> datetime.datetime
def object_lookup(object_name: str, max_matches: int = 8) -> str # For object yes/no questions, check whether task summaries mention the object
def task_list(max_tasks: int = 30) -> str # For task-list questions, list task-sized history summaries in chronological order
def task_lookup(query: str, max_matches: int = 8) -> str # For task-description questions, list task-sized summaries matching a query
def temporal_neighbor(target_task: str, direction: str = 'before', max_candidates: int = 6) -> str # For just-before/just-after questions, find the target task and return adjacent task candidates
def vqa(question: str, *images: PIL.Image.Image)
"""

**HumanMessage**:
"""Usage examples:
>>> history.expand()  # Shows the history tree with all child nodes expanded
>>> history.expand(date(2021, 12, 20))  # Expand the children that overlap with the given day
>>> history.expand(now() - timedelta(hours=6), now() - timedelta(hours=4))  # Expand all children that overlap with the given range (in this example "about 5 hours ago")
>>> history.expand((now() - timedelta(days=2)).date())  # Expand all children that overlap with the day before yesterday
>>> history.expand(0)  # Shows child node 0
>>> history[0].expand()  # Expands all child nodes of node 0 (node 0 must be expanded already to see them)
>>> history[5][2].expand()  # Shows child node 2 of child node 5 with all its child nodes expanded
>>> history.search("green cup") # Semantic index search. Expands the most relevant children according to similarity of the natural language query and the node's (recursively defined) index content.
>>> history[1][42].search("bicycle") # Semantic index search on some node further down the tree. Expands the children of node 1.42 most relevant to the search term
>>> history[3].collapse_all_but(1); history[3][1].expand()  # Zooms into details of child node 3.1 while collapsing all other childs of node 3
>>> vqa("What color is the ... in this image?",
...     history[2][4][-1][0].image)  # Invoke a model to answer a visual question about image(s) of some leaf (!) node(s)

# After gathering the relevant information, answer the question:
# Use a short final answer. Optionally provide a brief reasoning only when needed.
>>> answer("...")"""

**HumanMessage**:
"""User question: what task or tasks did you perform when you open the drawer?"""

**AIMessage**:
"""task_lookup('open the drawer')"""

**HumanMessage**:
""""Task lookup candidates for query='open the drawer' (matched by raw action target):\n1. score=1.00; raw_matches=3; 2024/09/27 18:06:23 - 18:08:44: I began the task of collecting all tissue boxes by searching through armchairs, cabinets, and drawers. I initially placed the found tissue boxes on a dresser.\n2. score=1.00; raw_matches=1; 2024/10/11 19:36:19 - 19:39:11: After looking for a tomato in the drawers and shelving unit, I found one, placed it on the countertop, and sliced it with the knife.\n3. score=0.92; raw_matches=1; 2024/09/30 17:36:57 - 17:38:23: I opened a cabinet on the dresser, found another remote control, picked it up, placed it on the dresser, and then closed the cabinet.\nRecommended answer: I began the task of collecting all tissue boxes by searching through armchairs, cabinets, and drawers; After looking for a tomato in the drawers and shelving unit, I found one, placed it on the countertop; I opened a cabinet on the dresser, found another remote control, picked it up, placed it on the dresser\nAnswer now with concise task-sized phrases; do not call action_lookup again.""""

**HumanMessage**:
"""Current state:
2024/09/19 - 2024/10/11: "Over the past few weeks, I have consistently managed household tasks by preparing various meals, brewing coffee, and cleaning kitchenware. I also maintained the living space by organizing items like remotes and pillows, watering houseplants, and keeping the area tidy."  
  ..."""
{}
command: answer("When I opened a drawer, I was performing several tasks: collecting tissue boxes, looking for a tomato, and searching for a remote control.")
expected output: 


 ============================== 


eval /home/user22303471/Project/Active-H-EMV/llm_emv/setup.py:226: FutureWarning: The `get_sentence_embedding_dimension` method has been renamed to `get_embedding_dimension`.
  filter_kwargs['_embedding_dim'] = embedding_model.get_sentence_embedding_dimension()
answer("When I opened a drawer, I was performing several tasks: collecting tissue boxes, looking for a tomato, and searching for a remote control.")
Answering When I opened a drawer, I was performing several tasks: collecting tissue boxes, looking for a tomato, and searching for a remote control.  with reason: None
Tokens Used: 2655
	Prompt Tokens: 1926
	Completion Tokens: 729
Successful Requests: 1
Total Cost (USD): $0.0
Evaluating sample 464fb2558d308797_4110-5f3063384d77aa71_0ac8-bfa7505b440eadde_750f-249afd96389c8ae6_c966-dcc90b08c376f4dc_74ab-ebd80a433c115116_b3d7-555c981b1ecc6c8a_7c01-32e631d248583662_5835-c02445dd7a5b6f26_be05-93af984d7981fdaa_6fc9-a690a35743c855aa_4c00-b87bd55d7820c86e_8d92-345624f0e74dc947_8525-49c94e2372ffae4f_3917-2b5a33d4908ee77d_20f6-7c76f284a689ed0a_dee3-22fa2e73c63bc50f_c1a7-6ccc8b815fbc093a_5cca-32813f06255beef5_0bd5-18f6da623ba658a2_aa07-e32e722334301fa7_892d-aae955889a0ba5fa_d123-35025f516f41aba5_ba52-4b813e7c9bc088d0_8155-61e8f5910474b00b_53e6-aa310077d368fbbc_0a82-c2ffd6a81bfe2613_f91c-41b067f2ce6f3fef_8ee6-fef7c3fc3990d2e8_e2e9-fb7d765ba6874372_db67-59d897f4009147d8_1d27-a451af83aeece675_117b-e455dbf27ecaf413_8484-dd2efe33087ddc60_cb3a-48f25d2481974dee_e871-9d1c053084e66e7b_dc9f-c4c12513ffbf7d33_9e16-a76099fbab67c9da_4d48-15fa5e0caaf6a06f_46f8-fc0fe94a4c8e3a29_9052-d62a957ecbfa6792_8217-0ae40b26ad1ead81_6240-c02445dd7a5b6f26_86bd-f82346f1b273c70a_aaf6-53472cf3cabeb021_b7f8-6e26385c641764c7_fe5a-e035a44ebae9d3fd_c842-7d0db28e7d18c776_c97a-dbb41344c474217f_2e3e-8f7791c488b51c98_fa79-0-exact_time_to_episode
[配置] 启用 FAISS 加速，索引类型: flat
[GraphAug] 命中图缓存 (nodes=7003, edges=20226)
Got 0 examples


 ============================== 


eval date_lookup('what did you do on Sep 23, 2024 at 12:11 PM?')
Updated/Defined variables after execution: {}

**SystemMessage**:
"""You are a smart humanoid robot answering user question about your past actions.
The history object contains information on what you did in the past, represented as a tree.
Use the method expand to look at details of a node.
Make sure to use collapse_all_but(idx) when you expanded irrelevant nodes, in order to keep the tree compact.
Enter Python expressions into the console to see the value and decide for the next command based on that result.
Answer concisely by calling answer("...") when you gathered enough information to answer the question.
Generate syntactically correct python console statements only, no explanations or other natural language statements.
IMPORTANT: If search() returns "No relevant records found", your next command MUST be answer("I have no record of that."). Do not search synonyms, do not expand further, and do not call vqa.
IMPORTANT: If you get "Nothing changed" twice, answer honestly that you have no record. Do NOT keep searching repeatedly. For just-before/just-after questions, first try one broader target search or inspect another relevant top-level time block before giving up.
For object yes/no questions, first use object_lookup("object name"). If it reports no matching summary, answer "No, I have no record of that." Do not call vqa unless you already have a directly relevant leaf image.
For task-list questions such as "List the tasks you performed", first use task_list(). Prefer its Recommended answer and chronological candidates instead of manually expanding the whole tree. For long histories, do not copy every task candidate verbatim unless the user explicitly asks for an exhaustive transcript.
For low-level action questions such as "what task did you perform when you toggle/open/pick up/place X", first use action_lookup("full low-level action"), for example action_lookup("open the drawer"). Do not call task_lookup first for these low-level action questions.
For task-description questions such as "describe what you did when you X", first use task_lookup("X"). Prefer its matching task candidates instead of manually expanding the whole tree. This does not apply to low-level action questions covered by action_lookup.
For exact date/time questions or "N days ago" questions asking what happened, first use date_lookup(question). Prefer its Recommended answer when it is confident instead of manually expanding by date.
For "How many days ago did you X?" or "When did you X?" questions, first use event_date_lookup(question). If it lists multiple days, include all of them in the final answer instead of only the most recent match.
For just-before or just-after questions, first use temporal_neighbor(target_task, direction="before" or "after") if a candidate is not already shown. Prefer the returned Recommended answer when it is confident. Only then inspect adjacent sibling or temporal nodes. Avoid expanding to raw leaf observations unless the summary is insufficient.
Do not call vqa for time, date, task-list, before/after, or yes/no object-existence questions when textual summaries already answer the question. Use vqa only for explicit visual appearance questions such as color, visible state, or what something looks like.
Never output bare parameters such as reasoning="..." answer="...". Always call answer("..."). You may call answer(reasoning="...", answer="...") only when a short reason is necessary.
Keep answer() short: answer under 60 words, and do not use markdown or backticks inside answer()."""

**HumanMessage**:
"""
def action_lookup(query: str, max_matches: int = 6) -> str # For low-level action questions, map raw leaf actions back to task-sized summaries
def answer(reasoning: str = None, answer: str = Ellipsis)
def ask(question: str)
def date_lookup(query: str, max_matches: int = 8) -> str # For exact date/time or N-days-ago questions, list matching history summaries directly
def event_date_lookup(query: str, max_matches: int = 12) -> str # For "how many days ago did you X" questions, find all matching event dates directly
def now() -> datetime.datetime
def object_lookup(object_name: str, max_matches: int = 8) -> str # For object yes/no questions, check whether task summaries mention the object
def task_list(max_tasks: int = 30) -> str # For task-list questions, list task-sized history summaries in chronological order
def task_lookup(query: str, max_matches: int = 8) -> str # For task-description questions, list task-sized summaries matching a query
def temporal_neighbor(target_task: str, direction: str = 'before', max_candidates: int = 6) -> str # For just-before/just-after questions, find the target task and return adjacent task candidates
def vqa(question: str, *images: PIL.Image.Image)
"""

**HumanMessage**:
"""Usage examples:
>>> history.expand()  # Shows the history tree with all child nodes expanded
>>> history.expand(date(2021, 12, 20))  # Expand the children that overlap with the given day
>>> history.expand(now() - timedelta(hours=6), now() - timedelta(hours=4))  # Expand all children that overlap with the given range (in this example "about 5 hours ago")
>>> history.expand((now() - timedelta(days=2)).date())  # Expand all children that overlap with the day before yesterday
>>> history.expand(0)  # Shows child node 0
>>> history[0].expand()  # Expands all child nodes of node 0 (node 0 must be expanded already to see them)
>>> history[5][2].expand()  # Shows child node 2 of child node 5 with all its child nodes expanded
>>> history.search("green cup") # Semantic index search. Expands the most relevant children according to similarity of the natural language query and the node's (recursively defined) index content.
>>> history[1][42].search("bicycle") # Semantic index search on some node further down the tree. Expands the children of node 1.42 most relevant to the search term
>>> history[3].collapse_all_but(1); history[3][1].expand()  # Zooms into details of child node 3.1 while collapsing all other childs of node 3
>>> vqa("What color is the ... in this image?",
...     history[2][4][-1][0].image)  # Invoke a model to answer a visual question about image(s) of some leaf (!) node(s)

# After gathering the relevant information, answer the question:
# Use a short final answer. Optionally provide a brief reasoning only when needed.
>>> answer("...")"""

**HumanMessage**:
/home/user22303471/Project/Active-H-EMV/llm_emv/setup.py:226: FutureWarning: The `get_sentence_embedding_dimension` method has been renamed to `get_embedding_dimension`.
  filter_kwargs['_embedding_dim'] = embedding_model.get_sentence_embedding_dimension()
/home/user22303471/Project/Active-H-EMV/llm_emv/setup.py:183: FutureWarning: The `get_sentence_embedding_dimension` method has been renamed to `get_embedding_dimension`.
  result = torch.empty(len(texts), embedding_model.get_sentence_embedding_dimension(),
"""User question: what did you do on Sep 23, 2024 at 12:11 PM?"""

**AIMessage**:
"""date_lookup('what did you do on Sep 23, 2024 at 12:11 PM?')"""

**HumanMessage**:
""""Date lookup for query='what did you do on Sep 23, 2024 at 12:11 PM?': resolved=2024/09/23 12:11:00.\n1. score=0.92; 2024/09/23 12:11:33 - 12:13:29: I greeted the user and received the task of rinsing a dirty mug and making fresh coffee. I picked up the mug from the coffee machine, placed it in the sink, and used the faucet to rinse it. After pouring out the excess w...\n2. score=0.91; 2024/09/23 12:11:33 - 12:13:09: Goal: Pickup(Mug_1) Visual observation: Mug_1 [dirty, filled], Cup_1, PaperTowelRoll_2, Pan_1 [dirty], Tomato_1, StoveBurner_0, StoveBurner_2, Cabinet_1, StoveBurner_3, Drawer_1, Cabinet_2, CounterTop_2, StoveKnob_0 [tog...\n3. score=0.84; 2024/09/23 12:11:33 - 12:14:01: I greeted the user and received the task of rinsing a dirty mug and making fresh coffee. I picked up the mug from the coffee machine, rinsed it in the sink, and then placed it back on the coffee machine to brew fresh cof...\n4. score=0.41; 2024/09/23 12:11 - 15:04: On September 23, I rinsed a mug to brew fresh coffee and cleaned a bowl in the sink.\n5. score=0.08; 2024/09/19 - 2024/10/11: Over the past few weeks, I have consistently managed household tasks by preparing various meals, brewing coffee, and cleaning kitchenware. I also maintained the living space by organizing items like remotes and pillows,...\nRecommended answer: I greeted the user and received the task of rinsing a dirty mug and making fresh coffee. I picked up the mug from the coffee machine, placed it in the sink, and used the faucet to rinse it. After pouring out the excess water, I held onto the clean mug.""""

**HumanMessage**:
"""Current state:
2024/09/19 - 2024/10/11: "Over the past few weeks, I have consistently managed household tasks by preparing various meals, brewing coffee, and cleaning kitchenware. I also maintained the living space by organizing items like remotes and pillows, watering houseplants, and keeping the area tidy."  
  ..."""
{}
command: answer("I greeted the user and received the task of rinsing a dirty mug and making fresh coffee. I picked up the mug from the coffee machine, placed it in the sink, and used the faucet to rinse it. After pouring out the excess water, I held onto the clean mug.")
expected output: 


 ============================== 


eval answer("I greeted the user and received the task of rinsing a dirty mug and making fresh coffee. I picked up the mug from the coffee machine, placed it in the sink, and used the faucet to rinse it. After pouring out the excess water, I held onto the clean mug.")
Answering I greeted the user and received the task of rinsing a dirty mug and making fresh coffee. I picked up the mug from the coffee machine, placed it in the sink, and used the faucet to rinse it. After pouring out the excess water, I held onto the clean mug.  with reason: None
Tokens Used: 2600
	Prompt Tokens: 2171
	Completion Tokens: 429
Successful Requests: 1
Total Cost (USD): $0.0
Evaluating sample 464fb2558d308797_4110-5f3063384d77aa71_0ac8-bfa7505b440eadde_750f-249afd96389c8ae6_c966-dcc90b08c376f4dc_74ab-ebd80a433c115116_b3d7-555c981b1ecc6c8a_7c01-32e631d248583662_5835-c02445dd7a5b6f26_be05-93af984d7981fdaa_6fc9-a690a35743c855aa_4c00-b87bd55d7820c86e_8d92-345624f0e74dc947_8525-49c94e2372ffae4f_3917-2b5a33d4908ee77d_20f6-7c76f284a689ed0a_dee3-22fa2e73c63bc50f_c1a7-6ccc8b815fbc093a_5cca-32813f06255beef5_0bd5-18f6da623ba658a2_aa07-e32e722334301fa7_892d-aae955889a0ba5fa_d123-35025f516f41aba5_ba52-4b813e7c9bc088d0_8155-61e8f5910474b00b_53e6-aa310077d368fbbc_0a82-c2ffd6a81bfe2613_f91c-41b067f2ce6f3fef_8ee6-fef7c3fc3990d2e8_e2e9-fb7d765ba6874372_db67-59d897f4009147d8_1d27-a451af83aeece675_117b-e455dbf27ecaf413_8484-dd2efe33087ddc60_cb3a-48f25d2481974dee_e871-9d1c053084e66e7b_dc9f-c4c12513ffbf7d33_9e16-a76099fbab67c9da_4d48-15fa5e0caaf6a06f_46f8-fc0fe94a4c8e3a29_9052-d62a957ecbfa6792_8217-0ae40b26ad1ead81_6240-c02445dd7a5b6f26_86bd-f82346f1b273c70a_aaf6-53472cf3cabeb021_b7f8-6e26385c641764c7_fe5a-e035a44ebae9d3fd_c842-7d0db28e7d18c776_c97a-dbb41344c474217f_2e3e-8f7791c488b51c98_fa79-0-tasks_to_exact_times
[配置] 启用 FAISS 加速，索引类型: flat
[GraphAug] 命中图缓存 (nodes=7003, edges=20226)
Got 0 examples


 ============================== 


eval event_date_lookup('When did you cook 3 slice(s) of potato and serve in a bowl?')
Updated/Defined variables after execution: {}

**SystemMessage**:
"""You are a smart humanoid robot answering user question about your past actions.
The history object contains information on what you did in the past, represented as a tree.
Use the method expand to look at details of a node.
Make sure to use collapse_all_but(idx) when you expanded irrelevant nodes, in order to keep the tree compact.
Enter Python expressions into the console to see the value and decide for the next command based on that result.
Answer concisely by calling answer("...") when you gathered enough information to answer the question.
Generate syntactically correct python console statements only, no explanations or other natural language statements.
IMPORTANT: If search() returns "No relevant records found", your next command MUST be answer("I have no record of that."). Do not search synonyms, do not expand further, and do not call vqa.
IMPORTANT: If you get "Nothing changed" twice, answer honestly that you have no record. Do NOT keep searching repeatedly. For just-before/just-after questions, first try one broader target search or inspect another relevant top-level time block before giving up.
For object yes/no questions, first use object_lookup("object name"). If it reports no matching summary, answer "No, I have no record of that." Do not call vqa unless you already have a directly relevant leaf image.
For task-list questions such as "List the tasks you performed", first use task_list(). Prefer its Recommended answer and chronological candidates instead of manually expanding the whole tree. For long histories, do not copy every task candidate verbatim unless the user explicitly asks for an exhaustive transcript.
For low-level action questions such as "what task did you perform when you toggle/open/pick up/place X", first use action_lookup("full low-level action"), for example action_lookup("open the drawer"). Do not call task_lookup first for these low-level action questions.
For task-description questions such as "describe what you did when you X", first use task_lookup("X"). Prefer its matching task candidates instead of manually expanding the whole tree. This does not apply to low-level action questions covered by action_lookup.
For exact date/time questions or "N days ago" questions asking what happened, first use date_lookup(question). Prefer its Recommended answer when it is confident instead of manually expanding by date.
For "How many days ago did you X?" or "When did you X?" questions, first use event_date_lookup(question). If it lists multiple days, include all of them in the final answer instead of only the most recent match.
For just-before or just-after questions, first use temporal_neighbor(target_task, direction="before" or "after") if a candidate is not already shown. Prefer the returned Recommended answer when it is confident. Only then inspect adjacent sibling or temporal nodes. Avoid expanding to raw leaf observations unless the summary is insufficient.
Do not call vqa for time, date, task-list, before/after, or yes/no object-existence questions when textual summaries already answer the question. Use vqa only for explicit visual appearance questions such as color, visible state, or what something looks like.
Never output bare parameters such as reasoning="..." answer="...". Always call answer("..."). You may call answer(reasoning="...", answer="...") only when a short reason is necessary.
Keep answer() short: answer under 60 words, and do not use markdown or backticks inside answer()."""

**HumanMessage**:
/home/user22303471/Project/Active-H-EMV/llm_emv/setup.py:226: FutureWarning: The `get_sentence_embedding_dimension` method has been renamed to `get_embedding_dimension`.
  filter_kwargs['_embedding_dim'] = embedding_model.get_sentence_embedding_dimension()
/home/user22303471/Project/Active-H-EMV/llm_emv/setup.py:183: FutureWarning: The `get_sentence_embedding_dimension` method has been renamed to `get_embedding_dimension`.
  result = torch.empty(len(texts), embedding_model.get_sentence_embedding_dimension(),
"""
def action_lookup(query: str, max_matches: int = 6) -> str # For low-level action questions, map raw leaf actions back to task-sized summaries
def answer(reasoning: str = None, answer: str = Ellipsis)
def ask(question: str)
def date_lookup(query: str, max_matches: int = 8) -> str # For exact date/time or N-days-ago questions, list matching history summaries directly
def event_date_lookup(query: str, max_matches: int = 12) -> str # For "how many days ago did you X" questions, find all matching event dates directly
def now() -> datetime.datetime
def object_lookup(object_name: str, max_matches: int = 8) -> str # For object yes/no questions, check whether task summaries mention the object
def task_list(max_tasks: int = 30) -> str # For task-list questions, list task-sized history summaries in chronological order
def task_lookup(query: str, max_matches: int = 8) -> str # For task-description questions, list task-sized summaries matching a query
def temporal_neighbor(target_task: str, direction: str = 'before', max_candidates: int = 6) -> str # For just-before/just-after questions, find the target task and return adjacent task candidates
def vqa(question: str, *images: PIL.Image.Image)
"""

**HumanMessage**:
"""Usage examples:
>>> history.expand()  # Shows the history tree with all child nodes expanded
>>> history.expand(date(2021, 12, 20))  # Expand the children that overlap with the given day
>>> history.expand(now() - timedelta(hours=6), now() - timedelta(hours=4))  # Expand all children that overlap with the given range (in this example "about 5 hours ago")
>>> history.expand((now() - timedelta(days=2)).date())  # Expand all children that overlap with the day before yesterday
>>> history.expand(0)  # Shows child node 0
>>> history[0].expand()  # Expands all child nodes of node 0 (node 0 must be expanded already to see them)
>>> history[5][2].expand()  # Shows child node 2 of child node 5 with all its child nodes expanded
>>> history.search("green cup") # Semantic index search. Expands the most relevant children according to similarity of the natural language query and the node's (recursively defined) index content.
>>> history[1][42].search("bicycle") # Semantic index search on some node further down the tree. Expands the children of node 1.42 most relevant to the search term
>>> history[3].collapse_all_but(1); history[3][1].expand()  # Zooms into details of child node 3.1 while collapsing all other childs of node 3
>>> vqa("What color is the ... in this image?",
...     history[2][4][-1][0].image)  # Invoke a model to answer a visual question about image(s) of some leaf (!) node(s)

# After gathering the relevant information, answer the question:
# Use a short final answer. Optionally provide a brief reasoning only when needed.
>>> answer("...")"""

**HumanMessage**:
"""User question: When did you cook 3 slice(s) of potato and serve in a bowl?"""

**AIMessage**:
"""event_date_lookup('When did you cook 3 slice(s) of potato and serve in a bowl?')"""

**HumanMessage**:
""""Event date lookup for query='When did you cook 3 slice(s) of potato and serve in a bowl?': event='cook 3 slice(s) of potato and serve in a bowl', today=2024/10/12.\n1. score=0.61; days_ago=15; 2024/09/27 15:22:58 - 15:23:15: I picked up the cooked potato slices one by one and placed them into the bowl, as instructed.\n2. score=0.58; days_ago=11; 2024/10/01 18:27:52 - 18:28:38: I placed the three cooked potato slices into the clean bowl. The user then confirmed the task was completed successfully.\nRecommended answer: on 2024/09/27, and 2024/10/01""""

**HumanMessage**:
"""Current state:
2024/09/19 - 2024/10/11: "Over the past few weeks, I have consistently managed household tasks by preparing various meals, brewing coffee, and cleaning kitchenware. I also maintained the living space by organizing items like remotes and pillows, watering houseplants, and keeping the area tidy."  
  ..."""
{}
command: answer("I cooked 3 slices of potato and served them in a bowl on September 27, 2024, and October 1, 2024.")
expected output: 


 ============================== 


eval answer("I cooked 3 slices of potato and served them in a bowl on September 27, 2024, and October 1, 2024.")
Answering I cooked 3 slices of potato and served them in a bowl on September 27, 2024, and October 1, 2024.  with reason: None
Tokens Used: 2115
	Prompt Tokens: 1836
	Completion Tokens: 279
Successful Requests: 1
Total Cost (USD): $0.0
Evaluating sample 464fb2558d308797_4110-5f3063384d77aa71_0ac8-bfa7505b440eadde_750f-249afd96389c8ae6_c966-dcc90b08c376f4dc_74ab-ebd80a433c115116_b3d7-555c981b1ecc6c8a_7c01-32e631d248583662_5835-c02445dd7a5b6f26_be05-93af984d7981fdaa_6fc9-a690a35743c855aa_4c00-b87bd55d7820c86e_8d92-345624f0e74dc947_8525-49c94e2372ffae4f_3917-2b5a33d4908ee77d_20f6-7c76f284a689ed0a_dee3-22fa2e73c63bc50f_c1a7-6ccc8b815fbc093a_5cca-32813f06255beef5_0bd5-18f6da623ba658a2_aa07-e32e722334301fa7_892d-aae955889a0ba5fa_d123-35025f516f41aba5_ba52-4b813e7c9bc088d0_8155-61e8f5910474b00b_53e6-aa310077d368fbbc_0a82-c2ffd6a81bfe2613_f91c-41b067f2ce6f3fef_8ee6-fef7c3fc3990d2e8_e2e9-fb7d765ba6874372_db67-59d897f4009147d8_1d27-a451af83aeece675_117b-e455dbf27ecaf413_8484-dd2efe33087ddc60_cb3a-48f25d2481974dee_e871-9d1c053084e66e7b_dc9f-c4c12513ffbf7d33_9e16-a76099fbab67c9da_4d48-15fa5e0caaf6a06f_46f8-fc0fe94a4c8e3a29_9052-d62a957ecbfa6792_8217-0ae40b26ad1ead81_6240-c02445dd7a5b6f26_86bd-f82346f1b273c70a_aaf6-53472cf3cabeb021_b7f8-6e26385c641764c7_fe5a-e035a44ebae9d3fd_c842-7d0db28e7d18c776_c97a-dbb41344c474217f_2e3e-8f7791c488b51c98_fa79-0-tasks_to_days_ago
[配置] 启用 FAISS 加速，索引类型: flat
[GraphAug] 命中图缓存 (nodes=7003, edges=20226)
Got 0 examples


 ============================== 


eval event_date_lookup('Today is Oct 12, 2024 at 07:53 PM. How many days ago did you put all remote control on one armchair?')
Updated/Defined variables after execution: {}

**SystemMessage**:
"""You are a smart humanoid robot answering user question about your past actions.
The history object contains information on what you did in the past, represented as a tree.
Use the method expand to look at details of a node.
Make sure to use collapse_all_but(idx) when you expanded irrelevant nodes, in order to keep the tree compact.
Enter Python expressions into the console to see the value and decide for the next command based on that result.
Answer concisely by calling answer("...") when you gathered enough information to answer the question.
Generate syntactically correct python console statements only, no explanations or other natural language statements.
IMPORTANT: If search() returns "No relevant records found", your next command MUST be answer("I have no record of that."). Do not search synonyms, do not expand further, and do not call vqa.
IMPORTANT: If you get "Nothing changed" twice, answer honestly that you have no record. Do NOT keep searching repeatedly. For just-before/just-after questions, first try one broader target search or inspect another relevant top-level time block before giving up.
For object yes/no questions, first use object_lookup("object name"). If it reports no matching summary, answer "No, I have no record of that." Do not call vqa unless you already have a directly relevant leaf image.
For task-list questions such as "List the tasks you performed", first use task_list(). Prefer its Recommended answer and chronological candidates instead of manually expanding the whole tree. For long histories, do not copy every task candidate verbatim unless the user explicitly asks for an exhaustive transcript.
For low-level action questions such as "what task did you perform when you toggle/open/pick up/place X", first use action_lookup("full low-level action"), for example action_lookup("open the drawer"). Do not call task_lookup first for these low-level action questions.
For task-description questions such as "describe what you did when you X", first use task_lookup("X"). Prefer its matching task candidates instead of manually expanding the whole tree. This does not apply to low-level action questions covered by action_lookup.
For exact date/time questions or "N days ago" questions asking what happened, first use date_lookup(question). Prefer its Recommended answer when it is confident instead of manually expanding by date.
For "How many days ago did you X?" or "When did you X?" questions, first use event_date_lookup(question). If it lists multiple days, include all of them in the final answer instead of only the most recent match.
For just-before or just-after questions, first use temporal_neighbor(target_task, direction="before" or "after") if a candidate is not already shown. Prefer the returned Recommended answer when it is confident. Only then inspect adjacent sibling or temporal nodes. Avoid expanding to raw leaf observations unless the summary is insufficient.
Do not call vqa for time, date, task-list, before/after, or yes/no object-existence questions when textual summaries already answer the question. Use vqa only for explicit visual appearance questions such as color, visible state, or what something looks like.
Never output bare parameters such as reasoning="..." answer="...". Always call answer("..."). You may call answer(reasoning="...", answer="...") only when a short reason is necessary.
Keep answer() short: answer under 60 words, and do not use markdown or backticks inside answer()."""

**HumanMessage**:
"""
def action_lookup(query: str, max_matches: int = 6) -> str # For low-level action questions, map raw leaf actions back to task-sized summaries
def answer(reasoning: str = None, answer: str = Ellipsis)
def ask(question: str)
def date_lookup(query: str, max_matches: int = 8) -> str # For exact date/time or N-days-ago questions, list matching history summaries directly
def event_date_lookup(query: str, max_matches: int = 12) -> str # For "how many days ago did you X" questions, find all matching event dates directly
def now() -> datetime.datetime
def object_lookup(object_name: str, max_matches: int = 8) -> str # For object yes/no questions, check whether task summaries mention the object
def task_list(max_tasks: int = 30) -> str # For task-list questions, list task-sized history summaries in chronological order
def task_lookup(query: str, max_matches: int = 8) -> str # For task-description questions, list task-sized summaries matching a query
def temporal_neighbor(target_task: str, direction: str = 'before', max_candidates: int = 6) -> str # For just-before/just-after questions, find the target task and return adjacent task candidates
def vqa(question: str, *images: PIL.Image.Image)
"""

**HumanMessage**:
"""Usage examples:
>>> history.expand()  # Shows the history tree with all child nodes expanded
>>> history.expand(date(2021, 12, 20))  # Expand the children that overlap with the given day
>>> history.expand(now() - timedelta(hours=6), now() - timedelta(hours=4))  # Expand all children that overlap with the given range (in this example "about 5 hours ago")
>>> history.expand((now() - timedelta(days=2)).date())  # Expand all children that overlap with the day before yesterday
>>> history.expand(0)  # Shows child node 0
>>> history[0].expand()  # Expands all child nodes of node 0 (node 0 must be expanded already to see them)
>>> history[5][2].expand()  # Shows child node 2 of child node 5 with all its child nodes expanded
>>> history.search("green cup") # Semantic index search. Expands the most relevant children according to similarity of the natural language query and the node's (recursively defined) index content.
>>> history[1][42].search("bicycle") # Semantic index search on some node further down the tree. Expands the children of node 1.42 most relevant to the search term
>>> history[3].collapse_all_but(1); history[3][1].expand()  # Zooms into details of child node 3.1 while collapsing all other childs of node 3
>>> vqa("What color is the ... in this image?",
...     history[2][4][-1][0].image)  # Invoke a model to answer a visual question about image(s) of some leaf (!) node(s)

# After gathering the relevant information, answer the question:
# Use a short final answer. Optionally provide a brief reasoning only when needed.
>>> answer("...")"""

**HumanMessage**:
"""User question: Today is Oct 12, 2024 at 07:53 PM. How many days ago did you put all remote control on one armchair?"""

**AIMessage**:
"""event_date_lookup('Today is Oct 12, 2024 at 07:53 PM. How many days ago did you put all remote control on one armchair?')"""

**HumanMessage**:
""""Event date lookup for query='Today is Oct 12, 2024 at 07:53 PM. How many days ago did you put all remote control on one armchair?': event='put all remote control on one armchair', today=2024/10/12.\n1. score=0.83; days_ago=12; 2024/09/30 15:37:04 - 15:37:52: I then picked up a second remote control and placed it on the armchair, completing the task of placing both remotes on the armchair as instructed by the user.\nRecommended answer: 12 days ago""""

**HumanMessage**:
"""Current state:
2024/09/19 - 2024/10/11: "Over the past few weeks, I have consistently managed household tasks by preparing various meals, brewing coffee, and cleaning kitchenware. I also maintained the living space by organizing items like remotes and pillows, watering houseplants, and keeping the area tidy."  
  ..."""
{}
command: answer("I put all the remote controls on one armchair 12 days ago.")
expected output: 


 ============================== 


eval answer("I put all the remote controls on one armchair 12 days ago.")
Answering I put all the remote controls on one armchair 12 days ago.  with reason: None
Tokens Used: 2066
	Prompt Tokens: 1802
	Completion Tokens: 264
Successful Requests: 1
Total Cost (USD): $0.0
Evaluating sample /home/user22303471/Project/Active-H-EMV/llm_emv/setup.py:226: FutureWarning: The `get_sentence_embedding_dimension` method has been renamed to `get_embedding_dimension`.
  filter_kwargs['_embedding_dim'] = embedding_model.get_sentence_embedding_dimension()
464fb2558d308797_4110-5f3063384d77aa71_0ac8-bfa7505b440eadde_750f-249afd96389c8ae6_c966-dcc90b08c376f4dc_74ab-ebd80a433c115116_b3d7-555c981b1ecc6c8a_7c01-32e631d248583662_5835-c02445dd7a5b6f26_be05-93af984d7981fdaa_6fc9-a690a35743c855aa_4c00-b87bd55d7820c86e_8d92-345624f0e74dc947_8525-49c94e2372ffae4f_3917-2b5a33d4908ee77d_20f6-7c76f284a689ed0a_dee3-22fa2e73c63bc50f_c1a7-6ccc8b815fbc093a_5cca-32813f06255beef5_0bd5-18f6da623ba658a2_aa07-e32e722334301fa7_892d-aae955889a0ba5fa_d123-35025f516f41aba5_ba52-4b813e7c9bc088d0_8155-61e8f5910474b00b_53e6-aa310077d368fbbc_0a82-c2ffd6a81bfe2613_f91c-41b067f2ce6f3fef_8ee6-fef7c3fc3990d2e8_e2e9-fb7d765ba6874372_db67-59d897f4009147d8_1d27-a451af83aeece675_117b-e455dbf27ecaf413_8484-dd2efe33087ddc60_cb3a-48f25d2481974dee_e871-9d1c053084e66e7b_dc9f-c4c12513ffbf7d33_9e16-a76099fbab67c9da_4d48-15fa5e0caaf6a06f_46f8-fc0fe94a4c8e3a29_9052-d62a957ecbfa6792_8217-0ae40b26ad1ead81_6240-c02445dd7a5b6f26_86bd-f82346f1b273c70a_aaf6-53472cf3cabeb021_b7f8-6e26385c641764c7_fe5a-e035a44ebae9d3fd_c842-7d0db28e7d18c776_c97a-dbb41344c474217f_2e3e-8f7791c488b51c98_fa79-0-days_ago_to_episode
[配置] 启用 FAISS 加速，索引类型: flat
[GraphAug] 命中图缓存 (nodes=7003, edges=20226)
Got 0 examples


 ============================== 


eval date_lookup('Today is Oct 12, 2024 at 07:53 PM. What did you do 21 days ago?')
Updated/Defined variables after execution: {}

**SystemMessage**:
"""You are a smart humanoid robot answering user question about your past actions.
The history object contains information on what you did in the past, represented as a tree.
Use the method expand to look at details of a node.
Make sure to use collapse_all_but(idx) when you expanded irrelevant nodes, in order to keep the tree compact.
Enter Python expressions into the console to see the value and decide for the next command based on that result.
Answer concisely by calling answer("...") when you gathered enough information to answer the question.
Generate syntactically correct python console statements only, no explanations or other natural language statements.
IMPORTANT: If search() returns "No relevant records found", your next command MUST be answer("I have no record of that."). Do not search synonyms, do not expand further, and do not call vqa.
IMPORTANT: If you get "Nothing changed" twice, answer honestly that you have no record. Do NOT keep searching repeatedly. For just-before/just-after questions, first try one broader target search or inspect another relevant top-level time block before giving up.
For object yes/no questions, first use object_lookup("object name"). If it reports no matching summary, answer "No, I have no record of that." Do not call vqa unless you already have a directly relevant leaf image.
For task-list questions such as "List the tasks you performed", first use task_list(). Prefer its Recommended answer and chronological candidates instead of manually expanding the whole tree. For long histories, do not copy every task candidate verbatim unless the user explicitly asks for an exhaustive transcript.
For low-level action questions such as "what task did you perform when you toggle/open/pick up/place X", first use action_lookup("full low-level action"), for example action_lookup("open the drawer"). Do not call task_lookup first for these low-level action questions.
For task-description questions such as "describe what you did when you X", first use task_lookup("X"). Prefer its matching task candidates instead of manually expanding the whole tree. This does not apply to low-level action questions covered by action_lookup.
For exact date/time questions or "N days ago" questions asking what happened, first use date_lookup(question). Prefer its Recommended answer when it is confident instead of manually expanding by date.
For "How many days ago did you X?" or "When did you X?" questions, first use event_date_lookup(question). If it lists multiple days, include all of them in the final answer instead of only the most recent match.
For just-before or just-after questions, first use temporal_neighbor(target_task, direction="before" or "after") if a candidate is not already shown. Prefer the returned Recommended answer when it is confident. Only then inspect adjacent sibling or temporal nodes. Avoid expanding to raw leaf observations unless the summary is insufficient.
Do not call vqa for time, date, task-list, before/after, or yes/no object-existence questions when textual summaries already answer the question. Use vqa only for explicit visual appearance questions such as color, visible state, or what something looks like.
Never output bare parameters such as reasoning="..." answer="...". Always call answer("..."). You may call answer(reasoning="...", answer="...") only when a short reason is necessary.
Keep answer() short: answer under 60 words, and do not use markdown or backticks inside answer()."""

**HumanMessage**:
"""
def action_lookup(query: str, max_matches: int = 6) -> str # For low-level action questions, map raw leaf actions back to task-sized summaries
def answer(reasoning: str = None, answer: str = Ellipsis)
def ask(question: str)
def date_lookup(query: str, max_matches: int = 8) -> str # For exact date/time or N-days-ago questions, list matching history summaries directly
def event_date_lookup(query: str, max_matches: int = 12) -> str # For "how many days ago did you X" questions, find all matching event dates directly
def now() -> datetime.datetime
def object_lookup(object_name: str, max_matches: int = 8) -> str # For object yes/no questions, check whether task summaries mention the object
def task_list(max_tasks: int = 30) -> str # For task-list questions, list task-sized history summaries in chronological order
def task_lookup(query: str, max_matches: int = 8) -> str # For task-description questions, list task-sized summaries matching a query
def temporal_neighbor(target_task: str, direction: str = 'before', max_candidates: int = 6) -> str # For just-before/just-after questions, find the target task and return adjacent task candidates
def vqa(question: str, *images: PIL.Image.Image)
"""

**HumanMessage**:
"""Usage examples:
>>> history.expand()  # Shows the history tree with all child nodes expanded
>>> history.expand(date(2021, 12, 20))  # Expand the children that overlap with the given day
>>> history.expand(now() - timedelta(hours=6), now() - timedelta(hours=4))  # Expand all children that overlap with the given range (in this example "about 5 hours ago")
>>> history.expand((now() - timedelta(days=2)).date())  # Expand all children that overlap with the day before yesterday
>>> history.expand(0)  # Shows child node 0
>>> history[0].expand()  # Expands all child nodes of node 0 (node 0 must be expanded already to see them)
>>> history[5][2].expand()  # Shows child node 2 of child node 5 with all its child nodes expanded
>>> history.search("green cup") # Semantic index search. Expands the most relevant children according to similarity of the natural language query and the node's (recursively defined) index content.
>>> history[1][42].search("bicycle") # Semantic index search on some node further down the tree. Expands the children of node 1.42 most relevant to the search term
>>> history[3].collapse_all_but(1); history[3][1].expand()  # Zooms into details of child node 3.1 while collapsing all other childs of node 3
>>> vqa("What color is the ... in this image?",
...     history[2][4][-1][0].image)  # Invoke a model to answer a visual question about image(s) of some leaf (!) node(s)

# After gathering the relevant information, answer the question:
# Use a short final answer. Optionally provide a brief reasoning only when needed.
>>> answer("...")"""

**HumanMessage**:
"""User question: Today is Oct 12, 2024 at 07:53 PM. What did you do 21 days ago?"""

**AIMessage**:
"""date_lookup('Today is Oct 12, 2024 at 07:53 PM. What did you do 21 days ago?')"""

**HumanMessage**:
"""'Date lookup for query=\'Today is Oct 12, 2024 at 07:53 PM. What did you do 21 days ago?\': resolved=2024/09/21.\n1. score=0.78; 2024/09/21 08:46:20 - 08:48:00: I was instructed to make a cup of coffee. I located and picked up a mug, placed it into the coffee machine, toggled the coffee machine off and then on, and then announced the task was done, implying the coffee was made.\n2. score=0.77; 2024/09/21 08:46:20 - 08:47:40: Goal: Pickup(Mug_1) Visual observation: Mug_1, Vase_0, Vase_1, Shelf_0, Shelf_1, Shelf_2, ShelvingUnit, Floor Shelf_0, ShelvingUnit, Vase_0 are in/on Floor Speech: 2024-09-21 08:46:20.579633: make a cup of coffee 2024-09...\n3. score=0.77; 2024/09/21 08:47:41 - 08:47:51: Goal: Place(CoffeeMachine) Visual observation: Mug_1, Cup_1 [filled], StoveBurner_0, StoveBurner_1, StoveBurner_2, Cabinet_1, StoveBurner_3, Drawer_1, Cabinet_2, CounterTop_2, Knife, StoveKnob_0, StoveKnob_1 [toggled], S...\n4. score=0.77; 2024/09/21 08:47:55 - 08:47:55: Goal: ToggleOff(CoffeeMachine) Visual observation: Mug_1 [filled], Cup_1 [filled], StoveBurner_0, StoveBurner_1, StoveBurner_2, Cabinet_1, StoveBurner_3, Drawer_1, Cabinet_2, CounterTop_2, Knife, StoveKnob_0, StoveKnob_1...\n5. score=0.77; 2024/09/21 08:47:57 - 08:47:57: Goal: ToggleOn(CoffeeMachine) Visual observation: Mug_1 [filled], Cup_1 [filled], StoveBurner_0, StoveBurner_1, StoveBurner_2, Cabinet_1, StoveBurner_3, Drawer_1, Cabinet_2, CounterTop_2, Knife, StoveKnob_0, StoveKnob_1...\n6. score=0.77; 2024/09/21 08:48:00 - 08:48:00: Goal: Say("done") Visual observation: Mug_1 [filled], Cup_1 [filled], StoveBurner_0, StoveBurner_1, StoveBurner_2, Cabinet_1, StoveBurner_3, Drawer_1, Cabinet_2, CounterTop_2, Knife, StoveKnob_0, StoveKnob_1 [toggled], S...\n7. score=0.70; 2024/09/21 08:46:20 - 08:48:00: On September 21, I prepared a cup of coffee using the coffee machine.\n8. score=0.16; 2024/09/19 - 2024/10/11: Over the past few weeks, I have consistently managed household tasks by preparing various meals, brewing coffee, and cleaning kitchenware. I also maintained the living space by organizing items like remotes and pillows,...\nRecommended answer: I was instructed to make a cup of coffee. I located and picked up a mug, placed it into the coffee machine, toggled the coffee machine off and then on, and then announced the task was done, implying the coffee was made. Goal: Pickup(Mug_1) Visual observation: Mug_1, Vase_0, Vase_1, Shelf_0, Shelf_1, Shelf_2, ShelvingUnit, Floor Shelf_0, ShelvingUnit, Vase_0 are in/on Floor Speech: 2024-09-21 08:46:20.579633: make a cup of coffee 2024-09... Goal: Place(CoffeeMachine) Visual observation: Mug_1, Cup_1 [filled], StoveBurner_0, StoveBurner_1, StoveBurner_2, Cabinet_1, StoveBurner_3, Drawer_1, Cabinet_2, CounterTop_2, Knife, StoveKnob_0, StoveKnob_1 [toggled], S... Goal: ToggleOff(CoffeeMachine) Visual observation: Mug_1 [filled], Cup_1 [filled], StoveBurner_0, StoveBurner_1, StoveBurner_2, Cabinet_1, StoveBurner_3, Drawer_1, Cabinet_2, CounterTop_2, Knife, StoveKnob_0, StoveKnob_1...'"""

**HumanMessage**:
"""Current state:
2024/09/19 - 2024/10/11: "Over the past few weeks, I have consistently managed household tasks by preparing various meals, brewing coffee, and cleaning kitchenware. I also maintained the living space by organizing items like remotes and pillows, watering houseplants, and keeping the area tidy."  
  ..."""
{}
command: answer("On September 21, 2024, I made a cup of coffee. I picked up a mug, placed it in the coffee machine, and operated the machine to brew the coffee.")
expected output: 


 ============================== 


eval answer("On September 21, 2024, I made a cup of coffee. I picked up a mug, placed it in the coffee machine, and operated the machine to brew the coffee.")
Answering On September 21, 2024, I made a cup of coffee. I picked up a mug, placed it in the coffee machine, and operated the machine to brew the coffee.  with reason: None
Tokens Used: 3573
	Prompt Tokens: 2846
	Completion Tokens: 727
Successful Requests: 1
Total Cost (USD): $0.0
