Warning: You are sending unauthenticated requests to the HF Hub. Please set a HF_TOKEN to enable higher rate limits and faster downloads.

History cache audit
Selected histories: 4
Cached histories: 4
Missing histories: 0
00 cached qa_start=0 qa_count=10 episodes=50 dataset/TEACh/preprocessed_histories/valid_unseen-multi/50ep-8ff5291f2e02216cc14877f3841c5033.pkl
01 cached qa_start=10 qa_count=10 episodes=50 dataset/TEACh/preprocessed_histories/valid_unseen-multi/50ep-c179436351ca12d6ac19176f5d3e1acb.pkl
02 cached qa_start=20 qa_count=10 episodes=50 dataset/TEACh/preprocessed_histories/valid_unseen-multi/50ep-e3690f2c5e5ccdb053803f54500075bb.pkl
03 cached qa_start=30 qa_count=10 episodes=50 dataset/TEACh/preprocessed_histories/valid_unseen-multi/50ep-04ad61ab48c59b07c35386471dcf5ca3.pkl
[Checkpoint] loaded 0 result(s) from experiments/results/teach/smoke/h50_current_zs_fast_n40_patched_v1.jsonl / experiments/results/teach/smoke/h50_current_zs_fast_n40_patched_v1.json
Evaluating sample 6c24abb778c24a7c_704a-977b52faf01e6c05_d71f-01c1b8aa1820aa0b_adaf-32918ea00b69d9fe_38ff-cdf30defa61245ba_5590-2513b9a8d8ae5129_ab38-7337be5c30b1b5d1_874c-57862376ad3394a1_c9dc-32fe2fa7cc43fbc3_b8f3-0de4b62afcd06138_45f2-a966ba0c6e0d463d_ce88-25ef88cce38adfbc_1740-7504548a0dd7baf8_b148-064a69cb5d40b41f_9c2e-a690a35743c855aa_4c00-4b813e7c9bc088d0_1ce1-e4909f617bc99db4_4ab8-03379f213dfbda39_79a2-c49a96282ec09e90_5bfa-a2d31b84a569e568_fb03-88ddc0cbf1a23687_43ea-b36a8d73976068a3_6afd-c02445dd7a5b6f26_d92a-a76099fbab67c9da_4d48-c6c5c151b7b8e770_38db-60d26ec0f9c4757e_425d-9539c0004762d6a8_2eee-b2fde7ee4eb1c40f_1f95-c2ffd6a81bfe2613_f91c-81b10da74f7ac9ff_15c8-6ccc8b815fbc093a_e921-5aa3cbd322d4f163_402a-52e190f2e5f3b790_edbb-71392179ff5e728f_d7fe-4e893adaff5699af_ab4f-6f4aca312776de7b_97f3-4e88e46c6584bd85_21d2-eef61c8f3cdd8280_c537-bfb3e4eaf7ba458f_81db-af3fc77ab8313235_5b72-dbb41344c474217f_ee0e-498d06abfb7e9487_5c19-36492265af47de94_a352-9c97a83f60095487_02d9-0d1a67f82b3b5854_d74d-2f8d482d22e56fdd_410e-5c12b219bbb5bc07_6008-4aafdc038df138e8_58f0-474a8460bc35eb12_20d0-0f0664338151d4ac_5c06-0-sequence_of_task_descs
Loading weights:   0%|          | 0/199 [00:00<?, ?it/s]Loading weights: 100%|██████████| 199/199 [00:00<00:00, 4963.64it/s]
[1mMPNetModel LOAD REPORT[0m from: sentence-transformers/all-mpnet-base-v2
Key                     | Status     |  | 
------------------------+------------+--+-
embeddings.position_ids | UNEXPECTED |  | 

Notes:
- UNEXPECTED:	can be ignored when loading from different task/architecture; not ok if you expect identical arch.
/home/user22303471/Project/Active-H-EMV/llm_emv/setup.py:226: FutureWarning: The `get_sentence_embedding_dimension` method has been renamed to `get_embedding_dimension`.
  filter_kwargs['_embedding_dim'] = embedding_model.get_sentence_embedding_dimension()
/home/user22303471/Project/Active-H-EMV/llm_emv/setup.py:183: FutureWarning: The `get_sentence_embedding_dimension` method has been renamed to `get_embedding_dimension`.
  result = torch.empty(len(texts), embedding_model.get_sentence_embedding_dimension(),
[配置] 启用 FAISS 加速，索引类型: flat
[GraphAug] 开始构建记忆图...
[MemoryGraph] 收集到 4933 个事件节点
[MemoryGraph] 时间相邻边: 3925
[MemoryGraph] 共享物体边: 10980
[MemoryGraph] 唯一动作数: 395, 相似动作对: 786
[MemoryGraph] 相似动作边: 1527
[MemoryGraph] 图构建完成: {'num_nodes': 4933, 'num_edges': 16432, 'edges_temporal_adjacent': 3925, 'edges_co_object': 10980, 'edges_similar_action': 1527}
[GraphAug] 记忆图构建完成
Got 0 examples


 ============================== 


eval task_list()
Updated/Defined variables after execution: {}

**SystemMessage**:
"""You are a smart humanoid robot answering user question about your past actions.
The history object contains information on what you did in the past, represented as a tree.
Use the method expand to look at details of a node.
Make sure to use collapse_all_but(idx) when you expanded irrelevant nodes, in order to keep the tree compact.
Enter Python expressions into the console to see the value and decide for the next command based on that result.
Answer concisely by calling answer(reasoning="...", answer="...") when you gathered enough information to answer the question.
Generate syntactically correct python console statements only, no explanations or other natural language statements.
IMPORTANT: If search() returns "No relevant records found", your next command MUST be answer(reasoning="No relevant record was found.", answer="I have no record of that."). Do not search synonyms, do not expand further, and do not call vqa.
IMPORTANT: If you get "Nothing changed" twice, answer honestly that you have no record. Do NOT keep searching repeatedly. For just-before/just-after questions, first try one broader target search or inspect another relevant top-level time block before giving up.
For object yes/no questions, first use object_lookup("object name"). If it reports no matching summary, answer "No, I have no record of that." Do not call vqa unless you already have a directly relevant leaf image.
For task-list questions such as "List the tasks you performed", first use task_list(). Prefer its Recommended answer and chronological candidates instead of manually expanding the whole tree. For long histories, do not copy every task candidate verbatim unless the user explicitly asks for an exhaustive transcript.
For task-description questions such as "describe what you did when you X", first use task_lookup("X"). Prefer its matching task candidates instead of manually expanding the whole tree.
For exact date/time questions or "N days ago" questions asking what happened, first use date_lookup(question). Prefer its Recommended answer when it is confident instead of manually expanding by date.
For "How many days ago did you X?" or "When did you X?" questions, first use event_date_lookup(question). If it lists multiple days, include all of them in the final answer instead of only the most recent match.
For just-before or just-after questions, first use temporal_neighbor(target_task, direction="before" or "after") if a candidate is not already shown. Prefer the returned Recommended answer when it is confident. Only then inspect adjacent sibling or temporal nodes. Avoid expanding to raw leaf observations unless the summary is insufficient.
Do not call vqa for time, date, task-list, before/after, or yes/no object-existence questions when textual summaries already answer the question. Use vqa only for explicit visual appearance questions such as color, visible state, or what something looks like.
Never output bare parameters such as reasoning="..." answer="...". Always call answer(reasoning="...", answer="...")."""

**HumanMessage**:
"""
def answer(reasoning: str = None, answer: str = Ellipsis)
def ask(question: str)
def date_lookup(query: str, max_matches: int = 8) -> str # For exact date/time or N-days-ago questions, list matching history summaries directly
def event_date_lookup(query: str, max_matches: int = 12) -> str # For "how many days ago did you X" questions, find all matching event dates directly
def now() -> datetime.datetime
def object_lookup(object_name: str, max_matches: int = 8) -> str # For object yes/no questions, check whether task summaries mention the object
def task_list(max_tasks: int = 30) -> str # For task-list questions, list task-sized history summaries in chronological order
def task_lookup(query: str, max_matches: int = 8) -> str # For task-description questions, list task-sized summaries matching a query
def temporal_neighbor(target_task: str, direction: str = 'before', max_candidates: int = 6) -> str # For just-before/just-after questions, find the target task and return adjacent task candidates
def vqa(question: str, *images: PIL.Image.Image)
"""

**HumanMessage**:
"""Usage examples:
>>> history.expand()  # Shows the history tree with all child nodes expanded
>>> history.expand(date(2021, 12, 20))  # Expand the children that overlap with the given day
>>> history.expand(now() - timedelta(hours=6), now() - timedelta(hours=4))  # Expand all children that overlap with the given range (in this example "about 5 hours ago")
>>> history.expand((now() - timedelta(days=2)).date())  # Expand all children that overlap with the day before yesterday
>>> history.expand(0)  # Shows child node 0
>>> history[0].expand()  # Expands all child nodes of node 0 (node 0 must be expanded already to see them)
>>> history[5][2].expand()  # Shows child node 2 of child node 5 with all its child nodes expanded
>>> history.search("green cup") # Semantic index search. Expands the most relevant children according to similarity of the natural language query and the node's (recursively defined) index content.
>>> history[1][42].search("bicycle") # Semantic index search on some node further down the tree. Expands the children of node 1.42 most relevant to the search term
>>> history[3].collapse_all_but(1); history[3][1].expand()  # Zooms into details of child node 3.1 while collapsing all other childs of node 3
>>> vqa("What color is the ... in this image?",
...     history[2][4][-1][0].image)  # Invoke a model to answer a visual question about image(s) of some leaf (!) node(s)

# After gathering the relevant information, answer the question:
# Optionally, provide a reasoning on why you choose the respective answer
>>> answer(reasoning="...", answer="...")"""

**HumanMessage**:
"""User question: List the tasks you performed."""

**AIMessage**:
"""task_list()"""

**HumanMessage**:
""""Task list candidates in chronological order:\nUse these as evidence. If there are many candidates, do not copy every candidate verbatim; use the Recommended answer unless the user explicitly asks for an exhaustive transcript.\n1. 2023/07/13 10:37 - 10:40: I located and retrieved a loaf of bread from the lower cabinet and placed it on the countertop.\n2. 2023/07/13 14:04 - 14:08: In response to an instruction to microwave a potato, I first moved an egg out of the way, then retrieved a potato from the sink, cooked it in the microwave, and placed it on the countertop.\n3. 2023/07/13 14:08 - 14:11: Following a new instruction to prepare potato slices, I retrieved a knife from a garbage can to slice the cooked potato. I then emptied a bowl and placed two potato slices into it, completing the task.\n4. 2023/07/16 12:06 - 12:09: I began preparing to clean two dirty plates by clearing the sink, moving a bowl to the countertop. I then retrieved a second dirty plate from a cabinet and placed it on the countertop.\n5. 2023/07/17 08:11 - 08:17: Following the user's instruction to microwave a potato, I picked one up from a shelf. I then cleared the microwave by removing an apple and a salt shaker, placed the potato inside, cooked it, and finally placed the cooked potato on the coun...\n6. 2023/07/17 14:26 - 14:29: I started making toast by retrieving bread and a knife from the fridge, slicing the bread, and then toasting one slice as per user clarification.\n7. 2023/07/17 14:29 - 14:32: I prepared to serve the toast by getting a plate from the fridge, then finding another plate in the upper cabinets after a user prompt. I then toasted a second slice of bread, placed the finished toast on the first plate, and announced task...\n8. 2023/07/18 13:37 - 13:42: I prepared a sandwich by slicing bread, toasting two slices, and then slicing a tomato. I then assembled the sandwich by placing the toasted bread and tomato slices onto a plate, completing the user's request.\n9. 2023/07/18 17:38 - 17:48: Upon being instructed to cook five potato slices, I first searched for a knife, which I then used to slice a potato. I proceeded to cook the five slices in a pan on the stove. Finally, I moved the cooked potato slices to a plate and confirm...\n10. 2023/07/19 08:45 - 09:00: I prepared a sandwich by picking up bread, finding a knife, slicing and toasting the bread. I then cleared the sink, washed a dirty plate, and placed the toasted bread on it, completing the sandwich preparation as confirmed by the user.\n11. 2023/07/19 17:03 - 17:09: I was instructed to clean mugs and make coffee. I picked up a dirty cup and placed it in the sink, then took a filled mug, emptied it, and started the coffee machine. While the coffee brewed, I rinsed the dirty cup in the sink and emptied a...\n12. 2023/07/21 09:16 - 09:22: I prepared ingredients for a sandwich by slicing and toasting two slices of bread, and then slicing lettuce and a tomato.\n13. 2023/07/21 09:22 - 09:32: I cleaned a plate, and then began assembling the sandwich by placing toast, lettuce, and tomato on the plate. After a correction, I reorganized the ingredients and added a newly toasted slice of bread to complete the sandwich on the plate.\n14. 2023/07/21 15:56 - 16:00: I picked up the butter knife again and used it to slice lettuce and tomato, placing all the sliced items on the countertop.\n15. 2023/07/22 19:24 - 19:32: The user instructed me to prepare a salad with lettuce, tomato, and potato. I searched for ingredients, then used a knife to slice lettuce, tomato, and potato. I cooked the potato slices in a pan and assembled all ingredients on a plate, co...\n16. 2023/07/23 08:00 - 08:06: I was asked to make coffee. I first rinsed a dirty mug in the sink. Following a series of user instructions, I operated the coffee machine three times to fill the mug, correcting a mistake where I briefly placed the mug on the counter befor...\n17. 2023/07/23 19:49 - 19:54: I was asked to place the tissue boxes on the side tables. I picked up the first tissue box and placed it on one side table, then picked up the second tissue box and placed it on another side table to complete the task.\n18. 2023/07/24 15:07 - 15:11: I was instructed to clean the drinkware. I picked up a dirty cup from the counter, brought it to the sink, and placed it in the basin. I then retrieved a dirty mug from the counter and also placed it in the sink. Finally, I turned the fauce...\n19. 2023/07/24 16:12 - 16:15: I retrieved a dirty plate from a chair and prepared the sink for washing by moving a soap bottle and an egg out of the basin. I also moved a potato to the countertop before washing the plate and declaring it clean.\n20. 2023/07/25 16:32 - 16:36: I picked up a knife and then boiled a potato as instructed, placing it in a pot on the stove and turning it on. After cooking, I placed the pot back on the stove and asked the user if they wanted another potato boiled.\n21. 2023/07/25 18:42 - 18:49: Following the instruction to cook a potato, I retrieved it from a bookshelf, cooked it on the stove, and sliced it. Afterwards, I got a plate from the fridge and placed the potato slices on it.\n22. 2023/07/26 18:10 - 18:14: I retrieved a tomato from the fridge/cabinet, sliced it, and placed a slice on a plate as instructed by the user.\n23. 2023/07/29 14:40 - 14:44: I received an instruction to boil a potato. I retrieved a pot from the fridge, emptied it, and then got the potato from the microwave, placing it inside the pot. I also cleared some items from the countertop to make space.\n24. 2023/07/29 14:44 - 14:47: I filled the pot with water at the sink, moved it to the countertop, and cleared other items like a dirty pot and a dirty pan from the stove. After briefly adjusting the water level, I placed the pot on the stove burner to boil the potato a...\n25. 2023/07/29 16:06 - 16:09: Following the user's instructions, I retrieved a knife from a shelf, took lettuce out of the fridge, and sliced it on the countertop.\n26. 2023/07/30 11:05 - 11:09: I prepared for the task by retrieving a potato and a knife, slicing the potato, and placing three slices onto a plate.\n27. 2023/07/30 11:09 - 11:15: Since the microwave was occupied, I cleaned a pan and used the stove to cook the three potato slices before placing them back on the plate to complete the task.\n28. 2023/08/01 18:56 - 19:01: I was asked to slice and cook a potato. I mistakenly picked up a tomato, but then used a knife to slice both the tomato and a potato. I cooked one potato slice in a pan on the stove. Finally, I assembled the dish by placing the cooked potat...\n29. 2023/08/02 10:38 - 10:49: The user asked me to slice some lettuce and place it on a clean plate. I retrieved a knife, sliced the lettuce inside the fridge, washed a dirty plate, and then placed a lettuce slice onto the clean plate to complete the request.\n30. 2023/08/02 10:58 - 11:12: I completed two consecutive tasks: first, I prepared two cups of coffee by washing the mugs and using the coffee machine, and then I sliced an apple and placed the slices into two bowls.\nRecommended answer: From 2023/07/13 to 2023/08/02, I performed 30 recorded task groups, including bread, toast, and sandwich preparation; potato cooking and slicing; salad, lettuce, and tomato preparation; coffee and drinkware tasks; dish, plate, bowl, and pan cleaning; household organization tasks; plant watering.""""

**HumanMessage**:
"""Current state:
2023/07/13 - 2023/08/04: "From July 13th to August 4th, I consistently performed a variety of daily kitchen and household tasks, including preparing diverse meals like toast, sandwiches, cooked potatoes, salads, and coffee, along with routine activities such as watering houseplants, cleaning dishes, and organizing various items including credit cards, remotes, tissue boxes, pencils, newspapers, and watches."  
  ..."""
{}
command: /home/user22303471/Project/Active-H-EMV/llm_emv/setup.py:226: FutureWarning: The `get_sentence_embedding_dimension` method has been renamed to `get_embedding_dimension`.
  filter_kwargs['_embedding_dim'] = embedding_model.get_sentence_embedding_dimension()
/home/user22303471/Project/Active-H-EMV/llm_emv/setup.py:183: FutureWarning: The `get_sentence_embedding_dimension` method has been renamed to `get_embedding_dimension`.
  result = torch.empty(len(texts), embedding_model.get_sentence_embedding_dimension(),
answer(reasoning="The task_list() function provided a summary of all recorded task groups.", answer="From 2023/07/13 to 2023/08/02, I performed 30 recorded task groups, including bread, toast, and sandwich preparation; potato cooking and slicing; salad, lettuce, and tomato preparation; coffee and drinkware tasks; dish, plate, bowl, and pan cleaning; household organization tasks; plant watering.")
expected output: 


 ============================== 


eval answer(reasoning="The task_list() function provided a summary of all recorded task groups.", answer="From 2023/07/13 to 2023/08/02, I performed 30 recorded task groups, including bread, toast, and sandwich preparation; potato cooking and slicing; salad, lettuce, and tomato preparation; coffee and drinkware tasks; dish, plate, bowl, and pan cleaning; household organization tasks; plant watering.")
Answering From 2023/07/13 to 2023/08/02, I performed 30 recorded task groups, including bread, toast, and sandwich preparation; potato cooking and slicing; salad, lettuce, and tomato preparation; coffee and drinkware tasks; dish, plate, bowl, and pan cleaning; household organization tasks; plant watering.  with reason: The task_list() function provided a summary of all recorded task groups.
Tokens Used: 3851
	Prompt Tokens: 3709
	Completion Tokens: 142
Successful Requests: 1
Total Cost (USD): $0.0
Evaluating sample 6c24abb778c24a7c_704a-977b52faf01e6c05_d71f-01c1b8aa1820aa0b_adaf-32918ea00b69d9fe_38ff-cdf30defa61245ba_5590-2513b9a8d8ae5129_ab38-7337be5c30b1b5d1_874c-57862376ad3394a1_c9dc-32fe2fa7cc43fbc3_b8f3-0de4b62afcd06138_45f2-a966ba0c6e0d463d_ce88-25ef88cce38adfbc_1740-7504548a0dd7baf8_b148-064a69cb5d40b41f_9c2e-a690a35743c855aa_4c00-4b813e7c9bc088d0_1ce1-e4909f617bc99db4_4ab8-03379f213dfbda39_79a2-c49a96282ec09e90_5bfa-a2d31b84a569e568_fb03-88ddc0cbf1a23687_43ea-b36a8d73976068a3_6afd-c02445dd7a5b6f26_d92a-a76099fbab67c9da_4d48-c6c5c151b7b8e770_38db-60d26ec0f9c4757e_425d-9539c0004762d6a8_2eee-b2fde7ee4eb1c40f_1f95-c2ffd6a81bfe2613_f91c-81b10da74f7ac9ff_15c8-6ccc8b815fbc093a_e921-5aa3cbd322d4f163_402a-52e190f2e5f3b790_edbb-71392179ff5e728f_d7fe-4e893adaff5699af_ab4f-6f4aca312776de7b_97f3-4e88e46c6584bd85_21d2-eef61c8f3cdd8280_c537-bfb3e4eaf7ba458f_81db-af3fc77ab8313235_5b72-dbb41344c474217f_ee0e-498d06abfb7e9487_5c19-36492265af47de94_a352-9c97a83f60095487_02d9-0d1a67f82b3b5854_d74d-2f8d482d22e56fdd_410e-5c12b219bbb5bc07_6008-4aafdc038df138e8_58f0-474a8460bc35eb12_20d0-0f0664338151d4ac_5c06-0-seq_specific_shortened_low_actions
[配置] 启用 FAISS 加速，索引类型: flat
[GraphAug] 命中图缓存 (nodes=4933, edges=16432)
Got 0 examples


 ============================== 


eval task_lookup('clean all the pans')
Updated/Defined variables after execution: {}

**SystemMessage**:
"""You are a smart humanoid robot answering user question about your past actions.
The history object contains information on what you did in the past, represented as a tree.
Use the method expand to look at details of a node.
Make sure to use collapse_all_but(idx) when you expanded irrelevant nodes, in order to keep the tree compact.
Enter Python expressions into the console to see the value and decide for the next command based on that result.
Answer concisely by calling answer(reasoning="...", answer="...") when you gathered enough information to answer the question.
Generate syntactically correct python console statements only, no explanations or other natural language statements.
IMPORTANT: If search() returns "No relevant records found", your next command MUST be answer(reasoning="No relevant record was found.", answer="I have no record of that."). Do not search synonyms, do not expand further, and do not call vqa.
IMPORTANT: If you get "Nothing changed" twice, answer honestly that you have no record. Do NOT keep searching repeatedly. For just-before/just-after questions, first try one broader target search or inspect another relevant top-level time block before giving up.
For object yes/no questions, first use object_lookup("object name"). If it reports no matching summary, answer "No, I have no record of that." Do not call vqa unless you already have a directly relevant leaf image.
For task-list questions such as "List the tasks you performed", first use task_list(). Prefer its Recommended answer and chronological candidates instead of manually expanding the whole tree. For long histories, do not copy every task candidate verbatim unless the user explicitly asks for an exhaustive transcript.
For task-description questions such as "describe what you did when you X", first use task_lookup("X"). Prefer its matching task candidates instead of manually expanding the whole tree.
For exact date/time questions or "N days ago" questions asking what happened, first use date_lookup(question). Prefer its Recommended answer when it is confident instead of manually expanding by date.
For "How many days ago did you X?" or "When did you X?" questions, first use event_date_lookup(question). If it lists multiple days, include all of them in the final answer instead of only the most recent match.
For just-before or just-after questions, first use temporal_neighbor(target_task, direction="before" or "after") if a candidate is not already shown. Prefer the returned Recommended answer when it is confident. Only then inspect adjacent sibling or temporal nodes. Avoid expanding to raw leaf observations unless the summary is insufficient.
Do not call vqa for time, date, task-list, before/after, or yes/no object-existence questions when textual summaries already answer the question. Use vqa only for explicit visual appearance questions such as color, visible state, or what something looks like.
Never output bare parameters such as reasoning="..." answer="...". Always call answer(reasoning="...", answer="...")."""

**HumanMessage**:
"""
def answer(reasoning: str = None, answer: str = Ellipsis)
def ask(question: str)
def date_lookup(query: str, max_matches: int = 8) -> str # For exact date/time or N-days-ago questions, list matching history summaries directly
def event_date_lookup(query: str, max_matches: int = 12) -> str # For "how many days ago did you X" questions, find all matching event dates directly
def now() -> datetime.datetime
def object_lookup(object_name: str, max_matches: int = 8) -> str # For object yes/no questions, check whether task summaries mention the object
def task_list(max_tasks: int = 30) -> str # For task-list questions, list task-sized history summaries in chronological order
def task_lookup(query: str, max_matches: int = 8) -> str # For task-description questions, list task-sized summaries matching a query
def temporal_neighbor(target_task: str, direction: str = 'before', max_candidates: int = 6) -> str # For just-before/just-after questions, find the target task and return adjacent task candidates
def vqa(question: str, *images: PIL.Image.Image)
"""

**HumanMessage**:
/home/user22303471/Project/Active-H-EMV/llm_emv/setup.py:183: FutureWarning: The `get_sentence_embedding_dimension` method has been renamed to `get_embedding_dimension`.
  result = torch.empty(len(texts), embedding_model.get_sentence_embedding_dimension(),
"""Usage examples:
>>> history.expand()  # Shows the history tree with all child nodes expanded
>>> history.expand(date(2021, 12, 20))  # Expand the children that overlap with the given day
>>> history.expand(now() - timedelta(hours=6), now() - timedelta(hours=4))  # Expand all children that overlap with the given range (in this example "about 5 hours ago")
>>> history.expand((now() - timedelta(days=2)).date())  # Expand all children that overlap with the day before yesterday
>>> history.expand(0)  # Shows child node 0
>>> history[0].expand()  # Expands all child nodes of node 0 (node 0 must be expanded already to see them)
>>> history[5][2].expand()  # Shows child node 2 of child node 5 with all its child nodes expanded
>>> history.search("green cup") # Semantic index search. Expands the most relevant children according to similarity of the natural language query and the node's (recursively defined) index content.
>>> history[1][42].search("bicycle") # Semantic index search on some node further down the tree. Expands the children of node 1.42 most relevant to the search term
>>> history[3].collapse_all_but(1); history[3][1].expand()  # Zooms into details of child node 3.1 while collapsing all other childs of node 3
>>> vqa("What color is the ... in this image?",
...     history[2][4][-1][0].image)  # Invoke a model to answer a visual question about image(s) of some leaf (!) node(s)

# After gathering the relevant information, answer the question:
# Optionally, provide a reasoning on why you choose the respective answer
>>> answer(reasoning="...", answer="...")"""

**HumanMessage**:
"""User question: describe what you did when you clean all the pans."""

**AIMessage**:
"""task_lookup('clean all the pans')"""

**HumanMessage**:
""""Task lookup candidates for query='clean all the pans':\n1. score=0.81; 2023/07/21 09:22 - 09:32: I cleaned a plate, and then began assembling the sandwich by placing toast, lettuce, and tomato on the plate. After a correction, I reorganized the ingredients and added a newly toasted slice of bread to complete the sandwich on the plate.\n2. score=0.81; 2023/07/30 11:09 - 11:15: Since the microwave was occupied, I cleaned a pan and used the stove to cook the three potato slices before placing them back on the plate to complete the task.\n3. score=0.80; 2023/07/16 12:06 - 13:12: On July 16th, I cleaned two dirty plates and a dirty pan, clearing the sink basin as needed for both tasks.\n4. score=0.79; 2023/07/30 11:14:24 - 11:15:09: Finally, I moved the three cooked potato slices from the pan to the plate as instructed and confirmed the task was complete.\n5. score=0.76; 2023/07/24 15:07 - 15:11: I was instructed to clean the drinkware. I picked up a dirty cup from the counter, brought it to the sink, and placed it in the basin. I then retrieved a dirty mug from the counter and also placed it in the sink. Finally, I turned the fauce...\n6. score=0.74; 2023/07/16 13:10:02 - 13:12:13: I cleaned a dirty pan from the stove. To do this, I temporarily placed it on the countertop while I cleared the obstructed sink by moving several items out of the basin. Then, I placed the pan in the sink, rinsed it by turning the faucet on...\n7. score=0.72; 2023/07/21 09:16 - 09:32: I prepared ingredients for a sandwich by slicing and toasting bread, slicing lettuce and tomato, then cleaned a plate and assembled the sandwich with toast, lettuce, and tomato, making adjustments as needed to complete it.\n8. score=0.71; 2023/07/13 10:41:28 - 10:43:40: I found a dirty plate and moved it to the countertop while searching for a way to clean it.\nRecommended answer: I cleaned a plate, and then began assembling the sandwich by placing toast, lettuce, and tomato on the plate. After a co...; Since the microwave was occupied, I cleaned a pan and used the stove to cook the three potato slices before placing them...; I cleaned two dirty plates and a dirty pan, clearing the sink basin as needed for both tasks.""""

**HumanMessage**:
"""Current state:
2023/07/13 - 2023/08/04: "From July 13th to August 4th, I consistently performed a variety of daily kitchen and household tasks, including preparing diverse meals like toast, sandwiches, cooked potatoes, salads, and coffee, along with routine activities such as watering houseplants, cleaning dishes, and organizing various items including credit cards, remotes, tissue boxes, pencils, newspapers, and watches."  
  ..."""
{}
command: history.search("clean all the pans")
expected output: 


 ============================== 


eval history.search("clean all the pans")
Updated/Defined variables after execution: {}

**SystemMessage**:
"""You are a smart humanoid robot answering user question about your past actions.
The history object contains information on what you did in the past, represented as a tree.
Use the method expand to look at details of a node.
Make sure to use collapse_all_but(idx) when you expanded irrelevant nodes, in order to keep the tree compact.
Enter Python expressions into the console to see the value and decide for the next command based on that result.
Answer concisely by calling answer(reasoning="...", answer="...") when you gathered enough information to answer the question.
Generate syntactically correct python console statements only, no explanations or other natural language statements.
IMPORTANT: If search() returns "No relevant records found", your next command MUST be answer(reasoning="No relevant record was found.", answer="I have no record of that."). Do not search synonyms, do not expand further, and do not call vqa.
IMPORTANT: If you get "Nothing changed" twice, answer honestly that you have no record. Do NOT keep searching repeatedly. For just-before/just-after questions, first try one broader target search or inspect another relevant top-level time block before giving up.
For object yes/no questions, first use object_lookup("object name"). If it reports no matching summary, answer "No, I have no record of that." Do not call vqa unless you already have a directly relevant leaf image.
For task-list questions such as "List the tasks you performed", first use task_list(). Prefer its Recommended answer and chronological candidates instead of manually expanding the whole tree. For long histories, do not copy every task candidate verbatim unless the user explicitly asks for an exhaustive transcript.
For task-description questions such as "describe what you did when you X", first use task_lookup("X"). Prefer its matching task candidates instead of manually expanding the whole tree.
For exact date/time questions or "N days ago" questions asking what happened, first use date_lookup(question). Prefer its Recommended answer when it is confident instead of manually expanding by date.
For "How many days ago did you X?" or "When did you X?" questions, first use event_date_lookup(question). If it lists multiple days, include all of them in the final answer instead of only the most recent match.
For just-before or just-after questions, first use temporal_neighbor(target_task, direction="before" or "after") if a candidate is not already shown. Prefer the returned Recommended answer when it is confident. Only then inspect adjacent sibling or temporal nodes. Avoid expanding to raw leaf observations unless the summary is insufficient.
Do not call vqa for time, date, task-list, before/after, or yes/no object-existence questions when textual summaries already answer the question. Use vqa only for explicit visual appearance questions such as color, visible state, or what something looks like.
Never output bare parameters such as reasoning="..." answer="...". Always call answer(reasoning="...", answer="...")."""

**HumanMessage**:
/home/user22303471/Project/Active-H-EMV/llm_emv/setup.py:226: FutureWarning: The `get_sentence_embedding_dimension` method has been renamed to `get_embedding_dimension`.
  filter_kwargs['_embedding_dim'] = embedding_model.get_sentence_embedding_dimension()
/home/user22303471/Project/Active-H-EMV/llm_emv/setup.py:183: FutureWarning: The `get_sentence_embedding_dimension` method has been renamed to `get_embedding_dimension`.
  result = torch.empty(len(texts), embedding_model.get_sentence_embedding_dimension(),
"""
def answer(reasoning: str = None, answer: str = Ellipsis)
def ask(question: str)
def date_lookup(query: str, max_matches: int = 8) -> str # For exact date/time or N-days-ago questions, list matching history summaries directly
def event_date_lookup(query: str, max_matches: int = 12) -> str # For "how many days ago did you X" questions, find all matching event dates directly
def now() -> datetime.datetime
def object_lookup(object_name: str, max_matches: int = 8) -> str # For object yes/no questions, check whether task summaries mention the object
def task_list(max_tasks: int = 30) -> str # For task-list questions, list task-sized history summaries in chronological order
def task_lookup(query: str, max_matches: int = 8) -> str # For task-description questions, list task-sized summaries matching a query
def temporal_neighbor(target_task: str, direction: str = 'before', max_candidates: int = 6) -> str # For just-before/just-after questions, find the target task and return adjacent task candidates
def vqa(question: str, *images: PIL.Image.Image)
"""

**HumanMessage**:
"""Usage examples:
>>> history.expand()  # Shows the history tree with all child nodes expanded
>>> history.expand(date(2021, 12, 20))  # Expand the children that overlap with the given day
>>> history.expand(now() - timedelta(hours=6), now() - timedelta(hours=4))  # Expand all children that overlap with the given range (in this example "about 5 hours ago")
>>> history.expand((now() - timedelta(days=2)).date())  # Expand all children that overlap with the day before yesterday
>>> history.expand(0)  # Shows child node 0
>>> history[0].expand()  # Expands all child nodes of node 0 (node 0 must be expanded already to see them)
>>> history[5][2].expand()  # Shows child node 2 of child node 5 with all its child nodes expanded
>>> history.search("green cup") # Semantic index search. Expands the most relevant children according to similarity of the natural language query and the node's (recursively defined) index content.
>>> history[1][42].search("bicycle") # Semantic index search on some node further down the tree. Expands the children of node 1.42 most relevant to the search term
>>> history[3].collapse_all_but(1); history[3][1].expand()  # Zooms into details of child node 3.1 while collapsing all other childs of node 3
>>> vqa("What color is the ... in this image?",
...     history[2][4][-1][0].image)  # Invoke a model to answer a visual question about image(s) of some leaf (!) node(s)

# After gathering the relevant information, answer the question:
# Optionally, provide a reasoning on why you choose the respective answer
>>> answer(reasoning="...", answer="...")"""

**HumanMessage**:
"""User question: describe what you did when you clean all the pans."""

**AIMessage**:
"""task_lookup('clean all the pans')"""

**HumanMessage**:
""""Task lookup candidates for query='clean all the pans':\n1. score=0.81; 2023/07/21 09:22 - 09:32: I cleaned a plate, and then began assembling the sandwich by placing toast, lettuce, and tomato on the plate. After a correction, I reorganized the ingredients and added a newly toasted slice of bread to complete the sandwich on the plate.\n2. score=0.81; 2023/07/30 11:09 - 11:15: Since the microwave was occupied, I cleaned a pan and used the stove to cook the three potato slices before placing them back on the plate to complete the task.\n3. score=0.80; 2023/07/16 12:06 - 13:12: On July 16th, I cleaned two dirty plates and a dirty pan, clearing the sink basin as needed for both tasks.\n4. score=0.79; 2023/07/30 11:14:24 - 11:15:09: Finally, I moved the three cooked potato slices from the pan to the plate as instructed and confirmed the task was complete.\n5. score=0.76; 2023/07/24 15:07 - 15:11: I was instructed to clean the drinkware. I picked up a dirty cup from the counter, brought it to the sink, and placed it in the basin. I then retrieved a dirty mug from the counter and also placed it in the sink. Finally, I turned the fauce...\n6. score=0.74; 2023/07/16 13:10:02 - 13:12:13: I cleaned a dirty pan from the stove. To do this, I temporarily placed it on the countertop while I cleared the obstructed sink by moving several items out of the basin. Then, I placed the pan in the sink, rinsed it by turning the faucet on...\n7. score=0.72; 2023/07/21 09:16 - 09:32: I prepared ingredients for a sandwich by slicing and toasting bread, slicing lettuce and tomato, then cleaned a plate and assembled the sandwich with toast, lettuce, and tomato, making adjustments as needed to complete it.\n8. score=0.71; 2023/07/13 10:41:28 - 10:43:40: I found a dirty plate and moved it to the countertop while searching for a way to clean it.\nRecommended answer: I cleaned a plate, and then began assembling the sandwich by placing toast, lettuce, and tomato on the plate. After a co...; Since the microwave was occupied, I cleaned a pan and used the stove to cook the three potato slices before placing them...; I cleaned two dirty plates and a dirty pan, clearing the sink basin as needed for both tasks.""""

**AIMessage**:
"""history.search("clean all the pans")"""

**HumanMessage**:
"""Current state:
2023/07/13 - 2023/08/04: "From July 13th to August 4th, I consistently performed a variety of daily kitchen and household tasks, including preparing diverse meals like toast, sandwiches, cooked potatoes, salads, and coffee, along with routine activities such as watering houseplants, cleaning dishes, and organizing various items including credit cards, remotes, tissue boxes, pencils, newspapers, and watches."  
  0: 2023/07/13 - 2023/07/21: "From July 13th to July 21st, I performed various daily kitchen and household tasks, including preparing meals such as toast, sandwiches, and cooked potatoes, watering houseplants, cleaning dishes, and organizing items like credit cards and remotes."  
    ...
  ..."""
{}
command: I have no record of cleaning all the pans. I have records of cleaning individual pans or plates.
expected output: 
[代码清理] 将纯自然语言最终回复包装为 answer(answer=...)


 ============================== 


eval answer(answer='I have no record of cleaning all the pans. I have records of cleaning individual pans or plates.')
Answering I have no record of cleaning all the pans. I have records of cleaning individual pans or plates.  with reason: None
Tokens Used: 4566
	Prompt Tokens: 4433
	Completion Tokens: 133
Successful Requests: 2
Total Cost (USD): $0.0
Evaluating sample 6c24abb778c24a7c_704a-977b52faf01e6c05_d71f-01c1b8aa1820aa0b_adaf-32918ea00b69d9fe_38ff-cdf30defa61245ba_5590-2513b9a8d8ae5129_ab38-7337be5c30b1b5d1_874c-57862376ad3394a1_c9dc-32fe2fa7cc43fbc3_b8f3-0de4b62afcd06138_45f2-a966ba0c6e0d463d_ce88-25ef88cce38adfbc_1740-7504548a0dd7baf8_b148-064a69cb5d40b41f_9c2e-a690a35743c855aa_4c00-4b813e7c9bc088d0_1ce1-e4909f617bc99db4_4ab8-03379f213dfbda39_79a2-c49a96282ec09e90_5bfa-a2d31b84a569e568_fb03-88ddc0cbf1a23687_43ea-b36a8d73976068a3_6afd-c02445dd7a5b6f26_d92a-a76099fbab67c9da_4d48-c6c5c151b7b8e770_38db-60d26ec0f9c4757e_425d-9539c0004762d6a8_2eee-b2fde7ee4eb1c40f_1f95-c2ffd6a81bfe2613_f91c-81b10da74f7ac9ff_15c8-6ccc8b815fbc093a_e921-5aa3cbd322d4f163_402a-52e190f2e5f3b790_edbb-71392179ff5e728f_d7fe-4e893adaff5699af_ab4f-6f4aca312776de7b_97f3-4e88e46c6584bd85_21d2-eef61c8f3cdd8280_c537-bfb3e4eaf7ba458f_81db-af3fc77ab8313235_5b72-dbb41344c474217f_ee0e-498d06abfb7e9487_5c19-36492265af47de94_a352-9c97a83f60095487_02d9-0d1a67f82b3b5854_d74d-2f8d482d22e56fdd_410e-5c12b219bbb5bc07_6008-4aafdc038df138e8_58f0-474a8460bc35eb12_20d0-0f0664338151d4ac_5c06-0-seq_right_after_questions
[配置] 启用 FAISS 加速，索引类型: flat
[GraphAug] 命中图缓存 (nodes=4933, edges=16432)
Got 0 examples


 ============================== 


eval temporal_neighbor('put all book on any bed', direction='after')
Updated/Defined variables after execution: {}

**SystemMessage**:
"""You are a smart humanoid robot answering user question about your past actions.
The history object contains information on what you did in the past, represented as a tree.
Use the method expand to look at details of a node.
Make sure to use collapse_all_but(idx) when you expanded irrelevant nodes, in order to keep the tree compact.
Enter Python expressions into the console to see the value and decide for the next command based on that result.
Answer concisely by calling answer(reasoning="...", answer="...") when you gathered enough information to answer the question.
Generate syntactically correct python console statements only, no explanations or other natural language statements.
IMPORTANT: If search() returns "No relevant records found", your next command MUST be answer(reasoning="No relevant record was found.", answer="I have no record of that."). Do not search synonyms, do not expand further, and do not call vqa.
IMPORTANT: If you get "Nothing changed" twice, answer honestly that you have no record. Do NOT keep searching repeatedly. For just-before/just-after questions, first try one broader target search or inspect another relevant top-level time block before giving up.
For object yes/no questions, first use object_lookup("object name"). If it reports no matching summary, answer "No, I have no record of that." Do not call vqa unless you already have a directly relevant leaf image.
For task-list questions such as "List the tasks you performed", first use task_list(). Prefer its Recommended answer and chronological candidates instead of manually expanding the whole tree. For long histories, do not copy every task candidate verbatim unless the user explicitly asks for an exhaustive transcript.
For task-description questions such as "describe what you did when you X", first use task_lookup("X"). Prefer its matching task candidates instead of manually expanding the whole tree.
For exact date/time questions or "N days ago" questions asking what happened, first use date_lookup(question). Prefer its Recommended answer when it is confident instead of manually expanding by date.
For "How many days ago did you X?" or "When did you X?" questions, first use event_date_lookup(question). If it lists multiple days, include all of them in the final answer instead of only the most recent match.
For just-before or just-after questions, first use temporal_neighbor(target_task, direction="before" or "after") if a candidate is not already shown. Prefer the returned Recommended answer when it is confident. Only then inspect adjacent sibling or temporal nodes. Avoid expanding to raw leaf observations unless the summary is insufficient.
Do not call vqa for time, date, task-list, before/after, or yes/no object-existence questions when textual summaries already answer the question. Use vqa only for explicit visual appearance questions such as color, visible state, or what something looks like.
Never output bare parameters such as reasoning="..." answer="...". Always call answer(reasoning="...", answer="...")."""

**HumanMessage**:
"""
def answer(reasoning: str = None, answer: str = Ellipsis)
def ask(question: str)
def date_lookup(query: str, max_matches: int = 8) -> str # For exact date/time or N-days-ago questions, list matching history summaries directly
def event_date_lookup(query: str, max_matches: int = 12) -> str # For "how many days ago did you X" questions, find all matching event dates directly
def now() -> datetime.datetime
def object_lookup(object_name: str, max_matches: int = 8) -> str # For object yes/no questions, check whether task summaries mention the object
def task_list(max_tasks: int = 30) -> str # For task-list questions, list task-sized history summaries in chronological order
def task_lookup(query: str, max_matches: int = 8) -> str # For task-description questions, list task-sized summaries matching a query
def temporal_neighbor(target_task: str, direction: str = 'before', max_candidates: int = 6) -> str # For just-before/just-after questions, find the target task and return adjacent task candidates
def vqa(question: str, *images: PIL.Image.Image)
"""

**HumanMessage**:
"""Usage examples:
>>> history.expand()  # Shows the history tree with all child nodes expanded
>>> history.expand(date(2021, 12, 20))  # Expand the children that overlap with the given day
>>> history.expand(now() - timedelta(hours=6), now() - timedelta(hours=4))  # Expand all children that overlap with the given range (in this example "about 5 hours ago")
>>> history.expand((now() - timedelta(days=2)).date())  # Expand all children that overlap with the day before yesterday
>>> history.expand(0)  # Shows child node 0
>>> history[0].expand()  # Expands all child nodes of node 0 (node 0 must be expanded already to see them)
>>> history[5][2].expand()  # Shows child node 2 of child node 5 with all its child nodes expanded
>>> history.search("green cup") # Semantic index search. Expands the most relevant children according to similarity of the natural language query and the node's (recursively defined) index content.
>>> history[1][42].search("bicycle") # Semantic index search on some node further down the tree. Expands the children of node 1.42 most relevant to the search term
>>> history[3].collapse_all_but(1); history[3][1].expand()  # Zooms into details of child node 3.1 while collapsing all other childs of node 3
>>> vqa("What color is the ... in this image?",
...     history[2][4][-1][0].image)  # Invoke a model to answer a visual question about image(s) of some leaf (!) node(s)

# After gathering the relevant information, answer the question:
# Optionally, provide a reasoning on why you choose the respective answer
>>> answer(reasoning="...", answer="...")"""

**HumanMessage**:
"""User question: What task did you do just after put all book on any bed?"""

**AIMessage**:
"""temporal_neighbor('put all book on any bed', direction='after')"""

**HumanMessage**:
""""Temporal neighbor candidates for target='put all book on any bed', direction='after':\n1. score=0.71; target=2023/07/28 12:26:43 - 12:27:56: I placed a book on the bed as instructed and received confirmation from the user that the task was complete.; after=2023/07/29 14:40 - 14:44: I received an instruction to boil a potato. I retrieved a pot from the fridge, emptied it, and then got the potato from the microwave, placing it inside the pot. I also cleared som...\n2. score=0.64; target=2023/07/28 12:26:43 - 12:27:45: I was instructed to put the book on the bed, so I picked it up from the desk and placed it on the bed.; after=2023/07/29 14:40 - 14:44: I received an instruction to boil a potato. I retrieved a pot from the fridge, emptied it, and then got the potato from the microwave, placing it inside the pot. I also cleared som...\n3. score=0.50; target=2023/07/28 12:26:43 - 12:27:56: On July 28th, I placed a book on the bed.; after=2023/07/29 14:40 - 17:22: On July 29th, I boiled a potato, prepared a salad with lettuce and tomato, and gathered three pencils onto the bed.\nRecommended answer: I received an instruction to boil a potato. I retrieved a pot from the fridge, emptied it, and then got the potato from the microwave, placing it inside the pot. I also cleared som...""""

**HumanMessage**:
"""Current state:
2023/07/13 - 2023/08/04: "From July 13th to August 4th, I consistently performed a variety of daily kitchen and household tasks, including preparing diverse meals like toast, sandwiches, cooked potatoes, salads, and coffee, along with routine activities such as watering houseplants, cleaning dishes, and organizing various items including credit cards, remotes, tissue boxes, pencils, newspapers, and watches."  
  ..."""
{}
command: answer(reasoning="The `temporal_neighbor` function identified the task immediately following 'put all book on any bed'.", answer="I received an instruction to boil a potato. I retrieved a pot from the fridge, emptied it, and then got the potato from the microwave, placing it inside the pot. I also cleared some items from the counter.")
expected output: 


 ============================== 


eval /home/user22303471/Project/Active-H-EMV/llm_emv/setup.py:226: FutureWarning: The `get_sentence_embedding_dimension` method has been renamed to `get_embedding_dimension`.
  filter_kwargs['_embedding_dim'] = embedding_model.get_sentence_embedding_dimension()
/home/user22303471/Project/Active-H-EMV/llm_emv/setup.py:183: FutureWarning: The `get_sentence_embedding_dimension` method has been renamed to `get_embedding_dimension`.
  result = torch.empty(len(texts), embedding_model.get_sentence_embedding_dimension(),
answer(reasoning="The `temporal_neighbor` function identified the task immediately following 'put all book on any bed'.", answer="I received an instruction to boil a potato. I retrieved a pot from the fridge, emptied it, and then got the potato from the microwave, placing it inside the pot. I also cleared some items from the counter.")
Answering I received an instruction to boil a potato. I retrieved a pot from the fridge, emptied it, and then got the potato from the microwave, placing it inside the pot. I also cleared some items from the counter.  with reason: The `temporal_neighbor` function identified the task immediately following 'put all book on any bed'.
Tokens Used: 2040
	Prompt Tokens: 1923
	Completion Tokens: 117
Successful Requests: 1
Total Cost (USD): $0.0
Evaluating sample 6c24abb778c24a7c_704a-977b52faf01e6c05_d71f-01c1b8aa1820aa0b_adaf-32918ea00b69d9fe_38ff-cdf30defa61245ba_5590-2513b9a8d8ae5129_ab38-7337be5c30b1b5d1_874c-57862376ad3394a1_c9dc-32fe2fa7cc43fbc3_b8f3-0de4b62afcd06138_45f2-a966ba0c6e0d463d_ce88-25ef88cce38adfbc_1740-7504548a0dd7baf8_b148-064a69cb5d40b41f_9c2e-a690a35743c855aa_4c00-4b813e7c9bc088d0_1ce1-e4909f617bc99db4_4ab8-03379f213dfbda39_79a2-c49a96282ec09e90_5bfa-a2d31b84a569e568_fb03-88ddc0cbf1a23687_43ea-b36a8d73976068a3_6afd-c02445dd7a5b6f26_d92a-a76099fbab67c9da_4d48-c6c5c151b7b8e770_38db-60d26ec0f9c4757e_425d-9539c0004762d6a8_2eee-b2fde7ee4eb1c40f_1f95-c2ffd6a81bfe2613_f91c-81b10da74f7ac9ff_15c8-6ccc8b815fbc093a_e921-5aa3cbd322d4f163_402a-52e190f2e5f3b790_edbb-71392179ff5e728f_d7fe-4e893adaff5699af_ab4f-6f4aca312776de7b_97f3-4e88e46c6584bd85_21d2-eef61c8f3cdd8280_c537-bfb3e4eaf7ba458f_81db-af3fc77ab8313235_5b72-dbb41344c474217f_ee0e-498d06abfb7e9487_5c19-36492265af47de94_a352-9c97a83f60095487_02d9-0d1a67f82b3b5854_d74d-2f8d482d22e56fdd_410e-5c12b219bbb5bc07_6008-4aafdc038df138e8_58f0-474a8460bc35eb12_20d0-0f0664338151d4ac_5c06-0-seq_right_before_questions
[配置] 启用 FAISS 加速，索引类型: flat
[GraphAug] 命中图缓存 (nodes=4933, edges=16432)
Got 0 examples


 ============================== 


eval temporal_neighbor('put all newspaper on one armchair', direction='before')
Updated/Defined variables after execution: {}

**SystemMessage**:
"""You are a smart humanoid robot answering user question about your past actions.
The history object contains information on what you did in the past, represented as a tree.
Use the method expand to look at details of a node.
Make sure to use collapse_all_but(idx) when you expanded irrelevant nodes, in order to keep the tree compact.
Enter Python expressions into the console to see the value and decide for the next command based on that result.
Answer concisely by calling answer(reasoning="...", answer="...") when you gathered enough information to answer the question.
Generate syntactically correct python console statements only, no explanations or other natural language statements.
IMPORTANT: If search() returns "No relevant records found", your next command MUST be answer(reasoning="No relevant record was found.", answer="I have no record of that."). Do not search synonyms, do not expand further, and do not call vqa.
IMPORTANT: If you get "Nothing changed" twice, answer honestly that you have no record. Do NOT keep searching repeatedly. For just-before/just-after questions, first try one broader target search or inspect another relevant top-level time block before giving up.
For object yes/no questions, first use object_lookup("object name"). If it reports no matching summary, answer "No, I have no record of that." Do not call vqa unless you already have a directly relevant leaf image.
For task-list questions such as "List the tasks you performed", first use task_list(). Prefer its Recommended answer and chronological candidates instead of manually expanding the whole tree. For long histories, do not copy every task candidate verbatim unless the user explicitly asks for an exhaustive transcript.
For task-description questions such as "describe what you did when you X", first use task_lookup("X"). Prefer its matching task candidates instead of manually expanding the whole tree.
For exact date/time questions or "N days ago" questions asking what happened, first use date_lookup(question). Prefer its Recommended answer when it is confident instead of manually expanding by date.
For "How many days ago did you X?" or "When did you X?" questions, first use event_date_lookup(question). If it lists multiple days, include all of them in the final answer instead of only the most recent match.
For just-before or just-after questions, first use temporal_neighbor(target_task, direction="before" or "after") if a candidate is not already shown. Prefer the returned Recommended answer when it is confident. Only then inspect adjacent sibling or temporal nodes. Avoid expanding to raw leaf observations unless the summary is insufficient.
Do not call vqa for time, date, task-list, before/after, or yes/no object-existence questions when textual summaries already answer the question. Use vqa only for explicit visual appearance questions such as color, visible state, or what something looks like.
Never output bare parameters such as reasoning="..." answer="...". Always call answer(reasoning="...", answer="...")."""

**HumanMessage**:
"""
def answer(reasoning: str = None, answer: str = Ellipsis)
def ask(question: str)
def date_lookup(query: str, max_matches: int = 8) -> str # For exact date/time or N-days-ago questions, list matching history summaries directly
def event_date_lookup(query: str, max_matches: int = 12) -> str # For "how many days ago did you X" questions, find all matching event dates directly
def now() -> datetime.datetime
def object_lookup(object_name: str, max_matches: int = 8) -> str # For object yes/no questions, check whether task summaries mention the object
def task_list(max_tasks: int = 30) -> str # For task-list questions, list task-sized history summaries in chronological order
def task_lookup(query: str, max_matches: int = 8) -> str # For task-description questions, list task-sized summaries matching a query
def temporal_neighbor(target_task: str, direction: str = 'before', max_candidates: int = 6) -> str # For just-before/just-after questions, find the target task and return adjacent task candidates
def vqa(question: str, *images: PIL.Image.Image)
"""

**HumanMessage**:
"""Usage examples:
>>> history.expand()  # Shows the history tree with all child nodes expanded
>>> history.expand(date(2021, 12, 20))  # Expand the children that overlap with the given day
>>> history.expand(now() - timedelta(hours=6), now() - timedelta(hours=4))  # Expand all children that overlap with the given range (in this example "about 5 hours ago")
>>> history.expand((now() - timedelta(days=2)).date())  # Expand all children that overlap with the day before yesterday
>>> history.expand(0)  # Shows child node 0
>>> history[0].expand()  # Expands all child nodes of node 0 (node 0 must be expanded already to see them)
>>> history[5][2].expand()  # Shows child node 2 of child node 5 with all its child nodes expanded
>>> history.search("green cup") # Semantic index search. Expands the most relevant children according to similarity of the natural language query and the node's (recursively defined) index content.
>>> history[1][42].search("bicycle") # Semantic index search on some node further down the tree. Expands the children of node 1.42 most relevant to the search term
>>> history[3].collapse_all_but(1); history[3][1].expand()  # Zooms into details of child node 3.1 while collapsing all other childs of node 3
>>> vqa("What color is the ... in this image?",
...     history[2][4][-1][0].image)  # Invoke a model to answer a visual question about image(s) of some leaf (!) node(s)

# After gathering the relevant information, answer the question:
# Optionally, provide a reasoning on why you choose the respective answer
>>> answer(reasoning="...", answer="...")"""

**HumanMessage**:
"""User question: What task did you do just before put all newspaper on one armchair?"""

**AIMessage**:
"""temporal_neighbor('put all newspaper on one armchair', direction='before')"""
/home/user22303471/Project/Active-H-EMV/llm_emv/setup.py:226: FutureWarning: The `get_sentence_embedding_dimension` method has been renamed to `get_embedding_dimension`.
  filter_kwargs['_embedding_dim'] = embedding_model.get_sentence_embedding_dimension()

**HumanMessage**:
""""Temporal neighbor candidates for target='put all newspaper on one armchair', direction='before':\n1. score=0.83; target=2023/07/31 11:39:16 - 11:41:13: I started by picking up a newspaper from the dresser and placing it on an armchair, following the instruction to gather all newspapers on one armchair.; before=2023/07/31 08:25:31 - 08:27:46: Upon receiving the user's request to serve two slices of tomato, I first picked up a tomato and a plate and placed them on the countertop. Afterwards, I grabbed a knife and sliced...\n2. score=0.67; target=2023/07/31 11:39 - 11:45: As instructed, I began gathering newspapers onto an armchair. I moved one newspaper from the dresser to the armchair, and to clear space, I relocated a cellphone from the armchair...; before=2023/07/31 08:25:31 - 08:27:46: Upon receiving the user's request to serve two slices of tomato, I first picked up a tomato and a plate and placed them on the countertop. Afterwards, I grabbed a knife and sliced...\n3. score=0.62; target=2023/07/31 08:25 - 18:43: On July 31st, I served two slices of tomato, gathered newspapers onto an armchair, and prepared a dish with sliced lettuce, tomato, and a cooked potato.; before=2023/07/30 10:01 - 13:33: On July 30th, I made coffee, sliced and cooked potato pieces on the stove, and prepared sliced tomato in a bowl.\n4. score=0.62; target=2023/07/31 11:41:26 - 11:43:11: I then searched for another newspaper by opening and closing various drawers and cabinets (Drawer_4, Drawer_2, Cabinet_2). Upon finding a second newspaper, I picked it up and place...; before=2023/07/31 11:39:16 - 11:41:13: I started by picking up a newspaper from the dresser and placing it on an armchair, following the instruction to gather all newspapers on one armchair.\nRecommended answer: Upon receiving the user's request to serve two slices of tomato, I first picked up a tomato and a plate and placed them on the countertop. Afterwards, I grabbed a knife and sliced...""""

**HumanMessage**:
"""Current state:
2023/07/13 - 2023/08/04: "From July 13th to August 4th, I consistently performed a variety of daily kitchen and household tasks, including preparing diverse meals like toast, sandwiches, cooked potatoes, salads, and coffee, along with routine activities such as watering houseplants, cleaning dishes, and organizing various items including credit cards, remotes, tissue boxes, pencils, newspapers, and watches."  
  ..."""
{}
command: answer(reasoning="According to the temporal neighbor search, the task performed just before gathering the newspapers on the armchair was serving two slices of tomato, which involved picking up a tomato and a plate and placing them on the countertop.", answer="Just before putting the newspapers on the armchair, I served two slices of tomato.")
expected output: 


 ============================== 


eval answer(reasoning="According to the temporal neighbor search, the task performed just before gathering the newspapers on the armchair was serving two slices of tomato, which involved picking up a tomato and a plate and placing them on the countertop.", answer="Just before putting the newspapers on the armchair, I served two slices of tomato.")
Answering Just before putting the newspapers on the armchair, I served two slices of tomato.  with reason: According to the temporal neighbor search, the task performed just before gathering the newspapers on the armchair was serving two slices of tomato, which involved picking up a tomato and a plate and placing them on the countertop.
Tokens Used: 2170
	Prompt Tokens: 2106
	Completion Tokens: 64
Successful Requests: 1
Total Cost (USD): $0.0
Evaluating sample 6c24abb778c24a7c_704a-977b52faf01e6c05_d71f-01c1b8aa1820aa0b_adaf-32918ea00b69d9fe_38ff-cdf30defa61245ba_5590-2513b9a8d8ae5129_ab38-7337be5c30b1b5d1_874c-57862376ad3394a1_c9dc-32fe2fa7cc43fbc3_b8f3-0de4b62afcd06138_45f2-a966ba0c6e0d463d_ce88-25ef88cce38adfbc_1740-7504548a0dd7baf8_b148-064a69cb5d40b41f_9c2e-a690a35743c855aa_4c00-4b813e7c9bc088d0_1ce1-e4909f617bc99db4_4ab8-03379f213dfbda39_79a2-c49a96282ec09e90_5bfa-a2d31b84a569e568_fb03-88ddc0cbf1a23687_43ea-b36a8d73976068a3_6afd-c02445dd7a5b6f26_d92a-a76099fbab67c9da_4d48-c6c5c151b7b8e770_38db-60d26ec0f9c4757e_425d-9539c0004762d6a8_2eee-b2fde7ee4eb1c40f_1f95-c2ffd6a81bfe2613_f91c-81b10da74f7ac9ff_15c8-6ccc8b815fbc093a_e921-5aa3cbd322d4f163_402a-52e190f2e5f3b790_edbb-71392179ff5e728f_d7fe-4e893adaff5699af_ab4f-6f4aca312776de7b_97f3-4e88e46c6584bd85_21d2-eef61c8f3cdd8280_c537-bfb3e4eaf7ba458f_81db-af3fc77ab8313235_5b72-dbb41344c474217f_ee0e-498d06abfb7e9487_5c19-36492265af47de94_a352-9c97a83f60095487_02d9-0d1a67f82b3b5854_d74d-2f8d482d22e56fdd_410e-5c12b219bbb5bc07_6008-4aafdc038df138e8_58f0-474a8460bc35eb12_20d0-0f0664338151d4ac_5c06-0-seq_simple_object_yes_no
[配置] 启用 FAISS 加速，索引类型: flat
[GraphAug] 命中图缓存 (nodes=4933, edges=16432)
Got 0 examples


 ============================== 


eval object_lookup('baseball bat')
Updated/Defined variables after execution: {}

**SystemMessage**:
"""You are a smart humanoid robot answering user question about your past actions.
The history object contains information on what you did in the past, represented as a tree.
Use the method expand to look at details of a node.
Make sure to use collapse_all_but(idx) when you expanded irrelevant nodes, in order to keep the tree compact.
Enter Python expressions into the console to see the value and decide for the next command based on that result.
Answer concisely by calling answer(reasoning="...", answer="...") when you gathered enough information to answer the question.
Generate syntactically correct python console statements only, no explanations or other natural language statements.
IMPORTANT: If search() returns "No relevant records found", your next command MUST be answer(reasoning="No relevant record was found.", answer="I have no record of that."). Do not search synonyms, do not expand further, and do not call vqa.
IMPORTANT: If you get "Nothing changed" twice, answer honestly that you have no record. Do NOT keep searching repeatedly. For just-before/just-after questions, first try one broader target search or inspect another relevant top-level time block before giving up.
For object yes/no questions, first use object_lookup("object name"). If it reports no matching summary, answer "No, I have no record of that." Do not call vqa unless you already have a directly relevant leaf image.
For task-list questions such as "List the tasks you performed", first use task_list(). Prefer its Recommended answer and chronological candidates instead of manually expanding the whole tree. For long histories, do not copy every task candidate verbatim unless the user explicitly asks for an exhaustive transcript.
For task-description questions such as "describe what you did when you X", first use task_lookup("X"). Prefer its matching task candidates instead of manually expanding the whole tree.
For exact date/time questions or "N days ago" questions asking what happened, first use date_lookup(question). Prefer its Recommended answer when it is confident instead of manually expanding by date.
For "How many days ago did you X?" or "When did you X?" questions, first use event_date_lookup(question). If it lists multiple days, include all of them in the final answer instead of only the most recent match.
For just-before or just-after questions, first use temporal_neighbor(target_task, direction="before" or "after") if a candidate is not already shown. Prefer the returned Recommended answer when it is confident. Only then inspect adjacent sibling or temporal nodes. Avoid expanding to raw leaf observations unless the summary is insufficient.
Do not call vqa for time, date, task-list, before/after, or yes/no object-existence questions when textual summaries already answer the question. Use vqa only for explicit visual appearance questions such as color, visible state, or what something looks like.
Never output bare parameters such as reasoning="..." answer="...". Always call answer(reasoning="...", answer="...")."""

**HumanMessage**:
/home/user22303471/Project/Active-H-EMV/llm_emv/setup.py:226: FutureWarning: The `get_sentence_embedding_dimension` method has been renamed to `get_embedding_dimension`.
  filter_kwargs['_embedding_dim'] = embedding_model.get_sentence_embedding_dimension()
/home/user22303471/Project/Active-H-EMV/llm_emv/setup.py:183: FutureWarning: The `get_sentence_embedding_dimension` method has been renamed to `get_embedding_dimension`.
  result = torch.empty(len(texts), embedding_model.get_sentence_embedding_dimension(),
"""
def answer(reasoning: str = None, answer: str = Ellipsis)
def ask(question: str)
def date_lookup(query: str, max_matches: int = 8) -> str # For exact date/time or N-days-ago questions, list matching history summaries directly
def event_date_lookup(query: str, max_matches: int = 12) -> str # For "how many days ago did you X" questions, find all matching event dates directly
def now() -> datetime.datetime
def object_lookup(object_name: str, max_matches: int = 8) -> str # For object yes/no questions, check whether task summaries mention the object
def task_list(max_tasks: int = 30) -> str # For task-list questions, list task-sized history summaries in chronological order
def task_lookup(query: str, max_matches: int = 8) -> str # For task-description questions, list task-sized summaries matching a query
def temporal_neighbor(target_task: str, direction: str = 'before', max_candidates: int = 6) -> str # For just-before/just-after questions, find the target task and return adjacent task candidates
def vqa(question: str, *images: PIL.Image.Image)
"""

**HumanMessage**:
"""Usage examples:
>>> history.expand()  # Shows the history tree with all child nodes expanded
>>> history.expand(date(2021, 12, 20))  # Expand the children that overlap with the given day
>>> history.expand(now() - timedelta(hours=6), now() - timedelta(hours=4))  # Expand all children that overlap with the given range (in this example "about 5 hours ago")
>>> history.expand((now() - timedelta(days=2)).date())  # Expand all children that overlap with the day before yesterday
>>> history.expand(0)  # Shows child node 0
>>> history[0].expand()  # Expands all child nodes of node 0 (node 0 must be expanded already to see them)
>>> history[5][2].expand()  # Shows child node 2 of child node 5 with all its child nodes expanded
>>> history.search("green cup") # Semantic index search. Expands the most relevant children according to similarity of the natural language query and the node's (recursively defined) index content.
>>> history[1][42].search("bicycle") # Semantic index search on some node further down the tree. Expands the children of node 1.42 most relevant to the search term
>>> history[3].collapse_all_but(1); history[3][1].expand()  # Zooms into details of child node 3.1 while collapsing all other childs of node 3
>>> vqa("What color is the ... in this image?",
...     history[2][4][-1][0].image)  # Invoke a model to answer a visual question about image(s) of some leaf (!) node(s)

# After gathering the relevant information, answer the question:
# Optionally, provide a reasoning on why you choose the respective answer
>>> answer(reasoning="...", answer="...")"""

**HumanMessage**:
"""User question: Was there a baseball bat ?"""

**AIMessage**:
"""object_lookup('baseball bat')"""

**HumanMessage**:
""""Object lookup for object='baseball bat':\nNo task-sized summaries mention this object.\nRecommended answer: No, I have no record of that.""""

**HumanMessage**:
"""Current state:
2023/07/13 - 2023/08/04: "From July 13th to August 4th, I consistently performed a variety of daily kitchen and household tasks, including preparing diverse meals like toast, sandwiches, cooked potatoes, salads, and coffee, along with routine activities such as watering houseplants, cleaning dishes, and organizing various items including credit cards, remotes, tissue boxes, pencils, newspapers, and watches."  
  ..."""
{}
command: answer(reasoning="Object lookup did not find any mention of a 'baseball bat' in the task summaries.", answer="No, I have no record of that.")
expected output: 


 ============================== 


eval answer(reasoning="Object lookup did not find any mention of a 'baseball bat' in the task summaries.", answer="No, I have no record of that.")
Answering No, I have no record of that.  with reason: Object lookup did not find any mention of a 'baseball bat' in the task summaries.
Tokens Used: 1586
	Prompt Tokens: 1503
	Completion Tokens: 83
Successful Requests: 1
Total Cost (USD): $0.0
Evaluating sample 6c24abb778c24a7c_704a-977b52faf01e6c05_d71f-01c1b8aa1820aa0b_adaf-32918ea00b69d9fe_38ff-cdf30defa61245ba_5590-2513b9a8d8ae5129_ab38-7337be5c30b1b5d1_874c-57862376ad3394a1_c9dc-32fe2fa7cc43fbc3_b8f3-0de4b62afcd06138_45f2-a966ba0c6e0d463d_ce88-25ef88cce38adfbc_1740-7504548a0dd7baf8_b148-064a69cb5d40b41f_9c2e-a690a35743c855aa_4c00-4b813e7c9bc088d0_1ce1-e4909f617bc99db4_4ab8-03379f213dfbda39_79a2-c49a96282ec09e90_5bfa-a2d31b84a569e568_fb03-88ddc0cbf1a23687_43ea-b36a8d73976068a3_6afd-c02445dd7a5b6f26_d92a-a76099fbab67c9da_4d48-c6c5c151b7b8e770_38db-60d26ec0f9c4757e_425d-9539c0004762d6a8_2eee-b2fde7ee4eb1c40f_1f95-c2ffd6a81bfe2613_f91c-81b10da74f7ac9ff_15c8-6ccc8b815fbc093a_e921-5aa3cbd322d4f163_402a-52e190f2e5f3b790_edbb-71392179ff5e728f_d7fe-4e893adaff5699af_ab4f-6f4aca312776de7b_97f3-4e88e46c6584bd85_21d2-eef61c8f3cdd8280_c537-bfb3e4eaf7ba458f_81db-af3fc77ab8313235_5b72-dbb41344c474217f_ee0e-498d06abfb7e9487_5c19-36492265af47de94_a352-9c97a83f60095487_02d9-0d1a67f82b3b5854_d74d-2f8d482d22e56fdd_410e-5c12b219bbb5bc07_6008-4aafdc038df138e8_58f0-474a8460bc35eb12_20d0-0f0664338151d4ac_5c06-0-seq_low_actions_to_episode_task_descs
[配置] 启用 FAISS 加速，索引类型: flat
[GraphAug] 命中图缓存 (nodes=4933, edges=16432)
Got 0 examples


 ============================== 


eval task_lookup('place the mug on the coffeemachine')
Updated/Defined variables after execution: {}

**SystemMessage**:
"""You are a smart humanoid robot answering user question about your past actions.
The history object contains information on what you did in the past, represented as a tree.
Use the method expand to look at details of a node.
Make sure to use collapse_all_but(idx) when you expanded irrelevant nodes, in order to keep the tree compact.
Enter Python expressions into the console to see the value and decide for the next command based on that result.
Answer concisely by calling answer(reasoning="...", answer="...") when you gathered enough information to answer the question.
Generate syntactically correct python console statements only, no explanations or other natural language statements.
IMPORTANT: If search() returns "No relevant records found", your next command MUST be answer(reasoning="No relevant record was found.", answer="I have no record of that."). Do not search synonyms, do not expand further, and do not call vqa.
IMPORTANT: If you get "Nothing changed" twice, answer honestly that you have no record. Do NOT keep searching repeatedly. For just-before/just-after questions, first try one broader target search or inspect another relevant top-level time block before giving up.
For object yes/no questions, first use object_lookup("object name"). If it reports no matching summary, answer "No, I have no record of that." Do not call vqa unless you already have a directly relevant leaf image.
For task-list questions such as "List the tasks you performed", first use task_list(). Prefer its Recommended answer and chronological candidates instead of manually expanding the whole tree. For long histories, do not copy every task candidate verbatim unless the user explicitly asks for an exhaustive transcript.
For task-description questions such as "describe what you did when you X", first use task_lookup("X"). Prefer its matching task candidates instead of manually expanding the whole tree.
For exact date/time questions or "N days ago" questions asking what happened, first use date_lookup(question). Prefer its Recommended answer when it is confident instead of manually expanding by date.
For "How many days ago did you X?" or "When did you X?" questions, first use event_date_lookup(question). If it lists multiple days, include all of them in the final answer instead of only the most recent match.
For just-before or just-after questions, first use temporal_neighbor(target_task, direction="before" or "after") if a candidate is not already shown. Prefer the returned Recommended answer when it is confident. Only then inspect adjacent sibling or temporal nodes. Avoid expanding to raw leaf observations unless the summary is insufficient.
Do not call vqa for time, date, task-list, before/after, or yes/no object-existence questions when textual summaries already answer the question. Use vqa only for explicit visual appearance questions such as color, visible state, or what something looks like.
Never output bare parameters such as reasoning="..." answer="...". Always call answer(reasoning="...", answer="...")."""

**HumanMessage**:
"""
def answer(reasoning: str = None, answer: str = Ellipsis)
def ask(question: str)
def date_lookup(query: str, max_matches: int = 8) -> str # For exact date/time or N-days-ago questions, list matching history summaries directly
def event_date_lookup(query: str, max_matches: int = 12) -> str # For "how many days ago did you X" questions, find all matching event dates directly
def now() -> datetime.datetime
def object_lookup(object_name: str, max_matches: int = 8) -> str # For object yes/no questions, check whether task summaries mention the object
def task_list(max_tasks: int = 30) -> str # For task-list questions, list task-sized history summaries in chronological order
def task_lookup(query: str, max_matches: int = 8) -> str # For task-description questions, list task-sized summaries matching a query
def temporal_neighbor(target_task: str, direction: str = 'before', max_candidates: int = 6) -> str # For just-before/just-after questions, find the target task and return adjacent task candidates
def vqa(question: str, *images: PIL.Image.Image)
"""

**HumanMessage**:
"""Usage examples:
>>> history.expand()  # Shows the history tree with all child nodes expanded
>>> history.expand(date(2021, 12, 20))  # Expand the children that overlap with the given day
>>> history.expand(now() - timedelta(hours=6), now() - timedelta(hours=4))  # Expand all children that overlap with the given range (in this example "about 5 hours ago")
>>> history.expand((now() - timedelta(days=2)).date())  # Expand all children that overlap with the day before yesterday
>>> history.expand(0)  # Shows child node 0
>>> history[0].expand()  # Expands all child nodes of node 0 (node 0 must be expanded already to see them)
>>> history[5][2].expand()  # Shows child node 2 of child node 5 with all its child nodes expanded
>>> history.search("green cup") # Semantic index search. Expands the most relevant children according to similarity of the natural language query and the node's (recursively defined) index content.
>>> history[1][42].search("bicycle") # Semantic index search on some node further down the tree. Expands the children of node 1.42 most relevant to the search term
>>> history[3].collapse_all_but(1); history[3][1].expand()  # Zooms into details of child node 3.1 while collapsing all other childs of node 3
>>> vqa("What color is the ... in this image?",
...     history[2][4][-1][0].image)  # Invoke a model to answer a visual question about image(s) of some leaf (!) node(s)

# After gathering the relevant information, answer the question:
# Optionally, provide a reasoning on why you choose the respective answer
>>> answer(reasoning="...", answer="...")"""

**HumanMessage**:
"""User question: what task or tasks did you perform when you place the mug on the coffeemachine?"""

**AIMessage**:
"""task_lookup('place the mug on the coffeemachine')"""

**HumanMessage**:
/home/user22303471/Project/Active-H-EMV/llm_emv/setup.py:226: FutureWarning: The `get_sentence_embedding_dimension` method has been renamed to `get_embedding_dimension`.
  filter_kwargs['_embedding_dim'] = embedding_model.get_sentence_embedding_dimension()
""""Task lookup candidates for query='place the mug on the coffeemachine':\n1. score=0.88; 2023/08/02 11:01 - 11:05: I placed the first mug in the coffee machine and started it. Afterwards, I took a second dirty mug, washed it in the sink, and used the coffee machine to make the second cup of coffee.\n2. score=0.87; 2023/07/23 08:05:49 - 08:06:48: Following another instruction to 'switch on the coffee maker,' I mistakenly placed the mug on the counter before running the machine. I then corrected this by placing the mug back into the coffee machine and operating it for a third time to...\n3. score=0.85; 2023/08/03 16:21 - 16:27: I was instructed to rinse a dirty mug and make coffee. I initially made a mistake by attempting to use a clean mug, but then correctly identified and used the dirty mug. I rinsed it, placed it in the coffee machine, and brewed the coffee, s...\n4. score=0.84; 2023/07/20 13:07:57 - 13:10:54: I cleaned a dirty mug to prepare it for fresh coffee. This involved moving it to the sink, emptying its contents, washing it under the faucet, and finally placing the clean mug back into the coffee machine.\n5. score=0.84; 2023/08/03 16:25:23 - 16:27:39: After briefly moving a bowl, I correctly identified the dirty mug by the sink. I emptied it, rinsed it with water from the faucet, and then placed it in the coffee machine. I operated the machine to brew the coffee, successfully completing...\n6. score=0.83; 2023/07/23 08:00 - 08:04: I was asked to rinse a dirty mug and make coffee. I picked up the mug, placed it in the sink, turned the faucet on and off to rinse it, then placed it in the coffee machine and toggled the machine to brew the coffee.\n7. score=0.83; 2023/07/19 17:03 - 17:09: I was instructed to clean the mugs. I picked up a dirty cup, placed it in the sink, then took a filled mug, emptied it, placed it in the coffee machine, and turned the machine on to make coffee.\n8. score=0.83; 2023/07/23 08:00 - 08:06: I was asked to make coffee. I first rinsed a dirty mug in the sink. Following a series of user instructions, I operated the coffee machine three times to fill the mug, correcting a mistake where I briefly placed the mug on the counter befor...\nRecommended answer: I placed the first mug in the coffee machine and started it. Afterwards, I took a second dirty mug, washed it in the sin...; Following another instruction to 'switch on the coffee maker,' I mistakenly placed the mug on the counter before running...; I was instructed to rinse a dirty mug and make coffee. I initially made a mistake by attempting to use a clean mug, but...; I cleaned a dirty mug to prepare it for fresh coffee. This involved moving it to the sink, emptying its contents, washin...; After briefly moving a bowl, I correctly identified the dirty mug by the sink. I emptied it, rinsed it with water from t...""""

**HumanMessage**:
"""Current state:
2023/07/13 - 2023/08/04: "From July 13th to August 4th, I consistently performed a variety of daily kitchen and household tasks, including preparing diverse meals like toast, sandwiches, cooked potatoes, salads, and coffee, along with routine activities such as watering houseplants, cleaning dishes, and organizing various items including credit cards, remotes, tissue boxes, pencils, newspapers, and watches."  
  ..."""
{}
command: answer(reasoning="The task_lookup function provided several instances where I placed a mug on the coffee machine.", answer="I placed the first mug in the coffee machine and started it. Afterwards, I took a second dirty mug, washed it in the sink...; Following another instruction to 'switch on the coffee maker,' I mistakenly placed the mug on the counter before running...; I was instructed to rinse a dirty mug and make coffee. I initially made a mistake by attempting to use a clean mug, but...; I cleaned a dirty mug to prepare it for fresh coffee. This involved moving it to the sink, emptying its contents, washin...; After briefly moving a bowl, I correctly identified the dirty mug by the sink. I emptied it, rinsed it with water from t...")
expected output: 


 ============================== 


eval answer(reasoning="The task_lookup function provided several instances where I placed a mug on the coffee machine.", answer="I placed the first mug in the coffee machine and started it. Afterwards, I took a second dirty mug, washed it in the sink...; Following another instruction to 'switch on the coffee maker,' I mistakenly placed the mug on the counter before running...; I was instructed to rinse a dirty mug and make coffee. I initially made a mistake by attempting to use a clean mug, but...; I cleaned a dirty mug to prepare it for fresh coffee. This involved moving it to the sink, emptying its contents, washin...; After briefly moving a bowl, I correctly identified the dirty mug by the sink. I emptied it, rinsed it with water from t...")
Answering I placed the first mug in the coffee machine and started it. Afterwards, I took a second dirty mug, washed it in the sink...; Following another instruction to 'switch on the coffee maker,' I mistakenly placed the mug on the counter before running...; I was instructed to rinse a dirty mug and make coffee. I initially made a mistake by attempting to use a clean mug, but...; I cleaned a dirty mug to prepare it for fresh coffee. This involved moving it to the sink, emptying its contents, washin...; After briefly moving a bowl, I correctly identified the dirty mug by the sink. I emptied it, rinsed it with water from t...  with reason: The task_lookup function provided several instances where I placed a mug on the coffee machine.
Tokens Used: 2534
	Prompt Tokens: 2324
	Completion Tokens: 210
Successful Requests: 1
Total Cost (USD): $0.0
Evaluating sample 6c24abb778c24a7c_704a-977b52faf01e6c05_d71f-01c1b8aa1820aa0b_adaf-32918ea00b69d9fe_38ff-cdf30defa61245ba_5590-2513b9a8d8ae5129_ab38-7337be5c30b1b5d1_874c-57862376ad3394a1_c9dc-32fe2fa7cc43fbc3_b8f3-0de4b62afcd06138_45f2-a966ba0c6e0d463d_ce88-25ef88cce38adfbc_1740-7504548a0dd7baf8_b148-064a69cb5d40b41f_9c2e-a690a35743c855aa_4c00-4b813e7c9bc088d0_1ce1-e4909f617bc99db4_4ab8-03379f213dfbda39_79a2-c49a96282ec09e90_5bfa-a2d31b84a569e568_fb03-88ddc0cbf1a23687_43ea-b36a8d73976068a3_6afd-c02445dd7a5b6f26_d92a-a76099fbab67c9da_4d48-c6c5c151b7b8e770_38db-60d26ec0f9c4757e_425d-9539c0004762d6a8_2eee-b2fde7ee4eb1c40f_1f95-c2ffd6a81bfe2613_f91c-81b10da74f7ac9ff_15c8-6ccc8b815fbc093a_e921-5aa3cbd322d4f163_402a-52e190f2e5f3b790_edbb-71392179ff5e728f_d7fe-4e893adaff5699af_ab4f-6f4aca312776de7b_97f3-4e88e46c6584bd85_21d2-eef61c8f3cdd8280_c537-bfb3e4eaf7ba458f_81db-af3fc77ab8313235_5b72-dbb41344c474217f_ee0e-498d06abfb7e9487_5c19-36492265af47de94_a352-9c97a83f60095487_02d9-0d1a67f82b3b5854_d74d-2f8d482d22e56fdd_410e-5c12b219bbb5bc07_6008-4aafdc038df138e8_58f0-474a8460bc35eb12_20d0-0f0664338151d4ac_5c06-0-exact_time_to_episode
[配置] 启用 FAISS 加速，索引类型: flat
[GraphAug] 命中图缓存 (nodes=4933, edges=16432)
Got 0 examples


 ============================== 


eval date_lookup('what did you do on Jul 24, 2023 at 04:12 PM?')
Updated/Defined variables after execution: {}

**SystemMessage**:
"""You are a smart humanoid robot answering user question about your past actions.
The history object contains information on what you did in the past, represented as a tree.
Use the method expand to look at details of a node.
Make sure to use collapse_all_but(idx) when you expanded irrelevant nodes, in order to keep the tree compact.
Enter Python expressions into the console to see the value and decide for the next command based on that result.
Answer concisely by calling answer(reasoning="...", answer="...") when you gathered enough information to answer the question.
Generate syntactically correct python console statements only, no explanations or other natural language statements.
IMPORTANT: If search() returns "No relevant records found", your next command MUST be answer(reasoning="No relevant record was found.", answer="I have no record of that."). Do not search synonyms, do not expand further, and do not call vqa.
IMPORTANT: If you get "Nothing changed" twice, answer honestly that you have no record. Do NOT keep searching repeatedly. For just-before/just-after questions, first try one broader target search or inspect another relevant top-level time block before giving up.
For object yes/no questions, first use object_lookup("object name"). If it reports no matching summary, answer "No, I have no record of that." Do not call vqa unless you already have a directly relevant leaf image.
For task-list questions such as "List the tasks you performed", first use task_list(). Prefer its Recommended answer and chronological candidates instead of manually expanding the whole tree. For long histories, do not copy every task candidate verbatim unless the user explicitly asks for an exhaustive transcript.
For task-description questions such as "describe what you did when you X", first use task_lookup("X"). Prefer its matching task candidates instead of manually expanding the whole tree.
For exact date/time questions or "N days ago" questions asking what happened, first use date_lookup(question). Prefer its Recommended answer when it is confident instead of manually expanding by date.
For "How many days ago did you X?" or "When did you X?" questions, first use event_date_lookup(question). If it lists multiple days, include all of them in the final answer instead of only the most recent match.
For just-before or just-after questions, first use temporal_neighbor(target_task, direction="before" or "after") if a candidate is not already shown. Prefer the returned Recommended answer when it is confident. Only then inspect adjacent sibling or temporal nodes. Avoid expanding to raw leaf observations unless the summary is insufficient.
Do not call vqa for time, date, task-list, before/after, or yes/no object-existence questions when textual summaries already answer the question. Use vqa only for explicit visual appearance questions such as color, visible state, or what something looks like.
Never output bare parameters such as reasoning="..." answer="...". Always call answer(reasoning="...", answer="...")."""

**HumanMessage**:
"""
def answer(reasoning: str = None, answer: str = Ellipsis)
def ask(question: str)
def date_lookup(query: str, max_matches: int = 8) -> str # For exact date/time or N-days-ago questions, list matching history summaries directly
def event_date_lookup(query: str, max_matches: int = 12) -> str # For "how many days ago did you X" questions, find all matching event dates directly
def now() -> datetime.datetime
def object_lookup(object_name: str, max_matches: int = 8) -> str # For object yes/no questions, check whether task summaries mention the object
def task_list(max_tasks: int = 30) -> str # For task-list questions, list task-sized history summaries in chronological order
def task_lookup(query: str, max_matches: int = 8) -> str # For task-description questions, list task-sized summaries matching a query
def temporal_neighbor(target_task: str, direction: str = 'before', max_candidates: int = 6) -> str # For just-before/just-after questions, find the target task and return adjacent task candidates
def vqa(question: str, *images: PIL.Image.Image)
"""

**HumanMessage**:
"""Usage examples:
>>> history.expand()  # Shows the history tree with all child nodes expanded
>>> history.expand(date(2021, 12, 20))  # Expand the children that overlap with the given day
>>> history.expand(now() - timedelta(hours=6), now() - timedelta(hours=4))  # Expand all children that overlap with the given range (in this example "about 5 hours ago")
>>> history.expand((now() - timedelta(days=2)).date())  # Expand all children that overlap with the day before yesterday
>>> history.expand(0)  # Shows child node 0
>>> history[0].expand()  # Expands all child nodes of node 0 (node 0 must be expanded already to see them)
>>> history[5][2].expand()  # Shows child node 2 of child node 5 with all its child nodes expanded
>>> history.search("green cup") # Semantic index search. Expands the most relevant children according to similarity of the natural language query and the node's (recursively defined) index content.
>>> history[1][42].search("bicycle") # Semantic index search on some node further down the tree. Expands the children of node 1.42 most relevant to the search term
>>> history[3].collapse_all_but(1); history[3][1].expand()  # Zooms into details of child node 3.1 while collapsing all other childs of node 3
>>> vqa("What color is the ... in this image?",
...     history[2][4][-1][0].image)  # Invoke a model to answer a visual question about image(s) of some leaf (!) node(s)

# After gathering the relevant information, answer the question:
# Optionally, provide a reasoning on why you choose the respective answer
>>> answer(reasoning="...", answer="...")"""

**HumanMessage**:
"""User question: what did you do on Jul 24, 2023 at 04:12 PM?"""

**AIMessage**:
"""date_lookup('what did you do on Jul 24, 2023 at 04:12 PM?')"""

**HumanMessage**:
/home/user22303471/Project/Active-H-EMV/llm_emv/setup.py:226: FutureWarning: The `get_sentence_embedding_dimension` method has been renamed to `get_embedding_dimension`.
  filter_kwargs['_embedding_dim'] = embedding_model.get_sentence_embedding_dimension()
/home/user22303471/Project/Active-H-EMV/llm_emv/setup.py:183: FutureWarning: The `get_sentence_embedding_dimension` method has been renamed to `get_embedding_dimension`.
  result = torch.empty(len(texts), embedding_model.get_sentence_embedding_dimension(),
""""Date lookup for query='what did you do on Jul 24, 2023 at 04:12 PM?': resolved=2023/07/24 16:12:00.\n1. score=0.98; 2023/07/24 16:12 - 16:15: I retrieved a dirty plate from a chair and prepared the sink for washing by moving a soap bottle and an egg out of the basin. I also moved a potato to the countertop before washing the plate and declaring it clean.\n2. score=0.91; 2023/07/24 16:12:01 - 16:14:01: I retrieved a dirty plate from the chair and placed it on the countertop.\n3. score=0.76; 2023/07/24 16:12:01 - 16:12:49: Goal: Pickup(Plate_2) Visual observation: Plate_2 [dirty], Potato_1, CounterTop_0, Spoon_0, Chair_0 Speech: 2023-07-24 16:12:11.322343: hi 2023-07-24 16:12:19.796754: let's clean a plate in water 2023-07-24 16:12:46.7259...\n4. score=0.76; 2023/07/24 16:12:52 - 16:14:01: Goal: Place(CounterTop_1) Visual observation: Plate_2 [dirty], Potato_1, Cabinet_0, Drawer_0, CounterTop_1, Drawer_1, Drawer_2, Cabinet_4, Cabinet_5, Statue, Toaster, Spatula, Fridge, Bowl [dirty], agent hand Plate_2 is...\n5. score=0.36; 2023/07/24 15:07 - 2023/07/25 12:11: On July 24th and 25th, I cleaned drinkware (a cup and a mug), cleaned a dirty plate after clearing the sink, and retrieved two remote controls from the safe to place on an armchair.\n6. score=0.25; 2023/07/22 - 2023/07/25: From July 22nd to 25th, I prepared a salad with cooked potato, made coffee, collected remote controls (including one from a safe), placed two tissue boxes on side tables, cleaned drinkware (a cup and a mug), and retrieve...\n7. score=0.16; 2023/07/22 - 2023/07/31: From July 22nd to July 31st, I focused on more complex meal preparation involving salads and coffee, while also tidying the house by organizing remote controls, tissue boxes, pencils, and newspapers. I also continued rou...\n8. score=0.08; 2023/07/13 - 2023/08/04: From July 13th to August 4th, I consistently performed a variety of daily kitchen and household tasks, including preparing diverse meals like toast, sandwiches, cooked potatoes, salads, and coffee, along with routine act...\nRecommended answer: I retrieved a dirty plate from a chair and prepared the sink for washing by moving a soap bottle and an egg out of the basin. I also moved a potato to the countertop before washing the plate and declaring it clean.""""

**HumanMessage**:
"""Current state:
2023/07/13 - 2023/08/04: "From July 13th to August 4th, I consistently performed a variety of daily kitchen and household tasks, including preparing diverse meals like toast, sandwiches, cooked potatoes, salads, and coffee, along with routine activities such as watering houseplants, cleaning dishes, and organizing various items including credit cards, remotes, tissue boxes, pencils, newspapers, and watches."  
  ..."""
{}
command: answer(reasoning="The date_lookup for July 24, 2023 at 04:12 PM shows that I was in the process of cleaning a plate. Specifically, I retrieved a dirty plate from a chair, cleared the sink by moving a soap bottle, an egg, and a potato, and then washed the plate.", answer="At 04:12 PM on July 24, 2023, I retrieved a dirty plate from a chair and prepared the sink for washing by moving a soap bottle, an egg, and a potato. I then washed the plate and declared it clean.")
expected output: 


 ============================== 


eval answer(reasoning="The date_lookup for July 24, 2023 at 04:12 PM shows that I was in the process of cleaning a plate. Specifically, I retrieved a dirty plate from a chair, cleared the sink by moving a soap bottle, an egg, and a potato, and then washed the plate.", answer="At 04:12 PM on July 24, 2023, I retrieved a dirty plate from a chair and prepared the sink for washing by moving a soap bottle, an egg, and a potato. I then washed the plate and declared it clean.")
Answering At 04:12 PM on July 24, 2023, I retrieved a dirty plate from a chair and prepared the sink for washing by moving a soap bottle, an egg, and a potato. I then washed the plate and declared it clean.  with reason: The date_lookup for July 24, 2023 at 04:12 PM shows that I was in the process of cleaning a plate. Specifically, I retrieved a dirty plate from a chair, cleared the sink by moving a soap bottle, an egg, and a potato, and then washed the plate.
Tokens Used: 2507
	Prompt Tokens: 2375
	Completion Tokens: 132
Successful Requests: 1
Total Cost (USD): $0.0
Evaluating sample 6c24abb778c24a7c_704a-977b52faf01e6c05_d71f-01c1b8aa1820aa0b_adaf-32918ea00b69d9fe_38ff-cdf30defa61245ba_5590-2513b9a8d8ae5129_ab38-7337be5c30b1b5d1_874c-57862376ad3394a1_c9dc-32fe2fa7cc43fbc3_b8f3-0de4b62afcd06138_45f2-a966ba0c6e0d463d_ce88-25ef88cce38adfbc_1740-7504548a0dd7baf8_b148-064a69cb5d40b41f_9c2e-a690a35743c855aa_4c00-4b813e7c9bc088d0_1ce1-e4909f617bc99db4_4ab8-03379f213dfbda39_79a2-c49a96282ec09e90_5bfa-a2d31b84a569e568_fb03-88ddc0cbf1a23687_43ea-b36a8d73976068a3_6afd-c02445dd7a5b6f26_d92a-a76099fbab67c9da_4d48-c6c5c151b7b8e770_38db-60d26ec0f9c4757e_425d-9539c0004762d6a8_2eee-b2fde7ee4eb1c40f_1f95-c2ffd6a81bfe2613_f91c-81b10da74f7ac9ff_15c8-6ccc8b815fbc093a_e921-5aa3cbd322d4f163_402a-52e190f2e5f3b790_edbb-71392179ff5e728f_d7fe-4e893adaff5699af_ab4f-6f4aca312776de7b_97f3-4e88e46c6584bd85_21d2-eef61c8f3cdd8280_c537-bfb3e4eaf7ba458f_81db-af3fc77ab8313235_5b72-dbb41344c474217f_ee0e-498d06abfb7e9487_5c19-36492265af47de94_a352-9c97a83f60095487_02d9-0d1a67f82b3b5854_d74d-2f8d482d22e56fdd_410e-5c12b219bbb5bc07_6008-4aafdc038df138e8_58f0-474a8460bc35eb12_20d0-0f0664338151d4ac_5c06-0-tasks_to_exact_times
[配置] 启用 FAISS 加速，索引类型: flat
[GraphAug] 命中图缓存 (nodes=4933, edges=16432)
Got 0 examples


 ============================== 


eval event_date_lookup('When did you make a sandwich?')
Updated/Defined variables after execution: {}

**SystemMessage**:
"""You are a smart humanoid robot answering user question about your past actions.
The history object contains information on what you did in the past, represented as a tree.
Use the method expand to look at details of a node.
Make sure to use collapse_all_but(idx) when you expanded irrelevant nodes, in order to keep the tree compact.
Enter Python expressions into the console to see the value and decide for the next command based on that result.
Answer concisely by calling answer(reasoning="...", answer="...") when you gathered enough information to answer the question.
Generate syntactically correct python console statements only, no explanations or other natural language statements.
IMPORTANT: If search() returns "No relevant records found", your next command MUST be answer(reasoning="No relevant record was found.", answer="I have no record of that."). Do not search synonyms, do not expand further, and do not call vqa.
IMPORTANT: If you get "Nothing changed" twice, answer honestly that you have no record. Do NOT keep searching repeatedly. For just-before/just-after questions, first try one broader target search or inspect another relevant top-level time block before giving up.
For object yes/no questions, first use object_lookup("object name"). If it reports no matching summary, answer "No, I have no record of that." Do not call vqa unless you already have a directly relevant leaf image.
For task-list questions such as "List the tasks you performed", first use task_list(). Prefer its Recommended answer and chronological candidates instead of manually expanding the whole tree. For long histories, do not copy every task candidate verbatim unless the user explicitly asks for an exhaustive transcript.
For task-description questions such as "describe what you did when you X", first use task_lookup("X"). Prefer its matching task candidates instead of manually expanding the whole tree.
For exact date/time questions or "N days ago" questions asking what happened, first use date_lookup(question). Prefer its Recommended answer when it is confident instead of manually expanding by date.
For "How many days ago did you X?" or "When did you X?" questions, first use event_date_lookup(question). If it lists multiple days, include all of them in the final answer instead of only the most recent match.
For just-before or just-after questions, first use temporal_neighbor(target_task, direction="before" or "after") if a candidate is not already shown. Prefer the returned Recommended answer when it is confident. Only then inspect adjacent sibling or temporal nodes. Avoid expanding to raw leaf observations unless the summary is insufficient.
Do not call vqa for time, date, task-list, before/after, or yes/no object-existence questions when textual summaries already answer the question. Use vqa only for explicit visual appearance questions such as color, visible state, or what something looks like.
Never output bare parameters such as reasoning="..." answer="...". Always call answer(reasoning="...", answer="...")."""

**HumanMessage**:
"""
def answer(reasoning: str = None, answer: str = Ellipsis)
def ask(question: str)
def date_lookup(query: str, max_matches: int = 8) -> str # For exact date/time or N-days-ago questions, list matching history summaries directly
def event_date_lookup(query: str, max_matches: int = 12) -> str # For "how many days ago did you X" questions, find all matching event dates directly
def now() -> datetime.datetime
def object_lookup(object_name: str, max_matches: int = 8) -> str # For object yes/no questions, check whether task summaries mention the object
def task_list(max_tasks: int = 30) -> str # For task-list questions, list task-sized history summaries in chronological order
def task_lookup(query: str, max_matches: int = 8) -> str # For task-description questions, list task-sized summaries matching a query
def temporal_neighbor(target_task: str, direction: str = 'before', max_candidates: int = 6) -> str # For just-before/just-after questions, find the target task and return adjacent task candidates
def vqa(question: str, *images: PIL.Image.Image)
"""

**HumanMessage**:
"""Usage examples:
>>> history.expand()  # Shows the history tree with all child nodes expanded
>>> history.expand(date(2021, 12, 20))  # Expand the children that overlap with the given day
>>> history.expand(now() - timedelta(hours=6), now() - timedelta(hours=4))  # Expand all children that overlap with the given range (in this example "about 5 hours ago")
>>> history.expand((now() - timedelta(days=2)).date())  # Expand all children that overlap with the day before yesterday
>>> history.expand(0)  # Shows child node 0
>>> history[0].expand()  # Expands all child nodes of node 0 (node 0 must be expanded already to see them)
>>> history[5][2].expand()  # Shows child node 2 of child node 5 with all its child nodes expanded
>>> history.search("green cup") # Semantic index search. Expands the most relevant children according to similarity of the natural language query and the node's (recursively defined) index content.
>>> history[1][42].search("bicycle") # Semantic index search on some node further down the tree. Expands the children of node 1.42 most relevant to the search term
>>> history[3].collapse_all_but(1); history[3][1].expand()  # Zooms into details of child node 3.1 while collapsing all other childs of node 3
>>> vqa("What color is the ... in this image?",
...     history[2][4][-1][0].image)  # Invoke a model to answer a visual question about image(s) of some leaf (!) node(s)

# After gathering the relevant information, answer the question:
# Optionally, provide a reasoning on why you choose the respective answer
>>> answer(reasoning="...", answer="...")"""

**HumanMessage**:
"""User question: When did you make a sandwich?"""

**AIMessage**:
"""event_date_lookup('When did you make a sandwich?')"""

**HumanMessage**:
""""Event date lookup for query='When did you make a sandwich?': event='make a sandwich', today=2023/08/04.\n1. score=0.81; days_ago=20; 2023/07/15 09:29 - 09:38: Upon receiving the instruction to make a sandwich, I first prepared the bread by slicing and toasting it. I then prepared the other ingredients by slicing lettuce and a tomato. After washing a plate, I assembled the sand...\n2. score=0.72; days_ago=17; 2023/07/18 13:37 - 13:42: I prepared a sandwich by slicing bread, toasting two slices, and then slicing a tomato. I then assembled the sandwich by placing the toasted bread and tomato slices onto a plate, completing the user's request.\n3. score=0.85; days_ago=16; 2023/07/19 08:45:16 - 08:47:27: I picked up the bread from the chair and placed it on the countertop, receiving instructions to make a sandwich and slice the bread.\n4. score=0.68; days_ago=14; 2023/07/21 09:16 - 09:22: I prepared ingredients for a sandwich by slicing and toasting two slices of bread, and then slicing lettuce and a tomato.\nRecommended answer: on 2023/07/15, 2023/07/18, 2023/07/19, and 2023/07/21""""

**HumanMessage**:
"""Current state:
2023/07/13 - 2023/08/04: "From July 13th to August 4th, I consistently performed a variety of daily kitchen and household tasks, including preparing diverse meals like toast, sandwiches, cooked potatoes, salads, and coffee, along with routine activities such as watering houseplants, cleaning dishes, and organizing various items including credit cards, remotes, tissue boxes, pencils, newspapers, and watches."  
  ..."""
{}
command: answer(reasoning="The event_date_lookup found four instances where I made or prepared ingredients for a sandwich.", answer="I made a sandwich on July 15th, July 18th, July 19th, and July 21st, 2023.")
expected output: 


 ============================== 


eval answer(reasoning="The event_date_lookup found four instances where I made or prepared ingredients for a sandwich.", answer="I made a sandwich on July 15th, July 18th, July 19th, and July 21st, 2023.")
Answering I made a sandwich on July 15th, July 18th, July 19th, and July 21st, 2023.  with reason: The event_date_lookup found four instances where I made or prepared ingredients for a sandwich.
/home/user22303471/Project/Active-H-EMV/llm_emv/setup.py:226: FutureWarning: The `get_sentence_embedding_dimension` method has been renamed to `get_embedding_dimension`.
  filter_kwargs['_embedding_dim'] = embedding_model.get_sentence_embedding_dimension()
/home/user22303471/Project/Active-H-EMV/llm_emv/setup.py:183: FutureWarning: The `get_sentence_embedding_dimension` method has been renamed to `get_embedding_dimension`.
  result = torch.empty(len(texts), embedding_model.get_sentence_embedding_dimension(),
Tokens Used: 1944
	Prompt Tokens: 1882
	Completion Tokens: 62
Successful Requests: 1
Total Cost (USD): $0.0
Evaluating sample 6c24abb778c24a7c_704a-977b52faf01e6c05_d71f-01c1b8aa1820aa0b_adaf-32918ea00b69d9fe_38ff-cdf30defa61245ba_5590-2513b9a8d8ae5129_ab38-7337be5c30b1b5d1_874c-57862376ad3394a1_c9dc-32fe2fa7cc43fbc3_b8f3-0de4b62afcd06138_45f2-a966ba0c6e0d463d_ce88-25ef88cce38adfbc_1740-7504548a0dd7baf8_b148-064a69cb5d40b41f_9c2e-a690a35743c855aa_4c00-4b813e7c9bc088d0_1ce1-e4909f617bc99db4_4ab8-03379f213dfbda39_79a2-c49a96282ec09e90_5bfa-a2d31b84a569e568_fb03-88ddc0cbf1a23687_43ea-b36a8d73976068a3_6afd-c02445dd7a5b6f26_d92a-a76099fbab67c9da_4d48-c6c5c151b7b8e770_38db-60d26ec0f9c4757e_425d-9539c0004762d6a8_2eee-b2fde7ee4eb1c40f_1f95-c2ffd6a81bfe2613_f91c-81b10da74f7ac9ff_15c8-6ccc8b815fbc093a_e921-5aa3cbd322d4f163_402a-52e190f2e5f3b790_edbb-71392179ff5e728f_d7fe-4e893adaff5699af_ab4f-6f4aca312776de7b_97f3-4e88e46c6584bd85_21d2-eef61c8f3cdd8280_c537-bfb3e4eaf7ba458f_81db-af3fc77ab8313235_5b72-dbb41344c474217f_ee0e-498d06abfb7e9487_5c19-36492265af47de94_a352-9c97a83f60095487_02d9-0d1a67f82b3b5854_d74d-2f8d482d22e56fdd_410e-5c12b219bbb5bc07_6008-4aafdc038df138e8_58f0-474a8460bc35eb12_20d0-0f0664338151d4ac_5c06-0-tasks_to_days_ago
[配置] 启用 FAISS 加速，索引类型: flat
[GraphAug] 命中图缓存 (nodes=4933, edges=16432)
Got 0 examples


 ============================== 


eval event_date_lookup('Today is Aug 04, 2023 at 03:24 PM. How many days ago did you clean all the cups?')
Updated/Defined variables after execution: {}

**SystemMessage**:
"""You are a smart humanoid robot answering user question about your past actions.
The history object contains information on what you did in the past, represented as a tree.
Use the method expand to look at details of a node.
Make sure to use collapse_all_but(idx) when you expanded irrelevant nodes, in order to keep the tree compact.
Enter Python expressions into the console to see the value and decide for the next command based on that result.
Answer concisely by calling answer(reasoning="...", answer="...") when you gathered enough information to answer the question.
Generate syntactically correct python console statements only, no explanations or other natural language statements.
IMPORTANT: If search() returns "No relevant records found", your next command MUST be answer(reasoning="No relevant record was found.", answer="I have no record of that."). Do not search synonyms, do not expand further, and do not call vqa.
IMPORTANT: If you get "Nothing changed" twice, answer honestly that you have no record. Do NOT keep searching repeatedly. For just-before/just-after questions, first try one broader target search or inspect another relevant top-level time block before giving up.
For object yes/no questions, first use object_lookup("object name"). If it reports no matching summary, answer "No, I have no record of that." Do not call vqa unless you already have a directly relevant leaf image.
For task-list questions such as "List the tasks you performed", first use task_list(). Prefer its Recommended answer and chronological candidates instead of manually expanding the whole tree. For long histories, do not copy every task candidate verbatim unless the user explicitly asks for an exhaustive transcript.
For task-description questions such as "describe what you did when you X", first use task_lookup("X"). Prefer its matching task candidates instead of manually expanding the whole tree.
For exact date/time questions or "N days ago" questions asking what happened, first use date_lookup(question). Prefer its Recommended answer when it is confident instead of manually expanding by date.
For "How many days ago did you X?" or "When did you X?" questions, first use event_date_lookup(question). If it lists multiple days, include all of them in the final answer instead of only the most recent match.
For just-before or just-after questions, first use temporal_neighbor(target_task, direction="before" or "after") if a candidate is not already shown. Prefer the returned Recommended answer when it is confident. Only then inspect adjacent sibling or temporal nodes. Avoid expanding to raw leaf observations unless the summary is insufficient.
Do not call vqa for time, date, task-list, before/after, or yes/no object-existence questions when textual summaries already answer the question. Use vqa only for explicit visual appearance questions such as color, visible state, or what something looks like.
Never output bare parameters such as reasoning="..." answer="...". Always call answer(reasoning="...", answer="...")."""

**HumanMessage**:
"""
def answer(reasoning: str = None, answer: str = Ellipsis)
def ask(question: str)
def date_lookup(query: str, max_matches: int = 8) -> str # For exact date/time or N-days-ago questions, list matching history summaries directly
def event_date_lookup(query: str, max_matches: int = 12) -> str # For "how many days ago did you X" questions, find all matching event dates directly
def now() -> datetime.datetime
def object_lookup(object_name: str, max_matches: int = 8) -> str # For object yes/no questions, check whether task summaries mention the object
def task_list(max_tasks: int = 30) -> str # For task-list questions, list task-sized history summaries in chronological order
def task_lookup(query: str, max_matches: int = 8) -> str # For task-description questions, list task-sized summaries matching a query
def temporal_neighbor(target_task: str, direction: str = 'before', max_candidates: int = 6) -> str # For just-before/just-after questions, find the target task and return adjacent task candidates
def vqa(question: str, *images: PIL.Image.Image)
"""

**HumanMessage**:
"""Usage examples:
>>> history.expand()  # Shows the history tree with all child nodes expanded
>>> history.expand(date(2021, 12, 20))  # Expand the children that overlap with the given day
>>> history.expand(now() - timedelta(hours=6), now() - timedelta(hours=4))  # Expand all children that overlap with the given range (in this example "about 5 hours ago")
>>> history.expand((now() - timedelta(days=2)).date())  # Expand all children that overlap with the day before yesterday
>>> history.expand(0)  # Shows child node 0
>>> history[0].expand()  # Expands all child nodes of node 0 (node 0 must be expanded already to see them)
>>> history[5][2].expand()  # Shows child node 2 of child node 5 with all its child nodes expanded
>>> history.search("green cup") # Semantic index search. Expands the most relevant children according to similarity of the natural language query and the node's (recursively defined) index content.
>>> history[1][42].search("bicycle") # Semantic index search on some node further down the tree. Expands the children of node 1.42 most relevant to the search term
>>> history[3].collapse_all_but(1); history[3][1].expand()  # Zooms into details of child node 3.1 while collapsing all other childs of node 3
>>> vqa("What color is the ... in this image?",
...     history[2][4][-1][0].image)  # Invoke a model to answer a visual question about image(s) of some leaf (!) node(s)

# After gathering the relevant information, answer the question:
# Optionally, provide a reasoning on why you choose the respective answer
>>> answer(reasoning="...", answer="...")"""

**HumanMessage**:
"""User question: Today is Aug 04, 2023 at 03:24 PM. How many days ago did you clean all the cups?"""

**AIMessage**:
"""event_date_lookup('Today is Aug 04, 2023 at 03:24 PM. How many days ago did you clean all the cups?')"""

**HumanMessage**:
""""Event date lookup for query='Today is Aug 04, 2023 at 03:24 PM. How many days ago did you clean all the cups?': event='clean all the cups', today=2023/08/04.\n1. score=0.84; days_ago=16; 2023/07/19 17:03 - 17:09: I was instructed to clean the mugs. I picked up a dirty cup, placed it in the sink, then took a filled mug, emptied it, placed it in the coffee machine, and turned the machine on to make coffee.\nRecommended answer: 16 days ago""""

**HumanMessage**:
/home/user22303471/Project/Active-H-EMV/llm_emv/setup.py:226: FutureWarning: The `get_sentence_embedding_dimension` method has been renamed to `get_embedding_dimension`.
  filter_kwargs['_embedding_dim'] = embedding_model.get_sentence_embedding_dimension()
"""Current state:
2023/07/13 - 2023/08/04: "From July 13th to August 4th, I consistently performed a variety of daily kitchen and household tasks, including preparing diverse meals like toast, sandwiches, cooked potatoes, salads, and coffee, along with routine activities such as watering houseplants, cleaning dishes, and organizing various items including credit cards, remotes, tissue boxes, pencils, newspapers, and watches."  
  ..."""
{}
command: answer(reasoning="The event_date_lookup for 'clean all the cups' returned a match from 16 days ago (July 19, 2023), where I was instructed to clean the mugs and proceeded to handle the cups and coffee machine.", answer="I cleaned the cups 16 days ago, on July 19, 2023.")
expected output: 


 ============================== 


eval answer(reasoning="The event_date_lookup for 'clean all the cups' returned a match from 16 days ago (July 19, 2023), where I was instructed to clean the mugs and proceeded to handle the cups and coffee machine.", answer="I cleaned the cups 16 days ago, on July 19, 2023.")
Answering I cleaned the cups 16 days ago, on July 19, 2023.  with reason: The event_date_lookup for 'clean all the cups' returned a match from 16 days ago (July 19, 2023), where I was instructed to clean the mugs and proceeded to handle the cups and coffee machine.
Tokens Used: 1772
	Prompt Tokens: 1691
	Completion Tokens: 81
Successful Requests: 1
Total Cost (USD): $0.0
Evaluating sample 6c24abb778c24a7c_704a-977b52faf01e6c05_d71f-01c1b8aa1820aa0b_adaf-32918ea00b69d9fe_38ff-cdf30defa61245ba_5590-2513b9a8d8ae5129_ab38-7337be5c30b1b5d1_874c-57862376ad3394a1_c9dc-32fe2fa7cc43fbc3_b8f3-0de4b62afcd06138_45f2-a966ba0c6e0d463d_ce88-25ef88cce38adfbc_1740-7504548a0dd7baf8_b148-064a69cb5d40b41f_9c2e-a690a35743c855aa_4c00-4b813e7c9bc088d0_1ce1-e4909f617bc99db4_4ab8-03379f213dfbda39_79a2-c49a96282ec09e90_5bfa-a2d31b84a569e568_fb03-88ddc0cbf1a23687_43ea-b36a8d73976068a3_6afd-c02445dd7a5b6f26_d92a-a76099fbab67c9da_4d48-c6c5c151b7b8e770_38db-60d26ec0f9c4757e_425d-9539c0004762d6a8_2eee-b2fde7ee4eb1c40f_1f95-c2ffd6a81bfe2613_f91c-81b10da74f7ac9ff_15c8-6ccc8b815fbc093a_e921-5aa3cbd322d4f163_402a-52e190f2e5f3b790_edbb-71392179ff5e728f_d7fe-4e893adaff5699af_ab4f-6f4aca312776de7b_97f3-4e88e46c6584bd85_21d2-eef61c8f3cdd8280_c537-bfb3e4eaf7ba458f_81db-af3fc77ab8313235_5b72-dbb41344c474217f_ee0e-498d06abfb7e9487_5c19-36492265af47de94_a352-9c97a83f60095487_02d9-0d1a67f82b3b5854_d74d-2f8d482d22e56fdd_410e-5c12b219bbb5bc07_6008-4aafdc038df138e8_58f0-474a8460bc35eb12_20d0-0f0664338151d4ac_5c06-0-days_ago_to_episode
[配置] 启用 FAISS 加速，索引类型: flat
[GraphAug] 命中图缓存 (nodes=4933, edges=16432)
Got 0 examples


 ============================== 


eval date_lookup('Today is Aug 04, 2023 at 03:24 PM. What did you do 4 days ago?')
Updated/Defined variables after execution: {}

**SystemMessage**:
"""You are a smart humanoid robot answering user question about your past actions.
The history object contains information on what you did in the past, represented as a tree.
Use the method expand to look at details of a node.
Make sure to use collapse_all_but(idx) when you expanded irrelevant nodes, in order to keep the tree compact.
Enter Python expressions into the console to see the value and decide for the next command based on that result.
Answer concisely by calling answer(reasoning="...", answer="...") when you gathered enough information to answer the question.
Generate syntactically correct python console statements only, no explanations or other natural language statements.
IMPORTANT: If search() returns "No relevant records found", your next command MUST be answer(reasoning="No relevant record was found.", answer="I have no record of that."). Do not search synonyms, do not expand further, and do not call vqa.
IMPORTANT: If you get "Nothing changed" twice, answer honestly that you have no record. Do NOT keep searching repeatedly. For just-before/just-after questions, first try one broader target search or inspect another relevant top-level time block before giving up.
For object yes/no questions, first use object_lookup("object name"). If it reports no matching summary, answer "No, I have no record of that." Do not call vqa unless you already have a directly relevant leaf image.
For task-list questions such as "List the tasks you performed", first use task_list(). Prefer its Recommended answer and chronological candidates instead of manually expanding the whole tree. For long histories, do not copy every task candidate verbatim unless the user explicitly asks for an exhaustive transcript.
For task-description questions such as "describe what you did when you X", first use task_lookup("X"). Prefer its matching task candidates instead of manually expanding the whole tree.
For exact date/time questions or "N days ago" questions asking what happened, first use date_lookup(question). Prefer its Recommended answer when it is confident instead of manually expanding by date.
For "How many days ago did you X?" or "When did you X?" questions, first use event_date_lookup(question). If it lists multiple days, include all of them in the final answer instead of only the most recent match.
For just-before or just-after questions, first use temporal_neighbor(target_task, direction="before" or "after") if a candidate is not already shown. Prefer the returned Recommended answer when it is confident. Only then inspect adjacent sibling or temporal nodes. Avoid expanding to raw leaf observations unless the summary is insufficient.
Do not call vqa for time, date, task-list, before/after, or yes/no object-existence questions when textual summaries already answer the question. Use vqa only for explicit visual appearance questions such as color, visible state, or what something looks like.
Never output bare parameters such as reasoning="..." answer="...". Always call answer(reasoning="...", answer="...")."""

**HumanMessage**:
"""
def answer(reasoning: str = None, answer: str = Ellipsis)
def ask(question: str)
def date_lookup(query: str, max_matches: int = 8) -> str # For exact date/time or N-days-ago questions, list matching history summaries directly
def event_date_lookup(query: str, max_matches: int = 12) -> str # For "how many days ago did you X" questions, find all matching event dates directly
def now() -> datetime.datetime
def object_lookup(object_name: str, max_matches: int = 8) -> str # For object yes/no questions, check whether task summaries mention the object
def task_list(max_tasks: int = 30) -> str # For task-list questions, list task-sized history summaries in chronological order
def task_lookup(query: str, max_matches: int = 8) -> str # For task-description questions, list task-sized summaries matching a query
def temporal_neighbor(target_task: str, direction: str = 'before', max_candidates: int = 6) -> str # For just-before/just-after questions, find the target task and return adjacent task candidates
def vqa(question: str, *images: PIL.Image.Image)
"""

**HumanMessage**:
/home/user22303471/Project/Active-H-EMV/llm_emv/setup.py:226: FutureWarning: The `get_sentence_embedding_dimension` method has been renamed to `get_embedding_dimension`.
  filter_kwargs['_embedding_dim'] = embedding_model.get_sentence_embedding_dimension()
/home/user22303471/Project/Active-H-EMV/llm_emv/setup.py:183: FutureWarning: The `get_sentence_embedding_dimension` method has been renamed to `get_embedding_dimension`.
  result = torch.empty(len(texts), embedding_model.get_sentence_embedding_dimension(),
"""Usage examples:
>>> history.expand()  # Shows the history tree with all child nodes expanded
>>> history.expand(date(2021, 12, 20))  # Expand the children that overlap with the given day
>>> history.expand(now() - timedelta(hours=6), now() - timedelta(hours=4))  # Expand all children that overlap with the given range (in this example "about 5 hours ago")
>>> history.expand((now() - timedelta(days=2)).date())  # Expand all children that overlap with the day before yesterday
>>> history.expand(0)  # Shows child node 0
>>> history[0].expand()  # Expands all child nodes of node 0 (node 0 must be expanded already to see them)
>>> history[5][2].expand()  # Shows child node 2 of child node 5 with all its child nodes expanded
>>> history.search("green cup") # Semantic index search. Expands the most relevant children according to similarity of the natural language query and the node's (recursively defined) index content.
>>> history[1][42].search("bicycle") # Semantic index search on some node further down the tree. Expands the children of node 1.42 most relevant to the search term
>>> history[3].collapse_all_but(1); history[3][1].expand()  # Zooms into details of child node 3.1 while collapsing all other childs of node 3
>>> vqa("What color is the ... in this image?",
...     history[2][4][-1][0].image)  # Invoke a model to answer a visual question about image(s) of some leaf (!) node(s)

# After gathering the relevant information, answer the question:
# Optionally, provide a reasoning on why you choose the respective answer
>>> answer(reasoning="...", answer="...")"""

**HumanMessage**:
"""User question: Today is Aug 04, 2023 at 03:24 PM. What did you do 4 days ago?"""

**AIMessage**:
"""date_lookup('Today is Aug 04, 2023 at 03:24 PM. What did you do 4 days ago?')"""

**HumanMessage**:
""""Date lookup for query='Today is Aug 04, 2023 at 03:24 PM. What did you do 4 days ago?': resolved=2023/07/31.\n1. score=0.87; 2023/07/31 08:25 - 18:43: On July 31st, I served two slices of tomato, gathered newspapers onto an armchair, and prepared a dish with sliced lettuce, tomato, and a cooked potato.\n2. score=0.85; 2023/07/31 18:36 - 18:43: I prepared a dish by slicing lettuce, a tomato, and a potato. I then cooked the potato slice in a pan, retrieved a plate, and assembled the dish by placing the cooked potato, tomato slices, and lettuce onto the plate bef...\n3. score=0.85; 2023/07/31 11:39 - 11:45: As instructed, I began gathering newspapers onto an armchair. I moved one newspaper from the dresser to the armchair, and to clear space, I relocated a cellphone from the armchair to the dresser. I then searched various...\n4. score=0.85; 2023/07/31 08:25:31 - 08:28:29: In response to a request to serve two slices of tomato, I sliced a tomato, placed two slices on a plate, and then asked the user for confirmation that the task was complete.\n5. score=0.78; 2023/07/31 08:25:31 - 08:27:46: Upon receiving the user's request to serve two slices of tomato, I first picked up a tomato and a plate and placed them on the countertop. Afterwards, I grabbed a knife and sliced the tomato.\n6. score=0.78; 2023/07/31 18:40:47 - 18:43:01: I picked up a sliced lettuce piece and placed it on the plate. I then picked up another tomato slice and placed it on the plate.\n7. score=0.78; 2023/07/31 11:39:16 - 11:41:13: I started by picking up a newspaper from the dresser and placing it on an armchair, following the instruction to gather all newspapers on one armchair.\n8. score=0.78; 2023/07/31 11:41:26 - 11:43:11: I then searched for another newspaper by opening and closing various drawers and cabinets (Drawer_4, Drawer_2, Cabinet_2). Upon finding a second newspaper, I picked it up and placed it on the same armchair.\nRecommended answer: On July 31st, I served two slices of tomato, gathered newspapers onto an armchair, and prepared a dish with sliced lettuce, tomato, and a cooked potato. I prepared a dish by slicing lettuce, a tomato, and a potato. I then cooked the potato slice in a pan, retrieved a plate, and assembled the dish by placing the cooked potato, tomato slices, and lettuce onto the plate bef... As instructed, I began gathering newspapers onto an armchair. I moved one newspaper from the dresser to the armchair, and to clear space, I relocated a cellphone from the armchair to the dresser. I then searched various... In response to a request to serve two slices of tomato, I sliced a tomato, placed two slices on a plate, and then asked the user for confirmation that the task was complete.""""

**HumanMessage**:
"""Current state:
2023/07/13 - 2023/08/04: "From July 13th to August 4th, I consistently performed a variety of daily kitchen and household tasks, including preparing diverse meals like toast, sandwiches, cooked potatoes, salads, and coffee, along with routine activities such as watering houseplants, cleaning dishes, and organizing various items including credit cards, remotes, tissue boxes, pencils, newspapers, and watches."  
  ..."""
{}
command: answer(reasoning="The user asked what I did 4 days ago. Today is August 4, 2023, so 4 days ago was July 31, 2023. According to my history for that date, I performed several tasks.", answer="On July 31, 2023, I served two slices of tomato, gathered newspapers onto an armchair, and prepared a dish consisting of sliced lettuce, tomato, and a cooked potato.")
expected output: 


 ============================== 


eval answer(reasoning="The user asked what I did 4 days ago. Today is August 4, 2023, so 4 days ago was July 31, 2023. According to my history for that date, I performed several tasks.", answer="On July 31, 2023, I served two slices of tomato, gathered newspapers onto an armchair, and prepared a dish consisting of sliced lettuce, tomato, and a cooked potato.")
Answering On July 31, 2023, I served two slices of tomato, gathered newspapers onto an armchair, and prepared a dish consisting of sliced lettuce, tomato, and a cooked potato.  with reason: The user asked what I did 4 days ago. Today is August 4, 2023, so 4 days ago was July 31, 2023. According to my history for that date, I performed several tasks.
Tokens Used: 2462
	Prompt Tokens: 2361
	Completion Tokens: 101
Successful Requests: 1
Total Cost (USD): $0.0
Evaluating sample e336199e4aca573c_4d32-85ec788c6b00fb0d_14d1-ad2e4eb0b24a5940_9c9d-50bc3abf986ccabb_7071-915fdf90f4bc33cd_6c72-1fd74046ded8f9d1_42a3-cb0e41e1b364ad27_9a72-4b7b1a5b7f3d19ae_1413-cce21676357b2d20_b27c-01c1b8aa1820aa0b_adaf-b8f22271faff678f_dce6-4fc54b735d3f45a6_b7b4-e8f7cd03e3683657_4d70-84d6411d0710d918_5b3c-04ae108b77699c0f_2453-b53c115c99ca34dd_5e2b-b63078c7b3e28f59_355d-c6f7828bc5640531_1604-c7cc40993ef8468b_3e7b-0b161c6f709cde89_4c30-fef7c3fc3990d2e8_518b-e85d1457c7af9ad4_4960-9e23434a16a146b5_7f9a-41b067f2ce6f3fef_8ee6-9539c0004762d6a8_fe91-a2b0269334c60e48_2cb5-464fb2558d308797_4110-d8034826803791df_10bf-88f8ad0d2d356270_bb95-491169530040eb68_c8b0-e035a44ebae9d3fd_c842-c02445dd7a5b6f26_86bd-8150a936da2df63d_2451-3ebbcf3c3aed7c9e_5813-1e8fb21f2b41b0b0_db8b-a451af83aeece675_117b-140e54aadad74d20_222f-e455dbf27ecaf413_8484-c6c5c151b7b8e770_38db-18f6da623ba658a2_aa07-612f99763b6978b6_0c1a-09d537bcc73a42fc_52e8-5ab41ea72487ce0f_e5be-0d1a67f82b3b5854_d74d-0d600126a7947365_cac4-2b5a33d4908ee77d_20f6-a82cd949493bada0_ffe5-b2815444299854b0_d30e-5026400c43e20c2d_d3fc-85ec788c6b00fb0d_49ba-0-sequence_of_task_descs
[配置] 启用 FAISS 加速，索引类型: flat
[GraphAug] 开始构建记忆图...
[MemoryGraph] 收集到 5612 个事件节点
[MemoryGraph] 时间相邻边: 4545
[MemoryGraph] 共享物体边: 12248
[MemoryGraph] 唯一动作数: 372, 相似动作对: 802
[MemoryGraph] 相似动作边: 1599
[MemoryGraph] 图构建完成: {'num_nodes': 5612, 'num_edges': 18392, 'edges_temporal_adjacent': 4545, 'edges_co_object': 12248, 'edges_similar_action': 1599}
[GraphAug] 记忆图构建完成
Got 0 examples


 ============================== 


eval task_list()
Updated/Defined variables after execution: {}

**SystemMessage**:
"""You are a smart humanoid robot answering user question about your past actions.
The history object contains information on what you did in the past, represented as a tree.
Use the method expand to look at details of a node.
Make sure to use collapse_all_but(idx) when you expanded irrelevant nodes, in order to keep the tree compact.
Enter Python expressions into the console to see the value and decide for the next command based on that result.
Answer concisely by calling answer(reasoning="...", answer="...") when you gathered enough information to answer the question.
Generate syntactically correct python console statements only, no explanations or other natural language statements.
IMPORTANT: If search() returns "No relevant records found", your next command MUST be answer(reasoning="No relevant record was found.", answer="I have no record of that."). Do not search synonyms, do not expand further, and do not call vqa.
IMPORTANT: If you get "Nothing changed" twice, answer honestly that you have no record. Do NOT keep searching repeatedly. For just-before/just-after questions, first try one broader target search or inspect another relevant top-level time block before giving up.
For object yes/no questions, first use object_lookup("object name"). If it reports no matching summary, answer "No, I have no record of that." Do not call vqa unless you already have a directly relevant leaf image.
For task-list questions such as "List the tasks you performed", first use task_list(). Prefer its Recommended answer and chronological candidates instead of manually expanding the whole tree. For long histories, do not copy every task candidate verbatim unless the user explicitly asks for an exhaustive transcript.
For task-description questions such as "describe what you did when you X", first use task_lookup("X"). Prefer its matching task candidates instead of manually expanding the whole tree.
For exact date/time questions or "N days ago" questions asking what happened, first use date_lookup(question). Prefer its Recommended answer when it is confident instead of manually expanding by date.
For "How many days ago did you X?" or "When did you X?" questions, first use event_date_lookup(question). If it lists multiple days, include all of them in the final answer instead of only the most recent match.
For just-before or just-after questions, first use temporal_neighbor(target_task, direction="before" or "after") if a candidate is not already shown. Prefer the returned Recommended answer when it is confident. Only then inspect adjacent sibling or temporal nodes. Avoid expanding to raw leaf observations unless the summary is insufficient.
Do not call vqa for time, date, task-list, before/after, or yes/no object-existence questions when textual summaries already answer the question. Use vqa only for explicit visual appearance questions such as color, visible state, or what something looks like.
Never output bare parameters such as reasoning="..." answer="...". Always call answer(reasoning="...", answer="...")."""

**HumanMessage**:
"""
def answer(reasoning: str = None, answer: str = Ellipsis)
def ask(question: str)
def date_lookup(query: str, max_matches: int = 8) -> str # For exact date/time or N-days-ago questions, list matching history summaries directly
def event_date_lookup(query: str, max_matches: int = 12) -> str # For "how many days ago did you X" questions, find all matching event dates directly
def now() -> datetime.datetime
def object_lookup(object_name: str, max_matches: int = 8) -> str # For object yes/no questions, check whether task summaries mention the object
def task_list(max_tasks: int = 30) -> str # For task-list questions, list task-sized history summaries in chronological order
def task_lookup(query: str, max_matches: int = 8) -> str # For task-description questions, list task-sized summaries matching a query
def temporal_neighbor(target_task: str, direction: str = 'before', max_candidates: int = 6) -> str # For just-before/just-after questions, find the target task and return adjacent task candidates
def vqa(question: str, *images: PIL.Image.Image)
"""

**HumanMessage**:
"""Usage examples:
>>> history.expand()  # Shows the history tree with all child nodes expanded
>>> history.expand(date(2021, 12, 20))  # Expand the children that overlap with the given day
>>> history.expand(now() - timedelta(hours=6), now() - timedelta(hours=4))  # Expand all children that overlap with the given range (in this example "about 5 hours ago")
>>> history.expand((now() - timedelta(days=2)).date())  # Expand all children that overlap with the day before yesterday
>>> history.expand(0)  # Shows child node 0
>>> history[0].expand()  # Expands all child nodes of node 0 (node 0 must be expanded already to see them)
>>> history[5][2].expand()  # Shows child node 2 of child node 5 with all its child nodes expanded
>>> history.search("green cup") # Semantic index search. Expands the most relevant children according to similarity of the natural language query and the node's (recursively defined) index content.
>>> history[1][42].search("bicycle") # Semantic index search on some node further down the tree. Expands the children of node 1.42 most relevant to the search term
>>> history[3].collapse_all_but(1); history[3][1].expand()  # Zooms into details of child node 3.1 while collapsing all other childs of node 3
>>> vqa("What color is the ... in this image?",
...     history[2][4][-1][0].image)  # Invoke a model to answer a visual question about image(s) of some leaf (!) node(s)

# After gathering the relevant information, answer the question:
# Optionally, provide a reasoning on why you choose the respective answer
>>> answer(reasoning="...", answer="...")"""

**HumanMessage**:
"""User question: List the tasks you performed."""

**AIMessage**:
"""task_list()"""

**HumanMessage**:
""""Task list candidates in chronological order:\nUse these as evidence. If there are many candidates, do not copy every candidate verbatim; use the Recommended answer unless the user explicitly asks for an exhaustive transcript.\n1. 2023/11/24 17:48 - 17:53: I picked up a fork and placed it in an open cabinet as instructed.\n2. 2023/11/25 19:48 - 19:53: I received instructions to slice and cook three potato slices. I brought a potato to the countertop, sliced it, and cooked three pieces in the microwave after clearing some space, then placed the cooked slices back on the countertop.\n3. 2023/11/26 08:09 - 08:15: I started by picking up a pepper shaker and placing it on the countertop, then turning off the faucet. During this time, I received instructions to clean a dirty plate located next to the sink.\n4. 2023/11/26 15:12 - 15:25: I was instructed to boil a potato. I prepared and cleaned a pot, filled it with water, placed it on the stove, added potatoes, and boiled them. After cooking, I emptied the pot and placed a cooked potato on the countertop.\n5. 2023/11/28 16:00:20 - 16:03:06: I sliced and toasted two pieces of bread and cleaned a dirty plate to serve them on.\n6. 2023/11/30 10:43 - 10:47: I opened the cabinet to retrieve the bread and then placed it on the countertop.\n7. 2023/11/30 10:50 - 10:55: I picked up the toasted bread slice, opened the cabinet where the user said the plate was, and placed the toasted bread on the countertop.\n8. 2023/11/30 15:07 - 15:10: I received the task to serve one slice of tomato in a bowl. I first located a tomato and a knife, then sliced the tomato on the countertop.\n9. 2023/11/30 15:12 - 15:15: Despite my first attempt, the user indicated the task was incomplete and suggested cleaning another bowl. I took a second bowl, rinsed it at the sink, and placed a different tomato slice into it.\n10. 2023/11/30 15:17:23 - 15:20:16: Still trying to satisfy the request, I found a third bowl, cleaned it at the sink, and placed a tomato slice in it. I then thanked the user for their help, although the user still seemed uncertain about the completion.\n11. 2023/12/01 16:19:12 - 16:21:52: I sliced a potato on the countertop and cooked two of the slices in the microwave.\n12. 2023/12/02 08:52 - 09:02: I retrieved and sliced lettuce, then proceeded to retrieve and slice a potato. After clearing some space, I cooked two potato slices in the microwave and placed them on the countertop.\n13. 2023/12/02 09:02 - 09:07: I retrieved a dirty plate from the fridge, cleared the sink to wash it, and placed the clean plate on the countertop. Finally, I assembled the requested items by placing the cooked potato slices and lettuce onto the clean plate.\n14. 2023/12/04 13:29 - 13:33: I then searched for more items to clean, finding a dirty cup in a cabinet. I brought the cup to the sink, rinsed it, poured out the water, and placed it with the other cleaned drinkware on the countertop, concluding the cleaning task.\n15. 2023/12/05 12:23 - 12:29: I picked up a knife, sliced a tomato, and placed the sliced tomato pieces on the countertop.\n16. 2023/12/05 14:17 - 14:21: I located a tomato on a chair as requested and moved it to the countertop.\n17. 2023/12/06 15:00 - 15:04: I picked up a butter knife and used it to slice the lettuce and bread, following the user's instructions.\n18. 2023/12/06 15:08 - 15:11: I picked up two slices of lettuce and added them to the plate with the first piece of toast.\n19. 2023/12/07 18:49 - 18:53: I picked up the pillow from the dresser and placed it on the armchair as requested.\n20. 2023/12/08 13:24:33 - 13:27:13: I retrieved a head of lettuce from the shelf, brought it to the countertop, and sliced it with a knife.\n21. 2023/12/08 13:32:32 - 13:35:18: I toasted another slice of bread and added it to the plate to complete the lettuce sandwich, finishing the task as requested.\n22. 2023/12/09 17:57 - 18:00: I sliced the potato, lettuce, and tomato, then cleaned a dirty plate and assembled the salad to complete the task.\n23. 2023/12/09 19:02 - 19:08: I picked up a tomato as instructed by the user and placed it on the countertop.\n24. 2023/12/09 19:09 - 19:12: I opened two cabinets to find a plate and then placed the plate on the countertop.\n25. 2023/12/10 13:32 - 13:36: I received instructions to process a potato, so I picked up a knife, placed it on the countertop, then picked up and put down the potato. I then used the knife to slice the potato and returned the knife to the countertop.\n26. 2023/12/10 13:36 - 13:42: I placed three potato slices into the microwave, cooked them, and then retrieved all three cooked slices, placing them onto a plate on the countertop.\n27. 2023/12/10 14:13 - 14:16: The user requested to water a plant and suggested I use a green cup. I picked up the green cup and placed it on the countertop.\n28. 2023/12/12 15:18 - 15:26: Upon the user's request for a salad, I prepared the ingredients at the kitchen island by slicing lettuce, retrieving a tomato slice, and slicing and cooking potato slices in the microwave.\n29. 2023/12/14 11:14 - 11:20: I prepared the potatoes by placing them in a pot with liquid, moving the pot between countertops and the stove to cook them, and finally returning the pot to a countertop once the potatoes were ready.\n30. 2023/12/14 11:20 - 11:30: After being instructed to make toast, I found a knife in a cabinet, sliced the bread, and toasted it in the toaster.\nRecommended answer: From 2023/11/24 to 2023/12/14, I performed 30 recorded task groups, including bread, toast, and sandwich preparation; potato cooking and slicing; salad, lettuce, and tomato preparation; coffee and drinkware tasks; dish, plate, bowl, and pan cleaning; household organization tasks; plant watering.""""

**HumanMessage**:
"""Current state:
2023/11/23 - 2023/12/14: "From November 23rd to December 14th, I performed a consistent routine of household maintenance and meal preparation. This included preparing various meals such as toast, sandwiches, and salads, boiling potatoes, making coffee, washing dishes, watering houseplants, and organizing common household items like remotes, newspapers, and pillows."  
  ..."""
{}
command: answer(reasoning="I used the `task_list()` function to get a summary of my activities. The recommended answer provides a concise overview of the tasks I performed.", answer="From 2023/11/24 to 2023/12/14, I performed 30 recorded task groups, including bread, toast, and sandwich preparation; potato cooking and slicing; salad, lettuce, and tomato preparation; coffee and drinkware tasks; dish, plate, bowl, and pan cleaning; household organization tasks; and plant watering.")
expected output: 


 ============================== 


eval answer(reasoning="I used the `task_list()` function to get a summary of my activities. The recommended answer provides a concise overview of the tasks I performed.", answer="From 2023/11/24 to 2023/12/14, I performed 30 recorded task groups, including bread, toast, and sandwich preparation; potato cooking and slicing; salad, lettuce, and tomato preparation; coffee and drinkware tasks; dish, plate, bowl, and pan cleaning; household organization tasks; and plant watering.")
Answering From 2023/11/24 to 2023/12/14, I performed 30 recorded task groups, including bread, toast, and sandwich preparation; potato cooking and slicing; salad, lettuce, and tomato preparation; coffee and drinkware tasks; dish, plate, bowl, and pan cleaning; household organization tasks; and plant watering.  with reason: I used the `task_list()` function to get a summary of my activities. The recommended answer provides a concise overview of the tasks I performed.
Tokens Used: 3790
	Prompt Tokens: 3354
	Completion Tokens: 436
Successful Requests: 1
Total Cost (USD): $0.0
Evaluating sample /home/user22303471/Project/Active-H-EMV/llm_emv/setup.py:226: FutureWarning: The `get_sentence_embedding_dimension` method has been renamed to `get_embedding_dimension`.
  filter_kwargs['_embedding_dim'] = embedding_model.get_sentence_embedding_dimension()
/home/user22303471/Project/Active-H-EMV/llm_emv/setup.py:183: FutureWarning: The `get_sentence_embedding_dimension` method has been renamed to `get_embedding_dimension`.
  result = torch.empty(len(texts), embedding_model.get_sentence_embedding_dimension(),
e336199e4aca573c_4d32-85ec788c6b00fb0d_14d1-ad2e4eb0b24a5940_9c9d-50bc3abf986ccabb_7071-915fdf90f4bc33cd_6c72-1fd74046ded8f9d1_42a3-cb0e41e1b364ad27_9a72-4b7b1a5b7f3d19ae_1413-cce21676357b2d20_b27c-01c1b8aa1820aa0b_adaf-b8f22271faff678f_dce6-4fc54b735d3f45a6_b7b4-e8f7cd03e3683657_4d70-84d6411d0710d918_5b3c-04ae108b77699c0f_2453-b53c115c99ca34dd_5e2b-b63078c7b3e28f59_355d-c6f7828bc5640531_1604-c7cc40993ef8468b_3e7b-0b161c6f709cde89_4c30-fef7c3fc3990d2e8_518b-e85d1457c7af9ad4_4960-9e23434a16a146b5_7f9a-41b067f2ce6f3fef_8ee6-9539c0004762d6a8_fe91-a2b0269334c60e48_2cb5-464fb2558d308797_4110-d8034826803791df_10bf-88f8ad0d2d356270_bb95-491169530040eb68_c8b0-e035a44ebae9d3fd_c842-c02445dd7a5b6f26_86bd-8150a936da2df63d_2451-3ebbcf3c3aed7c9e_5813-1e8fb21f2b41b0b0_db8b-a451af83aeece675_117b-140e54aadad74d20_222f-e455dbf27ecaf413_8484-c6c5c151b7b8e770_38db-18f6da623ba658a2_aa07-612f99763b6978b6_0c1a-09d537bcc73a42fc_52e8-5ab41ea72487ce0f_e5be-0d1a67f82b3b5854_d74d-0d600126a7947365_cac4-2b5a33d4908ee77d_20f6-a82cd949493bada0_ffe5-b2815444299854b0_d30e-5026400c43e20c2d_d3fc-85ec788c6b00fb0d_49ba-0-seq_specific_shortened_low_actions
[配置] 启用 FAISS 加速，索引类型: flat
[GraphAug] 命中图缓存 (nodes=5612, edges=18392)
Got 0 examples


 ============================== 


eval task_lookup('clean all the mugs')
Updated/Defined variables after execution: {}

**SystemMessage**:
"""You are a smart humanoid robot answering user question about your past actions.
The history object contains information on what you did in the past, represented as a tree.
Use the method expand to look at details of a node.
Make sure to use collapse_all_but(idx) when you expanded irrelevant nodes, in order to keep the tree compact.
Enter Python expressions into the console to see the value and decide for the next command based on that result.
Answer concisely by calling answer(reasoning="...", answer="...") when you gathered enough information to answer the question.
Generate syntactically correct python console statements only, no explanations or other natural language statements.
IMPORTANT: If search() returns "No relevant records found", your next command MUST be answer(reasoning="No relevant record was found.", answer="I have no record of that."). Do not search synonyms, do not expand further, and do not call vqa.
IMPORTANT: If you get "Nothing changed" twice, answer honestly that you have no record. Do NOT keep searching repeatedly. For just-before/just-after questions, first try one broader target search or inspect another relevant top-level time block before giving up.
For object yes/no questions, first use object_lookup("object name"). If it reports no matching summary, answer "No, I have no record of that." Do not call vqa unless you already have a directly relevant leaf image.
For task-list questions such as "List the tasks you performed", first use task_list(). Prefer its Recommended answer and chronological candidates instead of manually expanding the whole tree. For long histories, do not copy every task candidate verbatim unless the user explicitly asks for an exhaustive transcript.
For task-description questions such as "describe what you did when you X", first use task_lookup("X"). Prefer its matching task candidates instead of manually expanding the whole tree.
For exact date/time questions or "N days ago" questions asking what happened, first use date_lookup(question). Prefer its Recommended answer when it is confident instead of manually expanding by date.
For "How many days ago did you X?" or "When did you X?" questions, first use event_date_lookup(question). If it lists multiple days, include all of them in the final answer instead of only the most recent match.
For just-before or just-after questions, first use temporal_neighbor(target_task, direction="before" or "after") if a candidate is not already shown. Prefer the returned Recommended answer when it is confident. Only then inspect adjacent sibling or temporal nodes. Avoid expanding to raw leaf observations unless the summary is insufficient.
Do not call vqa for time, date, task-list, before/after, or yes/no object-existence questions when textual summaries already answer the question. Use vqa only for explicit visual appearance questions such as color, visible state, or what something looks like.
Never output bare parameters such as reasoning="..." answer="...". Always call answer(reasoning="...", answer="...")."""

**HumanMessage**:
"""
def answer(reasoning: str = None, answer: str = Ellipsis)
def ask(question: str)
def date_lookup(query: str, max_matches: int = 8) -> str # For exact date/time or N-days-ago questions, list matching history summaries directly
def event_date_lookup(query: str, max_matches: int = 12) -> str # For "how many days ago did you X" questions, find all matching event dates directly
def now() -> datetime.datetime
def object_lookup(object_name: str, max_matches: int = 8) -> str # For object yes/no questions, check whether task summaries mention the object
def task_list(max_tasks: int = 30) -> str # For task-list questions, list task-sized history summaries in chronological order
def task_lookup(query: str, max_matches: int = 8) -> str # For task-description questions, list task-sized summaries matching a query
def temporal_neighbor(target_task: str, direction: str = 'before', max_candidates: int = 6) -> str # For just-before/just-after questions, find the target task and return adjacent task candidates
def vqa(question: str, *images: PIL.Image.Image)
"""

**HumanMessage**:
"""Usage examples:
>>> history.expand()  # Shows the history tree with all child nodes expanded
>>> history.expand(date(2021, 12, 20))  # Expand the children that overlap with the given day
>>> history.expand(now() - timedelta(hours=6), now() - timedelta(hours=4))  # Expand all children that overlap with the given range (in this example "about 5 hours ago")
>>> history.expand((now() - timedelta(days=2)).date())  # Expand all children that overlap with the day before yesterday
>>> history.expand(0)  # Shows child node 0
>>> history[0].expand()  # Expands all child nodes of node 0 (node 0 must be expanded already to see them)
>>> history[5][2].expand()  # Shows child node 2 of child node 5 with all its child nodes expanded
>>> history.search("green cup") # Semantic index search. Expands the most relevant children according to similarity of the natural language query and the node's (recursively defined) index content.
>>> history[1][42].search("bicycle") # Semantic index search on some node further down the tree. Expands the children of node 1.42 most relevant to the search term
>>> history[3].collapse_all_but(1); history[3][1].expand()  # Zooms into details of child node 3.1 while collapsing all other childs of node 3
>>> vqa("What color is the ... in this image?",
...     history[2][4][-1][0].image)  # Invoke a model to answer a visual question about image(s) of some leaf (!) node(s)

# After gathering the relevant information, answer the question:
# Optionally, provide a reasoning on why you choose the respective answer
>>> answer(reasoning="...", answer="...")"""

**HumanMessage**:
"""User question: describe what you did when you clean all the mugs."""

**AIMessage**:
"""task_lookup('clean all the mugs')"""

**HumanMessage**:
/home/user22303471/Project/Active-H-EMV/llm_emv/setup.py:226: FutureWarning: The `get_sentence_embedding_dimension` method has been renamed to `get_embedding_dimension`.
  filter_kwargs['_embedding_dim'] = embedding_model.get_sentence_embedding_dimension()
/home/user22303471/Project/Active-H-EMV/llm_emv/setup.py:183: FutureWarning: The `get_sentence_embedding_dimension` method has been renamed to `get_embedding_dimension`.
  result = torch.empty(len(texts), embedding_model.get_sentence_embedding_dimension(),
""""Task lookup candidates for query='clean all the mugs':\n1. score=0.91; 2023/12/03 08:38:19 - 08:38:55: I waited for the coffee machine to finish brewing and received confirmation that the task was complete.\n2. score=0.86; 2023/12/04 13:29 - 13:33: I then searched for more items to clean, finding a dirty cup in a cabinet. I brought the cup to the sink, rinsed it, poured out the water, and placed it with the other cleaned drinkware on the countertop, concluding the cleaning task.\n3. score=0.86; 2023/12/11 08:29:18 - 08:29:55: I opened the fridge, found the last dirty plate, placed it in the sink, and turned the faucet on and off to clean it. The task was then marked as complete by the user.\n4. score=0.86; 2023/11/25 10:28 - 10:32: I received a request to clean all the plates. To do this, I cleared the sink basin of various items, retrieved dirty plates from the fridge and a cabinet, washed them in the sink, and notified the user once the task was complete.\n5. score=0.84; 2023/12/07 18:24:52 - 18:25:25: I brought the mug to the sink to clean it. I placed it on the countertop, turned off the faucet, then moved the mug into the sink basin. I turned the faucet on and off to rinse it, picked it up, and emptied it.\n6. score=0.84; 2023/12/07 10:11 - 10:14: I cleaned a dirty mug by rinsing it in the sink and then used it to make coffee with the coffee machine, fulfilling the user's request.\n7. score=0.83; 2023/12/11 08:27 - 09:14: On December 11th, I cleaned three dirty plates from various locations. Later, I boiled a potato by gathering a pot and potato, filling the pot with water, and placing it on the stove.\n8. score=0.82; 2023/11/25 10:28:57 - 10:30:09: I received a request to clean all the plates. I started by checking the fridge and picking up a dirty plate.\nRecommended answer: I waited for the coffee machine to finish brewing and received confirmation that the task was complete.; I then searched for more items to clean, finding a dirty cup in a cabinet. I brought the cup to the sink, rinsed it, pou...; I opened the fridge, found the last dirty plate, placed it in the sink, and turned the faucet on and off to clean it. Th...""""

**HumanMessage**:
"""Current state:
2023/11/23 - 2023/12/14: "From November 23rd to December 14th, I performed a consistent routine of household maintenance and meal preparation. This included preparing various meals such as toast, sandwiches, and salads, boiling potatoes, making coffee, washing dishes, watering houseplants, and organizing common household items like remotes, newspapers, and pillows."  
  ..."""
{}
command: answer(reasoning="I have no specific record of cleaning 'all the mugs'. The closest records are about cleaning individual mugs or cups, or cleaning all the plates.", answer="I have no record of cleaning all the mugs. I have records of cleaning individual mugs or cups, for example, on December 4th, I found a dirty cup in a cabinet, brought it to the sink, rinsed it, and placed it with other cleaned drinkware. On December 7th, I cleaned a dirty mug by rinsing it in the sink.")
expected output: 


 ============================== 


eval answer(reasoning="I have no specific record of cleaning 'all the mugs'. The closest records are about cleaning individual mugs or cups, or cleaning all the plates.", answer="I have no record of cleaning all the mugs. I have records of cleaning individual mugs or cups, for example, on December 4th, I found a dirty cup in a cabinet, brought it to the sink, rinsed it, and placed it with other cleaned drinkware. On December 7th, I cleaned a dirty mug by rinsing it in the sink.")
Answering I have no record of cleaning all the mugs. I have records of cleaning individual mugs or cups, for example, on December 4th, I found a dirty cup in a cabinet, brought it to the sink, rinsed it, and placed it with other cleaned drinkware. On December 7th, I cleaned a dirty mug by rinsing it in the sink.  with reason: I have no specific record of cleaning 'all the mugs'. The closest records are about cleaning individual mugs or cups, or cleaning all the plates.
Tokens Used: 2405
	Prompt Tokens: 2171
	Completion Tokens: 234
Successful Requests: 1
Total Cost (USD): $0.0
Evaluating sample e336199e4aca573c_4d32-85ec788c6b00fb0d_14d1-ad2e4eb0b24a5940_9c9d-50bc3abf986ccabb_7071-915fdf90f4bc33cd_6c72-1fd74046ded8f9d1_42a3-cb0e41e1b364ad27_9a72-4b7b1a5b7f3d19ae_1413-cce21676357b2d20_b27c-01c1b8aa1820aa0b_adaf-b8f22271faff678f_dce6-4fc54b735d3f45a6_b7b4-e8f7cd03e3683657_4d70-84d6411d0710d918_5b3c-04ae108b77699c0f_2453-b53c115c99ca34dd_5e2b-b63078c7b3e28f59_355d-c6f7828bc5640531_1604-c7cc40993ef8468b_3e7b-0b161c6f709cde89_4c30-fef7c3fc3990d2e8_518b-e85d1457c7af9ad4_4960-9e23434a16a146b5_7f9a-41b067f2ce6f3fef_8ee6-9539c0004762d6a8_fe91-a2b0269334c60e48_2cb5-464fb2558d308797_4110-d8034826803791df_10bf-88f8ad0d2d356270_bb95-491169530040eb68_c8b0-e035a44ebae9d3fd_c842-c02445dd7a5b6f26_86bd-8150a936da2df63d_2451-3ebbcf3c3aed7c9e_5813-1e8fb21f2b41b0b0_db8b-a451af83aeece675_117b-140e54aadad74d20_222f-e455dbf27ecaf413_8484-c6c5c151b7b8e770_38db-18f6da623ba658a2_aa07-612f99763b6978b6_0c1a-09d537bcc73a42fc_52e8-5ab41ea72487ce0f_e5be-0d1a67f82b3b5854_d74d-0d600126a7947365_cac4-2b5a33d4908ee77d_20f6-a82cd949493bada0_ffe5-b2815444299854b0_d30e-5026400c43e20c2d_d3fc-85ec788c6b00fb0d_49ba-0-seq_right_after_questions
[配置] 启用 FAISS 加速，索引类型: flat
[GraphAug] 命中图缓存 (nodes=5612, edges=18392)
Got 0 examples


 ============================== 


eval temporal_neighbor('put all newspaper on any chairs', direction='after')
Updated/Defined variables after execution: {}

**SystemMessage**:
"""You are a smart humanoid robot answering user question about your past actions.
The history object contains information on what you did in the past, represented as a tree.
Use the method expand to look at details of a node.
Make sure to use collapse_all_but(idx) when you expanded irrelevant nodes, in order to keep the tree compact.
Enter Python expressions into the console to see the value and decide for the next command based on that result.
Answer concisely by calling answer(reasoning="...", answer="...") when you gathered enough information to answer the question.
Generate syntactically correct python console statements only, no explanations or other natural language statements.
IMPORTANT: If search() returns "No relevant records found", your next command MUST be answer(reasoning="No relevant record was found.", answer="I have no record of that."). Do not search synonyms, do not expand further, and do not call vqa.
IMPORTANT: If you get "Nothing changed" twice, answer honestly that you have no record. Do NOT keep searching repeatedly. For just-before/just-after questions, first try one broader target search or inspect another relevant top-level time block before giving up.
For object yes/no questions, first use object_lookup("object name"). If it reports no matching summary, answer "No, I have no record of that." Do not call vqa unless you already have a directly relevant leaf image.
For task-list questions such as "List the tasks you performed", first use task_list(). Prefer its Recommended answer and chronological candidates instead of manually expanding the whole tree. For long histories, do not copy every task candidate verbatim unless the user explicitly asks for an exhaustive transcript.
For task-description questions such as "describe what you did when you X", first use task_lookup("X"). Prefer its matching task candidates instead of manually expanding the whole tree.
For exact date/time questions or "N days ago" questions asking what happened, first use date_lookup(question). Prefer its Recommended answer when it is confident instead of manually expanding by date.
For "How many days ago did you X?" or "When did you X?" questions, first use event_date_lookup(question). If it lists multiple days, include all of them in the final answer instead of only the most recent match.
For just-before or just-after questions, first use temporal_neighbor(target_task, direction="before" or "after") if a candidate is not already shown. Prefer the returned Recommended answer when it is confident. Only then inspect adjacent sibling or temporal nodes. Avoid expanding to raw leaf observations unless the summary is insufficient.
Do not call vqa for time, date, task-list, before/after, or yes/no object-existence questions when textual summaries already answer the question. Use vqa only for explicit visual appearance questions such as color, visible state, or what something looks like.
Never output bare parameters such as reasoning="..." answer="...". Always call answer(reasoning="...", answer="...")."""

**HumanMessage**:
"""
def answer(reasoning: str = None, answer: str = Ellipsis)
def ask(question: str)
def date_lookup(query: str, max_matches: int = 8) -> str # For exact date/time or N-days-ago questions, list matching history summaries directly
def event_date_lookup(query: str, max_matches: int = 12) -> str # For "how many days ago did you X" questions, find all matching event dates directly
def now() -> datetime.datetime
def object_lookup(object_name: str, max_matches: int = 8) -> str # For object yes/no questions, check whether task summaries mention the object
def task_list(max_tasks: int = 30) -> str # For task-list questions, list task-sized history summaries in chronological order
def task_lookup(query: str, max_matches: int = 8) -> str # For task-description questions, list task-sized summaries matching a query
def temporal_neighbor(target_task: str, direction: str = 'before', max_candidates: int = 6) -> str # For just-before/just-after questions, find the target task and return adjacent task candidates
def vqa(question: str, *images: PIL.Image.Image)
"""

**HumanMessage**:
"""Usage examples:
>>> history.expand()  # Shows the history tree with all child nodes expanded
>>> history.expand(date(2021, 12, 20))  # Expand the children that overlap with the given day
>>> history.expand(now() - timedelta(hours=6), now() - timedelta(hours=4))  # Expand all children that overlap with the given range (in this example "about 5 hours ago")
>>> history.expand((now() - timedelta(days=2)).date())  # Expand all children that overlap with the day before yesterday
>>> history.expand(0)  # Shows child node 0
>>> history[0].expand()  # Expands all child nodes of node 0 (node 0 must be expanded already to see them)
>>> history[5][2].expand()  # Shows child node 2 of child node 5 with all its child nodes expanded
>>> history.search("green cup") # Semantic index search. Expands the most relevant children according to similarity of the natural language query and the node's (recursively defined) index content.
>>> history[1][42].search("bicycle") # Semantic index search on some node further down the tree. Expands the children of node 1.42 most relevant to the search term
>>> history[3].collapse_all_but(1); history[3][1].expand()  # Zooms into details of child node 3.1 while collapsing all other childs of node 3
>>> vqa("What color is the ... in this image?",
...     history[2][4][-1][0].image)  # Invoke a model to answer a visual question about image(s) of some leaf (!) node(s)

# After gathering the relevant information, answer the question:
# Optionally, provide a reasoning on why you choose the respective answer
>>> answer(reasoning="...", answer="...")"""

**HumanMessage**:
"""User question: What task did you do just after put all newspaper on any chairs?"""

**AIMessage**:
"""temporal_neighbor('put all newspaper on any chairs', direction='after')"""

**HumanMessage**:
/home/user22303471/Project/Active-H-EMV/llm_emv/setup.py:226: FutureWarning: The `get_sentence_embedding_dimension` method has been renamed to `get_embedding_dimension`.
  filter_kwargs['_embedding_dim'] = embedding_model.get_sentence_embedding_dimension()
/home/user22303471/Project/Active-H-EMV/llm_emv/setup.py:183: FutureWarning: The `get_sentence_embedding_dimension` method has been renamed to `get_embedding_dimension`.
  result = torch.empty(len(texts), embedding_model.get_sentence_embedding_dimension(),
""""Temporal neighbor candidates for target='put all newspaper on any chairs', direction='after':\n1. score=0.81; target=2023/12/06 13:03 - 13:07: I collected three newspapers from different locations—the floor, a dresser, and inside a cabinet—and placed them all on the armchair as requested, finally confirming the task's com...; after=2023/12/06 15:00 - 15:12: I prepared a lettuce sandwich by slicing the bread and lettuce, toasting the bread slices, and then assembling the sandwich on a plate before signaling for a final check.\n2. score=0.75; target=2023/12/06 13:06:59 - 13:07:22: I informed the user that I had successfully placed all three newspapers on the armchair as requested.; after=2023/12/06 15:00 - 15:04: I picked up a butter knife and used it to slice the lettuce and bread, following the user's instructions.\n3. score=0.72; target=2023/12/06 13:03 - 15:12: On December 6th, I collected three newspapers from various locations and placed them on an armchair. Later, I prepared a lettuce sandwich by slicing bread and lettuce, toasting the...; after=2023/12/07 10:11:18 - 10:13:42: I started by cleaning a dirty mug. I picked it up, placed it in the sink, rinsed it by toggling the faucet on and off, and then poured out the water to prepare it for use.\n4. score=0.55; target=2023/12/06 13:03:54 - 13:04:37: I started by picking up the first newspaper from the floor and placing it on the armchair.; after=2023/12/06 13:04:40 - 13:05:20: I picked up a tissue box and moved it to the sofa to clear space on the dresser. Then, I picked up the second newspaper from the dresser and placed it on the armchair.\n5. score=0.42; target=2023/12/06 13:04:40 - 13:05:20: I picked up a tissue box and moved it to the sofa to clear space on the dresser. Then, I picked up the second newspaper from the dresser and placed it on the armchair.; after=2023/12/06 13:05:27 - 13:06:55: I searched for the third newspaper. After opening a cabinet, I found it inside a box on the floor. I picked up the third newspaper and placed it on the armchair with the others.\n6. score=0.40; target=2023/12/06 13:05:27 - 13:06:55: I searched for the third newspaper. After opening a cabinet, I found it inside a box on the floor. I picked up the third newspaper and placed it on the armchair with the others.; after=2023/12/06 13:06:59 - 13:07:22: I informed the user that I had successfully placed all three newspapers on the armchair as requested.\nRecommended answer: I prepared a lettuce sandwich by slicing the bread and lettuce, toasting the bread slices, and then assembling the sandwich on a plate before signaling for a final check.""""

**HumanMessage**:
"""Current state:
2023/11/23 - 2023/12/14: "From November 23rd to December 14th, I performed a consistent routine of household maintenance and meal preparation. This included preparing various meals such as toast, sandwiches, and salads, boiling potatoes, making coffee, washing dishes, watering houseplants, and organizing common household items like remotes, newspapers, and pillows."  
  ..."""
{}
command: answer(reasoning="The `temporal_neighbor` function identified the task immediately following 'put all newspaper on any chairs' as preparing a lettuce sandwich.", answer="I prepared a lettuce sandwich by slicing the bread and lettuce, toasting the bread slices, and then assembling the sandwich on a plate before signaling for a final check.")
expected output: 


 ============================== 


eval answer(reasoning="The `temporal_neighbor` function identified the task immediately following 'put all newspaper on any chairs' as preparing a lettuce sandwich.", answer="I prepared a lettuce sandwich by slicing the bread and lettuce, toasting the bread slices, and then assembling the sandwich on a plate before signaling for a final check.")
Answering I prepared a lettuce sandwich by slicing the bread and lettuce, toasting the bread slices, and then assembling the sandwich on a plate before signaling for a final check.  with reason: The `temporal_neighbor` function identified the task immediately following 'put all newspaper on any chairs' as preparing a lettuce sandwich.
Tokens Used: 2478
	Prompt Tokens: 2331
	Completion Tokens: 147
Successful Requests: 1
Total Cost (USD): $0.0
Evaluating sample e336199e4aca573c_4d32-85ec788c6b00fb0d_14d1-ad2e4eb0b24a5940_9c9d-50bc3abf986ccabb_7071-915fdf90f4bc33cd_6c72-1fd74046ded8f9d1_42a3-cb0e41e1b364ad27_9a72-4b7b1a5b7f3d19ae_1413-cce21676357b2d20_b27c-01c1b8aa1820aa0b_adaf-b8f22271faff678f_dce6-4fc54b735d3f45a6_b7b4-e8f7cd03e3683657_4d70-84d6411d0710d918_5b3c-04ae108b77699c0f_2453-b53c115c99ca34dd_5e2b-b63078c7b3e28f59_355d-c6f7828bc5640531_1604-c7cc40993ef8468b_3e7b-0b161c6f709cde89_4c30-fef7c3fc3990d2e8_518b-e85d1457c7af9ad4_4960-9e23434a16a146b5_7f9a-41b067f2ce6f3fef_8ee6-9539c0004762d6a8_fe91-a2b0269334c60e48_2cb5-464fb2558d308797_4110-d8034826803791df_10bf-88f8ad0d2d356270_bb95-491169530040eb68_c8b0-e035a44ebae9d3fd_c842-c02445dd7a5b6f26_86bd-8150a936da2df63d_2451-3ebbcf3c3aed7c9e_5813-1e8fb21f2b41b0b0_db8b-a451af83aeece675_117b-140e54aadad74d20_222f-e455dbf27ecaf413_8484-c6c5c151b7b8e770_38db-18f6da623ba658a2_aa07-612f99763b6978b6_0c1a-09d537bcc73a42fc_52e8-5ab41ea72487ce0f_e5be-0d1a67f82b3b5854_d74d-0d600126a7947365_cac4-2b5a33d4908ee77d_20f6-a82cd949493bada0_ffe5-b2815444299854b0_d30e-5026400c43e20c2d_d3fc-85ec788c6b00fb0d_49ba-0-seq_right_before_questions
[配置] 启用 FAISS 加速，索引类型: flat
[GraphAug] 命中图缓存 (nodes=5612, edges=18392)
Got 0 examples


 ============================== 


eval temporal_neighbor('clean all the mugs', direction='before')
Updated/Defined variables after execution: {}

**SystemMessage**:
"""You are a smart humanoid robot answering user question about your past actions.
The history object contains information on what you did in the past, represented as a tree.
Use the method expand to look at details of a node.
Make sure to use collapse_all_but(idx) when you expanded irrelevant nodes, in order to keep the tree compact.
Enter Python expressions into the console to see the value and decide for the next command based on that result.
Answer concisely by calling answer(reasoning="...", answer="...") when you gathered enough information to answer the question.
Generate syntactically correct python console statements only, no explanations or other natural language statements.
IMPORTANT: If search() returns "No relevant records found", your next command MUST be answer(reasoning="No relevant record was found.", answer="I have no record of that."). Do not search synonyms, do not expand further, and do not call vqa.
IMPORTANT: If you get "Nothing changed" twice, answer honestly that you have no record. Do NOT keep searching repeatedly. For just-before/just-after questions, first try one broader target search or inspect another relevant top-level time block before giving up.
For object yes/no questions, first use object_lookup("object name"). If it reports no matching summary, answer "No, I have no record of that." Do not call vqa unless you already have a directly relevant leaf image.
For task-list questions such as "List the tasks you performed", first use task_list(). Prefer its Recommended answer and chronological candidates instead of manually expanding the whole tree. For long histories, do not copy every task candidate verbatim unless the user explicitly asks for an exhaustive transcript.
For task-description questions such as "describe what you did when you X", first use task_lookup("X"). Prefer its matching task candidates instead of manually expanding the whole tree.
For exact date/time questions or "N days ago" questions asking what happened, first use date_lookup(question). Prefer its Recommended answer when it is confident instead of manually expanding by date.
For "How many days ago did you X?" or "When did you X?" questions, first use event_date_lookup(question). If it lists multiple days, include all of them in the final answer instead of only the most recent match.
For just-before or just-after questions, first use temporal_neighbor(target_task, direction="before" or "after") if a candidate is not already shown. Prefer the returned Recommended answer when it is confident. Only then inspect adjacent sibling or temporal nodes. Avoid expanding to raw leaf observations unless the summary is insufficient.
Do not call vqa for time, date, task-list, before/after, or yes/no object-existence questions when textual summaries already answer the question. Use vqa only for explicit visual appearance questions such as color, visible state, or what something looks like.
Never output bare parameters such as reasoning="..." answer="...". Always call answer(reasoning="...", answer="...")."""

**HumanMessage**:
"""
def answer(reasoning: str = None, answer: str = Ellipsis)
def ask(question: str)
def date_lookup(query: str, max_matches: int = 8) -> str # For exact date/time or N-days-ago questions, list matching history summaries directly
def event_date_lookup(query: str, max_matches: int = 12) -> str # For "how many days ago did you X" questions, find all matching event dates directly
def now() -> datetime.datetime
def object_lookup(object_name: str, max_matches: int = 8) -> str # For object yes/no questions, check whether task summaries mention the object
def task_list(max_tasks: int = 30) -> str # For task-list questions, list task-sized history summaries in chronological order
def task_lookup(query: str, max_matches: int = 8) -> str # For task-description questions, list task-sized summaries matching a query
def temporal_neighbor(target_task: str, direction: str = 'before', max_candidates: int = 6) -> str # For just-before/just-after questions, find the target task and return adjacent task candidates
def vqa(question: str, *images: PIL.Image.Image)
"""

**HumanMessage**:
"""Usage examples:
>>> history.expand()  # Shows the history tree with all child nodes expanded
>>> history.expand(date(2021, 12, 20))  # Expand the children that overlap with the given day
>>> history.expand(now() - timedelta(hours=6), now() - timedelta(hours=4))  # Expand all children that overlap with the given range (in this example "about 5 hours ago")
>>> history.expand((now() - timedelta(days=2)).date())  # Expand all children that overlap with the day before yesterday
>>> history.expand(0)  # Shows child node 0
>>> history[0].expand()  # Expands all child nodes of node 0 (node 0 must be expanded already to see them)
>>> history[5][2].expand()  # Shows child node 2 of child node 5 with all its child nodes expanded
>>> history.search("green cup") # Semantic index search. Expands the most relevant children according to similarity of the natural language query and the node's (recursively defined) index content.
>>> history[1][42].search("bicycle") # Semantic index search on some node further down the tree. Expands the children of node 1.42 most relevant to the search term
>>> history[3].collapse_all_but(1); history[3][1].expand()  # Zooms into details of child node 3.1 while collapsing all other childs of node 3
>>> vqa("What color is the ... in this image?",
...     history[2][4][-1][0].image)  # Invoke a model to answer a visual question about image(s) of some leaf (!) node(s)

# After gathering the relevant information, answer the question:
# Optionally, provide a reasoning on why you choose the respective answer
>>> answer(reasoning="...", answer="...")"""

**HumanMessage**:
"""User question: What task did you do just before clean all the mugs?"""

**AIMessage**:
"""temporal_neighbor('clean all the mugs', direction='before')"""

**HumanMessage**:
""""Temporal neighbor candidates for target='clean all the mugs', direction='before':\n1. score=0.80; target=2023/12/04 13:27:12 - 13:29:27: I started by locating two mugs, placing them in the sink, rinsing them by turning the faucet on and off, and then pouring out the water and placing the cleaned mugs on the countert...; before=2023/12/04 08:23:46 - 08:23:46: I attempted to open a cabinet (Cabinet_3) but there is no further action recorded for this cabinet, suggesting it might have been empty or the task was interrupted.\nRecommended answer: I attempted to open a cabinet (Cabinet_3) but there is no further action recorded for this cabinet, suggesting it might have been empty or the task was interrupted.""""

**HumanMessage**:
"""Current state:
2023/11/23 - 2023/12/14: "From November 23rd to December 14th, I performed a consistent routine of household maintenance and meal preparation. This included preparing various meals such as toast, sandwiches, and salads, boiling potatoes, making coffee, washing dishes, watering houseplants, and organizing common household items like remotes, newspapers, and pillows."  
  ..."""
{}
command: answer(reasoning="The temporal_neighbor search for 'clean all the mugs' identified a matching task on 2023/12/04 where I cleaned two mugs. The task immediately preceding this was attempting to open a cabinet (Cabinet_3).", answer="Just before cleaning the mugs, I attempted to open a cabinet (Cabinet_3).")
expected output: 


 ============================== 


eval answer(reasoning="The temporal_neighbor search for 'clean all the mugs' identified a matching task on 2023/12/04 where I cleaned two mugs. The task immediately preceding this was attempting to open a cabinet (Cabinet_3).", answer="Just before cleaning the mugs, I attempted to open a cabinet (Cabinet_3).")
Answering Just before cleaning the mugs, I attempted to open a cabinet (Cabinet_3).  with reason: The temporal_neighbor search for 'clean all the mugs' identified a matching task on 2023/12/04 where I cleaned two mugs. The task immediately preceding this was attempting to open a cabinet (Cabinet_3).
Tokens Used: 1758
	Prompt Tokens: 1682
	Completion Tokens: 76
Successful Requests: 1
Total Cost (USD): $0.0
Evaluating sample /home/user22303471/Project/Active-H-EMV/llm_emv/setup.py:226: FutureWarning: The `get_sentence_embedding_dimension` method has been renamed to `get_embedding_dimension`.
  filter_kwargs['_embedding_dim'] = embedding_model.get_sentence_embedding_dimension()
e336199e4aca573c_4d32-85ec788c6b00fb0d_14d1-ad2e4eb0b24a5940_9c9d-50bc3abf986ccabb_7071-915fdf90f4bc33cd_6c72-1fd74046ded8f9d1_42a3-cb0e41e1b364ad27_9a72-4b7b1a5b7f3d19ae_1413-cce21676357b2d20_b27c-01c1b8aa1820aa0b_adaf-b8f22271faff678f_dce6-4fc54b735d3f45a6_b7b4-e8f7cd03e3683657_4d70-84d6411d0710d918_5b3c-04ae108b77699c0f_2453-b53c115c99ca34dd_5e2b-b63078c7b3e28f59_355d-c6f7828bc5640531_1604-c7cc40993ef8468b_3e7b-0b161c6f709cde89_4c30-fef7c3fc3990d2e8_518b-e85d1457c7af9ad4_4960-9e23434a16a146b5_7f9a-41b067f2ce6f3fef_8ee6-9539c0004762d6a8_fe91-a2b0269334c60e48_2cb5-464fb2558d308797_4110-d8034826803791df_10bf-88f8ad0d2d356270_bb95-491169530040eb68_c8b0-e035a44ebae9d3fd_c842-c02445dd7a5b6f26_86bd-8150a936da2df63d_2451-3ebbcf3c3aed7c9e_5813-1e8fb21f2b41b0b0_db8b-a451af83aeece675_117b-140e54aadad74d20_222f-e455dbf27ecaf413_8484-c6c5c151b7b8e770_38db-18f6da623ba658a2_aa07-612f99763b6978b6_0c1a-09d537bcc73a42fc_52e8-5ab41ea72487ce0f_e5be-0d1a67f82b3b5854_d74d-0d600126a7947365_cac4-2b5a33d4908ee77d_20f6-a82cd949493bada0_ffe5-b2815444299854b0_d30e-5026400c43e20c2d_d3fc-85ec788c6b00fb0d_49ba-0-seq_simple_object_yes_no
[配置] 启用 FAISS 加速，索引类型: flat
[GraphAug] 命中图缓存 (nodes=5612, edges=18392)
Got 0 examples


 ============================== 


eval object_lookup('blinds')
Updated/Defined variables after execution: {}

**SystemMessage**:
"""You are a smart humanoid robot answering user question about your past actions.
The history object contains information on what you did in the past, represented as a tree.
Use the method expand to look at details of a node.
Make sure to use collapse_all_but(idx) when you expanded irrelevant nodes, in order to keep the tree compact.
Enter Python expressions into the console to see the value and decide for the next command based on that result.
Answer concisely by calling answer(reasoning="...", answer="...") when you gathered enough information to answer the question.
Generate syntactically correct python console statements only, no explanations or other natural language statements.
IMPORTANT: If search() returns "No relevant records found", your next command MUST be answer(reasoning="No relevant record was found.", answer="I have no record of that."). Do not search synonyms, do not expand further, and do not call vqa.
IMPORTANT: If you get "Nothing changed" twice, answer honestly that you have no record. Do NOT keep searching repeatedly. For just-before/just-after questions, first try one broader target search or inspect another relevant top-level time block before giving up.
For object yes/no questions, first use object_lookup("object name"). If it reports no matching summary, answer "No, I have no record of that." Do not call vqa unless you already have a directly relevant leaf image.
For task-list questions such as "List the tasks you performed", first use task_list(). Prefer its Recommended answer and chronological candidates instead of manually expanding the whole tree. For long histories, do not copy every task candidate verbatim unless the user explicitly asks for an exhaustive transcript.
For task-description questions such as "describe what you did when you X", first use task_lookup("X"). Prefer its matching task candidates instead of manually expanding the whole tree.
For exact date/time questions or "N days ago" questions asking what happened, first use date_lookup(question). Prefer its Recommended answer when it is confident instead of manually expanding by date.
For "How many days ago did you X?" or "When did you X?" questions, first use event_date_lookup(question). If it lists multiple days, include all of them in the final answer instead of only the most recent match.
For just-before or just-after questions, first use temporal_neighbor(target_task, direction="before" or "after") if a candidate is not already shown. Prefer the returned Recommended answer when it is confident. Only then inspect adjacent sibling or temporal nodes. Avoid expanding to raw leaf observations unless the summary is insufficient.
Do not call vqa for time, date, task-list, before/after, or yes/no object-existence questions when textual summaries already answer the question. Use vqa only for explicit visual appearance questions such as color, visible state, or what something looks like.
Never output bare parameters such as reasoning="..." answer="...". Always call answer(reasoning="...", answer="...")."""

**HumanMessage**:
"""
def answer(reasoning: str = None, answer: str = Ellipsis)
def ask(question: str)
def date_lookup(query: str, max_matches: int = 8) -> str # For exact date/time or N-days-ago questions, list matching history summaries directly
def event_date_lookup(query: str, max_matches: int = 12) -> str # For "how many days ago did you X" questions, find all matching event dates directly
def now() -> datetime.datetime
def object_lookup(object_name: str, max_matches: int = 8) -> str # For object yes/no questions, check whether task summaries mention the object
def task_list(max_tasks: int = 30) -> str # For task-list questions, list task-sized history summaries in chronological order
def task_lookup(query: str, max_matches: int = 8) -> str # For task-description questions, list task-sized summaries matching a query
def temporal_neighbor(target_task: str, direction: str = 'before', max_candidates: int = 6) -> str # For just-before/just-after questions, find the target task and return adjacent task candidates
def vqa(question: str, *images: PIL.Image.Image)
"""

**HumanMessage**:
"""Usage examples:
>>> history.expand()  # Shows the history tree with all child nodes expanded
>>> history.expand(date(2021, 12, 20))  # Expand the children that overlap with the given day
>>> history.expand(now() - timedelta(hours=6), now() - timedelta(hours=4))  # Expand all children that overlap with the given range (in this example "about 5 hours ago")
>>> history.expand((now() - timedelta(days=2)).date())  # Expand all children that overlap with the day before yesterday
>>> history.expand(0)  # Shows child node 0
>>> history[0].expand()  # Expands all child nodes of node 0 (node 0 must be expanded already to see them)
>>> history[5][2].expand()  # Shows child node 2 of child node 5 with all its child nodes expanded
>>> history.search("green cup") # Semantic index search. Expands the most relevant children according to similarity of the natural language query and the node's (recursively defined) index content.
>>> history[1][42].search("bicycle") # Semantic index search on some node further down the tree. Expands the children of node 1.42 most relevant to the search term
>>> history[3].collapse_all_but(1); history[3][1].expand()  # Zooms into details of child node 3.1 while collapsing all other childs of node 3
>>> vqa("What color is the ... in this image?",
...     history[2][4][-1][0].image)  # Invoke a model to answer a visual question about image(s) of some leaf (!) node(s)

# After gathering the relevant information, answer the question:
# Optionally, provide a reasoning on why you choose the respective answer
>>> answer(reasoning="...", answer="...")"""

**HumanMessage**:
"""User question: Was there a blinds ?"""

**AIMessage**:
"""object_lookup('blinds')"""

**HumanMessage**:
""""Object lookup for object='blinds':\nNo task-sized summaries mention this object.\nRecommended answer: No, I have no record of that.""""

**HumanMessage**:
"""Current state:
2023/11/23 - 2023/12/14: "From November 23rd to December 14th, I performed a consistent routine of household maintenance and meal preparation. This included preparing various meals such as toast, sandwiches, and salads, boiling potatoes, making coffee, washing dishes, watering houseplants, and organizing common household items like remotes, newspapers, and pillows."  
  ..."""
{}
command: answer(reasoning="The object_lookup tool found no mention of 'blinds' in my memory.", answer="No, I have no record of that.")
expected output: 


 ============================== 


eval answer(reasoning="The object_lookup tool found no mention of 'blinds' in my memory.", answer="No, I have no record of that.")
Answering No, I have no record of that.  with reason: /home/user22303471/Project/Active-H-EMV/llm_emv/setup.py:226: FutureWarning: The `get_sentence_embedding_dimension` method has been renamed to `get_embedding_dimension`.
  filter_kwargs['_embedding_dim'] = embedding_model.get_sentence_embedding_dimension()
/home/user22303471/Project/Active-H-EMV/llm_emv/setup.py:183: FutureWarning: The `get_sentence_embedding_dimension` method has been renamed to `get_embedding_dimension`.
  result = torch.empty(len(texts), embedding_model.get_sentence_embedding_dimension(),
The object_lookup tool found no mention of 'blinds' in my memory.
Tokens Used: 1895
	Prompt Tokens: 1494
	Completion Tokens: 401
Successful Requests: 1
Total Cost (USD): $0.0
Evaluating sample e336199e4aca573c_4d32-85ec788c6b00fb0d_14d1-ad2e4eb0b24a5940_9c9d-50bc3abf986ccabb_7071-915fdf90f4bc33cd_6c72-1fd74046ded8f9d1_42a3-cb0e41e1b364ad27_9a72-4b7b1a5b7f3d19ae_1413-cce21676357b2d20_b27c-01c1b8aa1820aa0b_adaf-b8f22271faff678f_dce6-4fc54b735d3f45a6_b7b4-e8f7cd03e3683657_4d70-84d6411d0710d918_5b3c-04ae108b77699c0f_2453-b53c115c99ca34dd_5e2b-b63078c7b3e28f59_355d-c6f7828bc5640531_1604-c7cc40993ef8468b_3e7b-0b161c6f709cde89_4c30-fef7c3fc3990d2e8_518b-e85d1457c7af9ad4_4960-9e23434a16a146b5_7f9a-41b067f2ce6f3fef_8ee6-9539c0004762d6a8_fe91-a2b0269334c60e48_2cb5-464fb2558d308797_4110-d8034826803791df_10bf-88f8ad0d2d356270_bb95-491169530040eb68_c8b0-e035a44ebae9d3fd_c842-c02445dd7a5b6f26_86bd-8150a936da2df63d_2451-3ebbcf3c3aed7c9e_5813-1e8fb21f2b41b0b0_db8b-a451af83aeece675_117b-140e54aadad74d20_222f-e455dbf27ecaf413_8484-c6c5c151b7b8e770_38db-18f6da623ba658a2_aa07-612f99763b6978b6_0c1a-09d537bcc73a42fc_52e8-5ab41ea72487ce0f_e5be-0d1a67f82b3b5854_d74d-0d600126a7947365_cac4-2b5a33d4908ee77d_20f6-a82cd949493bada0_ffe5-b2815444299854b0_d30e-5026400c43e20c2d_d3fc-85ec788c6b00fb0d_49ba-0-seq_low_actions_to_episode_task_descs
[配置] 启用 FAISS 加速，索引类型: flat
[GraphAug] 命中图缓存 (nodes=5612, edges=18392)
Got 0 examples


 ============================== 


eval task_lookup('toggle on the faucet')
Updated/Defined variables after execution: {}

**SystemMessage**:
"""You are a smart humanoid robot answering user question about your past actions.
The history object contains information on what you did in the past, represented as a tree.
Use the method expand to look at details of a node.
Make sure to use collapse_all_but(idx) when you expanded irrelevant nodes, in order to keep the tree compact.
Enter Python expressions into the console to see the value and decide for the next command based on that result.
Answer concisely by calling answer(reasoning="...", answer="...") when you gathered enough information to answer the question.
Generate syntactically correct python console statements only, no explanations or other natural language statements.
IMPORTANT: If search() returns "No relevant records found", your next command MUST be answer(reasoning="No relevant record was found.", answer="I have no record of that."). Do not search synonyms, do not expand further, and do not call vqa.
IMPORTANT: If you get "Nothing changed" twice, answer honestly that you have no record. Do NOT keep searching repeatedly. For just-before/just-after questions, first try one broader target search or inspect another relevant top-level time block before giving up.
For object yes/no questions, first use object_lookup("object name"). If it reports no matching summary, answer "No, I have no record of that." Do not call vqa unless you already have a directly relevant leaf image.
For task-list questions such as "List the tasks you performed", first use task_list(). Prefer its Recommended answer and chronological candidates instead of manually expanding the whole tree. For long histories, do not copy every task candidate verbatim unless the user explicitly asks for an exhaustive transcript.
For task-description questions such as "describe what you did when you X", first use task_lookup("X"). Prefer its matching task candidates instead of manually expanding the whole tree.
For exact date/time questions or "N days ago" questions asking what happened, first use date_lookup(question). Prefer its Recommended answer when it is confident instead of manually expanding by date.
For "How many days ago did you X?" or "When did you X?" questions, first use event_date_lookup(question). If it lists multiple days, include all of them in the final answer instead of only the most recent match.
For just-before or just-after questions, first use temporal_neighbor(target_task, direction="before" or "after") if a candidate is not already shown. Prefer the returned Recommended answer when it is confident. Only then inspect adjacent sibling or temporal nodes. Avoid expanding to raw leaf observations unless the summary is insufficient.
Do not call vqa for time, date, task-list, before/after, or yes/no object-existence questions when textual summaries already answer the question. Use vqa only for explicit visual appearance questions such as color, visible state, or what something looks like.
Never output bare parameters such as reasoning="..." answer="...". Always call answer(reasoning="...", answer="...")."""

**HumanMessage**:
"""
def answer(reasoning: str = None, answer: str = Ellipsis)
def ask(question: str)
def date_lookup(query: str, max_matches: int = 8) -> str # For exact date/time or N-days-ago questions, list matching history summaries directly
def event_date_lookup(query: str, max_matches: int = 12) -> str # For "how many days ago did you X" questions, find all matching event dates directly
def now() -> datetime.datetime
def object_lookup(object_name: str, max_matches: int = 8) -> str # For object yes/no questions, check whether task summaries mention the object
def task_list(max_tasks: int = 30) -> str # For task-list questions, list task-sized history summaries in chronological order
def task_lookup(query: str, max_matches: int = 8) -> str # For task-description questions, list task-sized summaries matching a query
def temporal_neighbor(target_task: str, direction: str = 'before', max_candidates: int = 6) -> str # For just-before/just-after questions, find the target task and return adjacent task candidates
def vqa(question: str, *images: PIL.Image.Image)
"""

**HumanMessage**:
"""Usage examples:
>>> history.expand()  # Shows the history tree with all child nodes expanded
>>> history.expand(date(2021, 12, 20))  # Expand the children that overlap with the given day
>>> history.expand(now() - timedelta(hours=6), now() - timedelta(hours=4))  # Expand all children that overlap with the given range (in this example "about 5 hours ago")
>>> history.expand((now() - timedelta(days=2)).date())  # Expand all children that overlap with the day before yesterday
>>> history.expand(0)  # Shows child node 0
>>> history[0].expand()  # Expands all child nodes of node 0 (node 0 must be expanded already to see them)
>>> history[5][2].expand()  # Shows child node 2 of child node 5 with all its child nodes expanded
>>> history.search("green cup") # Semantic index search. Expands the most relevant children according to similarity of the natural language query and the node's (recursively defined) index content.
>>> history[1][42].search("bicycle") # Semantic index search on some node further down the tree. Expands the children of node 1.42 most relevant to the search term
>>> history[3].collapse_all_but(1); history[3][1].expand()  # Zooms into details of child node 3.1 while collapsing all other childs of node 3
>>> vqa("What color is the ... in this image?",
...     history[2][4][-1][0].image)  # Invoke a model to answer a visual question about image(s) of some leaf (!) node(s)

# After gathering the relevant information, answer the question:
# Optionally, provide a reasoning on why you choose the respective answer
>>> answer(reasoning="...", answer="...")"""

**HumanMessage**:
"""User question: what task or tasks did you perform when you toggle on the faucet?"""

**AIMessage**:
"""task_lookup('toggle on the faucet')"""

**HumanMessage**:
/home/user22303471/Project/Active-H-EMV/llm_emv/setup.py:183: FutureWarning: The `get_sentence_embedding_dimension` method has been renamed to `get_embedding_dimension`.
  result = torch.empty(len(texts), embedding_model.get_sentence_embedding_dimension(),
""""Task lookup candidates for query='toggle on the faucet':\n1. score=0.69; 2023/11/26 15:14:05 - 15:14:36: I picked up a dirty pot from the countertop, moved it to another countertop, then placed it in the sink and turned off the faucet.\n2. score=0.69; 2023/11/26 15:25:40 - 15:27:37: I performed several cleanup and organization tasks, including using the faucet, pouring liquid from a mug into the pot, and repositioning the pot and a pan on the countertop and stove.\n3. score=0.64; 2023/11/26 08:09 - 08:15: I started by picking up a pepper shaker and placing it on the countertop, then turning off the faucet. During this time, I received instructions to clean a dirty plate located next to the sink.\n4. score=0.63; 2023/11/27 16:35:28 - 16:36:28: I turned off the faucet and moved the potato from the sink to the countertop.\n5. score=0.63; 2023/11/27 08:39:15 - 08:40:37: I started by turning off the faucet.\n6. score=0.63; 2023/12/08 10:09:19 - 10:09:56: I picked up the dirty bowl, turned off the faucet, and placed the bowl on the countertop. I then moved a spatula from the sink area to the countertop.\n7. score=0.63; 2023/12/11 08:29:18 - 08:29:55: I opened the fridge, found the last dirty plate, placed it in the sink, and turned the faucet on and off to clean it. The task was then marked as complete by the user.\n8. score=0.62; 2023/12/07 18:24:52 - 18:25:25: I brought the mug to the sink to clean it. I placed it on the countertop, turned off the faucet, then moved the mug into the sink basin. I turned the faucet on and off to rinse it, picked it up, and emptied it.\nRecommended answer: I picked up a dirty pot from the countertop, moved it to another countertop, then placed it in the sink and turned off t...; I performed several cleanup and organization tasks, including using the faucet, pouring liquid from a mug into the pot,...; I started by picking up a pepper shaker and placing it on the countertop, then turning off the faucet. During this time,...; I turned off the faucet and moved the potato from the sink to the countertop.; I started by turning off the faucet.""""

**HumanMessage**:
"""Current state:
2023/11/23 - 2023/12/14: "From November 23rd to December 14th, I performed a consistent routine of household maintenance and meal preparation. This included preparing various meals such as toast, sandwiches, and salads, boiling potatoes, making coffee, washing dishes, watering houseplants, and organizing common household items like remotes, newspapers, and pillows."  
  ..."""
{}
command: history.search("toggle on the faucet")
expected output: 


 ============================== 


eval history.search("toggle on the faucet")
Updated/Defined variables after execution: {}

**SystemMessage**:
"""You are a smart humanoid robot answering user question about your past actions.
The history object contains information on what you did in the past, represented as a tree.
Use the method expand to look at details of a node.
Make sure to use collapse_all_but(idx) when you expanded irrelevant nodes, in order to keep the tree compact.
Enter Python expressions into the console to see the value and decide for the next command based on that result.
Answer concisely by calling answer(reasoning="...", answer="...") when you gathered enough information to answer the question.
Generate syntactically correct python console statements only, no explanations or other natural language statements.
IMPORTANT: If search() returns "No relevant records found", your next command MUST be answer(reasoning="No relevant record was found.", answer="I have no record of that."). Do not search synonyms, do not expand further, and do not call vqa.
IMPORTANT: If you get "Nothing changed" twice, answer honestly that you have no record. Do NOT keep searching repeatedly. For just-before/just-after questions, first try one broader target search or inspect another relevant top-level time block before giving up.
For object yes/no questions, first use object_lookup("object name"). If it reports no matching summary, answer "No, I have no record of that." Do not call vqa unless you already have a directly relevant leaf image.
For task-list questions such as "List the tasks you performed", first use task_list(). Prefer its Recommended answer and chronological candidates instead of manually expanding the whole tree. For long histories, do not copy every task candidate verbatim unless the user explicitly asks for an exhaustive transcript.
For task-description questions such as "describe what you did when you X", first use task_lookup("X"). Prefer its matching task candidates instead of manually expanding the whole tree.
For exact date/time questions or "N days ago" questions asking what happened, first use date_lookup(question). Prefer its Recommended answer when it is confident instead of manually expanding by date.
For "How many days ago did you X?" or "When did you X?" questions, first use event_date_lookup(question). If it lists multiple days, include all of them in the final answer instead of only the most recent match.
For just-before or just-after questions, first use temporal_neighbor(target_task, direction="before" or "after") if a candidate is not already shown. Prefer the returned Recommended answer when it is confident. Only then inspect adjacent sibling or temporal nodes. Avoid expanding to raw leaf observations unless the summary is insufficient.
Do not call vqa for time, date, task-list, before/after, or yes/no object-existence questions when textual summaries already answer the question. Use vqa only for explicit visual appearance questions such as color, visible state, or what something looks like.
Never output bare parameters such as reasoning="..." answer="...". Always call answer(reasoning="...", answer="...")."""

**HumanMessage**:
"""
def answer(reasoning: str = None, answer: str = Ellipsis)
def ask(question: str)
def date_lookup(query: str, max_matches: int = 8) -> str # For exact date/time or N-days-ago questions, list matching history summaries directly
def event_date_lookup(query: str, max_matches: int = 12) -> str # For "how many days ago did you X" questions, find all matching event dates directly
def now() -> datetime.datetime
def object_lookup(object_name: str, max_matches: int = 8) -> str # For object yes/no questions, check whether task summaries mention the object
def task_list(max_tasks: int = 30) -> str # For task-list questions, list task-sized history summaries in chronological order
def task_lookup(query: str, max_matches: int = 8) -> str # For task-description questions, list task-sized summaries matching a query
def temporal_neighbor(target_task: str, direction: str = 'before', max_candidates: int = 6) -> str # For just-before/just-after questions, find the target task and return adjacent task candidates
def vqa(question: str, *images: PIL.Image.Image)
"""

**HumanMessage**:
/home/user22303471/Project/Active-H-EMV/llm_emv/setup.py:226: FutureWarning: The `get_sentence_embedding_dimension` method has been renamed to `get_embedding_dimension`.
  filter_kwargs['_embedding_dim'] = embedding_model.get_sentence_embedding_dimension()
"""Usage examples:
>>> history.expand()  # Shows the history tree with all child nodes expanded
>>> history.expand(date(2021, 12, 20))  # Expand the children that overlap with the given day
>>> history.expand(now() - timedelta(hours=6), now() - timedelta(hours=4))  # Expand all children that overlap with the given range (in this example "about 5 hours ago")
>>> history.expand((now() - timedelta(days=2)).date())  # Expand all children that overlap with the day before yesterday
>>> history.expand(0)  # Shows child node 0
>>> history[0].expand()  # Expands all child nodes of node 0 (node 0 must be expanded already to see them)
>>> history[5][2].expand()  # Shows child node 2 of child node 5 with all its child nodes expanded
>>> history.search("green cup") # Semantic index search. Expands the most relevant children according to similarity of the natural language query and the node's (recursively defined) index content.
>>> history[1][42].search("bicycle") # Semantic index search on some node further down the tree. Expands the children of node 1.42 most relevant to the search term
>>> history[3].collapse_all_but(1); history[3][1].expand()  # Zooms into details of child node 3.1 while collapsing all other childs of node 3
>>> vqa("What color is the ... in this image?",
...     history[2][4][-1][0].image)  # Invoke a model to answer a visual question about image(s) of some leaf (!) node(s)

# After gathering the relevant information, answer the question:
# Optionally, provide a reasoning on why you choose the respective answer
>>> answer(reasoning="...", answer="...")"""

**HumanMessage**:
"""User question: what task or tasks did you perform when you toggle on the faucet?"""

**AIMessage**:
"""task_lookup('toggle on the faucet')"""

**HumanMessage**:
""""Task lookup candidates for query='toggle on the faucet':\n1. score=0.69; 2023/11/26 15:14:05 - 15:14:36: I picked up a dirty pot from the countertop, moved it to another countertop, then placed it in the sink and turned off the faucet.\n2. score=0.69; 2023/11/26 15:25:40 - 15:27:37: I performed several cleanup and organization tasks, including using the faucet, pouring liquid from a mug into the pot, and repositioning the pot and a pan on the countertop and stove.\n3. score=0.64; 2023/11/26 08:09 - 08:15: I started by picking up a pepper shaker and placing it on the countertop, then turning off the faucet. During this time, I received instructions to clean a dirty plate located next to the sink.\n4. score=0.63; 2023/11/27 16:35:28 - 16:36:28: I turned off the faucet and moved the potato from the sink to the countertop.\n5. score=0.63; 2023/11/27 08:39:15 - 08:40:37: I started by turning off the faucet.\n6. score=0.63; 2023/12/08 10:09:19 - 10:09:56: I picked up the dirty bowl, turned off the faucet, and placed the bowl on the countertop. I then moved a spatula from the sink area to the countertop.\n7. score=0.63; 2023/12/11 08:29:18 - 08:29:55: I opened the fridge, found the last dirty plate, placed it in the sink, and turned the faucet on and off to clean it. The task was then marked as complete by the user.\n8. score=0.62; 2023/12/07 18:24:52 - 18:25:25: I brought the mug to the sink to clean it. I placed it on the countertop, turned off the faucet, then moved the mug into the sink basin. I turned the faucet on and off to rinse it, picked it up, and emptied it.\nRecommended answer: I picked up a dirty pot from the countertop, moved it to another countertop, then placed it in the sink and turned off t...; I performed several cleanup and organization tasks, including using the faucet, pouring liquid from a mug into the pot,...; I started by picking up a pepper shaker and placing it on the countertop, then turning off the faucet. During this time,...; I turned off the faucet and moved the potato from the sink to the countertop.; I started by turning off the faucet.""""

**AIMessage**:
"""history.search("toggle on the faucet")"""

**HumanMessage**:
"""Current state:
2023/11/23 - 2023/12/14: "From November 23rd to December 14th, I performed a consistent routine of household maintenance and meal preparation. This included preparing various meals such as toast, sandwiches, and salads, boiling potatoes, making coffee, washing dishes, watering houseplants, and organizing common household items like remotes, newspapers, and pillows."  
  0: 2023/11/23 - 2023/11/27: "From November 23rd to 27th, I performed various kitchen tasks and plant care, including washing plates, making toast and salads, boiling potatoes, and watering houseplants."  
    ...
  ..."""
{}
command: answer(reasoning="The task lookup results show one instance where I explicitly turned the faucet on and off to clean a plate.", answer="On 2023/12/11 from 08:29:18 to 08:29:55, I opened the fridge, found the last dirty plate, placed it in the sink, and turned the faucet on and off to clean it.")
expected output: 


 ============================== 


eval answer(reasoning="The task lookup results show one instance where I explicitly turned the faucet on and off to clean a plate.", answer="On 2023/12/11 from 08:29:18 to 08:29:55, I opened the fridge, found the last dirty plate, placed it in the sink, and turned the faucet on and off to clean it.")
Answering On 2023/12/11 from 08:29:18 to 08:29:55, I opened the fridge, found the last dirty plate, placed it in the sink, and turned the faucet on and off to clean it.  with reason: The task lookup results show one instance where I explicitly turned the faucet on and off to clean a plate.
Tokens Used: 4591
	Prompt Tokens: 4407
	Completion Tokens: 184
Successful Requests: 2
Total Cost (USD): $0.0
Evaluating sample e336199e4aca573c_4d32-85ec788c6b00fb0d_14d1-ad2e4eb0b24a5940_9c9d-50bc3abf986ccabb_7071-915fdf90f4bc33cd_6c72-1fd74046ded8f9d1_42a3-cb0e41e1b364ad27_9a72-4b7b1a5b7f3d19ae_1413-cce21676357b2d20_b27c-01c1b8aa1820aa0b_adaf-b8f22271faff678f_dce6-4fc54b735d3f45a6_b7b4-e8f7cd03e3683657_4d70-84d6411d0710d918_5b3c-04ae108b77699c0f_2453-b53c115c99ca34dd_5e2b-b63078c7b3e28f59_355d-c6f7828bc5640531_1604-c7cc40993ef8468b_3e7b-0b161c6f709cde89_4c30-fef7c3fc3990d2e8_518b-e85d1457c7af9ad4_4960-9e23434a16a146b5_7f9a-41b067f2ce6f3fef_8ee6-9539c0004762d6a8_fe91-a2b0269334c60e48_2cb5-464fb2558d308797_4110-d8034826803791df_10bf-88f8ad0d2d356270_bb95-491169530040eb68_c8b0-e035a44ebae9d3fd_c842-c02445dd7a5b6f26_86bd-8150a936da2df63d_2451-3ebbcf3c3aed7c9e_5813-1e8fb21f2b41b0b0_db8b-a451af83aeece675_117b-140e54aadad74d20_222f-e455dbf27ecaf413_8484-c6c5c151b7b8e770_38db-18f6da623ba658a2_aa07-612f99763b6978b6_0c1a-09d537bcc73a42fc_52e8-5ab41ea72487ce0f_e5be-0d1a67f82b3b5854_d74d-0d600126a7947365_cac4-2b5a33d4908ee77d_20f6-a82cd949493bada0_ffe5-b2815444299854b0_d30e-5026400c43e20c2d_d3fc-85ec788c6b00fb0d_49ba-0-exact_time_to_episode
[配置] 启用 FAISS 加速，索引类型: flat
[GraphAug] 命中图缓存 (nodes=5612, edges=18392)
Got 0 examples


 ============================== 


eval date_lookup('what did you do on Nov 24, 2023 at 09:56 AM?')
Updated/Defined variables after execution: {}

**SystemMessage**:
"""You are a smart humanoid robot answering user question about your past actions.
The history object contains information on what you did in the past, represented as a tree.
Use the method expand to look at details of a node.
Make sure to use collapse_all_but(idx) when you expanded irrelevant nodes, in order to keep the tree compact.
Enter Python expressions into the console to see the value and decide for the next command based on that result.
Answer concisely by calling answer(reasoning="...", answer="...") when you gathered enough information to answer the question.
Generate syntactically correct python console statements only, no explanations or other natural language statements.
IMPORTANT: If search() returns "No relevant records found", your next command MUST be answer(reasoning="No relevant record was found.", answer="I have no record of that."). Do not search synonyms, do not expand further, and do not call vqa.
IMPORTANT: If you get "Nothing changed" twice, answer honestly that you have no record. Do NOT keep searching repeatedly. For just-before/just-after questions, first try one broader target search or inspect another relevant top-level time block before giving up.
For object yes/no questions, first use object_lookup("object name"). If it reports no matching summary, answer "No, I have no record of that." Do not call vqa unless you already have a directly relevant leaf image.
For task-list questions such as "List the tasks you performed", first use task_list(). Prefer its Recommended answer and chronological candidates instead of manually expanding the whole tree. For long histories, do not copy every task candidate verbatim unless the user explicitly asks for an exhaustive transcript.
For task-description questions such as "describe what you did when you X", first use task_lookup("X"). Prefer its matching task candidates instead of manually expanding the whole tree.
For exact date/time questions or "N days ago" questions asking what happened, first use date_lookup(question). Prefer its Recommended answer when it is confident instead of manually expanding by date.
For "How many days ago did you X?" or "When did you X?" questions, first use event_date_lookup(question). If it lists multiple days, include all of them in the final answer instead of only the most recent match.
For just-before or just-after questions, first use temporal_neighbor(target_task, direction="before" or "after") if a candidate is not already shown. Prefer the returned Recommended answer when it is confident. Only then inspect adjacent sibling or temporal nodes. Avoid expanding to raw leaf observations unless the summary is insufficient.
Do not call vqa for time, date, task-list, before/after, or yes/no object-existence questions when textual summaries already answer the question. Use vqa only for explicit visual appearance questions such as color, visible state, or what something looks like.
Never output bare parameters such as reasoning="..." answer="...". Always call answer(reasoning="...", answer="...")."""

**HumanMessage**:
"""
def answer(reasoning: str = None, answer: str = Ellipsis)
def ask(question: str)
def date_lookup(query: str, max_matches: int = 8) -> str # For exact date/time or N-days-ago questions, list matching history summaries directly
def event_date_lookup(query: str, max_matches: int = 12) -> str # For "how many days ago did you X" questions, find all matching event dates directly
def now() -> datetime.datetime
def object_lookup(object_name: str, max_matches: int = 8) -> str # For object yes/no questions, check whether task summaries mention the object
def task_list(max_tasks: int = 30) -> str # For task-list questions, list task-sized history summaries in chronological order
def task_lookup(query: str, max_matches: int = 8) -> str # For task-description questions, list task-sized summaries matching a query
def temporal_neighbor(target_task: str, direction: str = 'before', max_candidates: int = 6) -> str # For just-before/just-after questions, find the target task and return adjacent task candidates
def vqa(question: str, *images: PIL.Image.Image)
"""

**HumanMessage**:
"""Usage examples:
>>> history.expand()  # Shows the history tree with all child nodes expanded
>>> history.expand(date(2021, 12, 20))  # Expand the children that overlap with the given day
>>> history.expand(now() - timedelta(hours=6), now() - timedelta(hours=4))  # Expand all children that overlap with the given range (in this example "about 5 hours ago")
>>> history.expand((now() - timedelta(days=2)).date())  # Expand all children that overlap with the day before yesterday
>>> history.expand(0)  # Shows child node 0
>>> history[0].expand()  # Expands all child nodes of node 0 (node 0 must be expanded already to see them)
>>> history[5][2].expand()  # Shows child node 2 of child node 5 with all its child nodes expanded
>>> history.search("green cup") # Semantic index search. Expands the most relevant children according to similarity of the natural language query and the node's (recursively defined) index content.
>>> history[1][42].search("bicycle") # Semantic index search on some node further down the tree. Expands the children of node 1.42 most relevant to the search term
>>> history[3].collapse_all_but(1); history[3][1].expand()  # Zooms into details of child node 3.1 while collapsing all other childs of node 3
>>> vqa("What color is the ... in this image?",
...     history[2][4][-1][0].image)  # Invoke a model to answer a visual question about image(s) of some leaf (!) node(s)

# After gathering the relevant information, answer the question:
# Optionally, provide a reasoning on why you choose the respective answer
>>> answer(reasoning="...", answer="...")"""

**HumanMessage**:
"""User question: what did you do on Nov 24, 2023 at 09:56 AM?"""

**AIMessage**:
"""date_lookup('what did you do on Nov 24, 2023 at 09:56 AM?')"""

**HumanMessage**:
""""Date lookup for query='what did you do on Nov 24, 2023 at 09:56 AM?': resolved=2023/11/24 09:56:00.\n1. score=0.99; 2023/11/24 09:56:51 - 09:57:32: I picked up a dirty, filled mug and used its contents to water a houseplant, as instructed.\n2. score=0.92; 2023/11/24 09:56:51 - 09:57:44: I followed the instruction to water a houseplant using the contents of a mug and then confirmed the task was completed.\n3. score=0.84; 2023/11/24 09:56:51 - 09:57:16: Goal: Pickup(Mug_1) Visual observation: Mug_1 [dirty, filled], StoveBurner_2, Cabinet_1, Cabinet_2, CounterTop_2, StoveKnob_1, Window_0, CoffeeMachine [toggled] Mug_1, CoffeeMachine are in/on CounterTop_2 Speech: 2023-11...\n4. score=0.35; 2023/11/24 09:56 - 17:55: On November 24th, I watered a houseplant, then prepared a salad by slicing lettuce and tomato onto a plate, and later placed two forks into a cabinet.\n5. score=0.17; 2023/11/23 - 2023/11/27: From November 23rd to 27th, I performed various kitchen tasks and plant care, including washing plates, making toast and salads, boiling potatoes, and watering houseplants.\n6. score=0.08; 2023/11/23 - 2023/12/14: From November 23rd to December 14th, I performed a consistent routine of household maintenance and meal preparation. This included preparing various meals such as toast, sandwiches, and salads, boiling potatoes, making c...\nRecommended answer: I picked up a dirty, filled mug and used its contents to water a houseplant, as instructed.""""

**HumanMessage**:
"""Current state:
2023/11/23 - 2023/12/14: "From November 23rd to December 14th, I performed a consistent routine of household maintenance and meal preparation. This included preparing various meals such as toast, sandwiches, and salads, boiling potatoes, making coffee, washing dishes, watering houseplants, and organizing common household items like remotes, newspapers, and pillows."  
  ..."""
{}
command: answer(reasoning="The date_lookup function provided a high-confidence match for the specified time. The recommended answer accurately describes the task I was performing.", answer="I picked up a dirty, filled mug and used its contents to water a houseplant, as instructed.")
expected output: 


 ============================== 


eval /home/user22303471/Project/Active-H-EMV/llm_emv/setup.py:226: FutureWarning: The `get_sentence_embedding_dimension` method has been renamed to `get_embedding_dimension`.
  filter_kwargs['_embedding_dim'] = embedding_model.get_sentence_embedding_dimension()
/home/user22303471/Project/Active-H-EMV/llm_emv/setup.py:183: FutureWarning: The `get_sentence_embedding_dimension` method has been renamed to `get_embedding_dimension`.
  result = torch.empty(len(texts), embedding_model.get_sentence_embedding_dimension(),
answer(reasoning="The date_lookup function provided a high-confidence match for the specified time. The recommended answer accurately describes the task I was performing.", answer="I picked up a dirty, filled mug and used its contents to water a houseplant, as instructed.")
Answering I picked up a dirty, filled mug and used its contents to water a houseplant, as instructed.  with reason: The date_lookup function provided a high-confidence match for the specified time. The recommended answer accurately describes the task I was performing.
Tokens Used: 2777
	Prompt Tokens: 2046
	Completion Tokens: 731
Successful Requests: 1
Total Cost (USD): $0.0
Evaluating sample e336199e4aca573c_4d32-85ec788c6b00fb0d_14d1-ad2e4eb0b24a5940_9c9d-50bc3abf986ccabb_7071-915fdf90f4bc33cd_6c72-1fd74046ded8f9d1_42a3-cb0e41e1b364ad27_9a72-4b7b1a5b7f3d19ae_1413-cce21676357b2d20_b27c-01c1b8aa1820aa0b_adaf-b8f22271faff678f_dce6-4fc54b735d3f45a6_b7b4-e8f7cd03e3683657_4d70-84d6411d0710d918_5b3c-04ae108b77699c0f_2453-b53c115c99ca34dd_5e2b-b63078c7b3e28f59_355d-c6f7828bc5640531_1604-c7cc40993ef8468b_3e7b-0b161c6f709cde89_4c30-fef7c3fc3990d2e8_518b-e85d1457c7af9ad4_4960-9e23434a16a146b5_7f9a-41b067f2ce6f3fef_8ee6-9539c0004762d6a8_fe91-a2b0269334c60e48_2cb5-464fb2558d308797_4110-d8034826803791df_10bf-88f8ad0d2d356270_bb95-491169530040eb68_c8b0-e035a44ebae9d3fd_c842-c02445dd7a5b6f26_86bd-8150a936da2df63d_2451-3ebbcf3c3aed7c9e_5813-1e8fb21f2b41b0b0_db8b-a451af83aeece675_117b-140e54aadad74d20_222f-e455dbf27ecaf413_8484-c6c5c151b7b8e770_38db-18f6da623ba658a2_aa07-612f99763b6978b6_0c1a-09d537bcc73a42fc_52e8-5ab41ea72487ce0f_e5be-0d1a67f82b3b5854_d74d-0d600126a7947365_cac4-2b5a33d4908ee77d_20f6-a82cd949493bada0_ffe5-b2815444299854b0_d30e-5026400c43e20c2d_d3fc-85ec788c6b00fb0d_49ba-0-tasks_to_exact_times
[配置] 启用 FAISS 加速，索引类型: flat
[GraphAug] 命中图缓存 (nodes=5612, edges=18392)
Got 0 examples


 ============================== 


eval event_date_lookup('When did you cook 3 slice(s) of potato and serve on a plate?')
Updated/Defined variables after execution: {}

**SystemMessage**:
"""You are a smart humanoid robot answering user question about your past actions.
The history object contains information on what you did in the past, represented as a tree.
Use the method expand to look at details of a node.
Make sure to use collapse_all_but(idx) when you expanded irrelevant nodes, in order to keep the tree compact.
Enter Python expressions into the console to see the value and decide for the next command based on that result.
Answer concisely by calling answer(reasoning="...", answer="...") when you gathered enough information to answer the question.
Generate syntactically correct python console statements only, no explanations or other natural language statements.
IMPORTANT: If search() returns "No relevant records found", your next command MUST be answer(reasoning="No relevant record was found.", answer="I have no record of that."). Do not search synonyms, do not expand further, and do not call vqa.
IMPORTANT: If you get "Nothing changed" twice, answer honestly that you have no record. Do NOT keep searching repeatedly. For just-before/just-after questions, first try one broader target search or inspect another relevant top-level time block before giving up.
For object yes/no questions, first use object_lookup("object name"). If it reports no matching summary, answer "No, I have no record of that." Do not call vqa unless you already have a directly relevant leaf image.
For task-list questions such as "List the tasks you performed", first use task_list(). Prefer its Recommended answer and chronological candidates instead of manually expanding the whole tree. For long histories, do not copy every task candidate verbatim unless the user explicitly asks for an exhaustive transcript.
For task-description questions such as "describe what you did when you X", first use task_lookup("X"). Prefer its matching task candidates instead of manually expanding the whole tree.
For exact date/time questions or "N days ago" questions asking what happened, first use date_lookup(question). Prefer its Recommended answer when it is confident instead of manually expanding by date.
For "How many days ago did you X?" or "When did you X?" questions, first use event_date_lookup(question). If it lists multiple days, include all of them in the final answer instead of only the most recent match.
For just-before or just-after questions, first use temporal_neighbor(target_task, direction="before" or "after") if a candidate is not already shown. Prefer the returned Recommended answer when it is confident. Only then inspect adjacent sibling or temporal nodes. Avoid expanding to raw leaf observations unless the summary is insufficient.
Do not call vqa for time, date, task-list, before/after, or yes/no object-existence questions when textual summaries already answer the question. Use vqa only for explicit visual appearance questions such as color, visible state, or what something looks like.
Never output bare parameters such as reasoning="..." answer="...". Always call answer(reasoning="...", answer="...")."""

**HumanMessage**:
"""
def answer(reasoning: str = None, answer: str = Ellipsis)
def ask(question: str)
def date_lookup(query: str, max_matches: int = 8) -> str # For exact date/time or N-days-ago questions, list matching history summaries directly
def event_date_lookup(query: str, max_matches: int = 12) -> str # For "how many days ago did you X" questions, find all matching event dates directly
def now() -> datetime.datetime
def object_lookup(object_name: str, max_matches: int = 8) -> str # For object yes/no questions, check whether task summaries mention the object
def task_list(max_tasks: int = 30) -> str # For task-list questions, list task-sized history summaries in chronological order
def task_lookup(query: str, max_matches: int = 8) -> str # For task-description questions, list task-sized summaries matching a query
def temporal_neighbor(target_task: str, direction: str = 'before', max_candidates: int = 6) -> str # For just-before/just-after questions, find the target task and return adjacent task candidates
def vqa(question: str, *images: PIL.Image.Image)
"""

**HumanMessage**:
"""Usage examples:
>>> history.expand()  # Shows the history tree with all child nodes expanded
>>> history.expand(date(2021, 12, 20))  # Expand the children that overlap with the given day
>>> history.expand(now() - timedelta(hours=6), now() - timedelta(hours=4))  # Expand all children that overlap with the given range (in this example "about 5 hours ago")
>>> history.expand((now() - timedelta(days=2)).date())  # Expand all children that overlap with the day before yesterday
>>> history.expand(0)  # Shows child node 0
>>> history[0].expand()  # Expands all child nodes of node 0 (node 0 must be expanded already to see them)
>>> history[5][2].expand()  # Shows child node 2 of child node 5 with all its child nodes expanded
>>> history.search("green cup") # Semantic index search. Expands the most relevant children according to similarity of the natural language query and the node's (recursively defined) index content.
>>> history[1][42].search("bicycle") # Semantic index search on some node further down the tree. Expands the children of node 1.42 most relevant to the search term
>>> history[3].collapse_all_but(1); history[3][1].expand()  # Zooms into details of child node 3.1 while collapsing all other childs of node 3
>>> vqa("What color is the ... in this image?",
...     history[2][4][-1][0].image)  # Invoke a model to answer a visual question about image(s) of some leaf (!) node(s)

# After gathering the relevant information, answer the question:
# Optionally, provide a reasoning on why you choose the respective answer
>>> answer(reasoning="...", answer="...")"""

**HumanMessage**:
"""User question: When did you cook 3 slice(s) of potato and serve on a plate?"""

**AIMessage**:
"""event_date_lookup('When did you cook 3 slice(s) of potato and serve on a plate?')"""

**HumanMessage**:
/home/user22303471/Project/Active-H-EMV/llm_emv/setup.py:226: FutureWarning: The `get_sentence_embedding_dimension` method has been renamed to `get_embedding_dimension`.
  filter_kwargs['_embedding_dim'] = embedding_model.get_sentence_embedding_dimension()
/home/user22303471/Project/Active-H-EMV/llm_emv/setup.py:183: FutureWarning: The `get_sentence_embedding_dimension` method has been renamed to `get_embedding_dimension`.
  result = torch.empty(len(texts), embedding_model.get_sentence_embedding_dimension(),
""""Event date lookup for query='When did you cook 3 slice(s) of potato and serve on a plate?': event='cook 3 slice(s) of potato and serve on a plate', today=2023/12/14.\n1. score=0.60; days_ago=19; 2023/11/25 19:54:53 - 19:56:09: I picked up each of the three cooked potato slices one by one and placed them onto the plate. The user then confirmed the task was well done.\n2. score=0.67; days_ago=12; 2023/12/02 09:05:34 - 09:07:02: Finally, I assembled the requested items by placing two cooked potato slices and a slice of lettuce onto the clean plate. The user thanked me for completing the task.\n3. score=0.59; days_ago=5; 2023/12/09 17:59:09 - 18:00:35: I assembled the salad by placing one slice of cooked potato, two slices of lettuce, and one slice of tomato onto the clean plate. The user thanked me upon completion.\n4. score=0.63; days_ago=4; 2023/12/10 13:40:29 - 13:42:02: I retrieved all three cooked potato slices from the microwave, placing them on a plate and then on the countertop.\n5. score=0.64; days_ago=2; 2023/12/12 15:28:07 - 15:28:41: I cleared a spoon from the microwave, then added the second cooked potato slice to the plate to finish the salad. The user thanked me for completing the task.\n6. score=0.58; days_ago=0; 2023/12/14 11:21:30 - 11:21:42: I picked up one of the sliced cooked potato pieces and placed it on a plate. The user then instructed me to pick a clean bowl from the fridge.\nRecommended answer: on 2023/11/25, 2023/12/02, 2023/12/09, 2023/12/10, 2023/12/12, and 2023/12/14""""

**HumanMessage**:
"""Current state:
2023/11/23 - 2023/12/14: "From November 23rd to December 14th, I performed a consistent routine of household maintenance and meal preparation. This included preparing various meals such as toast, sandwiches, and salads, boiling potatoes, making coffee, washing dishes, watering houseplants, and organizing common household items like remotes, newspapers, and pillows."  
  ..."""
{}
command: answer(reasoning="The event_date_lookup returned several instances of cooking or serving potato slices. The most relevant match for '3 slice(s) of potato' served on a plate occurred on 2023/11/25 (where I placed three cooked potato slices onto a plate) and on 2023/12/10 (where I retrieved three cooked potato slices from the microwave and placed them on a plate). Other dates involved different quantities or combinations.", answer="I cooked and served 3 slices of potato on a plate on 2023/11/25 and 2023/12/10.")
expected output: 


 ============================== 


eval answer(reasoning="The event_date_lookup returned several instances of cooking or serving potato slices. The most relevant match for '3 slice(s) of potato' served on a plate occurred on 2023/11/25 (where I placed three cooked potato slices onto a plate) and on 2023/12/10 (where I retrieved three cooked potato slices from the microwave and placed them on a plate). Other dates involved different quantities or combinations.", answer="I cooked and served 3 slices of potato on a plate on 2023/11/25 and 2023/12/10.")
Answering I cooked and served 3 slices of potato on a plate on 2023/11/25 and 2023/12/10.  with reason: The event_date_lookup returned several instances of cooking or serving potato slices. The most relevant match for '3 slice(s) of potato' served on a plate occurred on 2023/11/25 (where I placed three cooked potato slices onto a plate) and on 2023/12/10 (where I retrieved three cooked potato slices from the microwave and placed them on a plate). Other dates involved different quantities or combinations.
Tokens Used: 2237
	Prompt Tokens: 2095
	Completion Tokens: 142
Successful Requests: 1
Total Cost (USD): $0.0
Evaluating sample e336199e4aca573c_4d32-85ec788c6b00fb0d_14d1-ad2e4eb0b24a5940_9c9d-50bc3abf986ccabb_7071-915fdf90f4bc33cd_6c72-1fd74046ded8f9d1_42a3-cb0e41e1b364ad27_9a72-4b7b1a5b7f3d19ae_1413-cce21676357b2d20_b27c-01c1b8aa1820aa0b_adaf-b8f22271faff678f_dce6-4fc54b735d3f45a6_b7b4-e8f7cd03e3683657_4d70-84d6411d0710d918_5b3c-04ae108b77699c0f_2453-b53c115c99ca34dd_5e2b-b63078c7b3e28f59_355d-c6f7828bc5640531_1604-c7cc40993ef8468b_3e7b-0b161c6f709cde89_4c30-fef7c3fc3990d2e8_518b-e85d1457c7af9ad4_4960-9e23434a16a146b5_7f9a-41b067f2ce6f3fef_8ee6-9539c0004762d6a8_fe91-a2b0269334c60e48_2cb5-464fb2558d308797_4110-d8034826803791df_10bf-88f8ad0d2d356270_bb95-491169530040eb68_c8b0-e035a44ebae9d3fd_c842-c02445dd7a5b6f26_86bd-8150a936da2df63d_2451-3ebbcf3c3aed7c9e_5813-1e8fb21f2b41b0b0_db8b-a451af83aeece675_117b-140e54aadad74d20_222f-e455dbf27ecaf413_8484-c6c5c151b7b8e770_38db-18f6da623ba658a2_aa07-612f99763b6978b6_0c1a-09d537bcc73a42fc_52e8-5ab41ea72487ce0f_e5be-0d1a67f82b3b5854_d74d-0d600126a7947365_cac4-2b5a33d4908ee77d_20f6-a82cd949493bada0_ffe5-b2815444299854b0_d30e-5026400c43e20c2d_d3fc-85ec788c6b00fb0d_49ba-0-tasks_to_days_ago
[配置] 启用 FAISS 加速，索引类型: flat
[GraphAug] 命中图缓存 (nodes=5612, edges=18392)
Got 0 examples


 ============================== 


eval event_date_lookup('Today is Dec 14, 2023 at 06:25 PM. How many days ago did you serve 1 slice(s) of tomato in a bowl?')
Updated/Defined variables after execution: {}

**SystemMessage**:
"""You are a smart humanoid robot answering user question about your past actions.
The history object contains information on what you did in the past, represented as a tree.
Use the method expand to look at details of a node.
Make sure to use collapse_all_but(idx) when you expanded irrelevant nodes, in order to keep the tree compact.
Enter Python expressions into the console to see the value and decide for the next command based on that result.
Answer concisely by calling answer(reasoning="...", answer="...") when you gathered enough information to answer the question.
Generate syntactically correct python console statements only, no explanations or other natural language statements.
IMPORTANT: If search() returns "No relevant records found", your next command MUST be answer(reasoning="No relevant record was found.", answer="I have no record of that."). Do not search synonyms, do not expand further, and do not call vqa.
IMPORTANT: If you get "Nothing changed" twice, answer honestly that you have no record. Do NOT keep searching repeatedly. For just-before/just-after questions, first try one broader target search or inspect another relevant top-level time block before giving up.
For object yes/no questions, first use object_lookup("object name"). If it reports no matching summary, answer "No, I have no record of that." Do not call vqa unless you already have a directly relevant leaf image.
For task-list questions such as "List the tasks you performed", first use task_list(). Prefer its Recommended answer and chronological candidates instead of manually expanding the whole tree. For long histories, do not copy every task candidate verbatim unless the user explicitly asks for an exhaustive transcript.
For task-description questions such as "describe what you did when you X", first use task_lookup("X"). Prefer its matching task candidates instead of manually expanding the whole tree.
For exact date/time questions or "N days ago" questions asking what happened, first use date_lookup(question). Prefer its Recommended answer when it is confident instead of manually expanding by date.
For "How many days ago did you X?" or "When did you X?" questions, first use event_date_lookup(question). If it lists multiple days, include all of them in the final answer instead of only the most recent match.
For just-before or just-after questions, first use temporal_neighbor(target_task, direction="before" or "after") if a candidate is not already shown. Prefer the returned Recommended answer when it is confident. Only then inspect adjacent sibling or temporal nodes. Avoid expanding to raw leaf observations unless the summary is insufficient.
Do not call vqa for time, date, task-list, before/after, or yes/no object-existence questions when textual summaries already answer the question. Use vqa only for explicit visual appearance questions such as color, visible state, or what something looks like.
Never output bare parameters such as reasoning="..." answer="...". Always call answer(reasoning="...", answer="...")."""

**HumanMessage**:
"""
def answer(reasoning: str = None, answer: str = Ellipsis)
def ask(question: str)
def date_lookup(query: str, max_matches: int = 8) -> str # For exact date/time or N-days-ago questions, list matching history summaries directly
def event_date_lookup(query: str, max_matches: int = 12) -> str # For "how many days ago did you X" questions, find all matching event dates directly
def now() -> datetime.datetime
def object_lookup(object_name: str, max_matches: int = 8) -> str # For object yes/no questions, check whether task summaries mention the object
def task_list(max_tasks: int = 30) -> str # For task-list questions, list task-sized history summaries in chronological order
def task_lookup(query: str, max_matches: int = 8) -> str # For task-description questions, list task-sized summaries matching a query
def temporal_neighbor(target_task: str, direction: str = 'before', max_candidates: int = 6) -> str # For just-before/just-after questions, find the target task and return adjacent task candidates
def vqa(question: str, *images: PIL.Image.Image)
"""

**HumanMessage**:
"""Usage examples:
>>> history.expand()  # Shows the history tree with all child nodes expanded
>>> history.expand(date(2021, 12, 20))  # Expand the children that overlap with the given day
>>> history.expand(now() - timedelta(hours=6), now() - timedelta(hours=4))  # Expand all children that overlap with the given range (in this example "about 5 hours ago")
>>> history.expand((now() - timedelta(days=2)).date())  # Expand all children that overlap with the day before yesterday
>>> history.expand(0)  # Shows child node 0
>>> history[0].expand()  # Expands all child nodes of node 0 (node 0 must be expanded already to see them)
>>> history[5][2].expand()  # Shows child node 2 of child node 5 with all its child nodes expanded
>>> history.search("green cup") # Semantic index search. Expands the most relevant children according to similarity of the natural language query and the node's (recursively defined) index content.
>>> history[1][42].search("bicycle") # Semantic index search on some node further down the tree. Expands the children of node 1.42 most relevant to the search term
>>> history[3].collapse_all_but(1); history[3][1].expand()  # Zooms into details of child node 3.1 while collapsing all other childs of node 3
>>> vqa("What color is the ... in this image?",
...     history[2][4][-1][0].image)  # Invoke a model to answer a visual question about image(s) of some leaf (!) node(s)

# After gathering the relevant information, answer the question:
# Optionally, provide a reasoning on why you choose the respective answer
>>> answer(reasoning="...", answer="...")"""

**HumanMessage**:
"""User question: Today is Dec 14, 2023 at 06:25 PM. How many days ago did you serve 1 slice(s) of tomato in a bowl?"""

**AIMessage**:
"""event_date_lookup('Today is Dec 14, 2023 at 06:25 PM. How many days ago did you serve 1 slice(s) of tomato in a bowl?')"""

**HumanMessage**:
""""Event date lookup for query='Today is Dec 14, 2023 at 06:25 PM. How many days ago did you serve 1 slice(s) of tomato in a bowl?': event='serve 1 slice(s) of tomato in a bowl', today=2023/12/14.\n1. score=0.64; days_ago=14; 2023/11/30 15:07 - 15:10: I received the task to serve one slice of tomato in a bowl. I first located a tomato and a knife, then sliced the tomato on the countertop.\n2. score=0.61; days_ago=9; 2023/12/05 14:23:24 - 14:24:18: I picked up two slices of the tomato and placed them into a bowl on the counter as instructed.\n3. score=0.62; days_ago=6; 2023/12/08 10:10:29 - 10:10:46: I picked up a tomato slice and placed it into the cleaned bowl, confirming completion of the task.\nRecommended answer: 14 days ago and 6 days ago""""

**HumanMessage**:
"""Current state:
2023/11/23 - 2023/12/14: "From November 23rd to December 14th, I performed a consistent routine of household maintenance and meal preparation. This included preparing various meals such as toast, sandwiches, and salads, boiling potatoes, making coffee, washing dishes, watering houseplants, and organizing common household items like remotes, newspapers, and pillows."  
  ..."""
{}
command: answer(reasoning="The event_date_lookup found two instances where I served tomato slices in a bowl. On 2023/11/30 (14 days ago), I sliced a tomato to serve one slice in a bowl. On 2023/12/08 (6 days ago), I placed one tomato slice into a bowl. Another event occurred 9 days ago, but that involved two slices.", answer="I served 1 slice of tomato in a bowl 14 days ago (November 30) and 6 days ago (December 8).")
expected output: 


 ============================== 


eval answer(reasoning="The event_date_lookup found two instances where I served tomato slices in a bowl. On 2023/11/30 (14 days ago), I sliced a tomato to serve one slice in a bowl. On 2023/12/08 (6 days ago), I placed one tomato slice into a bowl. Another event occurred 9 days ago, but that involved two slices.", answer="I served 1 slice of tomato in a bowl 14 days ago (November 30) and 6 days ago (December 8).")
Answering /home/user22303471/Project/Active-H-EMV/llm_emv/setup.py:226: FutureWarning: The `get_sentence_embedding_dimension` method has been renamed to `get_embedding_dimension`.
  filter_kwargs['_embedding_dim'] = embedding_model.get_sentence_embedding_dimension()
I served 1 slice of tomato in a bowl 14 days ago (November 30) and 6 days ago (December 8).  with reason: The event_date_lookup found two instances where I served tomato slices in a bowl. On 2023/11/30 (14 days ago), I sliced a tomato to serve one slice in a bowl. On 2023/12/08 (6 days ago), I placed one tomato slice into a bowl. Another event occurred 9 days ago, but that involved two slices.
Tokens Used: 1965
	Prompt Tokens: 1838
	Completion Tokens: 127
Successful Requests: 1
Total Cost (USD): $0.0
Evaluating sample e336199e4aca573c_4d32-85ec788c6b00fb0d_14d1-ad2e4eb0b24a5940_9c9d-50bc3abf986ccabb_7071-915fdf90f4bc33cd_6c72-1fd74046ded8f9d1_42a3-cb0e41e1b364ad27_9a72-4b7b1a5b7f3d19ae_1413-cce21676357b2d20_b27c-01c1b8aa1820aa0b_adaf-b8f22271faff678f_dce6-4fc54b735d3f45a6_b7b4-e8f7cd03e3683657_4d70-84d6411d0710d918_5b3c-04ae108b77699c0f_2453-b53c115c99ca34dd_5e2b-b63078c7b3e28f59_355d-c6f7828bc5640531_1604-c7cc40993ef8468b_3e7b-0b161c6f709cde89_4c30-fef7c3fc3990d2e8_518b-e85d1457c7af9ad4_4960-9e23434a16a146b5_7f9a-41b067f2ce6f3fef_8ee6-9539c0004762d6a8_fe91-a2b0269334c60e48_2cb5-464fb2558d308797_4110-d8034826803791df_10bf-88f8ad0d2d356270_bb95-491169530040eb68_c8b0-e035a44ebae9d3fd_c842-c02445dd7a5b6f26_86bd-8150a936da2df63d_2451-3ebbcf3c3aed7c9e_5813-1e8fb21f2b41b0b0_db8b-a451af83aeece675_117b-140e54aadad74d20_222f-e455dbf27ecaf413_8484-c6c5c151b7b8e770_38db-18f6da623ba658a2_aa07-612f99763b6978b6_0c1a-09d537bcc73a42fc_52e8-5ab41ea72487ce0f_e5be-0d1a67f82b3b5854_d74d-0d600126a7947365_cac4-2b5a33d4908ee77d_20f6-a82cd949493bada0_ffe5-b2815444299854b0_d30e-5026400c43e20c2d_d3fc-85ec788c6b00fb0d_49ba-0-days_ago_to_episode
[配置] 启用 FAISS 加速，索引类型: flat
[GraphAug] 命中图缓存 (nodes=5612, edges=18392)
Got 0 examples


 ============================== 


eval date_lookup('Today is Dec 14, 2023 at 06:25 PM. What did you do 21 days ago?')
Updated/Defined variables after execution: {}

**SystemMessage**:
"""You are a smart humanoid robot answering user question about your past actions.
The history object contains information on what you did in the past, represented as a tree.
Use the method expand to look at details of a node.
Make sure to use collapse_all_but(idx) when you expanded irrelevant nodes, in order to keep the tree compact.
Enter Python expressions into the console to see the value and decide for the next command based on that result.
Answer concisely by calling answer(reasoning="...", answer="...") when you gathered enough information to answer the question.
Generate syntactically correct python console statements only, no explanations or other natural language statements.
IMPORTANT: If search() returns "No relevant records found", your next command MUST be answer(reasoning="No relevant record was found.", answer="I have no record of that."). Do not search synonyms, do not expand further, and do not call vqa.
IMPORTANT: If you get "Nothing changed" twice, answer honestly that you have no record. Do NOT keep searching repeatedly. For just-before/just-after questions, first try one broader target search or inspect another relevant top-level time block before giving up.
For object yes/no questions, first use object_lookup("object name"). If it reports no matching summary, answer "No, I have no record of that." Do not call vqa unless you already have a directly relevant leaf image.
For task-list questions such as "List the tasks you performed", first use task_list(). Prefer its Recommended answer and chronological candidates instead of manually expanding the whole tree. For long histories, do not copy every task candidate verbatim unless the user explicitly asks for an exhaustive transcript.
For task-description questions such as "describe what you did when you X", first use task_lookup("X"). Prefer its matching task candidates instead of manually expanding the whole tree.
For exact date/time questions or "N days ago" questions asking what happened, first use date_lookup(question). Prefer its Recommended answer when it is confident instead of manually expanding by date.
For "How many days ago did you X?" or "When did you X?" questions, first use event_date_lookup(question). If it lists multiple days, include all of them in the final answer instead of only the most recent match.
For just-before or just-after questions, first use temporal_neighbor(target_task, direction="before" or "after") if a candidate is not already shown. Prefer the returned Recommended answer when it is confident. Only then inspect adjacent sibling or temporal nodes. Avoid expanding to raw leaf observations unless the summary is insufficient.
Do not call vqa for time, date, task-list, before/after, or yes/no object-existence questions when textual summaries already answer the question. Use vqa only for explicit visual appearance questions such as color, visible state, or what something looks like.
Never output bare parameters such as reasoning="..." answer="...". Always call answer(reasoning="...", answer="...")."""

**HumanMessage**:
"""
def answer(reasoning: str = None, answer: str = Ellipsis)
def ask(question: str)
def date_lookup(query: str, max_matches: int = 8) -> str # For exact date/time or N-days-ago questions, list matching history summaries directly
def event_date_lookup(query: str, max_matches: int = 12) -> str # For "how many days ago did you X" questions, find all matching event dates directly
def now() -> datetime.datetime
def object_lookup(object_name: str, max_matches: int = 8) -> str # For object yes/no questions, check whether task summaries mention the object
def task_list(max_tasks: int = 30) -> str # For task-list questions, list task-sized history summaries in chronological order
def task_lookup(query: str, max_matches: int = 8) -> str # For task-description questions, list task-sized summaries matching a query
def temporal_neighbor(target_task: str, direction: str = 'before', max_candidates: int = 6) -> str # For just-before/just-after questions, find the target task and return adjacent task candidates
def vqa(question: str, *images: PIL.Image.Image)
"""

**HumanMessage**:
"""Usage examples:
>>> history.expand()  # Shows the history tree with all child nodes expanded
>>> history.expand(date(2021, 12, 20))  # Expand the children that overlap with the given day
>>> history.expand(now() - timedelta(hours=6), now() - timedelta(hours=4))  # Expand all children that overlap with the given range (in this example "about 5 hours ago")
>>> history.expand((now() - timedelta(days=2)).date())  # Expand all children that overlap with the day before yesterday
>>> history.expand(0)  # Shows child node 0
>>> history[0].expand()  # Expands all child nodes of node 0 (node 0 must be expanded already to see them)
>>> history[5][2].expand()  # Shows child node 2 of child node 5 with all its child nodes expanded
>>> history.search("green cup") # Semantic index search. Expands the most relevant children according to similarity of the natural language query and the node's (recursively defined) index content.
>>> history[1][42].search("bicycle") # Semantic index search on some node further down the tree. Expands the children of node 1.42 most relevant to the search term
>>> history[3].collapse_all_but(1); history[3][1].expand()  # Zooms into details of child node 3.1 while collapsing all other childs of node 3
>>> vqa("What color is the ... in this image?",
...     history[2][4][-1][0].image)  # Invoke a model to answer a visual question about image(s) of some leaf (!) node(s)

# After gathering the relevant information, answer the question:
# Optionally, provide a reasoning on why you choose the respective answer
>>> answer(reasoning="...", answer="...")"""

**HumanMessage**:
"""User question: Today is Dec 14, 2023 at 06:25 PM. What did you do 21 days ago?"""

**AIMessage**:
"""date_lookup('Today is Dec 14, 2023 at 06:25 PM. What did you do 21 days ago?')"""

**HumanMessage**:
/home/user22303471/Project/Active-H-EMV/llm_emv/setup.py:226: FutureWarning: The `get_sentence_embedding_dimension` method has been renamed to `get_embedding_dimension`.
  filter_kwargs['_embedding_dim'] = embedding_model.get_sentence_embedding_dimension()
/home/user22303471/Project/Active-H-EMV/llm_emv/setup.py:183: FutureWarning: The `get_sentence_embedding_dimension` method has been renamed to `get_embedding_dimension`.
  result = torch.empty(len(texts), embedding_model.get_sentence_embedding_dimension(),
""""Date lookup for query='Today is Dec 14, 2023 at 06:25 PM. What did you do 21 days ago?': resolved=2023/11/23.\n1. score=0.85; 2023/11/23 14:22 - 14:26: I made toast by retrieving bread from a bin, slicing it with a knife, and toasting two slices. I then cleaned a plate, placed it on the countertop, and put the toast on the plate. The user confirmed the completion of the...\n2. score=0.85; 2023/11/23 13:28:24 - 13:31:22: I retrieved a dirty plate from the fridge, cleared the sink area, and washed the plate as requested.\n3. score=0.79; 2023/11/23 13:28 - 14:26: On November 23rd, I washed a dirty plate and later made toast by slicing bread, toasting it, and serving it on a clean plate.\n4. score=0.78; 2023/11/23 13:28:24 - 13:30:11: I received a request to wash a plate from the fridge. I opened the fridge, retrieved the dirty plate, and placed it on the countertop.\n5. score=0.78; 2023/11/23 14:22:47 - 14:24:14: I began the task of making toast by first turning off the faucet and then retrieving a loaf of bread from the black bin (garbage can) and placing it on the countertop.\n6. score=0.78; 2023/11/23 13:30:14 - 13:30:36: I cleared the countertop and sink area to make space for washing, moving items like a credit card and an egg from the sink basin to the countertop.\n7. score=0.78; 2023/11/23 13:30:41 - 13:31:22: I placed the dirty plate into the sink basin, toggled the faucet on and off to wash it, and then picked up the now clean plate.\n8. score=0.78; 2023/11/23 14:24:16 - 14:25:16: I located a knife in the cabinet above the toaster, used it to slice the bread, and then placed the sliced bread and knife back on the countertop.\nRecommended answer: I made toast by retrieving bread from a bin, slicing it with a knife, and toasting two slices. I then cleaned a plate, placed it on the countertop, and put the toast on the plate. The user confirmed the completion of the... I retrieved a dirty plate from the fridge, cleared the sink area, and washed the plate as requested. On November 23rd, I washed a dirty plate and later made toast by slicing bread, toasting it, and serving it on a clean plate. I received a request to wash a plate from the fridge. I opened the fridge, retrieved the dirty plate, and placed it on the countertop.""""

**HumanMessage**:
"""Current state:
2023/11/23 - 2023/12/14: "From November 23rd to December 14th, I performed a consistent routine of household maintenance and meal preparation. This included preparing various meals such as toast, sandwiches, and salads, boiling potatoes, making coffee, washing dishes, watering houseplants, and organizing common household items like remotes, newspapers, and pillows."  
  ..."""
{}
command: answer(reasoning="The `date_lookup` tool was used to find the activities on the specified date, which was 21 days before December 14, 2023. The tool identified the date as November 23, 2023, and provided a summary of the tasks performed on that day. The main tasks were washing a plate and making toast.", answer="On November 23, 2023, I washed a dirty plate and then made toast. I sliced bread, toasted it, and served it on a clean plate.")
expected output: 


 ============================== 


eval answer(reasoning="The `date_lookup` tool was used to find the activities on the specified date, which was 21 days before December 14, 2023. The tool identified the date as November 23, 2023, and provided a summary of the tasks performed on that day. The main tasks were washing a plate and making toast.", answer="On November 23, 2023, I washed a dirty plate and then made toast. I sliced bread, toasted it, and served it on a clean plate.")
Answering On November 23, 2023, I washed a dirty plate and then made toast. I sliced bread, toasted it, and served it on a clean plate.  with reason: The `date_lookup` tool was used to find the activities on the specified date, which was 21 days before December 14, 2023. The tool identified the date as November 23, 2023, and provided a summary of the tasks performed on that day. The main tasks were washing a plate and making toast.
Tokens Used: 2907
	Prompt Tokens: 2276
	Completion Tokens: 631
Successful Requests: 1
Total Cost (USD): $0.0
Evaluating sample ed9479c5dd8f204d_0102-488f96fab858496c_d6e2-a01d8c5e515fa9c4_c871-345624f0e74dc947_8525-dbb41344c474217f_2e3e-57862376ad3394a1_464f-977b52faf01e6c05_2895-15fa5e0caaf6a06f_81e4-eccc0afc91fb9b74_d5ba-c4c12513ffbf7d33_9e16-fef7c3fc3990d2e8_fb19-7affadfe549cbeb4_1df8-92904ea754a401e6_2b2c-064a69cb5d40b41f_f773-bbe083aa96535a1d_a996-7d0db28e7d18c776_c97a-0d1a67f82b3b5854_d74d-c1eba1e4b831e04b_aab3-5ab41ea72487ce0f_e5be-a44d13c7da084070_fe04-bd7327d5d2853453_fad6-c02445dd7a5b6f26_fffd-53472cf3cabeb021_46b6-1fa4f0593088b6f2_89ee-1023a6f334db1f63_f0f2-bd7327d5d2853453_5b4f-cdf30defa61245ba_5590-88f8ad0d2d356270_bb95-864a2333f20b0957_be88-75a59f83a279bd78_fb03-c2787b38615034c6_6175-1a8b00c643110183_ebc6-1e8fb21f2b41b0b0_db8b-fe6b3de8c88b8573_9f76-8057d5b1cab47555_9345-04ae108b77699c0f_2453-dd2efe33087ddc60_cb3a-23acf721b22a6456_1716-1801730beafdda15_f501-a1694dc92f54473f_0b07-b8729e0c4c857a8e_24b5-4c98e155c32cdc6f_7acc-f7ca0c5c4964bcdc_c0cf-e82f290cb4ab70bd_86a3-b2fde7ee4eb1c40f_1f95-c7cc40993ef8468b_3e7b-41b067f2ce6f3fef_8ee6-f25eed33d1c37931_1a7f-0de4b62afcd06138_45f2-36651928a974c895_caa2-0-sequence_of_task_descs
[配置] 启用 FAISS 加速，索引类型: flat
[GraphAug] 开始构建记忆图...
[MemoryGraph] 收集到 6810 个事件节点
[MemoryGraph] 时间相邻边: 5514
[MemoryGraph] 共享物体边: 13275
[MemoryGraph] 唯一动作数: 424, 相似动作对: 929
[MemoryGraph] 相似动作边: 1848
[MemoryGraph] 图构建完成: {'num_nodes': 6810, 'num_edges': 20637, 'edges_temporal_adjacent': 5514, 'edges_co_object': 13275, 'edges_similar_action': 1848}
[GraphAug] 记忆图构建完成
Got 0 examples


 ============================== 


eval task_list()
Updated/Defined variables after execution: {}

**SystemMessage**:
"""You are a smart humanoid robot answering user question about your past actions.
The history object contains information on what you did in the past, represented as a tree.
Use the method expand to look at details of a node.
Make sure to use collapse_all_but(idx) when you expanded irrelevant nodes, in order to keep the tree compact.
Enter Python expressions into the console to see the value and decide for the next command based on that result.
Answer concisely by calling answer(reasoning="...", answer="...") when you gathered enough information to answer the question.
Generate syntactically correct python console statements only, no explanations or other natural language statements.
IMPORTANT: If search() returns "No relevant records found", your next command MUST be answer(reasoning="No relevant record was found.", answer="I have no record of that."). Do not search synonyms, do not expand further, and do not call vqa.
IMPORTANT: If you get "Nothing changed" twice, answer honestly that you have no record. Do NOT keep searching repeatedly. For just-before/just-after questions, first try one broader target search or inspect another relevant top-level time block before giving up.
For object yes/no questions, first use object_lookup("object name"). If it reports no matching summary, answer "No, I have no record of that." Do not call vqa unless you already have a directly relevant leaf image.
For task-list questions such as "List the tasks you performed", first use task_list(). Prefer its Recommended answer and chronological candidates instead of manually expanding the whole tree. For long histories, do not copy every task candidate verbatim unless the user explicitly asks for an exhaustive transcript.
For task-description questions such as "describe what you did when you X", first use task_lookup("X"). Prefer its matching task candidates instead of manually expanding the whole tree.
For exact date/time questions or "N days ago" questions asking what happened, first use date_lookup(question). Prefer its Recommended answer when it is confident instead of manually expanding by date.
For "How many days ago did you X?" or "When did you X?" questions, first use event_date_lookup(question). If it lists multiple days, include all of them in the final answer instead of only the most recent match.
For just-before or just-after questions, first use temporal_neighbor(target_task, direction="before" or "after") if a candidate is not already shown. Prefer the returned Recommended answer when it is confident. Only then inspect adjacent sibling or temporal nodes. Avoid expanding to raw leaf observations unless the summary is insufficient.
Do not call vqa for time, date, task-list, before/after, or yes/no object-existence questions when textual summaries already answer the question. Use vqa only for explicit visual appearance questions such as color, visible state, or what something looks like.
Never output bare parameters such as reasoning="..." answer="...". Always call answer(reasoning="...", answer="...")."""

**HumanMessage**:
"""
def answer(reasoning: str = None, answer: str = Ellipsis)
def ask(question: str)
def date_lookup(query: str, max_matches: int = 8) -> str # For exact date/time or N-days-ago questions, list matching history summaries directly
def event_date_lookup(query: str, max_matches: int = 12) -> str # For "how many days ago did you X" questions, find all matching event dates directly
def now() -> datetime.datetime
def object_lookup(object_name: str, max_matches: int = 8) -> str # For object yes/no questions, check whether task summaries mention the object
def task_list(max_tasks: int = 30) -> str # For task-list questions, list task-sized history summaries in chronological order
def task_lookup(query: str, max_matches: int = 8) -> str # For task-description questions, list task-sized summaries matching a query
def temporal_neighbor(target_task: str, direction: str = 'before', max_candidates: int = 6) -> str # For just-before/just-after questions, find the target task and return adjacent task candidates
def vqa(question: str, *images: PIL.Image.Image)
"""

**HumanMessage**:
"""Usage examples:
>>> history.expand()  # Shows the history tree with all child nodes expanded
>>> history.expand(date(2021, 12, 20))  # Expand the children that overlap with the given day
>>> history.expand(now() - timedelta(hours=6), now() - timedelta(hours=4))  # Expand all children that overlap with the given range (in this example "about 5 hours ago")
>>> history.expand((now() - timedelta(days=2)).date())  # Expand all children that overlap with the day before yesterday
>>> history.expand(0)  # Shows child node 0
>>> history[0].expand()  # Expands all child nodes of node 0 (node 0 must be expanded already to see them)
>>> history[5][2].expand()  # Shows child node 2 of child node 5 with all its child nodes expanded
>>> history.search("green cup") # Semantic index search. Expands the most relevant children according to similarity of the natural language query and the node's (recursively defined) index content.
>>> history[1][42].search("bicycle") # Semantic index search on some node further down the tree. Expands the children of node 1.42 most relevant to the search term
>>> history[3].collapse_all_but(1); history[3][1].expand()  # Zooms into details of child node 3.1 while collapsing all other childs of node 3
>>> vqa("What color is the ... in this image?",
...     history[2][4][-1][0].image)  # Invoke a model to answer a visual question about image(s) of some leaf (!) node(s)

# After gathering the relevant information, answer the question:
# Optionally, provide a reasoning on why you choose the respective answer
>>> answer(reasoning="...", answer="...")"""

**HumanMessage**:
"""User question: List the tasks you performed."""

**AIMessage**:
"""task_list()"""

**HumanMessage**:
"""'Task list candidates in chronological order:\nUse these as evidence. If there are many candidates, do not copy every candidate verbatim; use the Recommended answer unless the user explicitly asks for an exhaustive transcript.\n1. 2023/03/29 18:52 - 18:58: I collected forks from the countertop and fridge and placed them in the sink.\n2. 2023/03/31 16:32 - 16:47: I prepared breakfast, which included making coffee and a salad. I started by making coffee and placing the filled mug on the countertop. For the salad, I moved a potato from the sink to the countertop, sliced it, cooked a potato slice in th...\n3. 2023/04/03 09:56 - 10:00: I successfully completed the task of boiling a potato by preparing the stove, filling a pot with water, and heating the potato on the burner.\n4. 2023/04/03 10:28 - 10:36: I started by gathering dirty pots on the countertop and clearing the sink area of other items like a mug, dish sponge, and spatula. Then, I cleaned both pots by placing each in the sink, filling it with water, and pouring the water out. The...\n5. 2023/04/04 10:10 - 10:30: I prepared a meal by slicing bread, toasting it, slicing lettuce, and then assembling the toasted bread and lettuce onto a plate.\n6. 2023/04/04 19:21 - 19:31: I cooked five potato slices in the microwave and then cleaned a dirty plate to serve them on, completing the task as instructed.\n7. 2023/04/05 17:56 - 18:01: I prepared and toasted a slice of bread, cleaned a dirty plate I found nearby, and served the toast on the clean plate to complete the task.\n8. 2023/04/06 17:03 - 17:17: I prepared and washed a dirty plate, then sliced and toasted bread, placing one piece on the plate and the other on the countertop. Finally, I sliced a tomato and assembled the plate with a tomato slice and the remaining toast, confirming t...\n9. 2023/04/06 18:25 - 18:30: I was asked to slice and cook a potato. I mistakenly picked up a tomato, but then used a knife to slice both the tomato and a potato. I cooked one potato slice in a pan on the stove. Finally, I assembled the dish by placing the cooked potat...\n10. 2023/04/07 08:22 - 08:27: I prepared a slice of toast by retrieving a butter knife, slicing bread, and toasting it, then cleaned a plate and placed the toast on it to complete the task.\n11. 2023/04/07 14:53 - 15:03: I prepared two slices of toast by slicing and toasting bread, cleaned a plate to serve them on, and completed the task as requested by the user.\n12. 2023/04/09 12:51 - 12:55: I gathered two pillows, one from a side table and another from inside a cabinet, and placed both on the sofa, confirming the task was completed.\n13. 2023/04/11 10:18 - 10:34: I prepared a full breakfast by brewing a cup of coffee in a cleaned mug and making a toasted tomato sandwich.\n14. 2023/04/12 10:53 - 11:02: Upon receiving the instruction to make a sandwich, I first prepared the bread by slicing and toasting it. I then prepared the other ingredients by slicing lettuce and a tomato. After washing a plate, I assembled the sandwich with the bread,...\n15. 2023/04/13 13:41 - 13:48: I prepared two mugs of coffee and two slices of toast, organized the toast onto plates as instructed, and reported the completion of the food and beverage preparation.\n16. 2023/04/13 19:37 - 19:42: After the user requested a slice of tomato in a clean bowl, I cleared the sink, located a bowl and a knife, sliced the tomato, and placed a slice into the bowl to complete the task.\n17. 2023/04/14 09:32 - 09:45: I sliced a tomato and bread, and placed a tomato slice into a bowl. After being informed the bowl was dirty, I washed it and replaced the tomato slice to complete the task as requested.\n18. 2023/04/15 09:34 - 09:42: I prepared a tomato slice and placed it into a bowl. This process involved slicing the tomato, finding the correct bowl after an initial mistake, clearing space at the sink to wash the dirty bowl, and finally placing the tomato slice into t...\n19. 2023/04/15 18:59 - 19:23: I prepared and cooked potato slices using both the microwave and the stove, then cleaned my workspace and finalized the meal by plating the potatoes with tomato slices.\n20. 2023/04/16 13:41 - 13:47: I attempted to boil a potato. I retrieved a potato from the fridge, placed it in a pot on the stove with water, and tried to operate the stove. After encountering difficulties, I retrieved a second potato from the microwave, added it to the...\n21. 2023/04/16 16:24 - 16:37: I prepared a slice of toasted bread. I retrieved bread from the cabinet, sliced it with a knife, and then toasted one slice. After toasting, I cleaned a plate, placed it on the countertop, and put the toasted bread on the clean plate. I the...\n22. 2023/04/16 17:39 - 17:52: I prepared a cup of coffee for the user by finding a dirty mug in the fridge, cleaning it in the sink, and then setting it up at the coffee machine. Although I initially forgot to empty the water from the rinsing step, I quickly corrected t...\n23. 2023/04/17 18:57 - 19:06: I completed the task of watering the plant. I found a bowl on the countertop, filled it with water at the sink, watered the houseplant, and then returned the bowl to the countertop.\n24. 2023/04/18 11:38 - 11:56: I prepared a breakfast consisting of coffee and a sandwich. This involved finding and cleaning a mug to make coffee, toasting bread, slicing lettuce, and assembling the sandwich on a plate.\n25. 2023/04/19 18:38 - 18:46: I prepared and boiled a potato by retrieving it from a chair, placing it in a pot filled with water at the sink, and then clearing space on the stove to begin boiling it.\n26. 2023/04/20 16:40 - 16:47: I was instructed to water a plant. Initially, I attempted to use a vase from the sink, turning the faucet on and off before moving the vase to the countertop. I then decided to use a mug instead, picking one up from a shelf, filling it with...\n27. 2023/04/21 08:05 - 08:08: I retrieved a dirty plate from a chair and prepared the sink for washing by moving a soap bottle and an egg out of the basin. I also moved a potato to the countertop before washing the plate and declaring it clean.\n28. 2023/04/22 14:22 - 14:27: I sliced and cooked two potato slices in the microwave, then washed a dirty bowl and placed the cooked slices into it to complete the task.\n29. 2023/04/22 19:45 - 19:54: I prepared breakfast by first making a mug of coffee, then gathering and prepping salad ingredients—including washing a plate and slicing vegetables. Finally, I cooked potato slices in the microwave and assembled the salad on the plate to t...\n30. 2023/04/23 09:13 - 09:22: I microwaved a potato after clearing the microwave, then sliced it and served the pieces on a plate as requested by the user.\nRecommended answer: From 2023/03/29 to 2023/04/23, I performed 30 recorded task groups, including bread, toast, and sandwich preparation; potato cooking and slicing; salad, lettuce, and tomato preparation; coffee and drinkware tasks; dish, plate, bowl, and pan cleaning; plant watering.'"""

**HumanMessage**:
"""Current state:
2023/03/29 - 2023/04/23: "Between March 29th and April 23rd, I performed consistent household maintenance and daily routines, including preparing various meals like coffee and sandwiches, watering plants, cleaning kitchenware, and tidying up the living room and sofa areas."  
  ..."""
{}
command: answer(reasoning="I used the task_list() function to get a chronological list of my past activities. The recommended answer provided a summary of these tasks, which I have organized into a list for clarity.", answer="I performed a variety of tasks, including: preparing meals (like breakfast, sandwiches, and toast), cooking potatoes, making coffee, washing dishes (plates, pots, and bowls), watering a plant, and tidying up by placing pillows on the sofa.")
expected output: 


 ============================== 


eval /home/user22303471/Project/Active-H-EMV/llm_emv/setup.py:226: FutureWarning: The `get_sentence_embedding_dimension` method has been renamed to `get_embedding_dimension`.
  filter_kwargs['_embedding_dim'] = embedding_model.get_sentence_embedding_dimension()
/home/user22303471/Project/Active-H-EMV/llm_emv/setup.py:183: FutureWarning: The `get_sentence_embedding_dimension` method has been renamed to `get_embedding_dimension`.
  result = torch.empty(len(texts), embedding_model.get_sentence_embedding_dimension(),
answer(reasoning="I used the task_list() function to get a chronological list of my past activities. The recommended answer provided a summary of these tasks, which I have organized into a list for clarity.", answer="I performed a variety of tasks, including: preparing meals (like breakfast, sandwiches, and toast), cooking potatoes, making coffee, washing dishes (plates, pots, and bowls), watering a plant, and tidying up by placing pillows on the sofa.")
Answering I performed a variety of tasks, including: preparing meals (like breakfast, sandwiches, and toast), cooking potatoes, making coffee, washing dishes (plates, pots, and bowls), watering a plant, and tidying up by placing pillows on the sofa.  with reason: I used the task_list() function to get a chronological list of my past activities. The recommended answer provided a summary of these tasks, which I have organized into a list for clarity.
Tokens Used: 4299
	Prompt Tokens: 3581
	Completion Tokens: 718
Successful Requests: 1
Total Cost (USD): $0.0
Evaluating sample ed9479c5dd8f204d_0102-488f96fab858496c_d6e2-a01d8c5e515fa9c4_c871-345624f0e74dc947_8525-dbb41344c474217f_2e3e-57862376ad3394a1_464f-977b52faf01e6c05_2895-15fa5e0caaf6a06f_81e4-eccc0afc91fb9b74_d5ba-c4c12513ffbf7d33_9e16-fef7c3fc3990d2e8_fb19-7affadfe549cbeb4_1df8-92904ea754a401e6_2b2c-064a69cb5d40b41f_f773-bbe083aa96535a1d_a996-7d0db28e7d18c776_c97a-0d1a67f82b3b5854_d74d-c1eba1e4b831e04b_aab3-5ab41ea72487ce0f_e5be-a44d13c7da084070_fe04-bd7327d5d2853453_fad6-c02445dd7a5b6f26_fffd-53472cf3cabeb021_46b6-1fa4f0593088b6f2_89ee-1023a6f334db1f63_f0f2-bd7327d5d2853453_5b4f-cdf30defa61245ba_5590-88f8ad0d2d356270_bb95-864a2333f20b0957_be88-75a59f83a279bd78_fb03-c2787b38615034c6_6175-1a8b00c643110183_ebc6-1e8fb21f2b41b0b0_db8b-fe6b3de8c88b8573_9f76-8057d5b1cab47555_9345-04ae108b77699c0f_2453-dd2efe33087ddc60_cb3a-23acf721b22a6456_1716-1801730beafdda15_f501-a1694dc92f54473f_0b07-b8729e0c4c857a8e_24b5-4c98e155c32cdc6f_7acc-f7ca0c5c4964bcdc_c0cf-e82f290cb4ab70bd_86a3-b2fde7ee4eb1c40f_1f95-c7cc40993ef8468b_3e7b-41b067f2ce6f3fef_8ee6-f25eed33d1c37931_1a7f-0de4b62afcd06138_45f2-36651928a974c895_caa2-0-seq_specific_shortened_low_actions
[配置] 启用 FAISS 加速，索引类型: flat
[GraphAug] 命中图缓存 (nodes=6810, edges=20637)
Got 0 examples


 ============================== 


eval task_lookup('serve 2 slice(s) of tomato on a plate')
Updated/Defined variables after execution: {}

**SystemMessage**:
"""You are a smart humanoid robot answering user question about your past actions.
The history object contains information on what you did in the past, represented as a tree.
Use the method expand to look at details of a node.
Make sure to use collapse_all_but(idx) when you expanded irrelevant nodes, in order to keep the tree compact.
Enter Python expressions into the console to see the value and decide for the next command based on that result.
Answer concisely by calling answer(reasoning="...", answer="...") when you gathered enough information to answer the question.
Generate syntactically correct python console statements only, no explanations or other natural language statements.
IMPORTANT: If search() returns "No relevant records found", your next command MUST be answer(reasoning="No relevant record was found.", answer="I have no record of that."). Do not search synonyms, do not expand further, and do not call vqa.
IMPORTANT: If you get "Nothing changed" twice, answer honestly that you have no record. Do NOT keep searching repeatedly. For just-before/just-after questions, first try one broader target search or inspect another relevant top-level time block before giving up.
For object yes/no questions, first use object_lookup("object name"). If it reports no matching summary, answer "No, I have no record of that." Do not call vqa unless you already have a directly relevant leaf image.
For task-list questions such as "List the tasks you performed", first use task_list(). Prefer its Recommended answer and chronological candidates instead of manually expanding the whole tree. For long histories, do not copy every task candidate verbatim unless the user explicitly asks for an exhaustive transcript.
For task-description questions such as "describe what you did when you X", first use task_lookup("X"). Prefer its matching task candidates instead of manually expanding the whole tree.
For exact date/time questions or "N days ago" questions asking what happened, first use date_lookup(question). Prefer its Recommended answer when it is confident instead of manually expanding by date.
For "How many days ago did you X?" or "When did you X?" questions, first use event_date_lookup(question). If it lists multiple days, include all of them in the final answer instead of only the most recent match.
For just-before or just-after questions, first use temporal_neighbor(target_task, direction="before" or "after") if a candidate is not already shown. Prefer the returned Recommended answer when it is confident. Only then inspect adjacent sibling or temporal nodes. Avoid expanding to raw leaf observations unless the summary is insufficient.
Do not call vqa for time, date, task-list, before/after, or yes/no object-existence questions when textual summaries already answer the question. Use vqa only for explicit visual appearance questions such as color, visible state, or what something looks like.
Never output bare parameters such as reasoning="..." answer="...". Always call answer(reasoning="...", answer="...")."""

**HumanMessage**:
"""
def answer(reasoning: str = None, answer: str = Ellipsis)
def ask(question: str)
def date_lookup(query: str, max_matches: int = 8) -> str # For exact date/time or N-days-ago questions, list matching history summaries directly
def event_date_lookup(query: str, max_matches: int = 12) -> str # For "how many days ago did you X" questions, find all matching event dates directly
def now() -> datetime.datetime
def object_lookup(object_name: str, max_matches: int = 8) -> str # For object yes/no questions, check whether task summaries mention the object
def task_list(max_tasks: int = 30) -> str # For task-list questions, list task-sized history summaries in chronological order
def task_lookup(query: str, max_matches: int = 8) -> str # For task-description questions, list task-sized summaries matching a query
def temporal_neighbor(target_task: str, direction: str = 'before', max_candidates: int = 6) -> str # For just-before/just-after questions, find the target task and return adjacent task candidates
def vqa(question: str, *images: PIL.Image.Image)
"""

**HumanMessage**:
/home/user22303471/Project/Active-H-EMV/llm_emv/setup.py:226: FutureWarning: The `get_sentence_embedding_dimension` method has been renamed to `get_embedding_dimension`.
  filter_kwargs['_embedding_dim'] = embedding_model.get_sentence_embedding_dimension()
/home/user22303471/Project/Active-H-EMV/llm_emv/setup.py:183: FutureWarning: The `get_sentence_embedding_dimension` method has been renamed to `get_embedding_dimension`.
  result = torch.empty(len(texts), embedding_model.get_sentence_embedding_dimension(),
"""Usage examples:
>>> history.expand()  # Shows the history tree with all child nodes expanded
>>> history.expand(date(2021, 12, 20))  # Expand the children that overlap with the given day
>>> history.expand(now() - timedelta(hours=6), now() - timedelta(hours=4))  # Expand all children that overlap with the given range (in this example "about 5 hours ago")
>>> history.expand((now() - timedelta(days=2)).date())  # Expand all children that overlap with the day before yesterday
>>> history.expand(0)  # Shows child node 0
>>> history[0].expand()  # Expands all child nodes of node 0 (node 0 must be expanded already to see them)
>>> history[5][2].expand()  # Shows child node 2 of child node 5 with all its child nodes expanded
>>> history.search("green cup") # Semantic index search. Expands the most relevant children according to similarity of the natural language query and the node's (recursively defined) index content.
>>> history[1][42].search("bicycle") # Semantic index search on some node further down the tree. Expands the children of node 1.42 most relevant to the search term
>>> history[3].collapse_all_but(1); history[3][1].expand()  # Zooms into details of child node 3.1 while collapsing all other childs of node 3
>>> vqa("What color is the ... in this image?",
...     history[2][4][-1][0].image)  # Invoke a model to answer a visual question about image(s) of some leaf (!) node(s)

# After gathering the relevant information, answer the question:
# Optionally, provide a reasoning on why you choose the respective answer
>>> answer(reasoning="...", answer="...")"""

**HumanMessage**:
"""User question: describe what you did when you serve 2 slice(s) of tomato on a plate."""

**AIMessage**:
"""task_lookup('serve 2 slice(s) of tomato on a plate')"""

**HumanMessage**:
""""Task lookup candidates for query='serve 2 slice(s) of tomato on a plate':\n1. score=0.73; 2023/03/31 16:43 - 16:47: I found a tomato on a chair, moved it to the countertop, and sliced it. I then added two tomato slices to the plate to complete the salad assembly.\n2. score=0.72; 2023/04/22 19:53:07 - 19:53:53: I added the second cooked potato slice to the salad plate.\n3. score=0.71; 2023/04/02 18:33:55 - 18:35:30: I fulfilled a request for a slice of tomato by retrieving a tomato from the fridge, slicing it, and placing a slice on a plate for the user.\n4. score=0.69; 2023/04/22 19:50 - 19:54: I assembled the salad, which involved cooking two potato slices in the microwave and layering the ingredients on the plate until the user was satisfied.\n5. score=0.69; 2023/04/22 19:51:58 - 19:52:57: At the user's suggestion, I cooked a second potato slice in the microwave.\n6. score=0.68; 2023/04/02 18:33:55 - 18:34:46: The user requested a slice of tomato served on a plate. I opened the fridge, retrieved a tomato, and placed it on the countertop.\n7. score=0.68; 2023/04/13 19:40:54 - 19:41:32: I opened the fridge, retrieved a knife, and used it to slice the tomato on the countertop.\n8. score=0.68; 2023/03/31 16:42:35 - 16:43:36: I retrieved lettuce from the fridge, sliced it on the countertop, and placed a slice onto the plate.\nRecommended answer: I found a tomato on a chair, moved it to the countertop, and sliced it. I then added two tomato slices to the plate to c...; I added the second cooked potato slice to the salad plate.; I fulfilled a request for a slice of tomato by retrieving a tomato from the fridge, slicing it, and placing a slice on a...""""

**HumanMessage**:
"""Current state:
2023/03/29 - 2023/04/23: "Between March 29th and April 23rd, I performed consistent household maintenance and daily routines, including preparing various meals like coffee and sandwiches, watering plants, cleaning kitchenware, and tidying up the living room and sofa areas."  
  ..."""
{}
command: answer(reasoning="The task lookup found a direct match for serving two slices of tomato on a plate.", answer="I found a tomato on a chair, moved it to the countertop, and sliced it. I then added two tomato slices to the plate to complete the salad assembly.")
expected output: 


 ============================== 


eval answer(reasoning="The task lookup found a direct match for serving two slices of tomato on a plate.", answer="I found a tomato on a chair, moved it to the countertop, and sliced it. I then added two tomato slices to the plate to complete the salad assembly.")
Answering I found a tomato on a chair, moved it to the countertop, and sliced it. I then added two tomato slices to the plate to complete the salad assembly.  with reason: The task lookup found a direct match for serving two slices of tomato on a plate.
Tokens Used: 2251
	Prompt Tokens: 2068
	Completion Tokens: 183
Successful Requests: 1
Total Cost (USD): $0.0
Evaluating sample ed9479c5dd8f204d_0102-488f96fab858496c_d6e2-a01d8c5e515fa9c4_c871-345624f0e74dc947_8525-dbb41344c474217f_2e3e-57862376ad3394a1_464f-977b52faf01e6c05_2895-15fa5e0caaf6a06f_81e4-eccc0afc91fb9b74_d5ba-c4c12513ffbf7d33_9e16-fef7c3fc3990d2e8_fb19-7affadfe549cbeb4_1df8-92904ea754a401e6_2b2c-064a69cb5d40b41f_f773-bbe083aa96535a1d_a996-7d0db28e7d18c776_c97a-0d1a67f82b3b5854_d74d-c1eba1e4b831e04b_aab3-5ab41ea72487ce0f_e5be-a44d13c7da084070_fe04-bd7327d5d2853453_fad6-c02445dd7a5b6f26_fffd-53472cf3cabeb021_46b6-1fa4f0593088b6f2_89ee-1023a6f334db1f63_f0f2-bd7327d5d2853453_5b4f-cdf30defa61245ba_5590-88f8ad0d2d356270_bb95-864a2333f20b0957_be88-75a59f83a279bd78_fb03-c2787b38615034c6_6175-1a8b00c643110183_ebc6-1e8fb21f2b41b0b0_db8b-fe6b3de8c88b8573_9f76-8057d5b1cab47555_9345-04ae108b77699c0f_2453-dd2efe33087ddc60_cb3a-23acf721b22a6456_1716-1801730beafdda15_f501-a1694dc92f54473f_0b07-b8729e0c4c857a8e_24b5-4c98e155c32cdc6f_7acc-f7ca0c5c4964bcdc_c0cf-e82f290cb4ab70bd_86a3-b2fde7ee4eb1c40f_1f95-c7cc40993ef8468b_3e7b-41b067f2ce6f3fef_8ee6-f25eed33d1c37931_1a7f-0de4b62afcd06138_45f2-36651928a974c895_caa2-0-seq_right_after_questions
[配置] 启用 FAISS 加速，索引类型: flat
[GraphAug] 命中图缓存 (nodes=6810, edges=20637)
Got 0 examples


 ============================== 


eval temporal_neighbor('clean all the pots', direction='after')
Updated/Defined variables after execution: {}

**SystemMessage**:
"""You are a smart humanoid robot answering user question about your past actions.
The history object contains information on what you did in the past, represented as a tree.
Use the method expand to look at details of a node.
Make sure to use collapse_all_but(idx) when you expanded irrelevant nodes, in order to keep the tree compact.
Enter Python expressions into the console to see the value and decide for the next command based on that result.
Answer concisely by calling answer(reasoning="...", answer="...") when you gathered enough information to answer the question.
Generate syntactically correct python console statements only, no explanations or other natural language statements.
IMPORTANT: If search() returns "No relevant records found", your next command MUST be answer(reasoning="No relevant record was found.", answer="I have no record of that."). Do not search synonyms, do not expand further, and do not call vqa.
IMPORTANT: If you get "Nothing changed" twice, answer honestly that you have no record. Do NOT keep searching repeatedly. For just-before/just-after questions, first try one broader target search or inspect another relevant top-level time block before giving up.
For object yes/no questions, first use object_lookup("object name"). If it reports no matching summary, answer "No, I have no record of that." Do not call vqa unless you already have a directly relevant leaf image.
For task-list questions such as "List the tasks you performed", first use task_list(). Prefer its Recommended answer and chronological candidates instead of manually expanding the whole tree. For long histories, do not copy every task candidate verbatim unless the user explicitly asks for an exhaustive transcript.
For task-description questions such as "describe what you did when you X", first use task_lookup("X"). Prefer its matching task candidates instead of manually expanding the whole tree.
For exact date/time questions or "N days ago" questions asking what happened, first use date_lookup(question). Prefer its Recommended answer when it is confident instead of manually expanding by date.
For "How many days ago did you X?" or "When did you X?" questions, first use event_date_lookup(question). If it lists multiple days, include all of them in the final answer instead of only the most recent match.
For just-before or just-after questions, first use temporal_neighbor(target_task, direction="before" or "after") if a candidate is not already shown. Prefer the returned Recommended answer when it is confident. Only then inspect adjacent sibling or temporal nodes. Avoid expanding to raw leaf observations unless the summary is insufficient.
Do not call vqa for time, date, task-list, before/after, or yes/no object-existence questions when textual summaries already answer the question. Use vqa only for explicit visual appearance questions such as color, visible state, or what something looks like.
Never output bare parameters such as reasoning="..." answer="...". Always call answer(reasoning="...", answer="...")."""

**HumanMessage**:
"""
def answer(reasoning: str = None, answer: str = Ellipsis)
def ask(question: str)
def date_lookup(query: str, max_matches: int = 8) -> str # For exact date/time or N-days-ago questions, list matching history summaries directly
def event_date_lookup(query: str, max_matches: int = 12) -> str # For "how many days ago did you X" questions, find all matching event dates directly
def now() -> datetime.datetime
def object_lookup(object_name: str, max_matches: int = 8) -> str # For object yes/no questions, check whether task summaries mention the object
def task_list(max_tasks: int = 30) -> str # For task-list questions, list task-sized history summaries in chronological order
def task_lookup(query: str, max_matches: int = 8) -> str # For task-description questions, list task-sized summaries matching a query
def temporal_neighbor(target_task: str, direction: str = 'before', max_candidates: int = 6) -> str # For just-before/just-after questions, find the target task and return adjacent task candidates
def vqa(question: str, *images: PIL.Image.Image)
"""

**HumanMessage**:
"""Usage examples:
>>> history.expand()  # Shows the history tree with all child nodes expanded
>>> history.expand(date(2021, 12, 20))  # Expand the children that overlap with the given day
>>> history.expand(now() - timedelta(hours=6), now() - timedelta(hours=4))  # Expand all children that overlap with the given range (in this example "about 5 hours ago")
>>> history.expand((now() - timedelta(days=2)).date())  # Expand all children that overlap with the day before yesterday
>>> history.expand(0)  # Shows child node 0
>>> history[0].expand()  # Expands all child nodes of node 0 (node 0 must be expanded already to see them)
>>> history[5][2].expand()  # Shows child node 2 of child node 5 with all its child nodes expanded
>>> history.search("green cup") # Semantic index search. Expands the most relevant children according to similarity of the natural language query and the node's (recursively defined) index content.
>>> history[1][42].search("bicycle") # Semantic index search on some node further down the tree. Expands the children of node 1.42 most relevant to the search term
>>> history[3].collapse_all_but(1); history[3][1].expand()  # Zooms into details of child node 3.1 while collapsing all other childs of node 3
>>> vqa("What color is the ... in this image?",
...     history[2][4][-1][0].image)  # Invoke a model to answer a visual question about image(s) of some leaf (!) node(s)

# After gathering the relevant information, answer the question:
# Optionally, provide a reasoning on why you choose the respective answer
>>> answer(reasoning="...", answer="...")"""

**HumanMessage**:
"""User question: What task did you do just after clean all the pots?"""

**AIMessage**:
"""temporal_neighbor('clean all the pots', direction='after')"""

**HumanMessage**:
/home/user22303471/Project/Active-H-EMV/llm_emv/setup.py:226: FutureWarning: The `get_sentence_embedding_dimension` method has been renamed to `get_embedding_dimension`.
  filter_kwargs['_embedding_dim'] = embedding_model.get_sentence_embedding_dimension()
/home/user22303471/Project/Active-H-EMV/llm_emv/setup.py:183: FutureWarning: The `get_sentence_embedding_dimension` method has been renamed to `get_embedding_dimension`.
  result = torch.empty(len(texts), embedding_model.get_sentence_embedding_dimension(),
""""Temporal neighbor candidates for target='clean all the pots', direction='after':\n1. score=0.86; target=2023/04/03 10:28 - 10:36: I started by gathering dirty pots on the countertop and clearing the sink area of other items like a mug, dish sponge, and spatula. Then, I cleaned both pots by placing each in the...; after=2023/04/03 14:10:28 - 14:13:07: I fulfilled a request to place all remote controls on the sofa by gathering two remotes from the side table and shelf, placing them on the sofa, and confirming task completion with...\n2. score=0.82; target=2023/04/03 10:28 - 10:32: I started cleaning pots by gathering them on the countertop and then cleared the sink area by moving a mug, dish sponge, and spatula to make space.; after=2023/04/03 10:32 - 10:36: I cleaned both pots by placing each in the sink, filling it with water, and then pouring the water out. The user guided me through the process, including checking cabinets and conf...\n3. score=0.82; target=2023/04/03 10:32 - 10:36: I cleaned both pots by placing each in the sink, filling it with water, and then pouring the water out. The user guided me through the process, including checking cabinets and conf...; after=2023/04/03 14:10:28 - 14:13:07: I fulfilled a request to place all remote controls on the sofa by gathering two remotes from the side table and shelf, placing them on the sofa, and confirming task completion with...\n4. score=0.77; target=2023/04/03 10:33:03 - 10:34:28: I checked several cabinets and the fridge, possibly looking for cleaning supplies or storage space, while the user advised me on the progress and suggested rinsing the pots again.; after=2023/04/03 10:34:31 - 10:35:05: I rinsed the second pot by placing it in the sink, filling it with water, and then pouring the water out before returning it to the countertop.\n5. score=0.69; target=2023/04/16 17:43 - 17:47: I cleaned the dirty mug in the sink. I had to move some items (CreditCard, Knife, Pot) out of the way, then I filled the mug with water and rinsed it.; after=2023/04/16 17:47:43 - 17:49:42: I brought the mug to the coffee machine and attempted to turn the machine on.\n6. score=0.67; target=2023/04/03 10:28 - 10:31: I was tasked with cleaning the pots. I located two pots: one on a shelf and a dirty one on the counter by the toaster, and I placed both on the main countertop to prepare for clean...; after=2023/04/03 10:31:44 - 10:32:12: I cleared the sink area to make room for washing the pots, moving a mug, a dish sponge, and a spatula from the sink basin to the countertop.\nRecommended answer: I fulfilled a request to place all remote controls on the sofa by gathering two remotes from the side table and shelf, placing them on the sofa, and confirming task completion with...""""

**HumanMessage**:
"""Current state:
2023/03/29 - 2023/04/23: "Between March 29th and April 23rd, I performed consistent household maintenance and daily routines, including preparing various meals like coffee and sandwiches, watering plants, cleaning kitchenware, and tidying up the living room and sofa areas."  
  ..."""
{}
command: answer(reasoning="The temporal_neighbor search for 'clean all the pots' identifies that after cleaning the pots on 2023/04/03 (which concluded around 10:36 AM), the next recorded task was placing all remote controls on the sofa at 14:10 PM.", answer="Just after cleaning all the pots, you had me place all the remote controls on the sofa.")
expected output: 


 ============================== 


eval answer(reasoning="The temporal_neighbor search for 'clean all the pots' identifies that after cleaning the pots on 2023/04/03 (which concluded around 10:36 AM), the next recorded task was placing all remote controls on the sofa at 14:10 PM.", answer="Just after cleaning all the pots, you had me place all the remote controls on the sofa.")
Answering Just after cleaning all the pots, you had me place all the remote controls on the sofa.  with reason: The temporal_neighbor search for 'clean all the pots' identifies that after cleaning the pots on 2023/04/03 (which concluded around 10:36 AM), the next recorded task was placing all remote controls on the sofa at 14:10 PM.
Tokens Used: 2425
	Prompt Tokens: 2336
	Completion Tokens: 89
Successful Requests: 1
Total Cost (USD): $0.0
Evaluating sample ed9479c5dd8f204d_0102-488f96fab858496c_d6e2-a01d8c5e515fa9c4_c871-345624f0e74dc947_8525-dbb41344c474217f_2e3e-57862376ad3394a1_464f-977b52faf01e6c05_2895-15fa5e0caaf6a06f_81e4-eccc0afc91fb9b74_d5ba-c4c12513ffbf7d33_9e16-fef7c3fc3990d2e8_fb19-7affadfe549cbeb4_1df8-92904ea754a401e6_2b2c-064a69cb5d40b41f_f773-bbe083aa96535a1d_a996-7d0db28e7d18c776_c97a-0d1a67f82b3b5854_d74d-c1eba1e4b831e04b_aab3-5ab41ea72487ce0f_e5be-a44d13c7da084070_fe04-bd7327d5d2853453_fad6-c02445dd7a5b6f26_fffd-53472cf3cabeb021_46b6-1fa4f0593088b6f2_89ee-1023a6f334db1f63_f0f2-bd7327d5d2853453_5b4f-cdf30defa61245ba_5590-88f8ad0d2d356270_bb95-864a2333f20b0957_be88-75a59f83a279bd78_fb03-c2787b38615034c6_6175-1a8b00c643110183_ebc6-1e8fb21f2b41b0b0_db8b-fe6b3de8c88b8573_9f76-8057d5b1cab47555_9345-04ae108b77699c0f_2453-dd2efe33087ddc60_cb3a-23acf721b22a6456_1716-1801730beafdda15_f501-a1694dc92f54473f_0b07-b8729e0c4c857a8e_24b5-4c98e155c32cdc6f_7acc-f7ca0c5c4964bcdc_c0cf-e82f290cb4ab70bd_86a3-b2fde7ee4eb1c40f_1f95-c7cc40993ef8468b_3e7b-41b067f2ce6f3fef_8ee6-f25eed33d1c37931_1a7f-0de4b62afcd06138_45f2-36651928a974c895_caa2-0-seq_right_before_questions
[配置] 启用 FAISS 加速，索引类型: flat
[GraphAug] 命中图缓存 (nodes=6810, edges=20637)
Got 0 examples


 ============================== 


eval temporal_neighbor('clean all the drinkwares', direction='before')
Updated/Defined variables after execution: {}

**SystemMessage**:
"""You are a smart humanoid robot answering user question about your past actions.
The history object contains information on what you did in the past, represented as a tree.
Use the method expand to look at details of a node.
Make sure to use collapse_all_but(idx) when you expanded irrelevant nodes, in order to keep the tree compact.
Enter Python expressions into the console to see the value and decide for the next command based on that result.
Answer concisely by calling answer(reasoning="...", answer="...") when you gathered enough information to answer the question.
Generate syntactically correct python console statements only, no explanations or other natural language statements.
IMPORTANT: If search() returns "No relevant records found", your next command MUST be answer(reasoning="No relevant record was found.", answer="I have no record of that."). Do not search synonyms, do not expand further, and do not call vqa.
IMPORTANT: If you get "Nothing changed" twice, answer honestly that you have no record. Do NOT keep searching repeatedly. For just-before/just-after questions, first try one broader target search or inspect another relevant top-level time block before giving up.
For object yes/no questions, first use object_lookup("object name"). If it reports no matching summary, answer "No, I have no record of that." Do not call vqa unless you already have a directly relevant leaf image.
For task-list questions such as "List the tasks you performed", first use task_list(). Prefer its Recommended answer and chronological candidates instead of manually expanding the whole tree. For long histories, do not copy every task candidate verbatim unless the user explicitly asks for an exhaustive transcript.
For task-description questions such as "describe what you did when you X", first use task_lookup("X"). Prefer its matching task candidates instead of manually expanding the whole tree.
For exact date/time questions or "N days ago" questions asking what happened, first use date_lookup(question). Prefer its Recommended answer when it is confident instead of manually expanding by date.
For "How many days ago did you X?" or "When did you X?" questions, first use event_date_lookup(question). If it lists multiple days, include all of them in the final answer instead of only the most recent match.
For just-before or just-after questions, first use temporal_neighbor(target_task, direction="before" or "after") if a candidate is not already shown. Prefer the returned Recommended answer when it is confident. Only then inspect adjacent sibling or temporal nodes. Avoid expanding to raw leaf observations unless the summary is insufficient.
Do not call vqa for time, date, task-list, before/after, or yes/no object-existence questions when textual summaries already answer the question. Use vqa only for explicit visual appearance questions such as color, visible state, or what something looks like.
Never output bare parameters such as reasoning="..." answer="...". Always call answer(reasoning="...", answer="...")."""

**HumanMessage**:
"""
def answer(reasoning: str = None, answer: str = Ellipsis)
def ask(question: str)
def date_lookup(query: str, max_matches: int = 8) -> str # For exact date/time or N-days-ago questions, list matching history summaries directly
def event_date_lookup(query: str, max_matches: int = 12) -> str # For "how many days ago did you X" questions, find all matching event dates directly
def now() -> datetime.datetime
def object_lookup(object_name: str, max_matches: int = 8) -> str # For object yes/no questions, check whether task summaries mention the object
def task_list(max_tasks: int = 30) -> str # For task-list questions, list task-sized history summaries in chronological order
def task_lookup(query: str, max_matches: int = 8) -> str # For task-description questions, list task-sized summaries matching a query
def temporal_neighbor(target_task: str, direction: str = 'before', max_candidates: int = 6) -> str # For just-before/just-after questions, find the target task and return adjacent task candidates
def vqa(question: str, *images: PIL.Image.Image)
"""

**HumanMessage**:
"""Usage examples:
>>> history.expand()  # Shows the history tree with all child nodes expanded
>>> history.expand(date(2021, 12, 20))  # Expand the children that overlap with the given day
>>> history.expand(now() - timedelta(hours=6), now() - timedelta(hours=4))  # Expand all children that overlap with the given range (in this example "about 5 hours ago")
>>> history.expand((now() - timedelta(days=2)).date())  # Expand all children that overlap with the day before yesterday
>>> history.expand(0)  # Shows child node 0
>>> history[0].expand()  # Expands all child nodes of node 0 (node 0 must be expanded already to see them)
>>> history[5][2].expand()  # Shows child node 2 of child node 5 with all its child nodes expanded
>>> history.search("green cup") # Semantic index search. Expands the most relevant children according to similarity of the natural language query and the node's (recursively defined) index content.
>>> history[1][42].search("bicycle") # Semantic index search on some node further down the tree. Expands the children of node 1.42 most relevant to the search term
>>> history[3].collapse_all_but(1); history[3][1].expand()  # Zooms into details of child node 3.1 while collapsing all other childs of node 3
>>> vqa("What color is the ... in this image?",
...     history[2][4][-1][0].image)  # Invoke a model to answer a visual question about image(s) of some leaf (!) node(s)

# After gathering the relevant information, answer the question:
# Optionally, provide a reasoning on why you choose the respective answer
>>> answer(reasoning="...", answer="...")"""

**HumanMessage**:
"""User question: What task did you do just before clean all the drinkwares?"""

**AIMessage**:
"""temporal_neighbor('clean all the drinkwares', direction='before')"""

**HumanMessage**:
/home/user22303471/Project/Active-H-EMV/llm_emv/setup.py:183: FutureWarning: The `get_sentence_embedding_dimension` method has been renamed to `get_embedding_dimension`.
  result = torch.empty(len(texts), embedding_model.get_sentence_embedding_dimension(),
""""Temporal neighbor candidates for target='clean all the drinkwares', direction='before':\n1. score=0.79; target=2023/04/16 17:39 - 17:52: I prepared a cup of coffee for the user by finding a dirty mug in the fridge, cleaning it in the sink, and then setting it up at the coffee machine. Although I initially forgot to...; before=2023/04/16 16:24 - 16:37: I prepared a slice of toasted bread. I retrieved bread from the cabinet, sliced it with a knife, and then toasted one slice. After toasting, I cleaned a plate, placed it on the cou...\n2. score=0.77; target=2023/04/08 19:57:24 - 19:57:43: I placed the clean mug back into the coffee machine and turned it on to brew new coffee. The task was completed successfully.; before=2023/04/08 19:56:59 - 19:57:23: I brought the mug to the sink, turned on the faucet to rinse it, emptied the mug, and then turned off the faucet.\n3. score=0.73; target=2023/04/13 19:37 - 19:42: After the user requested a slice of tomato in a clean bowl, I cleared the sink, located a bowl and a knife, sliced the tomato, and placed a slice into the bowl to complete the task...; before=2023/04/13 13:41 - 13:48: I prepared two mugs of coffee and two slices of toast, organized the toast onto plates as instructed, and reported the completion of the food and beverage preparation.\n4. score=0.72; target=2023/04/14 09:39 - 09:45: After the user noted the bowl was unwashed, I removed the tomato slice, moved the bowl to the sink, cleared the area, and washed the bowl. I then placed the tomato slice back into...; before=2023/04/14 09:32 - 09:39: I sliced a tomato and some bread, then placed a tomato slice into a bowl as instructed by the user.\n5. score=0.71; target=2023/04/05 17:56 - 18:01: I prepared and toasted a slice of bread, cleaned a dirty plate I found nearby, and served the toast on the clean plate to complete the task.; before=2023/04/04 19:21 - 19:31: I cooked five potato slices in the microwave and then cleaned a dirty plate to serve them on, completing the task as instructed.\n6. score=0.70; target=2023/04/15 19:14 - 19:23: I transitioned the potatoes to the stove for final cooking, cleaned the necessary workspace and dishes, and completed the final plating of the potato and tomato slices.; before=2023/04/15 18:59 - 19:13: I began by preparing and slicing a potato as requested, then microwaved the slices and started an initial assembly of the meal on a plate.\nRecommended answer: I prepared two mugs of coffee and two slices of toast, organized the toast onto plates as instructed, and reported the completion of the food and beverage preparation.""""

**HumanMessage**:
"""Current state:
2023/03/29 - 2023/04/23: "Between March 29th and April 23rd, I performed consistent household maintenance and daily routines, including preparing various meals like coffee and sandwiches, watering plants, cleaning kitchenware, and tidying up the living room and sofa areas."  
  ..."""
{}
command: task_lookup("clean all the drinkwares")
expected output: 


 ============================== 


eval task_lookup("clean all the drinkwares")
Updated/Defined variables after execution: {}

**SystemMessage**:
"""You are a smart humanoid robot answering user question about your past actions.
The history object contains information on what you did in the past, represented as a tree.
Use the method expand to look at details of a node.
Make sure to use collapse_all_but(idx) when you expanded irrelevant nodes, in order to keep the tree compact.
Enter Python expressions into the console to see the value and decide for the next command based on that result.
Answer concisely by calling answer(reasoning="...", answer="...") when you gathered enough information to answer the question.
Generate syntactically correct python console statements only, no explanations or other natural language statements.
IMPORTANT: If search() returns "No relevant records found", your next command MUST be answer(reasoning="No relevant record was found.", answer="I have no record of that."). Do not search synonyms, do not expand further, and do not call vqa.
IMPORTANT: If you get "Nothing changed" twice, answer honestly that you have no record. Do NOT keep searching repeatedly. For just-before/just-after questions, first try one broader target search or inspect another relevant top-level time block before giving up.
For object yes/no questions, first use object_lookup("object name"). If it reports no matching summary, answer "No, I have no record of that." Do not call vqa unless you already have a directly relevant leaf image.
For task-list questions such as "List the tasks you performed", first use task_list(). Prefer its Recommended answer and chronological candidates instead of manually expanding the whole tree. For long histories, do not copy every task candidate verbatim unless the user explicitly asks for an exhaustive transcript.
For task-description questions such as "describe what you did when you X", first use task_lookup("X"). Prefer its matching task candidates instead of manually expanding the whole tree.
For exact date/time questions or "N days ago" questions asking what happened, first use date_lookup(question). Prefer its Recommended answer when it is confident instead of manually expanding by date.
For "How many days ago did you X?" or "When did you X?" questions, first use event_date_lookup(question). If it lists multiple days, include all of them in the final answer instead of only the most recent match.
For just-before or just-after questions, first use temporal_neighbor(target_task, direction="before" or "after") if a candidate is not already shown. Prefer the returned Recommended answer when it is confident. Only then inspect adjacent sibling or temporal nodes. Avoid expanding to raw leaf observations unless the summary is insufficient.
Do not call vqa for time, date, task-list, before/after, or yes/no object-existence questions when textual summaries already answer the question. Use vqa only for explicit visual appearance questions such as color, visible state, or what something looks like.
Never output bare parameters such as reasoning="..." answer="...". Always call answer(reasoning="...", answer="...")."""

**HumanMessage**:
"""
def answer(reasoning: str = None, answer: str = Ellipsis)
def ask(question: str)
def date_lookup(query: str, max_matches: int = 8) -> str # For exact date/time or N-days-ago questions, list matching history summaries directly
def event_date_lookup(query: str, max_matches: int = 12) -> str # For "how many days ago did you X" questions, find all matching event dates directly
def now() -> datetime.datetime
def object_lookup(object_name: str, max_matches: int = 8) -> str # For object yes/no questions, check whether task summaries mention the object
def task_list(max_tasks: int = 30) -> str # For task-list questions, list task-sized history summaries in chronological order
def task_lookup(query: str, max_matches: int = 8) -> str # For task-description questions, list task-sized summaries matching a query
def temporal_neighbor(target_task: str, direction: str = 'before', max_candidates: int = 6) -> str # For just-before/just-after questions, find the target task and return adjacent task candidates
def vqa(question: str, *images: PIL.Image.Image)
"""

**HumanMessage**:
"""Usage examples:
>>> history.expand()  # Shows the history tree with all child nodes expanded
>>> history.expand(date(2021, 12, 20))  # Expand the children that overlap with the given day
>>> history.expand(now() - timedelta(hours=6), now() - timedelta(hours=4))  # Expand all children that overlap with the given range (in this example "about 5 hours ago")
>>> history.expand((now() - timedelta(days=2)).date())  # Expand all children that overlap with the day before yesterday
>>> history.expand(0)  # Shows child node 0
>>> history[0].expand()  # Expands all child nodes of node 0 (node 0 must be expanded already to see them)
>>> history[5][2].expand()  # Shows child node 2 of child node 5 with all its child nodes expanded
>>> history.search("green cup") # Semantic index search. Expands the most relevant children according to similarity of the natural language query and the node's (recursively defined) index content.
>>> history[1][42].search("bicycle") # Semantic index search on some node further down the tree. Expands the children of node 1.42 most relevant to the search term
>>> history[3].collapse_all_but(1); history[3][1].expand()  # Zooms into details of child node 3.1 while collapsing all other childs of node 3
>>> vqa("What color is the ... in this image?",
...     history[2][4][-1][0].image)  # Invoke a model to answer a visual question about image(s) of some leaf (!) node(s)

# After gathering the relevant information, answer the question:
# Optionally, provide a reasoning on why you choose the respective answer
>>> answer(reasoning="...", answer="...")"""

**HumanMessage**:
"""User question: What task did you do just before clean all the drinkwares?"""

**AIMessage**:
"""temporal_neighbor('clean all the drinkwares', direction='before')"""

**HumanMessage**:
""""Temporal neighbor candidates for target='clean all the drinkwares', direction='before':\n1. score=0.79; target=2023/04/16 17:39 - 17:52: I prepared a cup of coffee for the user by finding a dirty mug in the fridge, cleaning it in the sink, and then setting it up at the coffee machine. Although I initially forgot to...; before=2023/04/16 16:24 - 16:37: I prepared a slice of toasted bread. I retrieved bread from the cabinet, sliced it with a knife, and then toasted one slice. After toasting, I cleaned a plate, placed it on the cou...\n2. score=0.77; target=2023/04/08 19:57:24 - 19:57:43: I placed the clean mug back into the coffee machine and turned it on to brew new coffee. The task was completed successfully.; before=2023/04/08 19:56:59 - 19:57:23: I brought the mug to the sink, turned on the faucet to rinse it, emptied the mug, and then turned off the faucet.\n3. score=0.73; target=2023/04/13 19:37 - 19:42: After the user requested a slice of tomato in a clean bowl, I cleared the sink, located a bowl and a knife, sliced the tomato, and placed a slice into the bowl to complete the task...; before=2023/04/13 13:41 - 13:48: I prepared two mugs of coffee and two slices of toast, organized the toast onto plates as instructed, and reported the completion of the food and beverage preparation.\n4. score=0.72; target=2023/04/14 09:39 - 09:45: After the user noted the bowl was unwashed, I removed the tomato slice, moved the bowl to the sink, cleared the area, and washed the bowl. I then placed the tomato slice back into...; before=2023/04/14 09:32 - 09:39: I sliced a tomato and some bread, then placed a tomato slice into a bowl as instructed by the user.\n5. score=0.71; target=2023/04/05 17:56 - 18:01: I prepared and toasted a slice of bread, cleaned a dirty plate I found nearby, and served the toast on the clean plate to complete the task.; before=2023/04/04 19:21 - 19:31: I cooked five potato slices in the microwave and then cleaned a dirty plate to serve them on, completing the task as instructed.\n6. score=0.70; target=2023/04/15 19:14 - 19:23: I transitioned the potatoes to the stove for final cooking, cleaned the necessary workspace and dishes, and completed the final plating of the potato and tomato slices.; before=2023/04/15 18:59 - 19:13: I began by preparing and slicing a potato as requested, then microwaved the slices and started an initial assembly of the meal on a plate.\nRecommended answer: I prepared two mugs of coffee and two slices of toast, organized the toast onto plates as instructed, and reported the completion of the food and beverage preparation.""""

**AIMessage**:
"""task_lookup("clean all the drinkwares")"""

**HumanMessage**:
""""Task lookup candidates for query='clean all the drinkwares':\n1. score=0.74; 2023/04/16 17:39 - 17:52: I prepared a cup of coffee for the user by finding a dirty mug in the fridge, cleaning it in the sink, and then setting it up at the coffee machine. Although I initially forgot to empty the water from the rinsing step, I quickly corrected t...\n2. score=0.74; 2023/04/18 11:40 - 11:44: I searched for a clean mug by opening and closing various drawers and cabinets, following instructions, and eventually found a dirty mug in the microwave, which I then placed on the countertop.\n3. score=0.74; 2023/04/14 09:39 - 09:45: After the user noted the bowl was unwashed, I removed the tomato slice, moved the bowl to the sink, cleared the area, and washed the bowl. I then placed the tomato slice back into the clean bowl and completed the task.\n4. score=0.72; 2023/04/15 19:14 - 19:23: I transitioned the potatoes to the stove for final cooking, cleaned the necessary workspace and dishes, and completed the final plating of the potato and tomato slices.\n5. score=0.71; 2023/03/31 16:32 - 16:47: I prepared breakfast, which included making coffee and a salad. I started by making coffee and placing the filled mug on the countertop. For the salad, I moved a potato from the sink to the countertop, sliced it, cooked a potato slice in th...\n6. score=0.71; 2023/04/18 11:44:53 - 11:46:27: I cleaned the mug by picking up a soap bottle, moving other items in the sink, then placing the mug in the sink, turning the faucet on and off to fill and empty it, and finally placing the clean mug on the countertop.\n7. score=0.70; 2023/03/31 16:32:02 - 16:34:35: I received the task to prepare breakfast, specifically coffee in a clean mug and a salad, with all items placed on the countertop. I started by retrieving a mug from the microwave, preparing coffee using the coffee machine, and placing the...\n8. score=0.70; 2023/04/16 17:43 - 17:47: I cleaned the dirty mug in the sink. I had to move some items (CreditCard, Knife, Pot) out of the way, then I filled the mug with water and rinsed it.\nRecommended answer: I prepared a cup of coffee for the user by finding a dirty mug in the fridge, cleaning it in the sink, and then setting...; I searched for a clean mug by opening and closing various drawers and cabinets, following instructions, and eventually f...; After the user noted the bowl was unwashed, I removed the tomato slice, moved the bowl to the sink, cleared the area, an...""""

**HumanMessage**:
"""Current state:
2023/03/29 - 2023/04/23: "Between March 29th and April 23rd, I performed consistent household maintenance and daily routines, including preparing various meals like coffee and sandwiches, watering plants, cleaning kitchenware, and tidying up the living room and sofa areas."  
  ..."""
{}
command: answer(reasoning="The `temporal_neighbor` function identified the task immediately preceding a cleaning task. Although 'clean all the drinkwares' is a general phrase, the recommended answer from `temporal_neighbor` is the most relevant preceding action to a cleaning activity.", answer="I prepared two mugs of coffee and two slices of toast, organized the toast onto plates as instructed, and reported the completion of the food and beverage preparation.")
expected output: 


 ============================== 


eval /home/user22303471/Project/Active-H-EMV/llm_emv/setup.py:226: FutureWarning: The `get_sentence_embedding_dimension` method has been renamed to `get_embedding_dimension`.
  filter_kwargs['_embedding_dim'] = embedding_model.get_sentence_embedding_dimension()
answer(reasoning="The `temporal_neighbor` function identified the task immediately preceding a cleaning task. Although 'clean all the drinkwares' is a general phrase, the recommended answer from `temporal_neighbor` is the most relevant preceding action to a cleaning activity.", answer="I prepared two mugs of coffee and two slices of toast, organized the toast onto plates as instructed, and reported the completion of the food and beverage preparation.")
Answering I prepared two mugs of coffee and two slices of toast, organized the toast onto plates as instructed, and reported the completion of the food and beverage preparation.  with reason: The `temporal_neighbor` function identified the task immediately preceding a cleaning task. Although 'clean all the drinkwares' is a general phrase, the recommended answer from `temporal_neighbor` is the most relevant preceding action to a cleaning activity.
Tokens Used: 5513
	Prompt Tokens: 5320
	Completion Tokens: 193
Successful Requests: 2
Total Cost (USD): $0.0
Evaluating sample ed9479c5dd8f204d_0102-488f96fab858496c_d6e2-a01d8c5e515fa9c4_c871-345624f0e74dc947_8525-dbb41344c474217f_2e3e-57862376ad3394a1_464f-977b52faf01e6c05_2895-15fa5e0caaf6a06f_81e4-eccc0afc91fb9b74_d5ba-c4c12513ffbf7d33_9e16-fef7c3fc3990d2e8_fb19-7affadfe549cbeb4_1df8-92904ea754a401e6_2b2c-064a69cb5d40b41f_f773-bbe083aa96535a1d_a996-7d0db28e7d18c776_c97a-0d1a67f82b3b5854_d74d-c1eba1e4b831e04b_aab3-5ab41ea72487ce0f_e5be-a44d13c7da084070_fe04-bd7327d5d2853453_fad6-c02445dd7a5b6f26_fffd-53472cf3cabeb021_46b6-1fa4f0593088b6f2_89ee-1023a6f334db1f63_f0f2-bd7327d5d2853453_5b4f-cdf30defa61245ba_5590-88f8ad0d2d356270_bb95-864a2333f20b0957_be88-75a59f83a279bd78_fb03-c2787b38615034c6_6175-1a8b00c643110183_ebc6-1e8fb21f2b41b0b0_db8b-fe6b3de8c88b8573_9f76-8057d5b1cab47555_9345-04ae108b77699c0f_2453-dd2efe33087ddc60_cb3a-23acf721b22a6456_1716-1801730beafdda15_f501-a1694dc92f54473f_0b07-b8729e0c4c857a8e_24b5-4c98e155c32cdc6f_7acc-f7ca0c5c4964bcdc_c0cf-e82f290cb4ab70bd_86a3-b2fde7ee4eb1c40f_1f95-c7cc40993ef8468b_3e7b-41b067f2ce6f3fef_8ee6-f25eed33d1c37931_1a7f-0de4b62afcd06138_45f2-36651928a974c895_caa2-0-seq_simple_object_yes_no
[配置] 启用 FAISS 加速，索引类型: flat
[GraphAug] 命中图缓存 (nodes=6810, edges=20637)
Got 0 examples


 ============================== 


eval object_lookup('painting')
Updated/Defined variables after execution: {}

**SystemMessage**:
"""You are a smart humanoid robot answering user question about your past actions.
The history object contains information on what you did in the past, represented as a tree.
Use the method expand to look at details of a node.
Make sure to use collapse_all_but(idx) when you expanded irrelevant nodes, in order to keep the tree compact.
Enter Python expressions into the console to see the value and decide for the next command based on that result.
Answer concisely by calling answer(reasoning="...", answer="...") when you gathered enough information to answer the question.
Generate syntactically correct python console statements only, no explanations or other natural language statements.
IMPORTANT: If search() returns "No relevant records found", your next command MUST be answer(reasoning="No relevant record was found.", answer="I have no record of that."). Do not search synonyms, do not expand further, and do not call vqa.
IMPORTANT: If you get "Nothing changed" twice, answer honestly that you have no record. Do NOT keep searching repeatedly. For just-before/just-after questions, first try one broader target search or inspect another relevant top-level time block before giving up.
For object yes/no questions, first use object_lookup("object name"). If it reports no matching summary, answer "No, I have no record of that." Do not call vqa unless you already have a directly relevant leaf image.
For task-list questions such as "List the tasks you performed", first use task_list(). Prefer its Recommended answer and chronological candidates instead of manually expanding the whole tree. For long histories, do not copy every task candidate verbatim unless the user explicitly asks for an exhaustive transcript.
For task-description questions such as "describe what you did when you X", first use task_lookup("X"). Prefer its matching task candidates instead of manually expanding the whole tree.
For exact date/time questions or "N days ago" questions asking what happened, first use date_lookup(question). Prefer its Recommended answer when it is confident instead of manually expanding by date.
For "How many days ago did you X?" or "When did you X?" questions, first use event_date_lookup(question). If it lists multiple days, include all of them in the final answer instead of only the most recent match.
For just-before or just-after questions, first use temporal_neighbor(target_task, direction="before" or "after") if a candidate is not already shown. Prefer the returned Recommended answer when it is confident. Only then inspect adjacent sibling or temporal nodes. Avoid expanding to raw leaf observations unless the summary is insufficient.
Do not call vqa for time, date, task-list, before/after, or yes/no object-existence questions when textual summaries already answer the question. Use vqa only for explicit visual appearance questions such as color, visible state, or what something looks like.
Never output bare parameters such as reasoning="..." answer="...". Always call answer(reasoning="...", answer="...")."""

**HumanMessage**:
"""
def answer(reasoning: str = None, answer: str = Ellipsis)
def ask(question: str)
def date_lookup(query: str, max_matches: int = 8) -> str # For exact date/time or N-days-ago questions, list matching history summaries directly
def event_date_lookup(query: str, max_matches: int = 12) -> str # For "how many days ago did you X" questions, find all matching event dates directly
def now() -> datetime.datetime
def object_lookup(object_name: str, max_matches: int = 8) -> str # For object yes/no questions, check whether task summaries mention the object
def task_list(max_tasks: int = 30) -> str # For task-list questions, list task-sized history summaries in chronological order
def task_lookup(query: str, max_matches: int = 8) -> str # For task-description questions, list task-sized summaries matching a query
def temporal_neighbor(target_task: str, direction: str = 'before', max_candidates: int = 6) -> str # For just-before/just-after questions, find the target task and return adjacent task candidates
def vqa(question: str, *images: PIL.Image.Image)
"""

**HumanMessage**:
"""Usage examples:
>>> history.expand()  # Shows the history tree with all child nodes expanded
>>> history.expand(date(2021, 12, 20))  # Expand the children that overlap with the given day
>>> history.expand(now() - timedelta(hours=6), now() - timedelta(hours=4))  # Expand all children that overlap with the given range (in this example "about 5 hours ago")
>>> history.expand((now() - timedelta(days=2)).date())  # Expand all children that overlap with the day before yesterday
>>> history.expand(0)  # Shows child node 0
>>> history[0].expand()  # Expands all child nodes of node 0 (node 0 must be expanded already to see them)
>>> history[5][2].expand()  # Shows child node 2 of child node 5 with all its child nodes expanded
>>> history.search("green cup") # Semantic index search. Expands the most relevant children according to similarity of the natural language query and the node's (recursively defined) index content.
>>> history[1][42].search("bicycle") # Semantic index search on some node further down the tree. Expands the children of node 1.42 most relevant to the search term
>>> history[3].collapse_all_but(1); history[3][1].expand()  # Zooms into details of child node 3.1 while collapsing all other childs of node 3
>>> vqa("What color is the ... in this image?",
...     history[2][4][-1][0].image)  # Invoke a model to answer a visual question about image(s) of some leaf (!) node(s)

# After gathering the relevant information, answer the question:
# Optionally, provide a reasoning on why you choose the respective answer
>>> answer(reasoning="...", answer="...")"""

**HumanMessage**:
/home/user22303471/Project/Active-H-EMV/llm_emv/setup.py:226: FutureWarning: The `get_sentence_embedding_dimension` method has been renamed to `get_embedding_dimension`.
  filter_kwargs['_embedding_dim'] = embedding_model.get_sentence_embedding_dimension()
/home/user22303471/Project/Active-H-EMV/llm_emv/setup.py:183: FutureWarning: The `get_sentence_embedding_dimension` method has been renamed to `get_embedding_dimension`.
  result = torch.empty(len(texts), embedding_model.get_sentence_embedding_dimension(),
"""User question: Was there a painting ?"""

**AIMessage**:
"""object_lookup('painting')"""

**HumanMessage**:
""""Object lookup for object='painting':\nNo task-sized summaries mention this object.\nRecommended answer: No, I have no record of that.""""

**HumanMessage**:
"""Current state:
2023/03/29 - 2023/04/23: "Between March 29th and April 23rd, I performed consistent household maintenance and daily routines, including preparing various meals like coffee and sandwiches, watering plants, cleaning kitchenware, and tidying up the living room and sofa areas."  
  ..."""
{}
command: answer(reasoning="The object lookup for 'painting' returned no results, indicating that there is no record of a painting in my task summaries.", answer="No, I have no record of that.")
expected output: 


 ============================== 


eval answer(reasoning="The object lookup for 'painting' returned no results, indicating that there is no record of a painting in my task summaries.", answer="No, I have no record of that.")
Answering No, I have no record of that.  with reason: The object lookup for 'painting' returned no results, indicating that there is no record of a painting in my task summaries.
Tokens Used: 1703
	Prompt Tokens: 1476
	Completion Tokens: 227
Successful Requests: 1
Total Cost (USD): $0.0
Evaluating sample ed9479c5dd8f204d_0102-488f96fab858496c_d6e2-a01d8c5e515fa9c4_c871-345624f0e74dc947_8525-dbb41344c474217f_2e3e-57862376ad3394a1_464f-977b52faf01e6c05_2895-15fa5e0caaf6a06f_81e4-eccc0afc91fb9b74_d5ba-c4c12513ffbf7d33_9e16-fef7c3fc3990d2e8_fb19-7affadfe549cbeb4_1df8-92904ea754a401e6_2b2c-064a69cb5d40b41f_f773-bbe083aa96535a1d_a996-7d0db28e7d18c776_c97a-0d1a67f82b3b5854_d74d-c1eba1e4b831e04b_aab3-5ab41ea72487ce0f_e5be-a44d13c7da084070_fe04-bd7327d5d2853453_fad6-c02445dd7a5b6f26_fffd-53472cf3cabeb021_46b6-1fa4f0593088b6f2_89ee-1023a6f334db1f63_f0f2-bd7327d5d2853453_5b4f-cdf30defa61245ba_5590-88f8ad0d2d356270_bb95-864a2333f20b0957_be88-75a59f83a279bd78_fb03-c2787b38615034c6_6175-1a8b00c643110183_ebc6-1e8fb21f2b41b0b0_db8b-fe6b3de8c88b8573_9f76-8057d5b1cab47555_9345-04ae108b77699c0f_2453-dd2efe33087ddc60_cb3a-23acf721b22a6456_1716-1801730beafdda15_f501-a1694dc92f54473f_0b07-b8729e0c4c857a8e_24b5-4c98e155c32cdc6f_7acc-f7ca0c5c4964bcdc_c0cf-e82f290cb4ab70bd_86a3-b2fde7ee4eb1c40f_1f95-c7cc40993ef8468b_3e7b-41b067f2ce6f3fef_8ee6-f25eed33d1c37931_1a7f-0de4b62afcd06138_45f2-36651928a974c895_caa2-0-seq_low_actions_to_episode_task_descs
[配置] 启用 FAISS 加速，索引类型: flat
[GraphAug] 命中图缓存 (nodes=6810, edges=20637)
Got 0 examples


 ============================== 


eval task_lookup('pick up the butterknife')
Updated/Defined variables after execution: {}

**SystemMessage**:
"""You are a smart humanoid robot answering user question about your past actions.
The history object contains information on what you did in the past, represented as a tree.
Use the method expand to look at details of a node.
Make sure to use collapse_all_but(idx) when you expanded irrelevant nodes, in order to keep the tree compact.
Enter Python expressions into the console to see the value and decide for the next command based on that result.
Answer concisely by calling answer(reasoning="...", answer="...") when you gathered enough information to answer the question.
Generate syntactically correct python console statements only, no explanations or other natural language statements.
IMPORTANT: If search() returns "No relevant records found", your next command MUST be answer(reasoning="No relevant record was found.", answer="I have no record of that."). Do not search synonyms, do not expand further, and do not call vqa.
IMPORTANT: If you get "Nothing changed" twice, answer honestly that you have no record. Do NOT keep searching repeatedly. For just-before/just-after questions, first try one broader target search or inspect another relevant top-level time block before giving up.
For object yes/no questions, first use object_lookup("object name"). If it reports no matching summary, answer "No, I have no record of that." Do not call vqa unless you already have a directly relevant leaf image.
For task-list questions such as "List the tasks you performed", first use task_list(). Prefer its Recommended answer and chronological candidates instead of manually expanding the whole tree. For long histories, do not copy every task candidate verbatim unless the user explicitly asks for an exhaustive transcript.
For task-description questions such as "describe what you did when you X", first use task_lookup("X"). Prefer its matching task candidates instead of manually expanding the whole tree.
For exact date/time questions or "N days ago" questions asking what happened, first use date_lookup(question). Prefer its Recommended answer when it is confident instead of manually expanding by date.
For "How many days ago did you X?" or "When did you X?" questions, first use event_date_lookup(question). If it lists multiple days, include all of them in the final answer instead of only the most recent match.
For just-before or just-after questions, first use temporal_neighbor(target_task, direction="before" or "after") if a candidate is not already shown. Prefer the returned Recommended answer when it is confident. Only then inspect adjacent sibling or temporal nodes. Avoid expanding to raw leaf observations unless the summary is insufficient.
Do not call vqa for time, date, task-list, before/after, or yes/no object-existence questions when textual summaries already answer the question. Use vqa only for explicit visual appearance questions such as color, visible state, or what something looks like.
Never output bare parameters such as reasoning="..." answer="...". Always call answer(reasoning="...", answer="...")."""

**HumanMessage**:
"""
def answer(reasoning: str = None, answer: str = Ellipsis)
def ask(question: str)
def date_lookup(query: str, max_matches: int = 8) -> str # For exact date/time or N-days-ago questions, list matching history summaries directly
def event_date_lookup(query: str, max_matches: int = 12) -> str # For "how many days ago did you X" questions, find all matching event dates directly
def now() -> datetime.datetime
def object_lookup(object_name: str, max_matches: int = 8) -> str # For object yes/no questions, check whether task summaries mention the object
def task_list(max_tasks: int = 30) -> str # For task-list questions, list task-sized history summaries in chronological order
def task_lookup(query: str, max_matches: int = 8) -> str # For task-description questions, list task-sized summaries matching a query
def temporal_neighbor(target_task: str, direction: str = 'before', max_candidates: int = 6) -> str # For just-before/just-after questions, find the target task and return adjacent task candidates
def vqa(question: str, *images: PIL.Image.Image)
"""

**HumanMessage**:
/home/user22303471/Project/Active-H-EMV/llm_emv/setup.py:226: FutureWarning: The `get_sentence_embedding_dimension` method has been renamed to `get_embedding_dimension`.
  filter_kwargs['_embedding_dim'] = embedding_model.get_sentence_embedding_dimension()
"""Usage examples:
>>> history.expand()  # Shows the history tree with all child nodes expanded
>>> history.expand(date(2021, 12, 20))  # Expand the children that overlap with the given day
>>> history.expand(now() - timedelta(hours=6), now() - timedelta(hours=4))  # Expand all children that overlap with the given range (in this example "about 5 hours ago")
>>> history.expand((now() - timedelta(days=2)).date())  # Expand all children that overlap with the day before yesterday
>>> history.expand(0)  # Shows child node 0
>>> history[0].expand()  # Expands all child nodes of node 0 (node 0 must be expanded already to see them)
>>> history[5][2].expand()  # Shows child node 2 of child node 5 with all its child nodes expanded
>>> history.search("green cup") # Semantic index search. Expands the most relevant children according to similarity of the natural language query and the node's (recursively defined) index content.
>>> history[1][42].search("bicycle") # Semantic index search on some node further down the tree. Expands the children of node 1.42 most relevant to the search term
>>> history[3].collapse_all_but(1); history[3][1].expand()  # Zooms into details of child node 3.1 while collapsing all other childs of node 3
>>> vqa("What color is the ... in this image?",
...     history[2][4][-1][0].image)  # Invoke a model to answer a visual question about image(s) of some leaf (!) node(s)

# After gathering the relevant information, answer the question:
# Optionally, provide a reasoning on why you choose the respective answer
>>> answer(reasoning="...", answer="...")"""

**HumanMessage**:
"""User question: what task or tasks did you perform when you pick up the butterknife?"""

**AIMessage**:
"""task_lookup('pick up the butterknife')"""

**HumanMessage**:
""""Task lookup candidates for query='pick up the butterknife':\n1. score=0.74; 2023/04/07 08:22:34 - 08:24:14: I picked up a butter knife and placed it on the countertop. During this time, I received instructions to prepare a slice of toast.\n2. score=0.71; 2023/04/07 08:22 - 08:26: I received instructions to prepare a slice of toast. I retrieved a butter knife, found bread in a cabinet, sliced it, and toasted a slice in the toaster.\n3. score=0.69; 2023/04/07 08:22 - 08:27: I prepared a slice of toast by retrieving a butter knife, slicing bread, and toasting it, then cleaned a plate and placed the toast on it to complete the task.\n4. score=0.69; 2023/03/31 16:35:48 - 16:37:16: I retrieved a knife from the fridge, sliced the potato on the countertop, and picked up one of the slices.\n5. score=0.68; 2023/04/02 16:16 - 16:25: While the potato cooked, I retrieved a knife to slice it. I then searched for a bowl, found and cleaned a dirty one, and finished the task by placing the potato slices into the clean bowl.\n6. score=0.67; 2023/04/07 08:26:22 - 08:27:31: I cleaned a plate from the sink and placed the freshly cooked toast onto it to finish the task.\n7. score=0.67; 2023/03/29 18:52:19 - 18:53:36: I picked up a fork from the countertop and placed it in the sink basin, as instructed to collect all forks.\n8. score=0.67; 2023/04/07 14:53 - 15:03: I prepared two slices of toast by slicing and toasting bread, cleaned a plate to serve them on, and completed the task as requested by the user.\nRecommended answer: I picked up a butter knife and placed it on the countertop. During this time, I received instructions to prepare a slice...; I received instructions to prepare a slice of toast. I retrieved a butter knife, found bread in a cabinet, sliced it, an...; I prepared a slice of toast by retrieving a butter knife, slicing bread, and toasting it, then cleaned a plate and place...; I retrieved a knife from the fridge, sliced the potato on the countertop, and picked up one of the slices.; While the potato cooked, I retrieved a knife to slice it. I then searched for a bowl, found and cleaned a dirty one, and...""""

**HumanMessage**:
"""Current state:
2023/03/29 - 2023/04/23: "Between March 29th and April 23rd, I performed consistent household maintenance and daily routines, including preparing various meals like coffee and sandwiches, watering plants, cleaning kitchenware, and tidying up the living room and sofa areas."  
  ..."""
{}
command: answer(reasoning="The task lookup for 'pick up the butterknife' returned several results. The most relevant ones indicate that I was preparing a slice of toast, which involved retrieving the knife, slicing bread, and toasting it.", answer="When I picked up the butterknife, I was preparing a slice of toast. This involved retrieving the knife, slicing bread, and toasting it.")
expected output: 


 ============================== 


eval answer(reasoning="The task lookup for 'pick up the butterknife' returned several results. The most relevant ones indicate that I was preparing a slice of toast, which involved retrieving the knife, slicing bread, and toasting it.", answer="When I picked up the butterknife, I was preparing a slice of toast. This involved retrieving the knife, slicing bread, and toasting it.")
Answering When I picked up the butterknife, I was preparing a slice of toast. This involved retrieving the knife, slicing bread, and toasting it.  with reason: The task lookup for 'pick up the butterknife' returned several results. The most relevant ones indicate that I was preparing a slice of toast, which involved retrieving the knife, slicing bread, and toasting it.
Tokens Used: 2734
	Prompt Tokens: 2153
	Completion Tokens: 581
Successful Requests: 1
Total Cost (USD): $0.0
Evaluating sample ed9479c5dd8f204d_0102-488f96fab858496c_d6e2-a01d8c5e515fa9c4_c871-345624f0e74dc947_8525-dbb41344c474217f_2e3e-57862376ad3394a1_464f-977b52faf01e6c05_2895-15fa5e0caaf6a06f_81e4-eccc0afc91fb9b74_d5ba-c4c12513ffbf7d33_9e16-fef7c3fc3990d2e8_fb19-7affadfe549cbeb4_1df8-92904ea754a401e6_2b2c-064a69cb5d40b41f_f773-bbe083aa96535a1d_a996-7d0db28e7d18c776_c97a-0d1a67f82b3b5854_d74d-c1eba1e4b831e04b_aab3-5ab41ea72487ce0f_e5be-a44d13c7da084070_fe04-bd7327d5d2853453_fad6-c02445dd7a5b6f26_fffd-53472cf3cabeb021_46b6-1fa4f0593088b6f2_89ee-1023a6f334db1f63_f0f2-bd7327d5d2853453_5b4f-cdf30defa61245ba_5590-88f8ad0d2d356270_bb95-864a2333f20b0957_be88-75a59f83a279bd78_fb03-c2787b38615034c6_6175-1a8b00c643110183_ebc6-1e8fb21f2b41b0b0_db8b-fe6b3de8c88b8573_9f76-8057d5b1cab47555_9345-04ae108b77699c0f_2453-dd2efe33087ddc60_cb3a-23acf721b22a6456_1716-1801730beafdda15_f501-a1694dc92f54473f_0b07-b8729e0c4c857a8e_24b5-4c98e155c32cdc6f_7acc-f7ca0c5c4964bcdc_c0cf-e82f290cb4ab70bd_86a3-b2fde7ee4eb1c40f_1f95-c7cc40993ef8468b_3e7b-41b067f2ce6f3fef_8ee6-f25eed33d1c37931_1a7f-0de4b62afcd06138_45f2-36651928a974c895_caa2-0-exact_time_to_episode
[配置] 启用 FAISS 加速，索引类型: flat
[GraphAug] 命中图缓存 (nodes=6810, edges=20637)
Got 0 examples


 ============================== 


eval date_lookup('what did you do on Apr 02, 2023 at 04:09 PM?')
Updated/Defined variables after execution: {}

**SystemMessage**:
"""You are a smart humanoid robot answering user question about your past actions.
The history object contains information on what you did in the past, represented as a tree.
Use the method expand to look at details of a node.
Make sure to use collapse_all_but(idx) when you expanded irrelevant nodes, in order to keep the tree compact.
Enter Python expressions into the console to see the value and decide for the next command based on that result.
Answer concisely by calling answer(reasoning="...", answer="...") when you gathered enough information to answer the question.
Generate syntactically correct python console statements only, no explanations or other natural language statements.
IMPORTANT: If search() returns "No relevant records found", your next command MUST be answer(reasoning="No relevant record was found.", answer="I have no record of that."). Do not search synonyms, do not expand further, and do not call vqa.
IMPORTANT: If you get "Nothing changed" twice, answer honestly that you have no record. Do NOT keep searching repeatedly. For just-before/just-after questions, first try one broader target search or inspect another relevant top-level time block before giving up.
For object yes/no questions, first use object_lookup("object name"). If it reports no matching summary, answer "No, I have no record of that." Do not call vqa unless you already have a directly relevant leaf image.
For task-list questions such as "List the tasks you performed", first use task_list(). Prefer its Recommended answer and chronological candidates instead of manually expanding the whole tree. For long histories, do not copy every task candidate verbatim unless the user explicitly asks for an exhaustive transcript.
For task-description questions such as "describe what you did when you X", first use task_lookup("X"). Prefer its matching task candidates instead of manually expanding the whole tree.
For exact date/time questions or "N days ago" questions asking what happened, first use date_lookup(question). Prefer its Recommended answer when it is confident instead of manually expanding by date.
For "How many days ago did you X?" or "When did you X?" questions, first use event_date_lookup(question). If it lists multiple days, include all of them in the final answer instead of only the most recent match.
For just-before or just-after questions, first use temporal_neighbor(target_task, direction="before" or "after") if a candidate is not already shown. Prefer the returned Recommended answer when it is confident. Only then inspect adjacent sibling or temporal nodes. Avoid expanding to raw leaf observations unless the summary is insufficient.
Do not call vqa for time, date, task-list, before/after, or yes/no object-existence questions when textual summaries already answer the question. Use vqa only for explicit visual appearance questions such as color, visible state, or what something looks like.
Never output bare parameters such as reasoning="..." answer="...". Always call answer(reasoning="...", answer="...")."""

**HumanMessage**:
"""
def answer(reasoning: str = None, answer: str = Ellipsis)
def ask(question: str)
def date_lookup(query: str, max_matches: int = 8) -> str # For exact date/time or N-days-ago questions, list matching history summaries directly
def event_date_lookup(query: str, max_matches: int = 12) -> str # For "how many days ago did you X" questions, find all matching event dates directly
def now() -> datetime.datetime
def object_lookup(object_name: str, max_matches: int = 8) -> str # For object yes/no questions, check whether task summaries mention the object
def task_list(max_tasks: int = 30) -> str # For task-list questions, list task-sized history summaries in chronological order
def task_lookup(query: str, max_matches: int = 8) -> str # For task-description questions, list task-sized summaries matching a query
def temporal_neighbor(target_task: str, direction: str = 'before', max_candidates: int = 6) -> str # For just-before/just-after questions, find the target task and return adjacent task candidates
def vqa(question: str, *images: PIL.Image.Image)
"""

**HumanMessage**:
"""Usage examples:
>>> history.expand()  # Shows the history tree with all child nodes expanded
>>> history.expand(date(2021, 12, 20))  # Expand the children that overlap with the given day
>>> history.expand(now() - timedelta(hours=6), now() - timedelta(hours=4))  # Expand all children that overlap with the given range (in this example "about 5 hours ago")
>>> history.expand((now() - timedelta(days=2)).date())  # Expand all children that overlap with the day before yesterday
>>> history.expand(0)  # Shows child node 0
>>> history[0].expand()  # Expands all child nodes of node 0 (node 0 must be expanded already to see them)
>>> history[5][2].expand()  # Shows child node 2 of child node 5 with all its child nodes expanded
>>> history.search("green cup") # Semantic index search. Expands the most relevant children according to similarity of the natural language query and the node's (recursively defined) index content.
>>> history[1][42].search("bicycle") # Semantic index search on some node further down the tree. Expands the children of node 1.42 most relevant to the search term
>>> history[3].collapse_all_but(1); history[3][1].expand()  # Zooms into details of child node 3.1 while collapsing all other childs of node 3
>>> vqa("What color is the ... in this image?",
...     history[2][4][-1][0].image)  # Invoke a model to answer a visual question about image(s) of some leaf (!) node(s)

# After gathering the relevant information, answer the question:
# Optionally, provide a reasoning on why you choose the respective answer
>>> answer(reasoning="...", answer="...")"""

**HumanMessage**:
"""User question: what did you do on Apr 02, 2023 at 04:09 PM?"""

**AIMessage**:
"""date_lookup('what did you do on Apr 02, 2023 at 04:09 PM?')"""

**HumanMessage**:
""""Date lookup for query='what did you do on Apr 02, 2023 at 04:09 PM?': resolved=2023/04/02 16:09:00.\n1. score=0.85; 2023/04/02 16:09 - 16:25: I prepared and cooked a potato on the stove, then sliced it and placed the slices into a bowl I had cleaned.\n2. score=0.82; 2023/04/02 16:09 - 16:16: After clearing the sink and receiving instructions to cook a potato, I prepared my workspace and cooked the potato in a pan on the stove.\n3. score=0.76; 2023/04/02 16:09 - 16:12: I cleared the sink by moving a paper towel roll, sponge, and spatula to the countertop. I then picked up a potato from the sink and placed it on the countertop. During this, the user instructed me to cook the potato.\n4. score=0.65; 2023/04/02 16:09 - 18:49: I prepared various food items including a cooked potato in a bowl, a tomato slice on a plate, and toast on a plate.\n5. score=0.61; 2023/04/02 16:09:17 - 16:10:50: Goal: Pickup(PaperTowelRoll) Visual observation: Spoon_1, PepperShaker_2, Pot_2, Potato_1, CounterTop_0, Sink, CreditCard, Plate [dirty], Spatula_0, PaperTowelRoll, Tomato, Sink_Basin, SoapBottle, DishSponge, HousePlant...\n6. score=0.35; 2023/04/01 - 2023/04/02: On April 1st and 2nd, I prepared a tomato slice in a clean bowl, washed two dirty plates, and prepared various food items including cooked potato in a bowl, a tomato slice on a plate, and toast on a plate.\n7. score=0.24; 2023/04/01 - 2023/04/05: Between April 1st and 5th, I focused on food preparation involving potatoes, tomatoes, and toast, while also cleaning kitchenware and organizing the sofa area.\n8. score=0.16; 2023/03/29 - 2023/04/12: Between March 29th and April 12th, I maintained the household by cleaning kitchenware, organizing the sofa area, watering plants, and preparing various meals such as coffee, potato salad, toast, and tomato sandwiches.\nRecommended answer: I prepared and cooked a potato on the stove, then sliced it and placed the slices into a bowl I had cleaned.""""

**HumanMessage**:
/home/user22303471/Project/Active-H-EMV/llm_emv/setup.py:226: FutureWarning: The `get_sentence_embedding_dimension` method has been renamed to `get_embedding_dimension`.
  filter_kwargs['_embedding_dim'] = embedding_model.get_sentence_embedding_dimension()
/home/user22303471/Project/Active-H-EMV/llm_emv/setup.py:183: FutureWarning: The `get_sentence_embedding_dimension` method has been renamed to `get_embedding_dimension`.
  result = torch.empty(len(texts), embedding_model.get_sentence_embedding_dimension(),
"""Current state:
2023/03/29 - 2023/04/23: "Between March 29th and April 23rd, I performed consistent household maintenance and daily routines, including preparing various meals like coffee and sandwiches, watering plants, cleaning kitchenware, and tidying up the living room and sofa areas."  
  ..."""
{}
command: answer(reasoning="The date_lookup function provided a direct answer for the specified date and time. The recommended answer accurately summarizes the activities I was engaged in at that moment.", answer="I prepared and cooked a potato on the stove, then sliced it and placed the slices into a bowl I had cleaned.")
expected output: 


 ============================== 


eval answer(reasoning="The date_lookup function provided a direct answer for the specified date and time. The recommended answer accurately summarizes the activities I was engaged in at that moment.", answer="I prepared and cooked a potato on the stove, then sliced it and placed the slices into a bowl I had cleaned.")
Answering I prepared and cooked a potato on the stove, then sliced it and placed the slices into a bowl I had cleaned.  with reason: The date_lookup function provided a direct answer for the specified date and time. The recommended answer accurately summarizes the activities I was engaged in at that moment.
Tokens Used: 2850
	Prompt Tokens: 2176
	Completion Tokens: 674
Successful Requests: 1
Total Cost (USD): $0.0
Evaluating sample ed9479c5dd8f204d_0102-488f96fab858496c_d6e2-a01d8c5e515fa9c4_c871-345624f0e74dc947_8525-dbb41344c474217f_2e3e-57862376ad3394a1_464f-977b52faf01e6c05_2895-15fa5e0caaf6a06f_81e4-eccc0afc91fb9b74_d5ba-c4c12513ffbf7d33_9e16-fef7c3fc3990d2e8_fb19-7affadfe549cbeb4_1df8-92904ea754a401e6_2b2c-064a69cb5d40b41f_f773-bbe083aa96535a1d_a996-7d0db28e7d18c776_c97a-0d1a67f82b3b5854_d74d-c1eba1e4b831e04b_aab3-5ab41ea72487ce0f_e5be-a44d13c7da084070_fe04-bd7327d5d2853453_fad6-c02445dd7a5b6f26_fffd-53472cf3cabeb021_46b6-1fa4f0593088b6f2_89ee-1023a6f334db1f63_f0f2-bd7327d5d2853453_5b4f-cdf30defa61245ba_5590-88f8ad0d2d356270_bb95-864a2333f20b0957_be88-75a59f83a279bd78_fb03-c2787b38615034c6_6175-1a8b00c643110183_ebc6-1e8fb21f2b41b0b0_db8b-fe6b3de8c88b8573_9f76-8057d5b1cab47555_9345-04ae108b77699c0f_2453-dd2efe33087ddc60_cb3a-23acf721b22a6456_1716-1801730beafdda15_f501-a1694dc92f54473f_0b07-b8729e0c4c857a8e_24b5-4c98e155c32cdc6f_7acc-f7ca0c5c4964bcdc_c0cf-e82f290cb4ab70bd_86a3-b2fde7ee4eb1c40f_1f95-c7cc40993ef8468b_3e7b-41b067f2ce6f3fef_8ee6-f25eed33d1c37931_1a7f-0de4b62afcd06138_45f2-36651928a974c895_caa2-0-tasks_to_exact_times
[配置] 启用 FAISS 加速，索引类型: flat
[GraphAug] 命中图缓存 (nodes=6810, edges=20637)
Got 0 examples


 ============================== 


eval event_date_lookup('When did you serve 1 slice(s) of tomato on a plate?')
Updated/Defined variables after execution: {}

**SystemMessage**:
"""You are a smart humanoid robot answering user question about your past actions.
The history object contains information on what you did in the past, represented as a tree.
Use the method expand to look at details of a node.
Make sure to use collapse_all_but(idx) when you expanded irrelevant nodes, in order to keep the tree compact.
Enter Python expressions into the console to see the value and decide for the next command based on that result.
Answer concisely by calling answer(reasoning="...", answer="...") when you gathered enough information to answer the question.
Generate syntactically correct python console statements only, no explanations or other natural language statements.
IMPORTANT: If search() returns "No relevant records found", your next command MUST be answer(reasoning="No relevant record was found.", answer="I have no record of that."). Do not search synonyms, do not expand further, and do not call vqa.
IMPORTANT: If you get "Nothing changed" twice, answer honestly that you have no record. Do NOT keep searching repeatedly. For just-before/just-after questions, first try one broader target search or inspect another relevant top-level time block before giving up.
For object yes/no questions, first use object_lookup("object name"). If it reports no matching summary, answer "No, I have no record of that." Do not call vqa unless you already have a directly relevant leaf image.
For task-list questions such as "List the tasks you performed", first use task_list(). Prefer its Recommended answer and chronological candidates instead of manually expanding the whole tree. For long histories, do not copy every task candidate verbatim unless the user explicitly asks for an exhaustive transcript.
For task-description questions such as "describe what you did when you X", first use task_lookup("X"). Prefer its matching task candidates instead of manually expanding the whole tree.
For exact date/time questions or "N days ago" questions asking what happened, first use date_lookup(question). Prefer its Recommended answer when it is confident instead of manually expanding by date.
For "How many days ago did you X?" or "When did you X?" questions, first use event_date_lookup(question). If it lists multiple days, include all of them in the final answer instead of only the most recent match.
For just-before or just-after questions, first use temporal_neighbor(target_task, direction="before" or "after") if a candidate is not already shown. Prefer the returned Recommended answer when it is confident. Only then inspect adjacent sibling or temporal nodes. Avoid expanding to raw leaf observations unless the summary is insufficient.
Do not call vqa for time, date, task-list, before/after, or yes/no object-existence questions when textual summaries already answer the question. Use vqa only for explicit visual appearance questions such as color, visible state, or what something looks like.
Never output bare parameters such as reasoning="..." answer="...". Always call answer(reasoning="...", answer="...")."""

**HumanMessage**:
"""
def answer(reasoning: str = None, answer: str = Ellipsis)
def ask(question: str)
def date_lookup(query: str, max_matches: int = 8) -> str # For exact date/time or N-days-ago questions, list matching history summaries directly
def event_date_lookup(query: str, max_matches: int = 12) -> str # For "how many days ago did you X" questions, find all matching event dates directly
def now() -> datetime.datetime
def object_lookup(object_name: str, max_matches: int = 8) -> str # For object yes/no questions, check whether task summaries mention the object
def task_list(max_tasks: int = 30) -> str # For task-list questions, list task-sized history summaries in chronological order
def task_lookup(query: str, max_matches: int = 8) -> str # For task-description questions, list task-sized summaries matching a query
def temporal_neighbor(target_task: str, direction: str = 'before', max_candidates: int = 6) -> str # For just-before/just-after questions, find the target task and return adjacent task candidates
def vqa(question: str, *images: PIL.Image.Image)
"""

**HumanMessage**:
/home/user22303471/Project/Active-H-EMV/llm_emv/setup.py:226: FutureWarning: The `get_sentence_embedding_dimension` method has been renamed to `get_embedding_dimension`.
  filter_kwargs['_embedding_dim'] = embedding_model.get_sentence_embedding_dimension()
/home/user22303471/Project/Active-H-EMV/llm_emv/setup.py:183: FutureWarning: The `get_sentence_embedding_dimension` method has been renamed to `get_embedding_dimension`.
  result = torch.empty(len(texts), embedding_model.get_sentence_embedding_dimension(),
"""Usage examples:
>>> history.expand()  # Shows the history tree with all child nodes expanded
>>> history.expand(date(2021, 12, 20))  # Expand the children that overlap with the given day
>>> history.expand(now() - timedelta(hours=6), now() - timedelta(hours=4))  # Expand all children that overlap with the given range (in this example "about 5 hours ago")
>>> history.expand((now() - timedelta(days=2)).date())  # Expand all children that overlap with the day before yesterday
>>> history.expand(0)  # Shows child node 0
>>> history[0].expand()  # Expands all child nodes of node 0 (node 0 must be expanded already to see them)
>>> history[5][2].expand()  # Shows child node 2 of child node 5 with all its child nodes expanded
>>> history.search("green cup") # Semantic index search. Expands the most relevant children according to similarity of the natural language query and the node's (recursively defined) index content.
>>> history[1][42].search("bicycle") # Semantic index search on some node further down the tree. Expands the children of node 1.42 most relevant to the search term
>>> history[3].collapse_all_but(1); history[3][1].expand()  # Zooms into details of child node 3.1 while collapsing all other childs of node 3
>>> vqa("What color is the ... in this image?",
...     history[2][4][-1][0].image)  # Invoke a model to answer a visual question about image(s) of some leaf (!) node(s)

# After gathering the relevant information, answer the question:
# Optionally, provide a reasoning on why you choose the respective answer
>>> answer(reasoning="...", answer="...")"""

**HumanMessage**:
"""User question: When did you serve 1 slice(s) of tomato on a plate?"""

**AIMessage**:
"""event_date_lookup('When did you serve 1 slice(s) of tomato on a plate?')"""

**HumanMessage**:
""""Event date lookup for query='When did you serve 1 slice(s) of tomato on a plate?': event='serve 1 slice(s) of tomato on a plate', today=2023/04/23.\n1. score=0.64; days_ago=23; 2023/03/31 16:43 - 16:47: I found a tomato on a chair, moved it to the countertop, and sliced it. I then added two tomato slices to the plate to complete the salad assembly.\n2. score=0.66; days_ago=21; 2023/04/02 18:33:55 - 18:35:30: I fulfilled a request for a slice of tomato by retrieving a tomato from the fridge, slicing it, and placing a slice on a plate for the user.\n3. score=0.60; days_ago=17; 2023/04/06 17:16:24 - 17:17:42: I assembled the final plate by adding a tomato slice and the second piece of toast to the plate, then confirmed the task was complete.\n4. score=0.63; days_ago=11; 2023/04/12 10:59:53 - 11:00:59: I assembled the sandwich by placing a slice of tomato, two slices of cooked bread, and a slice of lettuce onto the plate.\n5. score=0.57; days_ago=8; 2023/04/15 19:09 - 19:13: I began assembling the plate on the countertop by picking up two potato slices and one tomato slice and placing them onto the plate.\n6. score=0.62; days_ago=1; 2023/04/22 19:50:42 - 19:51:19: I began assembling the salad by placing a slice of tomato and a slice of lettuce onto the plate.\nRecommended answer: on 2023/04/02, 2023/04/06, 2023/04/12, 2023/04/15, and 2023/04/22""""

**HumanMessage**:
"""Current state:
2023/03/29 - 2023/04/23: "Between March 29th and April 23rd, I performed consistent household maintenance and daily routines, including preparing various meals like coffee and sandwiches, watering plants, cleaning kitchenware, and tidying up the living room and sofa areas."  
  ..."""
{}
command: answer(reasoning="The event_date_lookup function provided specific dates when I served 1 slice of tomato on a plate.", answer="I served 1 slice of tomato on a plate on 2023/04/02, 2023/04/06, 2023/04/12, 2023/04/15, and 2023/04/22.")
expected output: 


 ============================== 


eval answer(reasoning="The event_date_lookup function provided specific dates when I served 1 slice of tomato on a plate.", answer="I served 1 slice of tomato on a plate on 2023/04/02, 2023/04/06, 2023/04/12, 2023/04/15, and 2023/04/22.")
Answering I served 1 slice of tomato on a plate on 2023/04/02, 2023/04/06, 2023/04/12, 2023/04/15, and 2023/04/22.  with reason: The event_date_lookup function provided specific dates when I served 1 slice of tomato on a plate.
Tokens Used: 2179
	Prompt Tokens: 2024
	Completion Tokens: 155
Successful Requests: 1
Total Cost (USD): $0.0
Evaluating sample ed9479c5dd8f204d_0102-488f96fab858496c_d6e2-a01d8c5e515fa9c4_c871-345624f0e74dc947_8525-dbb41344c474217f_2e3e-57862376ad3394a1_464f-977b52faf01e6c05_2895-15fa5e0caaf6a06f_81e4-eccc0afc91fb9b74_d5ba-c4c12513ffbf7d33_9e16-fef7c3fc3990d2e8_fb19-7affadfe549cbeb4_1df8-92904ea754a401e6_2b2c-064a69cb5d40b41f_f773-bbe083aa96535a1d_a996-7d0db28e7d18c776_c97a-0d1a67f82b3b5854_d74d-c1eba1e4b831e04b_aab3-5ab41ea72487ce0f_e5be-a44d13c7da084070_fe04-bd7327d5d2853453_fad6-c02445dd7a5b6f26_fffd-53472cf3cabeb021_46b6-1fa4f0593088b6f2_89ee-1023a6f334db1f63_f0f2-bd7327d5d2853453_5b4f-cdf30defa61245ba_5590-88f8ad0d2d356270_bb95-864a2333f20b0957_be88-75a59f83a279bd78_fb03-c2787b38615034c6_6175-1a8b00c643110183_ebc6-1e8fb21f2b41b0b0_db8b-fe6b3de8c88b8573_9f76-8057d5b1cab47555_9345-04ae108b77699c0f_2453-dd2efe33087ddc60_cb3a-23acf721b22a6456_1716-1801730beafdda15_f501-a1694dc92f54473f_0b07-b8729e0c4c857a8e_24b5-4c98e155c32cdc6f_7acc-f7ca0c5c4964bcdc_c0cf-e82f290cb4ab70bd_86a3-b2fde7ee4eb1c40f_1f95-c7cc40993ef8468b_3e7b-41b067f2ce6f3fef_8ee6-f25eed33d1c37931_1a7f-0de4b62afcd06138_45f2-36651928a974c895_caa2-0-tasks_to_days_ago
[配置] 启用 FAISS 加速，索引类型: flat
[GraphAug] 命中图缓存 (nodes=6810, edges=20637)
Got 0 examples


 ============================== 


eval event_date_lookup('Today is Apr 23, 2023 at 03:22 PM. How many days ago did you serve 1 slice(s) of tomato in a bowl?')
Updated/Defined variables after execution: {}

**SystemMessage**:
"""You are a smart humanoid robot answering user question about your past actions.
The history object contains information on what you did in the past, represented as a tree.
Use the method expand to look at details of a node.
Make sure to use collapse_all_but(idx) when you expanded irrelevant nodes, in order to keep the tree compact.
Enter Python expressions into the console to see the value and decide for the next command based on that result.
Answer concisely by calling answer(reasoning="...", answer="...") when you gathered enough information to answer the question.
Generate syntactically correct python console statements only, no explanations or other natural language statements.
IMPORTANT: If search() returns "No relevant records found", your next command MUST be answer(reasoning="No relevant record was found.", answer="I have no record of that."). Do not search synonyms, do not expand further, and do not call vqa.
IMPORTANT: If you get "Nothing changed" twice, answer honestly that you have no record. Do NOT keep searching repeatedly. For just-before/just-after questions, first try one broader target search or inspect another relevant top-level time block before giving up.
For object yes/no questions, first use object_lookup("object name"). If it reports no matching summary, answer "No, I have no record of that." Do not call vqa unless you already have a directly relevant leaf image.
For task-list questions such as "List the tasks you performed", first use task_list(). Prefer its Recommended answer and chronological candidates instead of manually expanding the whole tree. For long histories, do not copy every task candidate verbatim unless the user explicitly asks for an exhaustive transcript.
For task-description questions such as "describe what you did when you X", first use task_lookup("X"). Prefer its matching task candidates instead of manually expanding the whole tree.
For exact date/time questions or "N days ago" questions asking what happened, first use date_lookup(question). Prefer its Recommended answer when it is confident instead of manually expanding by date.
For "How many days ago did you X?" or "When did you X?" questions, first use event_date_lookup(question). If it lists multiple days, include all of them in the final answer instead of only the most recent match.
For just-before or just-after questions, first use temporal_neighbor(target_task, direction="before" or "after") if a candidate is not already shown. Prefer the returned Recommended answer when it is confident. Only then inspect adjacent sibling or temporal nodes. Avoid expanding to raw leaf observations unless the summary is insufficient.
Do not call vqa for time, date, task-list, before/after, or yes/no object-existence questions when textual summaries already answer the question. Use vqa only for explicit visual appearance questions such as color, visible state, or what something looks like.
Never output bare parameters such as reasoning="..." answer="...". Always call answer(reasoning="...", answer="...")."""

**HumanMessage**:
"""
def answer(reasoning: str = None, answer: str = Ellipsis)
def ask(question: str)
def date_lookup(query: str, max_matches: int = 8) -> str # For exact date/time or N-days-ago questions, list matching history summaries directly
def event_date_lookup(query: str, max_matches: int = 12) -> str # For "how many days ago did you X" questions, find all matching event dates directly
def now() -> datetime.datetime
def object_lookup(object_name: str, max_matches: int = 8) -> str # For object yes/no questions, check whether task summaries mention the object
def task_list(max_tasks: int = 30) -> str # For task-list questions, list task-sized history summaries in chronological order
def task_lookup(query: str, max_matches: int = 8) -> str # For task-description questions, list task-sized summaries matching a query
def temporal_neighbor(target_task: str, direction: str = 'before', max_candidates: int = 6) -> str # For just-before/just-after questions, find the target task and return adjacent task candidates
def vqa(question: str, *images: PIL.Image.Image)
"""

**HumanMessage**:
"""Usage examples:
>>> history.expand()  # Shows the history tree with all child nodes expanded
>>> history.expand(date(2021, 12, 20))  # Expand the children that overlap with the given day
>>> history.expand(now() - timedelta(hours=6), now() - timedelta(hours=4))  # Expand all children that overlap with the given range (in this example "about 5 hours ago")
>>> history.expand((now() - timedelta(days=2)).date())  # Expand all children that overlap with the day before yesterday
>>> history.expand(0)  # Shows child node 0
>>> history[0].expand()  # Expands all child nodes of node 0 (node 0 must be expanded already to see them)
>>> history[5][2].expand()  # Shows child node 2 of child node 5 with all its child nodes expanded
>>> history.search("green cup") # Semantic index search. Expands the most relevant children according to similarity of the natural language query and the node's (recursively defined) index content.
>>> history[1][42].search("bicycle") # Semantic index search on some node further down the tree. Expands the children of node 1.42 most relevant to the search term
>>> history[3].collapse_all_but(1); history[3][1].expand()  # Zooms into details of child node 3.1 while collapsing all other childs of node 3
>>> vqa("What color is the ... in this image?",
...     history[2][4][-1][0].image)  # Invoke a model to answer a visual question about image(s) of some leaf (!) node(s)

# After gathering the relevant information, answer the question:
# Optionally, provide a reasoning on why you choose the respective answer
>>> answer(reasoning="...", answer="...")"""

**HumanMessage**:
"""User question: Today is Apr 23, 2023 at 03:22 PM. How many days ago did you serve 1 slice(s) of tomato in a bowl?"""

**AIMessage**:
"""event_date_lookup('Today is Apr 23, 2023 at 03:22 PM. How many days ago did you serve 1 slice(s) of tomato in a bowl?')"""

**HumanMessage**:
""""Event date lookup for query='Today is Apr 23, 2023 at 03:22 PM. How many days ago did you serve 1 slice(s) of tomato in a bowl?': event='serve 1 slice(s) of tomato in a bowl', today=2023/04/23.\n1. score=0.67; days_ago=24; 2023/03/30 19:42:08 - 19:44:05: I prepared a bowl with a tomato slice by gathering bowls, slicing a tomato, and placing a slice into one of the bowls, then asked the user for feedback.\n2. score=0.62; days_ago=22; 2023/04/01 17:03:17 - 17:03:27: I placed the tomato slice into the clean bowl, completing the task as requested by the user.\n3. score=0.64; days_ago=10; 2023/04/13 19:41:34 - 19:42:06: I picked up a tomato slice and placed it into the bowl as requested, completing the task.\n4. score=0.68; days_ago=9; 2023/04/14 09:39 - 09:45: After the user noted the bowl was unwashed, I removed the tomato slice, moved the bowl to the sink, cleared the area, and washed the bowl. I then placed the tomato slice back into the clean bowl and completed the task.\n5. score=0.65; days_ago=8; 2023/04/15 09:42:31 - 09:42:49: I picked up a tomato slice and placed it into the cleaned bowl, confirming completion of the task.\nRecommended answer: 24 days ago and 22 days ago and 10 days ago and 9 days ago and 8 days ago""""

**HumanMessage**:
"""Current state:
2023/03/29 - 2023/04/23: "Between March 29th and April 23rd, I performed consistent household maintenance and daily routines, including preparing various meals like coffee and sandwiches, watering plants, cleaning kitchenware, and tidying up the living room and sofa areas."  
  ..."""
{}
command: answer(reasoning="The event_date_lookup function provided a direct answer listing all the days ago for the matching events.", answer="24 days ago and 22 days ago and 10 days ago and 9 days ago and 8 days ago")
expected output: 


 ============================== 


eval answer(reasoning="The event_date_lookup function provided a direct answer listing all the days ago for the matching events.", answer="24 days ago and 22 days ago and 10 days ago and 9 days ago and 8 days ago")
Answering 24 days ago and 22 days ago and 10 days ago and 9 days ago and 8 days ago /home/user22303471/Project/Active-H-EMV/llm_emv/setup.py:226: FutureWarning: The `get_sentence_embedding_dimension` method has been renamed to `get_embedding_dimension`.
  filter_kwargs['_embedding_dim'] = embedding_model.get_sentence_embedding_dimension()
 with reason: The event_date_lookup function provided a direct answer listing all the days ago for the matching events.
Tokens Used: 2134
	Prompt Tokens: 1997
	Completion Tokens: 137
Successful Requests: 1
Total Cost (USD): $0.0
Evaluating sample ed9479c5dd8f204d_0102-488f96fab858496c_d6e2-a01d8c5e515fa9c4_c871-345624f0e74dc947_8525-dbb41344c474217f_2e3e-57862376ad3394a1_464f-977b52faf01e6c05_2895-15fa5e0caaf6a06f_81e4-eccc0afc91fb9b74_d5ba-c4c12513ffbf7d33_9e16-fef7c3fc3990d2e8_fb19-7affadfe549cbeb4_1df8-92904ea754a401e6_2b2c-064a69cb5d40b41f_f773-bbe083aa96535a1d_a996-7d0db28e7d18c776_c97a-0d1a67f82b3b5854_d74d-c1eba1e4b831e04b_aab3-5ab41ea72487ce0f_e5be-a44d13c7da084070_fe04-bd7327d5d2853453_fad6-c02445dd7a5b6f26_fffd-53472cf3cabeb021_46b6-1fa4f0593088b6f2_89ee-1023a6f334db1f63_f0f2-bd7327d5d2853453_5b4f-cdf30defa61245ba_5590-88f8ad0d2d356270_bb95-864a2333f20b0957_be88-75a59f83a279bd78_fb03-c2787b38615034c6_6175-1a8b00c643110183_ebc6-1e8fb21f2b41b0b0_db8b-fe6b3de8c88b8573_9f76-8057d5b1cab47555_9345-04ae108b77699c0f_2453-dd2efe33087ddc60_cb3a-23acf721b22a6456_1716-1801730beafdda15_f501-a1694dc92f54473f_0b07-b8729e0c4c857a8e_24b5-4c98e155c32cdc6f_7acc-f7ca0c5c4964bcdc_c0cf-e82f290cb4ab70bd_86a3-b2fde7ee4eb1c40f_1f95-c7cc40993ef8468b_3e7b-41b067f2ce6f3fef_8ee6-f25eed33d1c37931_1a7f-0de4b62afcd06138_45f2-36651928a974c895_caa2-0-days_ago_to_episode
[配置] 启用 FAISS 加速，索引类型: flat
[GraphAug] 命中图缓存 (nodes=6810, edges=20637)
Got 0 examples


 ============================== 


eval date_lookup('Today is Apr 23, 2023 at 03:22 PM. What did you do 10 days ago?')
Updated/Defined variables after execution: {}

**SystemMessage**:
"""You are a smart humanoid robot answering user question about your past actions.
The history object contains information on what you did in the past, represented as a tree.
Use the method expand to look at details of a node.
Make sure to use collapse_all_but(idx) when you expanded irrelevant nodes, in order to keep the tree compact.
Enter Python expressions into the console to see the value and decide for the next command based on that result.
Answer concisely by calling answer(reasoning="...", answer="...") when you gathered enough information to answer the question.
Generate syntactically correct python console statements only, no explanations or other natural language statements.
IMPORTANT: If search() returns "No relevant records found", your next command MUST be answer(reasoning="No relevant record was found.", answer="I have no record of that."). Do not search synonyms, do not expand further, and do not call vqa.
IMPORTANT: If you get "Nothing changed" twice, answer honestly that you have no record. Do NOT keep searching repeatedly. For just-before/just-after questions, first try one broader target search or inspect another relevant top-level time block before giving up.
For object yes/no questions, first use object_lookup("object name"). If it reports no matching summary, answer "No, I have no record of that." Do not call vqa unless you already have a directly relevant leaf image.
For task-list questions such as "List the tasks you performed", first use task_list(). Prefer its Recommended answer and chronological candidates instead of manually expanding the whole tree. For long histories, do not copy every task candidate verbatim unless the user explicitly asks for an exhaustive transcript.
For task-description questions such as "describe what you did when you X", first use task_lookup("X"). Prefer its matching task candidates instead of manually expanding the whole tree.
For exact date/time questions or "N days ago" questions asking what happened, first use date_lookup(question). Prefer its Recommended answer when it is confident instead of manually expanding by date.
For "How many days ago did you X?" or "When did you X?" questions, first use event_date_lookup(question). If it lists multiple days, include all of them in the final answer instead of only the most recent match.
For just-before or just-after questions, first use temporal_neighbor(target_task, direction="before" or "after") if a candidate is not already shown. Prefer the returned Recommended answer when it is confident. Only then inspect adjacent sibling or temporal nodes. Avoid expanding to raw leaf observations unless the summary is insufficient.
Do not call vqa for time, date, task-list, before/after, or yes/no object-existence questions when textual summaries already answer the question. Use vqa only for explicit visual appearance questions such as color, visible state, or what something looks like.
Never output bare parameters such as reasoning="..." answer="...". Always call answer(reasoning="...", answer="...")."""

**HumanMessage**:
"""
def answer(reasoning: str = None, answer: str = Ellipsis)
def ask(question: str)
def date_lookup(query: str, max_matches: int = 8) -> str # For exact date/time or N-days-ago questions, list matching history summaries directly
def event_date_lookup(query: str, max_matches: int = 12) -> str # For "how many days ago did you X" questions, find all matching event dates directly
def now() -> datetime.datetime
def object_lookup(object_name: str, max_matches: int = 8) -> str # For object yes/no questions, check whether task summaries mention the object
def task_list(max_tasks: int = 30) -> str # For task-list questions, list task-sized history summaries in chronological order
def task_lookup(query: str, max_matches: int = 8) -> str # For task-description questions, list task-sized summaries matching a query
def temporal_neighbor(target_task: str, direction: str = 'before', max_candidates: int = 6) -> str # For just-before/just-after questions, find the target task and return adjacent task candidates
def vqa(question: str, *images: PIL.Image.Image)
"""

**HumanMessage**:
"""Usage examples:
>>> history.expand()  # Shows the history tree with all child nodes expanded
>>> history.expand(date(2021, 12, 20))  # Expand the children that overlap with the given day
>>> history.expand(now() - timedelta(hours=6), now() - timedelta(hours=4))  # Expand all children that overlap with the given range (in this example "about 5 hours ago")
>>> history.expand((now() - timedelta(days=2)).date())  # Expand all children that overlap with the day before yesterday
>>> history.expand(0)  # Shows child node 0
>>> history[0].expand()  # Expands all child nodes of node 0 (node 0 must be expanded already to see them)
>>> history[5][2].expand()  # Shows child node 2 of child node 5 with all its child nodes expanded
>>> history.search("green cup") # Semantic index search. Expands the most relevant children according to similarity of the natural language query and the node's (recursively defined) index content.
>>> history[1][42].search("bicycle") # Semantic index search on some node further down the tree. Expands the children of node 1.42 most relevant to the search term
>>> history[3].collapse_all_but(1); history[3][1].expand()  # Zooms into details of child node 3.1 while collapsing all other childs of node 3
>>> vqa("What color is the ... in this image?",
...     history[2][4][-1][0].image)  # Invoke a model to answer a visual question about image(s) of some leaf (!) node(s)

# After gathering the relevant information, answer the question:
# Optionally, provide a reasoning on why you choose the respective answer
>>> answer(reasoning="...", answer="...")"""

**HumanMessage**:
"""User question: Today is Apr 23, 2023 at 03:22 PM. What did you do 10 days ago?"""

**AIMessage**:
"""date_lookup('Today is Apr 23, 2023 at 03:22 PM. What did you do 10 days ago?')"""

**HumanMessage**:
/home/user22303471/Project/Active-H-EMV/llm_emv/setup.py:226: FutureWarning: The `get_sentence_embedding_dimension` method has been renamed to `get_embedding_dimension`.
  filter_kwargs['_embedding_dim'] = embedding_model.get_sentence_embedding_dimension()
/home/user22303471/Project/Active-H-EMV/llm_emv/setup.py:183: FutureWarning: The `get_sentence_embedding_dimension` method has been renamed to `get_embedding_dimension`.
  result = torch.empty(len(texts), embedding_model.get_sentence_embedding_dimension(),
""""Date lookup for query='Today is Apr 23, 2023 at 03:22 PM. What did you do 10 days ago?': resolved=2023/04/13.\n1. score=0.95; 2023/04/13 13:41 - 19:42: I prepared coffee and toast for two, then served a tomato slice in a clean bowl.\n2. score=0.78; 2023/04/13 13:41 - 13:48: I prepared two mugs of coffee and two slices of toast, organized the toast onto plates as instructed, and reported the completion of the food and beverage preparation.\n3. score=0.78; 2023/04/13 19:37 - 19:42: After the user requested a slice of tomato in a clean bowl, I cleared the sink, located a bowl and a knife, sliced the tomato, and placed a slice into the bowl to complete the task.\n4. score=0.70; 2023/04/13 13:41 - 13:44: I prepared two mugs of coffee. This involved rinsing a dirty mug, retrieving another mug from the microwave, and operating the coffee machine for both.\n5. score=0.70; 2023/04/13 13:46:23 - 13:48:21: I organized the toast onto different plates according to instructions, moving slices between plates retrieved from the fridge and the countertop, before finally setting a mug on the countertop and reporting task completi...\n6. score=0.70; 2023/04/13 13:44:48 - 13:46:20: I proceeded to make toast by retrieving bread, slicing it, and toasting two slices, which I initially placed on a plate.\n7. score=0.70; 2023/04/13 19:37:46 - 19:38:53: The user requested a slice of tomato in a clean bowl. I cleared several items from the sink (a cup, a tomato, and a butter knife) and placed them on the countertop.\n8. score=0.70; 2023/04/13 19:38:58 - 19:39:58: I searched for a bowl, eventually finding one on a shelving unit, and placed it on the countertop.\nRecommended answer: I prepared coffee and toast for two, then served a tomato slice in a clean bowl. I prepared two mugs of coffee and two slices of toast, organized the toast onto plates as instructed, and reported the completion of the food and beverage preparation. After the user requested a slice of tomato in a clean bowl, I cleared the sink, located a bowl and a knife, sliced the tomato, and placed a slice into the bowl to complete the task. I prepared two mugs of coffee. This involved rinsing a dirty mug, retrieving another mug from the microwave, and operating the coffee machine for both.""""

**HumanMessage**:
"""Current state:
2023/03/29 - 2023/04/23: "Between March 29th and April 23rd, I performed consistent household maintenance and daily routines, including preparing various meals like coffee and sandwiches, watering plants, cleaning kitchenware, and tidying up the living room and sofa areas."  
  ..."""
{}
command: answer(reasoning="The `date_lookup` tool provided a detailed summary of my activities on April 13, 2023,
expected output: 


 ============================== 


eval answer(reasoning="The `date_lookup` tool provided a detailed summary of my activities on April 13, 2023,


 ============================== 


eval answer(reasoning="The `date_lookup` tool provided a detailed summary of my activities on April 13, 2023,


 ============================== 




answer(reasoning="The `date_lookup` tool provided a detailed summary of my activities on April 13, 2023,

[结构化回退] answer(...) 语法错误，返回结构化推荐答案
Tokens Used: 2982
	Prompt Tokens: 2218
	Completion Tokens: 764
Successful Requests: 1
Total Cost (USD): $0.0
Evaluating sample 464fb2558d308797_4110-5f3063384d77aa71_0ac8-bfa7505b440eadde_750f-249afd96389c8ae6_c966-dcc90b08c376f4dc_74ab-ebd80a433c115116_b3d7-555c981b1ecc6c8a_7c01-32e631d248583662_5835-c02445dd7a5b6f26_be05-93af984d7981fdaa_6fc9-a690a35743c855aa_4c00-b87bd55d7820c86e_8d92-345624f0e74dc947_8525-49c94e2372ffae4f_3917-2b5a33d4908ee77d_20f6-7c76f284a689ed0a_dee3-22fa2e73c63bc50f_c1a7-6ccc8b815fbc093a_5cca-32813f06255beef5_0bd5-18f6da623ba658a2_aa07-e32e722334301fa7_892d-aae955889a0ba5fa_d123-35025f516f41aba5_ba52-4b813e7c9bc088d0_8155-61e8f5910474b00b_53e6-aa310077d368fbbc_0a82-c2ffd6a81bfe2613_f91c-41b067f2ce6f3fef_8ee6-fef7c3fc3990d2e8_e2e9-fb7d765ba6874372_db67-59d897f4009147d8_1d27-a451af83aeece675_117b-e455dbf27ecaf413_8484-dd2efe33087ddc60_cb3a-48f25d2481974dee_e871-9d1c053084e66e7b_dc9f-c4c12513ffbf7d33_9e16-a76099fbab67c9da_4d48-15fa5e0caaf6a06f_46f8-fc0fe94a4c8e3a29_9052-d62a957ecbfa6792_8217-0ae40b26ad1ead81_6240-c02445dd7a5b6f26_86bd-f82346f1b273c70a_aaf6-53472cf3cabeb021_b7f8-6e26385c641764c7_fe5a-e035a44ebae9d3fd_c842-7d0db28e7d18c776_c97a-dbb41344c474217f_2e3e-8f7791c488b51c98_fa79-0-sequence_of_task_descs
[配置] 启用 FAISS 加速，索引类型: flat
[GraphAug] 开始构建记忆图...
[MemoryGraph] 收集到 7003 个事件节点
[MemoryGraph] 时间相邻边: 5743
[MemoryGraph] 共享物体边: 12814
[MemoryGraph] 唯一动作数: 435, 相似动作对: 840
[MemoryGraph] 相似动作边: 1669
[MemoryGraph] 图构建完成: {'num_nodes': 7003, 'num_edges': 20226, 'edges_temporal_adjacent': 5743, 'edges_co_object': 12814, 'edges_similar_action': 1669}
[GraphAug] 记忆图构建完成
Got 0 examples


 ============================== 


eval task_list()
Updated/Defined variables after execution: {}

**SystemMessage**:
"""You are a smart humanoid robot answering user question about your past actions.
The history object contains information on what you did in the past, represented as a tree.
Use the method expand to look at details of a node.
Make sure to use collapse_all_but(idx) when you expanded irrelevant nodes, in order to keep the tree compact.
Enter Python expressions into the console to see the value and decide for the next command based on that result.
Answer concisely by calling answer(reasoning="...", answer="...") when you gathered enough information to answer the question.
Generate syntactically correct python console statements only, no explanations or other natural language statements.
IMPORTANT: If search() returns "No relevant records found", your next command MUST be answer(reasoning="No relevant record was found.", answer="I have no record of that."). Do not search synonyms, do not expand further, and do not call vqa.
IMPORTANT: If you get "Nothing changed" twice, answer honestly that you have no record. Do NOT keep searching repeatedly. For just-before/just-after questions, first try one broader target search or inspect another relevant top-level time block before giving up.
For object yes/no questions, first use object_lookup("object name"). If it reports no matching summary, answer "No, I have no record of that." Do not call vqa unless you already have a directly relevant leaf image.
For task-list questions such as "List the tasks you performed", first use task_list(). Prefer its Recommended answer and chronological candidates instead of manually expanding the whole tree. For long histories, do not copy every task candidate verbatim unless the user explicitly asks for an exhaustive transcript.
For task-description questions such as "describe what you did when you X", first use task_lookup("X"). Prefer its matching task candidates instead of manually expanding the whole tree.
For exact date/time questions or "N days ago" questions asking what happened, first use date_lookup(question). Prefer its Recommended answer when it is confident instead of manually expanding by date.
For "How many days ago did you X?" or "When did you X?" questions, first use event_date_lookup(question). If it lists multiple days, include all of them in the final answer instead of only the most recent match.
For just-before or just-after questions, first use temporal_neighbor(target_task, direction="before" or "after") if a candidate is not already shown. Prefer the returned Recommended answer when it is confident. Only then inspect adjacent sibling or temporal nodes. Avoid expanding to raw leaf observations unless the summary is insufficient.
Do not call vqa for time, date, task-list, before/after, or yes/no object-existence questions when textual summaries already answer the question. Use vqa only for explicit visual appearance questions such as color, visible state, or what something looks like.
Never output bare parameters such as reasoning="..." answer="...". Always call answer(reasoning="...", answer="...")."""

**HumanMessage**:
"""
def answer(reasoning: str = None, answer: str = Ellipsis)
def ask(question: str)
def date_lookup(query: str, max_matches: int = 8) -> str # For exact date/time or N-days-ago questions, list matching history summaries directly
def event_date_lookup(query: str, max_matches: int = 12) -> str # For "how many days ago did you X" questions, find all matching event dates directly
def now() -> datetime.datetime
def object_lookup(object_name: str, max_matches: int = 8) -> str # For object yes/no questions, check whether task summaries mention the object
def task_list(max_tasks: int = 30) -> str # For task-list questions, list task-sized history summaries in chronological order
def task_lookup(query: str, max_matches: int = 8) -> str # For task-description questions, list task-sized summaries matching a query
def temporal_neighbor(target_task: str, direction: str = 'before', max_candidates: int = 6) -> str # For just-before/just-after questions, find the target task and return adjacent task candidates
def vqa(question: str, *images: PIL.Image.Image)
"""

**HumanMessage**:
"""Usage examples:
>>> history.expand()  # Shows the history tree with all child nodes expanded
>>> history.expand(date(2021, 12, 20))  # Expand the children that overlap with the given day
>>> history.expand(now() - timedelta(hours=6), now() - timedelta(hours=4))  # Expand all children that overlap with the given range (in this example "about 5 hours ago")
>>> history.expand((now() - timedelta(days=2)).date())  # Expand all children that overlap with the day before yesterday
>>> history.expand(0)  # Shows child node 0
>>> history[0].expand()  # Expands all child nodes of node 0 (node 0 must be expanded already to see them)
>>> history[5][2].expand()  # Shows child node 2 of child node 5 with all its child nodes expanded
>>> history.search("green cup") # Semantic index search. Expands the most relevant children according to similarity of the natural language query and the node's (recursively defined) index content.
>>> history[1][42].search("bicycle") # Semantic index search on some node further down the tree. Expands the children of node 1.42 most relevant to the search term
>>> history[3].collapse_all_but(1); history[3][1].expand()  # Zooms into details of child node 3.1 while collapsing all other childs of node 3
>>> vqa("What color is the ... in this image?",
...     history[2][4][-1][0].image)  # Invoke a model to answer a visual question about image(s) of some leaf (!) node(s)

# After gathering the relevant information, answer the question:
# Optionally, provide a reasoning on why you choose the respective answer
>>> answer(reasoning="...", answer="...")"""

**HumanMessage**:
"""User question: List the tasks you performed."""

**AIMessage**:
"""task_list()"""

**HumanMessage**:
"""'Task list candidates in chronological order:\nUse these as evidence. If there are many candidates, do not copy every candidate verbatim; use the Recommended answer unless the user explicitly asks for an exhaustive transcript.\n1. 2024/09/19 14:11 - 14:17: I picked up a knife, sliced a tomato, and placed the sliced tomato pieces on the countertop.\n2. 2024/09/22 11:57 - 12:01: I started the task of watering a plant by finding and picking up a vase, which I then brought to the kitchen countertop.\n3. 2024/09/22 14:27 - 14:32: I began preparing a meal by organizing the workspace, retrieving lettuce, a tomato, and a knife from the fridge, and then slicing the vegetables and washing a plate.\n4. 2024/09/22 14:32:30 - 14:35:06: I retrieved a potato from the fridge, organized my workspace, and sliced the potato.\n5. 2024/09/22 14:35 - 14:41: I prepared to cook the potato slices by placing them in a pan and transferring them to the stove. After briefly moving them to a plate, I returned them to the pan and turned on the stove burner to cook them.\n6. 2024/09/22 14:41:42 - 14:43:23: Once the potato slices were cooked, I transferred them to the plate and added slices of tomato and lettuce to complete the dish.\n7. 2024/09/22 15:05:02 - 15:06:50: I received a task to clean a mug and prepare coffee. I picked up a dirty mug from the sink and placed it on the countertop.\n8. 2024/09/24 12:59 - 13:03: I searched for a knife, opening and closing several cabinets, eventually finding and picking up the knife from Cabinet_3.\n9. 2024/09/24 15:04 - 15:09: I prepared a plate, assembled the sandwich with the toasted bread and tomato slices, and made final adjustments to the presentation as requested.\n10. 2024/09/26 18:34 - 18:38: I opened the Safe, picked up the KeyChain from inside, and placed it on the floor. Then, I picked up Watch_0 from the Safe and placed it into Box_1, combining both watches.\n11. 2024/09/27 15:11:53 - 15:14:07: I picked up a knife as instructed and placed it on the countertop, receiving further instructions about a potato and pan.\n12. 2024/09/27 15:15:53 - 15:17:54: I picked up one of the potato slices, opened the microwave, and placed the slice inside.\n13. 2024/09/27 15:18:02 - 15:19:53: I picked up a second potato slice, placed it in the microwave, then picked up a third slice and placed it in the microwave before closing the microwave door.\n14. 2024/09/27 15:20:12 - 15:21:44: I retrieved all three cooked potato slices from the microwave, placing them on a plate and then on the countertop.\n15. 2024/09/27 19:02:24 - 19:04:10: I moved the toasted bread slices to the countertop and cleared some space on the counter.\n16. 2024/09/29 11:25 - 11:30: I retrieved a potato from the floor (after being guided by the user) and placed it into a pot.\n17. 2024/10/01 14:02:57 - 14:04:33: I received an instruction to cook a slice of potato. I picked up a potato, placed it in the microwave, cooked it, and then retrieved it.\n18. 2024/10/01 18:22:38 - 18:25:12: I opened the cabinet below the coffee maker to find a pan. I moved a pepper shaker out of the way, picked up the pan, and placed it on the countertop before closing the cabinet.\n19. 2024/10/01 18:26:15 - 18:27:49: After the potato slices were cooked, I went to the shelving unit to retrieve a clean bowl. I emptied the bowl into the sink and placed it on the countertop.\n20. 2024/10/03 12:39 - 12:44: I picked up a tomato as instructed by the user and placed it on the countertop.\n21. 2024/10/04 14:33 - 14:36: I was asked to get a clean mug from the fridge and make coffee. I opened the fridge, picked up a dirty mug, closed the fridge, placed the mug in the sink, picked up the soap bottle, placed it on the countertop, turned the faucet on and off...\n22. 2024/10/04 14:39:30 - 14:41:07: I was asked to slice a potato and cook one of the slices. I picked up a potato from the shelf, placed it on the countertop, picked up the knife, sliced the potato, and placed the knife back down.\n23. 2024/10/04 14:45:04 - 14:46:43: I began plating the sliced ingredients by picking up a sliced lettuce piece, placing it on the plate, then picking up a sliced tomato piece, and placing it on the plate.\n24. 2024/10/05 12:26 - 12:30: I picked up a mug from the sink basin, turned off the faucet, poured the contents of the mug into the sink, and placed the mug back into the sink basin.\n25. 2024/10/06 09:18:51 - 09:21:27: I received the task to boil a potato. I began by picking up a pot, clearing a space on the stove by moving a pan, and then placing the pot on the burner.\n26. 2024/10/07 14:02 - 14:06: I began preparing breakfast by making coffee and preparing the sandwich ingredients, which included slicing and toasting bread as well as slicing a tomato.\n27. 2024/10/10 15:20:56 - 15:23:02: I started by picking up a dirty plate and placing it on a chair, while receiving instructions to wash it.\n28. 2024/10/10 15:25:19 - 15:27:53: I opened the fridge to get bread and a knife, then sliced the bread on the countertop.\n29. 2024/10/10 15:27:57 - 15:29:57: I closed the fridge, picked up a slice of bread, toasted it, and placed the cooked toast onto the plate.\n30. 2024/10/10 15:31:30 - 15:33:22: I retrieved a tomato and a knife, sliced the tomato on the countertop, and set the knife down.\nRecommended answer: From 2024/09/19 to 2024/10/10, I performed 30 recorded task groups, including bread, toast, and sandwich preparation; potato cooking and slicing; salad, lettuce, and tomato preparation; coffee and drinkware tasks; dish, plate, bowl, and pan cleaning; plant watering.'"""

**HumanMessage**:
"""Current state:
2024/09/19 - 2024/10/11: "Over the past few weeks, I have consistently managed household tasks by preparing various meals, brewing coffee, and cleaning kitchenware. I also maintained the living space by organizing items like remotes and pillows, watering houseplants, and keeping the area tidy."  
  ..."""
{}
command: answer(reasoning="The user asked for a list of tasks I performed. I used the `task_list()` function, which provided a summary of my activities. I will use this summary as my answer, as it is a concise representation of the 30 tasks recorded.", answer="From 2024/09/19 to 2024/10/10, I performed 30 recorded task groups, including bread, toast, and sandwich preparation; potato cooking and slicing; salad, lettuce, and tomato preparation; coffee and drinkware tasks; dish, plate, bowl, and pan cleaning; plant watering.")
expected output: 


 ============================== 


eval answer(reasoning="The user asked for a list of tasks I performed. I used the `task_list()` function, which provided a summary of my activities. I will use this summary as my answer, as it is a concise representation of the 30 tasks recorded.", answer="From 2024/09/19 to 2024/10/10, I performed 30 recorded task groups, including bread, toast, and sandwich preparation; potato cooking and slicing; salad, lettuce, and tomato preparation; coffee and drinkware tasks; dish, plate, bowl, and pan cleaning; plant watering.")
Answering From 2024/09/19 to 2024/10/10, I performed 30 recorded task groups, including bread, toast, and sandwich preparation; potato cooking and slicing; salad, lettuce, and tomato preparation; coffee and drinkware tasks; dish, plate, bowl, and pan cleaning; plant watering.  with reason: The user asked for a list of tasks I performed. I used the `task_list()` function, which provided a summary of my activities. I will use this summary as my answer, as it is a concise representation of the 30 tasks recorded.
Tokens Used: 3938
	Prompt Tokens: 3393
	Completion Tokens: 545
Successful Requests: 1
Total Cost (USD): $0.0
Evaluating sample /home/user22303471/Project/Active-H-EMV/llm_emv/setup.py:226: FutureWarning: The `get_sentence_embedding_dimension` method has been renamed to `get_embedding_dimension`.
  filter_kwargs['_embedding_dim'] = embedding_model.get_sentence_embedding_dimension()
/home/user22303471/Project/Active-H-EMV/llm_emv/setup.py:183: FutureWarning: The `get_sentence_embedding_dimension` method has been renamed to `get_embedding_dimension`.
  result = torch.empty(len(texts), embedding_model.get_sentence_embedding_dimension(),
464fb2558d308797_4110-5f3063384d77aa71_0ac8-bfa7505b440eadde_750f-249afd96389c8ae6_c966-dcc90b08c376f4dc_74ab-ebd80a433c115116_b3d7-555c981b1ecc6c8a_7c01-32e631d248583662_5835-c02445dd7a5b6f26_be05-93af984d7981fdaa_6fc9-a690a35743c855aa_4c00-b87bd55d7820c86e_8d92-345624f0e74dc947_8525-49c94e2372ffae4f_3917-2b5a33d4908ee77d_20f6-7c76f284a689ed0a_dee3-22fa2e73c63bc50f_c1a7-6ccc8b815fbc093a_5cca-32813f06255beef5_0bd5-18f6da623ba658a2_aa07-e32e722334301fa7_892d-aae955889a0ba5fa_d123-35025f516f41aba5_ba52-4b813e7c9bc088d0_8155-61e8f5910474b00b_53e6-aa310077d368fbbc_0a82-c2ffd6a81bfe2613_f91c-41b067f2ce6f3fef_8ee6-fef7c3fc3990d2e8_e2e9-fb7d765ba6874372_db67-59d897f4009147d8_1d27-a451af83aeece675_117b-e455dbf27ecaf413_8484-dd2efe33087ddc60_cb3a-48f25d2481974dee_e871-9d1c053084e66e7b_dc9f-c4c12513ffbf7d33_9e16-a76099fbab67c9da_4d48-15fa5e0caaf6a06f_46f8-fc0fe94a4c8e3a29_9052-d62a957ecbfa6792_8217-0ae40b26ad1ead81_6240-c02445dd7a5b6f26_86bd-f82346f1b273c70a_aaf6-53472cf3cabeb021_b7f8-6e26385c641764c7_fe5a-e035a44ebae9d3fd_c842-7d0db28e7d18c776_c97a-dbb41344c474217f_2e3e-8f7791c488b51c98_fa79-0-seq_specific_shortened_low_actions
[配置] 启用 FAISS 加速，索引类型: flat
[GraphAug] 命中图缓存 (nodes=7003, edges=20226)
Got 0 examples


 ============================== 


eval task_lookup('put all pillow on any sofa')
Updated/Defined variables after execution: {}

**SystemMessage**:
"""You are a smart humanoid robot answering user question about your past actions.
The history object contains information on what you did in the past, represented as a tree.
Use the method expand to look at details of a node.
Make sure to use collapse_all_but(idx) when you expanded irrelevant nodes, in order to keep the tree compact.
Enter Python expressions into the console to see the value and decide for the next command based on that result.
Answer concisely by calling answer(reasoning="...", answer="...") when you gathered enough information to answer the question.
Generate syntactically correct python console statements only, no explanations or other natural language statements.
IMPORTANT: If search() returns "No relevant records found", your next command MUST be answer(reasoning="No relevant record was found.", answer="I have no record of that."). Do not search synonyms, do not expand further, and do not call vqa.
IMPORTANT: If you get "Nothing changed" twice, answer honestly that you have no record. Do NOT keep searching repeatedly. For just-before/just-after questions, first try one broader target search or inspect another relevant top-level time block before giving up.
For object yes/no questions, first use object_lookup("object name"). If it reports no matching summary, answer "No, I have no record of that." Do not call vqa unless you already have a directly relevant leaf image.
For task-list questions such as "List the tasks you performed", first use task_list(). Prefer its Recommended answer and chronological candidates instead of manually expanding the whole tree. For long histories, do not copy every task candidate verbatim unless the user explicitly asks for an exhaustive transcript.
For task-description questions such as "describe what you did when you X", first use task_lookup("X"). Prefer its matching task candidates instead of manually expanding the whole tree.
For exact date/time questions or "N days ago" questions asking what happened, first use date_lookup(question). Prefer its Recommended answer when it is confident instead of manually expanding by date.
For "How many days ago did you X?" or "When did you X?" questions, first use event_date_lookup(question). If it lists multiple days, include all of them in the final answer instead of only the most recent match.
For just-before or just-after questions, first use temporal_neighbor(target_task, direction="before" or "after") if a candidate is not already shown. Prefer the returned Recommended answer when it is confident. Only then inspect adjacent sibling or temporal nodes. Avoid expanding to raw leaf observations unless the summary is insufficient.
Do not call vqa for time, date, task-list, before/after, or yes/no object-existence questions when textual summaries already answer the question. Use vqa only for explicit visual appearance questions such as color, visible state, or what something looks like.
Never output bare parameters such as reasoning="..." answer="...". Always call answer(reasoning="...", answer="...")."""

**HumanMessage**:
"""
def answer(reasoning: str = None, answer: str = Ellipsis)
def ask(question: str)
def date_lookup(query: str, max_matches: int = 8) -> str # For exact date/time or N-days-ago questions, list matching history summaries directly
def event_date_lookup(query: str, max_matches: int = 12) -> str # For "how many days ago did you X" questions, find all matching event dates directly
def now() -> datetime.datetime
def object_lookup(object_name: str, max_matches: int = 8) -> str # For object yes/no questions, check whether task summaries mention the object
def task_list(max_tasks: int = 30) -> str # For task-list questions, list task-sized history summaries in chronological order
def task_lookup(query: str, max_matches: int = 8) -> str # For task-description questions, list task-sized summaries matching a query
def temporal_neighbor(target_task: str, direction: str = 'before', max_candidates: int = 6) -> str # For just-before/just-after questions, find the target task and return adjacent task candidates
def vqa(question: str, *images: PIL.Image.Image)
"""

**HumanMessage**:
"""Usage examples:
>>> history.expand()  # Shows the history tree with all child nodes expanded
>>> history.expand(date(2021, 12, 20))  # Expand the children that overlap with the given day
>>> history.expand(now() - timedelta(hours=6), now() - timedelta(hours=4))  # Expand all children that overlap with the given range (in this example "about 5 hours ago")
>>> history.expand((now() - timedelta(days=2)).date())  # Expand all children that overlap with the day before yesterday
>>> history.expand(0)  # Shows child node 0
>>> history[0].expand()  # Expands all child nodes of node 0 (node 0 must be expanded already to see them)
>>> history[5][2].expand()  # Shows child node 2 of child node 5 with all its child nodes expanded
>>> history.search("green cup") # Semantic index search. Expands the most relevant children according to similarity of the natural language query and the node's (recursively defined) index content.
>>> history[1][42].search("bicycle") # Semantic index search on some node further down the tree. Expands the children of node 1.42 most relevant to the search term
>>> history[3].collapse_all_but(1); history[3][1].expand()  # Zooms into details of child node 3.1 while collapsing all other childs of node 3
>>> vqa("What color is the ... in this image?",
...     history[2][4][-1][0].image)  # Invoke a model to answer a visual question about image(s) of some leaf (!) node(s)

# After gathering the relevant information, answer the question:
# Optionally, provide a reasoning on why you choose the respective answer
>>> answer(reasoning="...", answer="...")"""

**HumanMessage**:
"""User question: describe what you did when you put all pillow on any sofa."""

**AIMessage**:
"""task_lookup('put all pillow on any sofa')"""

**HumanMessage**:
/home/user22303471/Project/Active-H-EMV/llm_emv/setup.py:226: FutureWarning: The `get_sentence_embedding_dimension` method has been renamed to `get_embedding_dimension`.
  filter_kwargs['_embedding_dim'] = embedding_model.get_sentence_embedding_dimension()
/home/user22303471/Project/Active-H-EMV/llm_emv/setup.py:183: FutureWarning: The `get_sentence_embedding_dimension` method has been renamed to `get_embedding_dimension`.
  result = torch.empty(len(texts), embedding_model.get_sentence_embedding_dimension(),
""""Task lookup candidates for query='put all pillow on any sofa':\n1. score=0.82; 2024/10/09 13:50:54 - 13:53:10: I collected two pillows from the side table and cabinet, placed them on the sofa, and confirmed with the user that the task was complete.\n2. score=0.75; 2024/09/27 18:06:23 - 18:08:44: I began the task of collecting all tissue boxes by searching through armchairs, cabinets, and drawers. I initially placed the found tissue boxes on a dresser.\n3. score=0.75; 2024/09/27 18:06 - 18:09: I collected all tissue boxes from various locations like armchairs and drawers and placed them on a side table as requested by the user.\n4. score=0.65; 2024/09/26 18:27 - 18:39: Following the instruction to consolidate watches, I placed Watch_1 from the side table and Watch_0 from the safe into Box_1. During this process, I organized the boxes by moving them between the floor, armchair, and sofa, and I set aside a...\n5. score=0.60; 2024/09/26 18:34 - 18:38: I opened the Safe, picked up the KeyChain from inside, and placed it on the floor. Then, I picked up Watch_0 from the Safe and placed it into Box_1, combining both watches.\n6. score=0.59; 2024/09/26 18:30 - 18:34: I moved Box_1 to the ArmChair, then located and picked up Box_0 from the floor, also placing it on the ArmChair. I then picked up Box_1 and placed it back on the ArmChair.\n7. score=0.59; 2024/09/30 15:34:47 - 15:37:02: I opened the safe, picked up a remote control, and placed it on the armchair.\n8. score=0.59; 2024/09/30 15:34 - 15:37: As instructed by the user, I opened the safe, picked up two remote controls, and placed them on the armchair.\nRecommended answer: I collected two pillows from the side table and cabinet, placed them on the sofa, and confirmed with the user that the t...; I began the task of collecting all tissue boxes by searching through armchairs, cabinets, and drawers. I initially place...; I collected all tissue boxes from various locations like armchairs and drawers and placed them on a side table as reques...; Following the instruction to consolidate watches, I placed Watch_1 from the side table and Watch_0 from the safe into Bo...; I opened the Safe, picked up the KeyChain from inside, and placed it on the floor. Then, I picked up Watch_0 from the Sa...""""

**HumanMessage**:
"""Current state:
2024/09/19 - 2024/10/11: "Over the past few weeks, I have consistently managed household tasks by preparing various meals, brewing coffee, and cleaning kitchenware. I also maintained the living space by organizing items like remotes and pillows, watering houseplants, and keeping the area tidy."  
  ..."""
{}
command: answer(reasoning="The task lookup directly provided a relevant summary of collecting pillows and placing them on the sofa.", answer="I collected two pillows from the side table and cabinet, placed them on the sofa, and confirmed with the user that the task was complete.")
expected output: 


 ============================== 


eval answer(reasoning="The task lookup directly provided a relevant summary of collecting pillows and placing them on the sofa.", answer="I collected two pillows from the side table and cabinet, placed them on the sofa, and confirmed with the user that the task was complete.")
Answering I collected two pillows from the side table and cabinet, placed them on the sofa, and confirmed with the user that the task was complete.  with reason: The task lookup directly provided a relevant summary of collecting pillows and placing them on the sofa.
Tokens Used: 2327
	Prompt Tokens: 2179
	Completion Tokens: 148
Successful Requests: 1
Total Cost (USD): $0.0
Evaluating sample 464fb2558d308797_4110-5f3063384d77aa71_0ac8-bfa7505b440eadde_750f-249afd96389c8ae6_c966-dcc90b08c376f4dc_74ab-ebd80a433c115116_b3d7-555c981b1ecc6c8a_7c01-32e631d248583662_5835-c02445dd7a5b6f26_be05-93af984d7981fdaa_6fc9-a690a35743c855aa_4c00-b87bd55d7820c86e_8d92-345624f0e74dc947_8525-49c94e2372ffae4f_3917-2b5a33d4908ee77d_20f6-7c76f284a689ed0a_dee3-22fa2e73c63bc50f_c1a7-6ccc8b815fbc093a_5cca-32813f06255beef5_0bd5-18f6da623ba658a2_aa07-e32e722334301fa7_892d-aae955889a0ba5fa_d123-35025f516f41aba5_ba52-4b813e7c9bc088d0_8155-61e8f5910474b00b_53e6-aa310077d368fbbc_0a82-c2ffd6a81bfe2613_f91c-41b067f2ce6f3fef_8ee6-fef7c3fc3990d2e8_e2e9-fb7d765ba6874372_db67-59d897f4009147d8_1d27-a451af83aeece675_117b-e455dbf27ecaf413_8484-dd2efe33087ddc60_cb3a-48f25d2481974dee_e871-9d1c053084e66e7b_dc9f-c4c12513ffbf7d33_9e16-a76099fbab67c9da_4d48-15fa5e0caaf6a06f_46f8-fc0fe94a4c8e3a29_9052-d62a957ecbfa6792_8217-0ae40b26ad1ead81_6240-c02445dd7a5b6f26_86bd-f82346f1b273c70a_aaf6-53472cf3cabeb021_b7f8-6e26385c641764c7_fe5a-e035a44ebae9d3fd_c842-7d0db28e7d18c776_c97a-dbb41344c474217f_2e3e-8f7791c488b51c98_fa79-0-seq_right_after_questions
[配置] 启用 FAISS 加速，索引类型: flat
[GraphAug] 命中图缓存 (nodes=7003, edges=20226)
Got 0 examples


 ============================== 


eval temporal_neighbor('cook 1 slice(s) of potato and serve in a bowl', direction='after')
Updated/Defined variables after execution: {}

**SystemMessage**:
"""You are a smart humanoid robot answering user question about your past actions.
The history object contains information on what you did in the past, represented as a tree.
Use the method expand to look at details of a node.
Make sure to use collapse_all_but(idx) when you expanded irrelevant nodes, in order to keep the tree compact.
Enter Python expressions into the console to see the value and decide for the next command based on that result.
Answer concisely by calling answer(reasoning="...", answer="...") when you gathered enough information to answer the question.
Generate syntactically correct python console statements only, no explanations or other natural language statements.
IMPORTANT: If search() returns "No relevant records found", your next command MUST be answer(reasoning="No relevant record was found.", answer="I have no record of that."). Do not search synonyms, do not expand further, and do not call vqa.
IMPORTANT: If you get "Nothing changed" twice, answer honestly that you have no record. Do NOT keep searching repeatedly. For just-before/just-after questions, first try one broader target search or inspect another relevant top-level time block before giving up.
For object yes/no questions, first use object_lookup("object name"). If it reports no matching summary, answer "No, I have no record of that." Do not call vqa unless you already have a directly relevant leaf image.
For task-list questions such as "List the tasks you performed", first use task_list(). Prefer its Recommended answer and chronological candidates instead of manually expanding the whole tree. For long histories, do not copy every task candidate verbatim unless the user explicitly asks for an exhaustive transcript.
For task-description questions such as "describe what you did when you X", first use task_lookup("X"). Prefer its matching task candidates instead of manually expanding the whole tree.
For exact date/time questions or "N days ago" questions asking what happened, first use date_lookup(question). Prefer its Recommended answer when it is confident instead of manually expanding by date.
For "How many days ago did you X?" or "When did you X?" questions, first use event_date_lookup(question). If it lists multiple days, include all of them in the final answer instead of only the most recent match.
For just-before or just-after questions, first use temporal_neighbor(target_task, direction="before" or "after") if a candidate is not already shown. Prefer the returned Recommended answer when it is confident. Only then inspect adjacent sibling or temporal nodes. Avoid expanding to raw leaf observations unless the summary is insufficient.
Do not call vqa for time, date, task-list, before/after, or yes/no object-existence questions when textual summaries already answer the question. Use vqa only for explicit visual appearance questions such as color, visible state, or what something looks like.
Never output bare parameters such as reasoning="..." answer="...". Always call answer(reasoning="...", answer="...")."""

**HumanMessage**:
/home/user22303471/Project/Active-H-EMV/llm_emv/setup.py:226: FutureWarning: The `get_sentence_embedding_dimension` method has been renamed to `get_embedding_dimension`.
  filter_kwargs['_embedding_dim'] = embedding_model.get_sentence_embedding_dimension()
/home/user22303471/Project/Active-H-EMV/llm_emv/setup.py:183: FutureWarning: The `get_sentence_embedding_dimension` method has been renamed to `get_embedding_dimension`.
  result = torch.empty(len(texts), embedding_model.get_sentence_embedding_dimension(),
"""
def answer(reasoning: str = None, answer: str = Ellipsis)
def ask(question: str)
def date_lookup(query: str, max_matches: int = 8) -> str # For exact date/time or N-days-ago questions, list matching history summaries directly
def event_date_lookup(query: str, max_matches: int = 12) -> str # For "how many days ago did you X" questions, find all matching event dates directly
def now() -> datetime.datetime
def object_lookup(object_name: str, max_matches: int = 8) -> str # For object yes/no questions, check whether task summaries mention the object
def task_list(max_tasks: int = 30) -> str # For task-list questions, list task-sized history summaries in chronological order
def task_lookup(query: str, max_matches: int = 8) -> str # For task-description questions, list task-sized summaries matching a query
def temporal_neighbor(target_task: str, direction: str = 'before', max_candidates: int = 6) -> str # For just-before/just-after questions, find the target task and return adjacent task candidates
def vqa(question: str, *images: PIL.Image.Image)
"""

**HumanMessage**:
"""Usage examples:
>>> history.expand()  # Shows the history tree with all child nodes expanded
>>> history.expand(date(2021, 12, 20))  # Expand the children that overlap with the given day
>>> history.expand(now() - timedelta(hours=6), now() - timedelta(hours=4))  # Expand all children that overlap with the given range (in this example "about 5 hours ago")
>>> history.expand((now() - timedelta(days=2)).date())  # Expand all children that overlap with the day before yesterday
>>> history.expand(0)  # Shows child node 0
>>> history[0].expand()  # Expands all child nodes of node 0 (node 0 must be expanded already to see them)
>>> history[5][2].expand()  # Shows child node 2 of child node 5 with all its child nodes expanded
>>> history.search("green cup") # Semantic index search. Expands the most relevant children according to similarity of the natural language query and the node's (recursively defined) index content.
>>> history[1][42].search("bicycle") # Semantic index search on some node further down the tree. Expands the children of node 1.42 most relevant to the search term
>>> history[3].collapse_all_but(1); history[3][1].expand()  # Zooms into details of child node 3.1 while collapsing all other childs of node 3
>>> vqa("What color is the ... in this image?",
...     history[2][4][-1][0].image)  # Invoke a model to answer a visual question about image(s) of some leaf (!) node(s)

# After gathering the relevant information, answer the question:
# Optionally, provide a reasoning on why you choose the respective answer
>>> answer(reasoning="...", answer="...")"""

**HumanMessage**:
"""User question: What task did you do just after cook 1 slice(s) of potato and serve in a bowl?"""

**AIMessage**:
"""temporal_neighbor('cook 1 slice(s) of potato and serve in a bowl', direction='after')"""

**HumanMessage**:
""""Temporal neighbor candidates for target='cook 1 slice(s) of potato and serve in a bowl', direction='after':\n1. score=0.79; target=2024/09/27 15:22:58 - 15:23:15: I picked up the cooked potato slices one by one and placed them into the bowl, as instructed.; after=2024/09/27 15:23:17 - 15:23:18: I attempted to place an item, but the action failed, and the user indicated the task was finished.\n2. score=0.71; target=2024/10/01 18:26:15 - 18:27:49: After the potato slices were cooked, I went to the shelving unit to retrieve a clean bowl. I emptied the bowl into the sink and placed it on the countertop.; after=2024/10/02 08:31:18 - 08:33:13: I cleared several items, including a dish sponge, cellphone, salt shaker, and potato, from the sink basin and placed them on the countertop.\n3. score=0.70; target=2024/10/01 18:27:52 - 18:28:38: I placed the three cooked potato slices into the clean bowl. The user then confirmed the task was completed successfully.; after=2024/10/02 08:31:18 - 08:33:13: I cleared several items, including a dish sponge, cellphone, salt shaker, and potato, from the sink basin and placed them on the countertop.\n4. score=0.63; target=2024/09/27 15:21:50 - 15:23:18: I located a bowl in a cabinet and placed it on the countertop. I then transferred all the cooked potato slices into the bowl, completing the task as instructed, despite a final fai...; after=2024/09/27 18:06:23 - 18:07:19: I was tasked with placing all tissue boxes on the side table with the lamp. I picked up the first tissue box from the armchair and placed it on the dresser.\n5. score=0.62; target=2024/10/01 18:26:15 - 18:28:38: After the potato slices were cooked, I retrieved a clean bowl, emptied it, and then placed the cooked potato slices into the bowl. The task was confirmed as completed.; after=2024/10/02 08:31:18 - 08:33:13: I cleared several items, including a dish sponge, cellphone, salt shaker, and potato, from the sink basin and placed them on the countertop.\n6. score=0.44; target=2024/10/01 08:58 - 18:28: On October 1, I cleaned a dirty pot in the morning, and prepared cooked potato slices on a plate and in a bowl during the afternoon and evening.; after=2024/10/02 08:31 - 08:44: On October 2, I prepared a lettuce sandwich on a cleaned plate.\nRecommended answer: I attempted to place an item, but the action failed, and the user indicated the task was finished.""""

**HumanMessage**:
"""Current state:
2024/09/19 - 2024/10/11: "Over the past few weeks, I have consistently managed household tasks by preparing various meals, brewing coffee, and cleaning kitchenware. I also maintained the living space by organizing items like remotes and pillows, watering houseplants, and keeping the area tidy."  
  ..."""
{}
command: answer(reasoning="The `temporal_neighbor` function identified the task immediately following 'cook 1 slice(s) of potato and serve in a bowl'.", answer="I attempted to place an item, but the action failed, and the user indicated the task was finished.")
expected output: 


 ============================== 


eval answer(reasoning="The `temporal_neighbor` function identified the task immediately following 'cook 1 slice(s) of potato and serve in a bowl'.", answer="I attempted to place an item, but the action failed, and the user indicated the task was finished.")
Answering I attempted to place an item, but the action failed, and the user indicated the task was finished.  with reason: The `temporal_neighbor` function identified the task immediately following 'cook 1 slice(s) of potato and serve in a bowl'.
Tokens Used: 2428
	Prompt Tokens: 2296
	Completion Tokens: 132
Successful Requests: 1
Total Cost (USD): $0.0
Evaluating sample 464fb2558d308797_4110-5f3063384d77aa71_0ac8-bfa7505b440eadde_750f-249afd96389c8ae6_c966-dcc90b08c376f4dc_74ab-ebd80a433c115116_b3d7-555c981b1ecc6c8a_7c01-32e631d248583662_5835-c02445dd7a5b6f26_be05-93af984d7981fdaa_6fc9-a690a35743c855aa_4c00-b87bd55d7820c86e_8d92-345624f0e74dc947_8525-49c94e2372ffae4f_3917-2b5a33d4908ee77d_20f6-7c76f284a689ed0a_dee3-22fa2e73c63bc50f_c1a7-6ccc8b815fbc093a_5cca-32813f06255beef5_0bd5-18f6da623ba658a2_aa07-e32e722334301fa7_892d-aae955889a0ba5fa_d123-35025f516f41aba5_ba52-4b813e7c9bc088d0_8155-61e8f5910474b00b_53e6-aa310077d368fbbc_0a82-c2ffd6a81bfe2613_f91c-41b067f2ce6f3fef_8ee6-fef7c3fc3990d2e8_e2e9-fb7d765ba6874372_db67-59d897f4009147d8_1d27-a451af83aeece675_117b-e455dbf27ecaf413_8484-dd2efe33087ddc60_cb3a-48f25d2481974dee_e871-9d1c053084e66e7b_dc9f-c4c12513ffbf7d33_9e16-a76099fbab67c9da_4d48-15fa5e0caaf6a06f_46f8-fc0fe94a4c8e3a29_9052-d62a957ecbfa6792_8217-0ae40b26ad1ead81_6240-c02445dd7a5b6f26_86bd-f82346f1b273c70a_aaf6-53472cf3cabeb021_b7f8-6e26385c641764c7_fe5a-e035a44ebae9d3fd_c842-7d0db28e7d18c776_c97a-dbb41344c474217f_2e3e-8f7791c488b51c98_fa79-0-seq_right_before_questions
[配置] 启用 FAISS 加速，索引类型: flat
[GraphAug] 命中图缓存 (nodes=7003, edges=20226)
Got 0 examples


 ============================== 


eval temporal_neighbor('clean all the pots', direction='before')
Updated/Defined variables after execution: {}

**SystemMessage**:
"""You are a smart humanoid robot answering user question about your past actions.
The history object contains information on what you did in the past, represented as a tree.
Use the method expand to look at details of a node.
Make sure to use collapse_all_but(idx) when you expanded irrelevant nodes, in order to keep the tree compact.
Enter Python expressions into the console to see the value and decide for the next command based on that result.
Answer concisely by calling answer(reasoning="...", answer="...") when you gathered enough information to answer the question.
Generate syntactically correct python console statements only, no explanations or other natural language statements.
IMPORTANT: If search() returns "No relevant records found", your next command MUST be answer(reasoning="No relevant record was found.", answer="I have no record of that."). Do not search synonyms, do not expand further, and do not call vqa.
IMPORTANT: If you get "Nothing changed" twice, answer honestly that you have no record. Do NOT keep searching repeatedly. For just-before/just-after questions, first try one broader target search or inspect another relevant top-level time block before giving up.
For object yes/no questions, first use object_lookup("object name"). If it reports no matching summary, answer "No, I have no record of that." Do not call vqa unless you already have a directly relevant leaf image.
For task-list questions such as "List the tasks you performed", first use task_list(). Prefer its Recommended answer and chronological candidates instead of manually expanding the whole tree. For long histories, do not copy every task candidate verbatim unless the user explicitly asks for an exhaustive transcript.
For task-description questions such as "describe what you did when you X", first use task_lookup("X"). Prefer its matching task candidates instead of manually expanding the whole tree.
For exact date/time questions or "N days ago" questions asking what happened, first use date_lookup(question). Prefer its Recommended answer when it is confident instead of manually expanding by date.
For "How many days ago did you X?" or "When did you X?" questions, first use event_date_lookup(question). If it lists multiple days, include all of them in the final answer instead of only the most recent match.
For just-before or just-after questions, first use temporal_neighbor(target_task, direction="before" or "after") if a candidate is not already shown. Prefer the returned Recommended answer when it is confident. Only then inspect adjacent sibling or temporal nodes. Avoid expanding to raw leaf observations unless the summary is insufficient.
Do not call vqa for time, date, task-list, before/after, or yes/no object-existence questions when textual summaries already answer the question. Use vqa only for explicit visual appearance questions such as color, visible state, or what something looks like.
Never output bare parameters such as reasoning="..." answer="...". Always call answer(reasoning="...", answer="...")."""

**HumanMessage**:
"""
def answer(reasoning: str = None, answer: str = Ellipsis)
def ask(question: str)
def date_lookup(query: str, max_matches: int = 8) -> str # For exact date/time or N-days-ago questions, list matching history summaries directly
def event_date_lookup(query: str, max_matches: int = 12) -> str # For "how many days ago did you X" questions, find all matching event dates directly
def now() -> datetime.datetime
def object_lookup(object_name: str, max_matches: int = 8) -> str # For object yes/no questions, check whether task summaries mention the object
def task_list(max_tasks: int = 30) -> str # For task-list questions, list task-sized history summaries in chronological order
def task_lookup(query: str, max_matches: int = 8) -> str # For task-description questions, list task-sized summaries matching a query
def temporal_neighbor(target_task: str, direction: str = 'before', max_candidates: int = 6) -> str # For just-before/just-after questions, find the target task and return adjacent task candidates
def vqa(question: str, *images: PIL.Image.Image)
"""

**HumanMessage**:
"""Usage examples:
>>> history.expand()  # Shows the history tree with all child nodes expanded
>>> history.expand(date(2021, 12, 20))  # Expand the children that overlap with the given day
>>> history.expand(now() - timedelta(hours=6), now() - timedelta(hours=4))  # Expand all children that overlap with the given range (in this example "about 5 hours ago")
>>> history.expand((now() - timedelta(days=2)).date())  # Expand all children that overlap with the day before yesterday
>>> history.expand(0)  # Shows child node 0
>>> history[0].expand()  # Expands all child nodes of node 0 (node 0 must be expanded already to see them)
>>> history[5][2].expand()  # Shows child node 2 of child node 5 with all its child nodes expanded
>>> history.search("green cup") # Semantic index search. Expands the most relevant children according to similarity of the natural language query and the node's (recursively defined) index content.
>>> history[1][42].search("bicycle") # Semantic index search on some node further down the tree. Expands the children of node 1.42 most relevant to the search term
>>> history[3].collapse_all_but(1); history[3][1].expand()  # Zooms into details of child node 3.1 while collapsing all other childs of node 3
>>> vqa("What color is the ... in this image?",
...     history[2][4][-1][0].image)  # Invoke a model to answer a visual question about image(s) of some leaf (!) node(s)

# After gathering the relevant information, answer the question:
# Optionally, provide a reasoning on why you choose the respective answer
>>> answer(reasoning="...", answer="...")"""

**HumanMessage**:
"""User question: What task did you do just before clean all the pots?"""

**AIMessage**:
"""temporal_neighbor('clean all the pots', direction='before')"""

**HumanMessage**:
""""Temporal neighbor candidates for target='clean all the pots', direction='before':\n1. score=0.77; target=2024/10/01 08:58 - 09:01: I was instructed to clean a dirty pot. I picked up the pot, which was next to the stove, and placed it on the countertop.; before=2024/09/30 17:38:26 - 17:38:26: I attempted to open a cabinet (Cabinet_3) but there is no further action recorded for this cabinet, suggesting it might have been empty or the task was interrupted.\n2. score=0.76; target=2024/10/01 08:58 - 09:02: I was instructed to clean a dirty pot. I started by moving the pot from the stove to the countertop. Then, I cleared items from the sink basin, placed the pot in the sink, filled i...; before=2024/09/30 17:38:26 - 17:38:26: I attempted to open a cabinet (Cabinet_3) but there is no further action recorded for this cabinet, suggesting it might have been empty or the task was interrupted.\n3. score=0.69; target=2024/10/01 08:58 - 18:28: On October 1, I cleaned a dirty pot in the morning, and prepared cooked potato slices on a plate and in a bowl during the afternoon and evening.; before=2024/09/30 09:16 - 17:38: On September 30, I moved a newspaper to the dresser and organized remote controls onto an armchair and a dresser in two separate sessions.\n4. score=0.69; target=2024/10/04 10:04 - 10:08: I cleaned the dirty mug in the sink. I had to move some items (CreditCard, Knife, Pot) out of the way, then I filled the mug with water and rinsed it.; before=2024/10/04 10:00 - 10:04: The user wanted to make a cup of coffee. I searched the fridge, found a dirty mug, and picked it up.\nRecommended answer: I attempted to open a cabinet (Cabinet_3) but there is no further action recorded for this cabinet, suggesting it might have been empty or the task was interrupted.""""

**HumanMessage**:
"""Current state:
2024/09/19 - 2024/10/11: "Over the past few weeks, I have consistently managed household tasks by preparing various meals, brewing coffee, and cleaning kitchenware. I also maintained the living space by organizing items like remotes and pillows, watering houseplants, and keeping the area tidy."  
  ..."""
{}
command: /home/user22303471/Project/Active-H-EMV/llm_emv/setup.py:226: FutureWarning: The `get_sentence_embedding_dimension` method has been renamed to `get_embedding_dimension`.
  filter_kwargs['_embedding_dim'] = embedding_model.get_sentence_embedding_dimension()
answer(reasoning="The temporal_neighbor function identified that just before I cleaned a pot, I was attempting to open a cabinet.", answer="Just before cleaning the pot, I attempted to open a cabinet.")
expected output: 


 ============================== 


eval answer(reasoning="The temporal_neighbor function identified that just before I cleaned a pot, I was attempting to open a cabinet.", answer="Just before cleaning the pot, I attempted to open a cabinet.")
Answering Just before cleaning the pot, I attempted to open a cabinet.  with reason: The temporal_neighbor function identified that just before I cleaned a pot, I was attempting to open a cabinet.
Tokens Used: 2512
	Prompt Tokens: 2043
	Completion Tokens: 469
Successful Requests: 1
Total Cost (USD): $0.0
Evaluating sample 464fb2558d308797_4110-5f3063384d77aa71_0ac8-bfa7505b440eadde_750f-249afd96389c8ae6_c966-dcc90b08c376f4dc_74ab-ebd80a433c115116_b3d7-555c981b1ecc6c8a_7c01-32e631d248583662_5835-c02445dd7a5b6f26_be05-93af984d7981fdaa_6fc9-a690a35743c855aa_4c00-b87bd55d7820c86e_8d92-345624f0e74dc947_8525-49c94e2372ffae4f_3917-2b5a33d4908ee77d_20f6-7c76f284a689ed0a_dee3-22fa2e73c63bc50f_c1a7-6ccc8b815fbc093a_5cca-32813f06255beef5_0bd5-18f6da623ba658a2_aa07-e32e722334301fa7_892d-aae955889a0ba5fa_d123-35025f516f41aba5_ba52-4b813e7c9bc088d0_8155-61e8f5910474b00b_53e6-aa310077d368fbbc_0a82-c2ffd6a81bfe2613_f91c-41b067f2ce6f3fef_8ee6-fef7c3fc3990d2e8_e2e9-fb7d765ba6874372_db67-59d897f4009147d8_1d27-a451af83aeece675_117b-e455dbf27ecaf413_8484-dd2efe33087ddc60_cb3a-48f25d2481974dee_e871-9d1c053084e66e7b_dc9f-c4c12513ffbf7d33_9e16-a76099fbab67c9da_4d48-15fa5e0caaf6a06f_46f8-fc0fe94a4c8e3a29_9052-d62a957ecbfa6792_8217-0ae40b26ad1ead81_6240-c02445dd7a5b6f26_86bd-f82346f1b273c70a_aaf6-53472cf3cabeb021_b7f8-6e26385c641764c7_fe5a-e035a44ebae9d3fd_c842-7d0db28e7d18c776_c97a-dbb41344c474217f_2e3e-8f7791c488b51c98_fa79-0-seq_simple_object_yes_no
[配置] 启用 FAISS 加速，索引类型: flat
[GraphAug] 命中图缓存 (nodes=7003, edges=20226)
Got 0 examples


 ============================== 


eval object_lookup('desk')
Updated/Defined variables after execution: {}

**SystemMessage**:
"""You are a smart humanoid robot answering user question about your past actions.
The history object contains information on what you did in the past, represented as a tree.
Use the method expand to look at details of a node.
Make sure to use collapse_all_but(idx) when you expanded irrelevant nodes, in order to keep the tree compact.
Enter Python expressions into the console to see the value and decide for the next command based on that result.
Answer concisely by calling answer(reasoning="...", answer="...") when you gathered enough information to answer the question.
Generate syntactically correct python console statements only, no explanations or other natural language statements.
IMPORTANT: If search() returns "No relevant records found", your next command MUST be answer(reasoning="No relevant record was found.", answer="I have no record of that."). Do not search synonyms, do not expand further, and do not call vqa.
IMPORTANT: If you get "Nothing changed" twice, answer honestly that you have no record. Do NOT keep searching repeatedly. For just-before/just-after questions, first try one broader target search or inspect another relevant top-level time block before giving up.
For object yes/no questions, first use object_lookup("object name"). If it reports no matching summary, answer "No, I have no record of that." Do not call vqa unless you already have a directly relevant leaf image.
For task-list questions such as "List the tasks you performed", first use task_list(). Prefer its Recommended answer and chronological candidates instead of manually expanding the whole tree. For long histories, do not copy every task candidate verbatim unless the user explicitly asks for an exhaustive transcript.
For task-description questions such as "describe what you did when you X", first use task_lookup("X"). Prefer its matching task candidates instead of manually expanding the whole tree.
For exact date/time questions or "N days ago" questions asking what happened, first use date_lookup(question). Prefer its Recommended answer when it is confident instead of manually expanding by date.
For "How many days ago did you X?" or "When did you X?" questions, first use event_date_lookup(question). If it lists multiple days, include all of them in the final answer instead of only the most recent match.
For just-before or just-after questions, first use temporal_neighbor(target_task, direction="before" or "after") if a candidate is not already shown. Prefer the returned Recommended answer when it is confident. Only then inspect adjacent sibling or temporal nodes. Avoid expanding to raw leaf observations unless the summary is insufficient.
Do not call vqa for time, date, task-list, before/after, or yes/no object-existence questions when textual summaries already answer the question. Use vqa only for explicit visual appearance questions such as color, visible state, or what something looks like.
Never output bare parameters such as reasoning="..." answer="...". Always call answer(reasoning="...", answer="...")."""

**HumanMessage**:
"""
def answer(reasoning: str = None, answer: str = Ellipsis)
def ask(question: str)
def date_lookup(query: str, max_matches: int = 8) -> str # For exact date/time or N-days-ago questions, list matching history summaries directly
def event_date_lookup(query: str, max_matches: int = 12) -> str # For "how many days ago did you X" questions, find all matching event dates directly
def now() -> datetime.datetime
def object_lookup(object_name: str, max_matches: int = 8) -> str # For object yes/no questions, check whether task summaries mention the object
def task_list(max_tasks: int = 30) -> str # For task-list questions, list task-sized history summaries in chronological order
def task_lookup(query: str, max_matches: int = 8) -> str # For task-description questions, list task-sized summaries matching a query
def temporal_neighbor(target_task: str, direction: str = 'before', max_candidates: int = 6) -> str # For just-before/just-after questions, find the target task and return adjacent task candidates
def vqa(question: str, *images: PIL.Image.Image)
"""

**HumanMessage**:
"""Usage examples:
>>> history.expand()  # Shows the history tree with all child nodes expanded
>>> history.expand(date(2021, 12, 20))  # Expand the children that overlap with the given day
>>> history.expand(now() - timedelta(hours=6), now() - timedelta(hours=4))  # Expand all children that overlap with the given range (in this example "about 5 hours ago")
>>> history.expand((now() - timedelta(days=2)).date())  # Expand all children that overlap with the day before yesterday
>>> history.expand(0)  # Shows child node 0
>>> history[0].expand()  # Expands all child nodes of node 0 (node 0 must be expanded already to see them)
>>> history[5][2].expand()  # Shows child node 2 of child node 5 with all its child nodes expanded
>>> history.search("green cup") # Semantic index search. Expands the most relevant children according to similarity of the natural language query and the node's (recursively defined) index content.
>>> history[1][42].search("bicycle") # Semantic index search on some node further down the tree. Expands the children of node 1.42 most relevant to the search term
>>> history[3].collapse_all_but(1); history[3][1].expand()  # Zooms into details of child node 3.1 while collapsing all other childs of node 3
>>> vqa("What color is the ... in this image?",
...     history[2][4][-1][0].image)  # Invoke a model to answer a visual question about image(s) of some leaf (!) node(s)

# After gathering the relevant information, answer the question:
# Optionally, provide a reasoning on why you choose the respective answer
>>> answer(reasoning="...", answer="...")"""

**HumanMessage**:
"""User question: Was there a desk ?"""

**AIMessage**:
"""object_lookup('desk')"""

**HumanMessage**:
""""Object lookup for object='desk':\nNo task-sized summaries mention this object.\nRecommended answer: No, I have no record of that.""""

**HumanMessage**:
/home/user22303471/Project/Active-H-EMV/llm_emv/setup.py:226: FutureWarning: The `get_sentence_embedding_dimension` method has been renamed to `get_embedding_dimension`.
  filter_kwargs['_embedding_dim'] = embedding_model.get_sentence_embedding_dimension()
/home/user22303471/Project/Active-H-EMV/llm_emv/setup.py:183: FutureWarning: The `get_sentence_embedding_dimension` method has been renamed to `get_embedding_dimension`.
  result = torch.empty(len(texts), embedding_model.get_sentence_embedding_dimension(),
"""Current state:
2024/09/19 - 2024/10/11: "Over the past few weeks, I have consistently managed household tasks by preparing various meals, brewing coffee, and cleaning kitchenware. I also maintained the living space by organizing items like remotes and pillows, watering houseplants, and keeping the area tidy."  
  ..."""
{}
command: answer(reasoning="I used object_lookup('desk') to check my records for any mention of a desk. The tool reported that no task-sized summaries mention this object.", answer="No, I have no record of that.")
expected output: 


 ============================== 


eval answer(reasoning="I used object_lookup('desk') to check my records for any mention of a desk. The tool reported that no task-sized summaries mention this object.", answer="No, I have no record of that.")
Answering No, I have no record of that.  with reason: I used object_lookup('desk') to check my records for any mention of a desk. The tool reported that no task-sized summaries mention this object.
Tokens Used: 1787
	Prompt Tokens: 1476
	Completion Tokens: 311
Successful Requests: 1
Total Cost (USD): $0.0
Evaluating sample 464fb2558d308797_4110-5f3063384d77aa71_0ac8-bfa7505b440eadde_750f-249afd96389c8ae6_c966-dcc90b08c376f4dc_74ab-ebd80a433c115116_b3d7-555c981b1ecc6c8a_7c01-32e631d248583662_5835-c02445dd7a5b6f26_be05-93af984d7981fdaa_6fc9-a690a35743c855aa_4c00-b87bd55d7820c86e_8d92-345624f0e74dc947_8525-49c94e2372ffae4f_3917-2b5a33d4908ee77d_20f6-7c76f284a689ed0a_dee3-22fa2e73c63bc50f_c1a7-6ccc8b815fbc093a_5cca-32813f06255beef5_0bd5-18f6da623ba658a2_aa07-e32e722334301fa7_892d-aae955889a0ba5fa_d123-35025f516f41aba5_ba52-4b813e7c9bc088d0_8155-61e8f5910474b00b_53e6-aa310077d368fbbc_0a82-c2ffd6a81bfe2613_f91c-41b067f2ce6f3fef_8ee6-fef7c3fc3990d2e8_e2e9-fb7d765ba6874372_db67-59d897f4009147d8_1d27-a451af83aeece675_117b-e455dbf27ecaf413_8484-dd2efe33087ddc60_cb3a-48f25d2481974dee_e871-9d1c053084e66e7b_dc9f-c4c12513ffbf7d33_9e16-a76099fbab67c9da_4d48-15fa5e0caaf6a06f_46f8-fc0fe94a4c8e3a29_9052-d62a957ecbfa6792_8217-0ae40b26ad1ead81_6240-c02445dd7a5b6f26_86bd-f82346f1b273c70a_aaf6-53472cf3cabeb021_b7f8-6e26385c641764c7_fe5a-e035a44ebae9d3fd_c842-7d0db28e7d18c776_c97a-dbb41344c474217f_2e3e-8f7791c488b51c98_fa79-0-seq_low_actions_to_episode_task_descs
[配置] 启用 FAISS 加速，索引类型: flat
[GraphAug] 命中图缓存 (nodes=7003, edges=20226)
Got 0 examples


 ============================== 


eval task_lookup('open the drawer')
Updated/Defined variables after execution: {}

**SystemMessage**:
"""You are a smart humanoid robot answering user question about your past actions.
The history object contains information on what you did in the past, represented as a tree.
Use the method expand to look at details of a node.
Make sure to use collapse_all_but(idx) when you expanded irrelevant nodes, in order to keep the tree compact.
Enter Python expressions into the console to see the value and decide for the next command based on that result.
Answer concisely by calling answer(reasoning="...", answer="...") when you gathered enough information to answer the question.
Generate syntactically correct python console statements only, no explanations or other natural language statements.
IMPORTANT: If search() returns "No relevant records found", your next command MUST be answer(reasoning="No relevant record was found.", answer="I have no record of that."). Do not search synonyms, do not expand further, and do not call vqa.
IMPORTANT: If you get "Nothing changed" twice, answer honestly that you have no record. Do NOT keep searching repeatedly. For just-before/just-after questions, first try one broader target search or inspect another relevant top-level time block before giving up.
For object yes/no questions, first use object_lookup("object name"). If it reports no matching summary, answer "No, I have no record of that." Do not call vqa unless you already have a directly relevant leaf image.
For task-list questions such as "List the tasks you performed", first use task_list(). Prefer its Recommended answer and chronological candidates instead of manually expanding the whole tree. For long histories, do not copy every task candidate verbatim unless the user explicitly asks for an exhaustive transcript.
For task-description questions such as "describe what you did when you X", first use task_lookup("X"). Prefer its matching task candidates instead of manually expanding the whole tree.
For exact date/time questions or "N days ago" questions asking what happened, first use date_lookup(question). Prefer its Recommended answer when it is confident instead of manually expanding by date.
For "How many days ago did you X?" or "When did you X?" questions, first use event_date_lookup(question). If it lists multiple days, include all of them in the final answer instead of only the most recent match.
For just-before or just-after questions, first use temporal_neighbor(target_task, direction="before" or "after") if a candidate is not already shown. Prefer the returned Recommended answer when it is confident. Only then inspect adjacent sibling or temporal nodes. Avoid expanding to raw leaf observations unless the summary is insufficient.
Do not call vqa for time, date, task-list, before/after, or yes/no object-existence questions when textual summaries already answer the question. Use vqa only for explicit visual appearance questions such as color, visible state, or what something looks like.
Never output bare parameters such as reasoning="..." answer="...". Always call answer(reasoning="...", answer="...")."""

**HumanMessage**:
"""
def answer(reasoning: str = None, answer: str = Ellipsis)
def ask(question: str)
def date_lookup(query: str, max_matches: int = 8) -> str # For exact date/time or N-days-ago questions, list matching history summaries directly
def event_date_lookup(query: str, max_matches: int = 12) -> str # For "how many days ago did you X" questions, find all matching event dates directly
def now() -> datetime.datetime
def object_lookup(object_name: str, max_matches: int = 8) -> str # For object yes/no questions, check whether task summaries mention the object
def task_list(max_tasks: int = 30) -> str # For task-list questions, list task-sized history summaries in chronological order
def task_lookup(query: str, max_matches: int = 8) -> str # For task-description questions, list task-sized summaries matching a query
def temporal_neighbor(target_task: str, direction: str = 'before', max_candidates: int = 6) -> str # For just-before/just-after questions, find the target task and return adjacent task candidates
def vqa(question: str, *images: PIL.Image.Image)
"""

**HumanMessage**:
/home/user22303471/Project/Active-H-EMV/llm_emv/setup.py:226: FutureWarning: The `get_sentence_embedding_dimension` method has been renamed to `get_embedding_dimension`.
  filter_kwargs['_embedding_dim'] = embedding_model.get_sentence_embedding_dimension()
"""Usage examples:
>>> history.expand()  # Shows the history tree with all child nodes expanded
>>> history.expand(date(2021, 12, 20))  # Expand the children that overlap with the given day
>>> history.expand(now() - timedelta(hours=6), now() - timedelta(hours=4))  # Expand all children that overlap with the given range (in this example "about 5 hours ago")
>>> history.expand((now() - timedelta(days=2)).date())  # Expand all children that overlap with the day before yesterday
>>> history.expand(0)  # Shows child node 0
>>> history[0].expand()  # Expands all child nodes of node 0 (node 0 must be expanded already to see them)
>>> history[5][2].expand()  # Shows child node 2 of child node 5 with all its child nodes expanded
>>> history.search("green cup") # Semantic index search. Expands the most relevant children according to similarity of the natural language query and the node's (recursively defined) index content.
>>> history[1][42].search("bicycle") # Semantic index search on some node further down the tree. Expands the children of node 1.42 most relevant to the search term
>>> history[3].collapse_all_but(1); history[3][1].expand()  # Zooms into details of child node 3.1 while collapsing all other childs of node 3
>>> vqa("What color is the ... in this image?",
...     history[2][4][-1][0].image)  # Invoke a model to answer a visual question about image(s) of some leaf (!) node(s)

# After gathering the relevant information, answer the question:
# Optionally, provide a reasoning on why you choose the respective answer
>>> answer(reasoning="...", answer="...")"""

**HumanMessage**:
"""User question: what task or tasks did you perform when you open the drawer?"""

**AIMessage**:
"""task_lookup('open the drawer')"""

**HumanMessage**:
""""Task lookup candidates for query='open the drawer':\n1. score=0.75; 2024/09/27 18:07:24 - 18:08:23: I located another tissue box inside a cabinet below the laptop, picked it up, and placed it on the dresser.\n2. score=0.74; 2024/09/27 18:06:23 - 18:08:44: I began the task of collecting all tissue boxes by searching through armchairs, cabinets, and drawers. I initially placed the found tissue boxes on a dresser.\n3. score=0.73; 2024/09/27 18:06 - 18:09: I collected all tissue boxes from various locations like armchairs and drawers and placed them on a side table as requested by the user.\n4. score=0.67; 2024/09/24 15:01 - 15:04: I started preparing a roasted bread and tomato sandwich by gathering the knife, bread, and tomato, then slicing the ingredients and toasting two slices of bread.\n5. score=0.66; 2024/09/22 14:27 - 14:35: I prepared for the meal by retrieving lettuce, a tomato, and a potato from the fridge, organizing my workspace, and slicing all the vegetables.\n6. score=0.66; 2024/09/24 15:04:28 - 15:05:56: I cleared the workspace by closing cabinets and the fridge, then retrieved a clean plate from a cabinet and placed it on the countertop.\n7. score=0.65; 2024/10/07 14:03:57 - 14:05:25: I moved on to preparing the sandwich. I retrieved bread from the fridge, placed it on the countertop, and used a knife to slice it.\n8. score=0.65; 2024/09/22 14:27 - 14:43: I prepared a meal by retrieving and slicing lettuce, tomato, and potato, then cooked the potato slices and assembled the final dish on a plate.\nRecommended answer: I located another tissue box inside a cabinet below the laptop, picked it up, and placed it on the dresser.; I began the task of collecting all tissue boxes by searching through armchairs, cabinets, and drawers. I initially place...; I collected all tissue boxes from various locations like armchairs and drawers and placed them on a side table as reques...; I started preparing a roasted bread and tomato sandwich by gathering the knife, bread, and tomato, then slicing the ingr...; I prepared for the meal by retrieving lettuce, a tomato, and a potato from the fridge, organizing my workspace, and slic...""""

**HumanMessage**:
"""Current state:
2024/09/19 - 2024/10/11: "Over the past few weeks, I have consistently managed household tasks by preparing various meals, brewing coffee, and cleaning kitchenware. I also maintained the living space by organizing items like remotes and pillows, watering houseplants, and keeping the area tidy."  
  ..."""
{}
command: answer(reasoning="The task lookup identified several instances where I interacted with drawers or cabinets. The most relevant tasks involve collecting tissue boxes from various storage locations, including drawers.", answer="I collected tissue boxes from various locations, including drawers, and placed them on a dresser or side table. Specifically, on 2024/09/27, I located a tissue box inside a cabinet below the laptop and placed it on the dresser, and I searched through armchairs, cabinets, and drawers to collect tissue boxes.")
expected output: 


 ============================== 


eval answer(reasoning="The task lookup identified several instances where I interacted with drawers or cabinets. The most relevant tasks involve collecting tissue boxes from various storage locations, including drawers.", answer="I collected tissue boxes from various locations, including drawers, and placed them on a dresser or side table. Specifically, on 2024/09/27, I located a tissue box inside a cabinet below the laptop and placed it on the dresser, and I searched through armchairs, cabinets, and drawers to collect tissue boxes.")
Answering I collected tissue boxes from various locations, including drawers, and placed them on a dresser or side table. Specifically, on 2024/09/27, I located a tissue box inside a cabinet below the laptop and placed it on the dresser, and I searched through armchairs, cabinets, and drawers to collect tissue boxes.  with reason: The task lookup identified several instances where I interacted with drawers or cabinets. The most relevant tasks involve collecting tissue boxes from various storage locations, including drawers.
Tokens Used: 2292
	Prompt Tokens: 2122
	Completion Tokens: 170
Successful Requests: 1
Total Cost (USD): $0.0
Evaluating sample 464fb2558d308797_4110-5f3063384d77aa71_0ac8-bfa7505b440eadde_750f-249afd96389c8ae6_c966-dcc90b08c376f4dc_74ab-ebd80a433c115116_b3d7-555c981b1ecc6c8a_7c01-32e631d248583662_5835-c02445dd7a5b6f26_be05-93af984d7981fdaa_6fc9-a690a35743c855aa_4c00-b87bd55d7820c86e_8d92-345624f0e74dc947_8525-49c94e2372ffae4f_3917-2b5a33d4908ee77d_20f6-7c76f284a689ed0a_dee3-22fa2e73c63bc50f_c1a7-6ccc8b815fbc093a_5cca-32813f06255beef5_0bd5-18f6da623ba658a2_aa07-e32e722334301fa7_892d-aae955889a0ba5fa_d123-35025f516f41aba5_ba52-4b813e7c9bc088d0_8155-61e8f5910474b00b_53e6-aa310077d368fbbc_0a82-c2ffd6a81bfe2613_f91c-41b067f2ce6f3fef_8ee6-fef7c3fc3990d2e8_e2e9-fb7d765ba6874372_db67-59d897f4009147d8_1d27-a451af83aeece675_117b-e455dbf27ecaf413_8484-dd2efe33087ddc60_cb3a-48f25d2481974dee_e871-9d1c053084e66e7b_dc9f-c4c12513ffbf7d33_9e16-a76099fbab67c9da_4d48-15fa5e0caaf6a06f_46f8-fc0fe94a4c8e3a29_9052-d62a957ecbfa6792_8217-0ae40b26ad1ead81_6240-c02445dd7a5b6f26_86bd-f82346f1b273c70a_aaf6-53472cf3cabeb021_b7f8-6e26385c641764c7_fe5a-e035a44ebae9d3fd_c842-7d0db28e7d18c776_c97a-dbb41344c474217f_2e3e-8f7791c488b51c98_fa79-0-exact_time_to_episode
[配置] 启用 FAISS 加速，索引类型: flat
[GraphAug] 命中图缓存 (nodes=7003, edges=20226)
Got 0 examples


 ============================== 


eval date_lookup('what did you do on Sep 23, 2024 at 12:11 PM?')
Updated/Defined variables after execution: {}

**SystemMessage**:
"""You are a smart humanoid robot answering user question about your past actions.
The history object contains information on what you did in the past, represented as a tree.
Use the method expand to look at details of a node.
Make sure to use collapse_all_but(idx) when you expanded irrelevant nodes, in order to keep the tree compact.
Enter Python expressions into the console to see the value and decide for the next command based on that result.
Answer concisely by calling answer(reasoning="...", answer="...") when you gathered enough information to answer the question.
Generate syntactically correct python console statements only, no explanations or other natural language statements.
IMPORTANT: If search() returns "No relevant records found", your next command MUST be answer(reasoning="No relevant record was found.", answer="I have no record of that."). Do not search synonyms, do not expand further, and do not call vqa.
IMPORTANT: If you get "Nothing changed" twice, answer honestly that you have no record. Do NOT keep searching repeatedly. For just-before/just-after questions, first try one broader target search or inspect another relevant top-level time block before giving up.
For object yes/no questions, first use object_lookup("object name"). If it reports no matching summary, answer "No, I have no record of that." Do not call vqa unless you already have a directly relevant leaf image.
For task-list questions such as "List the tasks you performed", first use task_list(). Prefer its Recommended answer and chronological candidates instead of manually expanding the whole tree. For long histories, do not copy every task candidate verbatim unless the user explicitly asks for an exhaustive transcript.
For task-description questions such as "describe what you did when you X", first use task_lookup("X"). Prefer its matching task candidates instead of manually expanding the whole tree.
For exact date/time questions or "N days ago" questions asking what happened, first use date_lookup(question). Prefer its Recommended answer when it is confident instead of manually expanding by date.
For "How many days ago did you X?" or "When did you X?" questions, first use event_date_lookup(question). If it lists multiple days, include all of them in the final answer instead of only the most recent match.
For just-before or just-after questions, first use temporal_neighbor(target_task, direction="before" or "after") if a candidate is not already shown. Prefer the returned Recommended answer when it is confident. Only then inspect adjacent sibling or temporal nodes. Avoid expanding to raw leaf observations unless the summary is insufficient.
Do not call vqa for time, date, task-list, before/after, or yes/no object-existence questions when textual summaries already answer the question. Use vqa only for explicit visual appearance questions such as color, visible state, or what something looks like.
Never output bare parameters such as reasoning="..." answer="...". Always call answer(reasoning="...", answer="...")."""

**HumanMessage**:
"""
def answer(reasoning: str = None, answer: str = Ellipsis)
def ask(question: str)
def date_lookup(query: str, max_matches: int = 8) -> str # For exact date/time or N-days-ago questions, list matching history summaries directly
def event_date_lookup(query: str, max_matches: int = 12) -> str # For "how many days ago did you X" questions, find all matching event dates directly
def now() -> datetime.datetime
def object_lookup(object_name: str, max_matches: int = 8) -> str # For object yes/no questions, check whether task summaries mention the object
def task_list(max_tasks: int = 30) -> str # For task-list questions, list task-sized history summaries in chronological order
def task_lookup(query: str, max_matches: int = 8) -> str # For task-description questions, list task-sized summaries matching a query
def temporal_neighbor(target_task: str, direction: str = 'before', max_candidates: int = 6) -> str # For just-before/just-after questions, find the target task and return adjacent task candidates
def vqa(question: str, *images: PIL.Image.Image)
"""

**HumanMessage**:
"""Usage examples:
>>> history.expand()  # Shows the history tree with all child nodes expanded
>>> history.expand(date(2021, 12, 20))  # Expand the children that overlap with the given day
>>> history.expand(now() - timedelta(hours=6), now() - timedelta(hours=4))  # Expand all children that overlap with the given range (in this example "about 5 hours ago")
>>> history.expand((now() - timedelta(days=2)).date())  # Expand all children that overlap with the day before yesterday
>>> history.expand(0)  # Shows child node 0
>>> history[0].expand()  # Expands all child nodes of node 0 (node 0 must be expanded already to see them)
>>> history[5][2].expand()  # Shows child node 2 of child node 5 with all its child nodes expanded
>>> history.search("green cup") # Semantic index search. Expands the most relevant children according to similarity of the natural language query and the node's (recursively defined) index content.
>>> history[1][42].search("bicycle") # Semantic index search on some node further down the tree. Expands the children of node 1.42 most relevant to the search term
>>> history[3].collapse_all_but(1); history[3][1].expand()  # Zooms into details of child node 3.1 while collapsing all other childs of node 3
>>> vqa("What color is the ... in this image?",
...     history[2][4][-1][0].image)  # Invoke a model to answer a visual question about image(s) of some leaf (!) node(s)

# After gathering the relevant information, answer the question:
# Optionally, provide a reasoning on why you choose the respective answer
>>> answer(reasoning="...", answer="...")"""

**HumanMessage**:
"""User question: what did you do on Sep 23, 2024 at 12:11 PM?"""

**AIMessage**:
"""date_lookup('what did you do on Sep 23, 2024 at 12:11 PM?')"""

**HumanMessage**:
""""Date lookup for query='what did you do on Sep 23, 2024 at 12:11 PM?': resolved=2024/09/23 12:11:00.\n1. score=0.92; 2024/09/23 12:11:33 - 12:13:29: I greeted the user and received the task of rinsing a dirty mug and making fresh coffee. I picked up the mug from the coffee machine, placed it in the sink, and used the faucet to rinse it. After pouring out the excess w...\n2. score=0.91; 2024/09/23 12:11:33 - 12:13:09: Goal: Pickup(Mug_1) Visual observation: Mug_1 [dirty, filled], Cup_1, PaperTowelRoll_2, Pan_1 [dirty], Tomato_1, StoveBurner_0, StoveBurner_2, Cabinet_1, StoveBurner_3, Drawer_1, Cabinet_2, CounterTop_2, StoveKnob_0 [tog...\n3. score=0.84; 2024/09/23 12:11:33 - 12:14:01: I greeted the user and received the task of rinsing a dirty mug and making fresh coffee. I picked up the mug from the coffee machine, rinsed it in the sink, and then placed it back on the coffee machine to brew fresh cof...\n4. score=0.41; 2024/09/23 12:11 - 15:04: On September 23, I rinsed a mug to brew fresh coffee and cleaned a bowl in the sink.\n5. score=0.08; 2024/09/19 - 2024/10/11: Over the past few weeks, I have consistently managed household tasks by preparing various meals, brewing coffee, and cleaning kitchenware. I also maintained the living space by organizing items like remotes and pillows,...\nRecommended answer: I greeted the user and received the task of rinsing a dirty mug and making fresh coffee. I picked up the mug from the coffee machine, placed it in the sink, and used the faucet to rinse it. After pouring out the excess water, I held onto the clean mug.""""

**HumanMessage**:
"""Current state:
2024/09/19 - 2024/10/11: "Over the past few weeks, I have consistently managed household tasks by preparing various meals, brewing coffee, and cleaning kitchenware. I also maintained the living space by organizing items like remotes and pillows, watering houseplants, and keeping the area tidy."  
  ..."""
{}
command: /home/user22303471/Project/Active-H-EMV/llm_emv/setup.py:226: FutureWarning: The `get_sentence_embedding_dimension` method has been renamed to `get_embedding_dimension`.
  filter_kwargs['_embedding_dim'] = embedding_model.get_sentence_embedding_dimension()
/home/user22303471/Project/Active-H-EMV/llm_emv/setup.py:183: FutureWarning: The `get_sentence_embedding_dimension` method has been renamed to `get_embedding_dimension`.
  result = torch.empty(len(texts), embedding_model.get_sentence_embedding_dimension(),
answer(reasoning="The `date_lookup` function found a high-confidence match for the specified time and provided a clear summary of my actions.", answer="At 12:11 PM on September 23, 2024, I greeted the user and received the task of rinsing a dirty mug and making fresh coffee. I picked up the mug from the coffee machine, placed it in the sink, and used the faucet to rinse it. After pouring out the excess water, I held onto the clean mug.")
expected output: 


 ============================== 


eval answer(reasoning="The `date_lookup` function found a high-confidence match for the specified time and provided a clear summary of my actions.", answer="At 12:11 PM on September 23, 2024, I greeted the user and received the task of rinsing a dirty mug and making fresh coffee. I picked up the mug from the coffee machine, placed it in the sink, and used the faucet to rinse it. After pouring out the excess water, I held onto the clean mug.")
Answering At 12:11 PM on September 23, 2024, I greeted the user and received the task of rinsing a dirty mug and making fresh coffee. I picked up the mug from the coffee machine, placed it in the sink, and used the faucet to rinse it. After pouring out the excess water, I held onto the clean mug.  with reason: The `date_lookup` function found a high-confidence match for the specified time and provided a clear summary of my actions.
Tokens Used: 2663
	Prompt Tokens: 2034
	Completion Tokens: 629
Successful Requests: 1
Total Cost (USD): $0.0
Evaluating sample 464fb2558d308797_4110-5f3063384d77aa71_0ac8-bfa7505b440eadde_750f-249afd96389c8ae6_c966-dcc90b08c376f4dc_74ab-ebd80a433c115116_b3d7-555c981b1ecc6c8a_7c01-32e631d248583662_5835-c02445dd7a5b6f26_be05-93af984d7981fdaa_6fc9-a690a35743c855aa_4c00-b87bd55d7820c86e_8d92-345624f0e74dc947_8525-49c94e2372ffae4f_3917-2b5a33d4908ee77d_20f6-7c76f284a689ed0a_dee3-22fa2e73c63bc50f_c1a7-6ccc8b815fbc093a_5cca-32813f06255beef5_0bd5-18f6da623ba658a2_aa07-e32e722334301fa7_892d-aae955889a0ba5fa_d123-35025f516f41aba5_ba52-4b813e7c9bc088d0_8155-61e8f5910474b00b_53e6-aa310077d368fbbc_0a82-c2ffd6a81bfe2613_f91c-41b067f2ce6f3fef_8ee6-fef7c3fc3990d2e8_e2e9-fb7d765ba6874372_db67-59d897f4009147d8_1d27-a451af83aeece675_117b-e455dbf27ecaf413_8484-dd2efe33087ddc60_cb3a-48f25d2481974dee_e871-9d1c053084e66e7b_dc9f-c4c12513ffbf7d33_9e16-a76099fbab67c9da_4d48-15fa5e0caaf6a06f_46f8-fc0fe94a4c8e3a29_9052-d62a957ecbfa6792_8217-0ae40b26ad1ead81_6240-c02445dd7a5b6f26_86bd-f82346f1b273c70a_aaf6-53472cf3cabeb021_b7f8-6e26385c641764c7_fe5a-e035a44ebae9d3fd_c842-7d0db28e7d18c776_c97a-dbb41344c474217f_2e3e-8f7791c488b51c98_fa79-0-tasks_to_exact_times
[配置] 启用 FAISS 加速，索引类型: flat
[GraphAug] 命中图缓存 (nodes=7003, edges=20226)
Got 0 examples


 ============================== 


eval event_date_lookup('When did you cook 3 slice(s) of potato and serve in a bowl?')
Updated/Defined variables after execution: {}

**SystemMessage**:
"""You are a smart humanoid robot answering user question about your past actions.
The history object contains information on what you did in the past, represented as a tree.
Use the method expand to look at details of a node.
Make sure to use collapse_all_but(idx) when you expanded irrelevant nodes, in order to keep the tree compact.
Enter Python expressions into the console to see the value and decide for the next command based on that result.
Answer concisely by calling answer(reasoning="...", answer="...") when you gathered enough information to answer the question.
Generate syntactically correct python console statements only, no explanations or other natural language statements.
IMPORTANT: If search() returns "No relevant records found", your next command MUST be answer(reasoning="No relevant record was found.", answer="I have no record of that."). Do not search synonyms, do not expand further, and do not call vqa.
IMPORTANT: If you get "Nothing changed" twice, answer honestly that you have no record. Do NOT keep searching repeatedly. For just-before/just-after questions, first try one broader target search or inspect another relevant top-level time block before giving up.
For object yes/no questions, first use object_lookup("object name"). If it reports no matching summary, answer "No, I have no record of that." Do not call vqa unless you already have a directly relevant leaf image.
For task-list questions such as "List the tasks you performed", first use task_list(). Prefer its Recommended answer and chronological candidates instead of manually expanding the whole tree. For long histories, do not copy every task candidate verbatim unless the user explicitly asks for an exhaustive transcript.
For task-description questions such as "describe what you did when you X", first use task_lookup("X"). Prefer its matching task candidates instead of manually expanding the whole tree.
For exact date/time questions or "N days ago" questions asking what happened, first use date_lookup(question). Prefer its Recommended answer when it is confident instead of manually expanding by date.
For "How many days ago did you X?" or "When did you X?" questions, first use event_date_lookup(question). If it lists multiple days, include all of them in the final answer instead of only the most recent match.
For just-before or just-after questions, first use temporal_neighbor(target_task, direction="before" or "after") if a candidate is not already shown. Prefer the returned Recommended answer when it is confident. Only then inspect adjacent sibling or temporal nodes. Avoid expanding to raw leaf observations unless the summary is insufficient.
Do not call vqa for time, date, task-list, before/after, or yes/no object-existence questions when textual summaries already answer the question. Use vqa only for explicit visual appearance questions such as color, visible state, or what something looks like.
Never output bare parameters such as reasoning="..." answer="...". Always call answer(reasoning="...", answer="...")."""

**HumanMessage**:
"""
def answer(reasoning: str = None, answer: str = Ellipsis)
def ask(question: str)
def date_lookup(query: str, max_matches: int = 8) -> str # For exact date/time or N-days-ago questions, list matching history summaries directly
def event_date_lookup(query: str, max_matches: int = 12) -> str # For "how many days ago did you X" questions, find all matching event dates directly
def now() -> datetime.datetime
def object_lookup(object_name: str, max_matches: int = 8) -> str # For object yes/no questions, check whether task summaries mention the object
def task_list(max_tasks: int = 30) -> str # For task-list questions, list task-sized history summaries in chronological order
def task_lookup(query: str, max_matches: int = 8) -> str # For task-description questions, list task-sized summaries matching a query
def temporal_neighbor(target_task: str, direction: str = 'before', max_candidates: int = 6) -> str # For just-before/just-after questions, find the target task and return adjacent task candidates
def vqa(question: str, *images: PIL.Image.Image)
"""

**HumanMessage**:
/home/user22303471/Project/Active-H-EMV/llm_emv/setup.py:226: FutureWarning: The `get_sentence_embedding_dimension` method has been renamed to `get_embedding_dimension`.
  filter_kwargs['_embedding_dim'] = embedding_model.get_sentence_embedding_dimension()
/home/user22303471/Project/Active-H-EMV/llm_emv/setup.py:183: FutureWarning: The `get_sentence_embedding_dimension` method has been renamed to `get_embedding_dimension`.
  result = torch.empty(len(texts), embedding_model.get_sentence_embedding_dimension(),
"""Usage examples:
>>> history.expand()  # Shows the history tree with all child nodes expanded
>>> history.expand(date(2021, 12, 20))  # Expand the children that overlap with the given day
>>> history.expand(now() - timedelta(hours=6), now() - timedelta(hours=4))  # Expand all children that overlap with the given range (in this example "about 5 hours ago")
>>> history.expand((now() - timedelta(days=2)).date())  # Expand all children that overlap with the day before yesterday
>>> history.expand(0)  # Shows child node 0
>>> history[0].expand()  # Expands all child nodes of node 0 (node 0 must be expanded already to see them)
>>> history[5][2].expand()  # Shows child node 2 of child node 5 with all its child nodes expanded
>>> history.search("green cup") # Semantic index search. Expands the most relevant children according to similarity of the natural language query and the node's (recursively defined) index content.
>>> history[1][42].search("bicycle") # Semantic index search on some node further down the tree. Expands the children of node 1.42 most relevant to the search term
>>> history[3].collapse_all_but(1); history[3][1].expand()  # Zooms into details of child node 3.1 while collapsing all other childs of node 3
>>> vqa("What color is the ... in this image?",
...     history[2][4][-1][0].image)  # Invoke a model to answer a visual question about image(s) of some leaf (!) node(s)

# After gathering the relevant information, answer the question:
# Optionally, provide a reasoning on why you choose the respective answer
>>> answer(reasoning="...", answer="...")"""

**HumanMessage**:
"""User question: When did you cook 3 slice(s) of potato and serve in a bowl?"""

**AIMessage**:
"""event_date_lookup('When did you cook 3 slice(s) of potato and serve in a bowl?')"""

**HumanMessage**:
""""Event date lookup for query='When did you cook 3 slice(s) of potato and serve in a bowl?': event='cook 3 slice(s) of potato and serve in a bowl', today=2024/10/12.\n1. score=0.61; days_ago=15; 2024/09/27 15:22:58 - 15:23:15: I picked up the cooked potato slices one by one and placed them into the bowl, as instructed.\n2. score=0.58; days_ago=11; 2024/10/01 18:27:52 - 18:28:38: I placed the three cooked potato slices into the clean bowl. The user then confirmed the task was completed successfully.\nRecommended answer: on 2024/09/27, and 2024/10/01""""

**HumanMessage**:
"""Current state:
2024/09/19 - 2024/10/11: "Over the past few weeks, I have consistently managed household tasks by preparing various meals, brewing coffee, and cleaning kitchenware. I also maintained the living space by organizing items like remotes and pillows, watering houseplants, and keeping the area tidy."  
  ..."""
{}
command: answer(reasoning="The event_date_lookup function found two instances where I cooked 3 slices of potato and served them in a bowl.", answer="I cooked 3 slices of potato and served them in a bowl on 2024/09/27, and 2024/10/01.")
expected output: 


 ============================== 


eval answer(reasoning="The event_date_lookup function found two instances where I cooked 3 slices of potato and served them in a bowl.", answer="I cooked 3 slices of potato and served them in a bowl on 2024/09/27, and 2024/10/01.")
Answering I cooked 3 slices of potato and served them in a bowl on 2024/09/27, and 2024/10/01.  with reason: The event_date_lookup function found two instances where I cooked 3 slices of potato and served them in a bowl.
Tokens Used: 1823
	Prompt Tokens: 1698
	Completion Tokens: 125
Successful Requests: 1
Total Cost (USD): $0.0
Evaluating sample 464fb2558d308797_4110-5f3063384d77aa71_0ac8-bfa7505b440eadde_750f-249afd96389c8ae6_c966-dcc90b08c376f4dc_74ab-ebd80a433c115116_b3d7-555c981b1ecc6c8a_7c01-32e631d248583662_5835-c02445dd7a5b6f26_be05-93af984d7981fdaa_6fc9-a690a35743c855aa_4c00-b87bd55d7820c86e_8d92-345624f0e74dc947_8525-49c94e2372ffae4f_3917-2b5a33d4908ee77d_20f6-7c76f284a689ed0a_dee3-22fa2e73c63bc50f_c1a7-6ccc8b815fbc093a_5cca-32813f06255beef5_0bd5-18f6da623ba658a2_aa07-e32e722334301fa7_892d-aae955889a0ba5fa_d123-35025f516f41aba5_ba52-4b813e7c9bc088d0_8155-61e8f5910474b00b_53e6-aa310077d368fbbc_0a82-c2ffd6a81bfe2613_f91c-41b067f2ce6f3fef_8ee6-fef7c3fc3990d2e8_e2e9-fb7d765ba6874372_db67-59d897f4009147d8_1d27-a451af83aeece675_117b-e455dbf27ecaf413_8484-dd2efe33087ddc60_cb3a-48f25d2481974dee_e871-9d1c053084e66e7b_dc9f-c4c12513ffbf7d33_9e16-a76099fbab67c9da_4d48-15fa5e0caaf6a06f_46f8-fc0fe94a4c8e3a29_9052-d62a957ecbfa6792_8217-0ae40b26ad1ead81_6240-c02445dd7a5b6f26_86bd-f82346f1b273c70a_aaf6-53472cf3cabeb021_b7f8-6e26385c641764c7_fe5a-e035a44ebae9d3fd_c842-7d0db28e7d18c776_c97a-dbb41344c474217f_2e3e-8f7791c488b51c98_fa79-0-tasks_to_days_ago
[配置] 启用 FAISS 加速，索引类型: flat
[GraphAug] 命中图缓存 (nodes=7003, edges=20226)
Got 0 examples


 ============================== 


eval event_date_lookup('Today is Oct 12, 2024 at 07:53 PM. How many days ago did you put all remote control on one armchair?')
Updated/Defined variables after execution: {}

**SystemMessage**:
"""You are a smart humanoid robot answering user question about your past actions.
The history object contains information on what you did in the past, represented as a tree.
Use the method expand to look at details of a node.
Make sure to use collapse_all_but(idx) when you expanded irrelevant nodes, in order to keep the tree compact.
Enter Python expressions into the console to see the value and decide for the next command based on that result.
Answer concisely by calling answer(reasoning="...", answer="...") when you gathered enough information to answer the question.
Generate syntactically correct python console statements only, no explanations or other natural language statements.
IMPORTANT: If search() returns "No relevant records found", your next command MUST be answer(reasoning="No relevant record was found.", answer="I have no record of that."). Do not search synonyms, do not expand further, and do not call vqa.
IMPORTANT: If you get "Nothing changed" twice, answer honestly that you have no record. Do NOT keep searching repeatedly. For just-before/just-after questions, first try one broader target search or inspect another relevant top-level time block before giving up.
For object yes/no questions, first use object_lookup("object name"). If it reports no matching summary, answer "No, I have no record of that." Do not call vqa unless you already have a directly relevant leaf image.
For task-list questions such as "List the tasks you performed", first use task_list(). Prefer its Recommended answer and chronological candidates instead of manually expanding the whole tree. For long histories, do not copy every task candidate verbatim unless the user explicitly asks for an exhaustive transcript.
For task-description questions such as "describe what you did when you X", first use task_lookup("X"). Prefer its matching task candidates instead of manually expanding the whole tree.
For exact date/time questions or "N days ago" questions asking what happened, first use date_lookup(question). Prefer its Recommended answer when it is confident instead of manually expanding by date.
For "How many days ago did you X?" or "When did you X?" questions, first use event_date_lookup(question). If it lists multiple days, include all of them in the final answer instead of only the most recent match.
For just-before or just-after questions, first use temporal_neighbor(target_task, direction="before" or "after") if a candidate is not already shown. Prefer the returned Recommended answer when it is confident. Only then inspect adjacent sibling or temporal nodes. Avoid expanding to raw leaf observations unless the summary is insufficient.
Do not call vqa for time, date, task-list, before/after, or yes/no object-existence questions when textual summaries already answer the question. Use vqa only for explicit visual appearance questions such as color, visible state, or what something looks like.
Never output bare parameters such as reasoning="..." answer="...". Always call answer(reasoning="...", answer="...")."""

**HumanMessage**:
/home/user22303471/Project/Active-H-EMV/llm_emv/setup.py:226: FutureWarning: The `get_sentence_embedding_dimension` method has been renamed to `get_embedding_dimension`.
  filter_kwargs['_embedding_dim'] = embedding_model.get_sentence_embedding_dimension()
"""
def answer(reasoning: str = None, answer: str = Ellipsis)
def ask(question: str)
def date_lookup(query: str, max_matches: int = 8) -> str # For exact date/time or N-days-ago questions, list matching history summaries directly
def event_date_lookup(query: str, max_matches: int = 12) -> str # For "how many days ago did you X" questions, find all matching event dates directly
def now() -> datetime.datetime
def object_lookup(object_name: str, max_matches: int = 8) -> str # For object yes/no questions, check whether task summaries mention the object
def task_list(max_tasks: int = 30) -> str # For task-list questions, list task-sized history summaries in chronological order
def task_lookup(query: str, max_matches: int = 8) -> str # For task-description questions, list task-sized summaries matching a query
def temporal_neighbor(target_task: str, direction: str = 'before', max_candidates: int = 6) -> str # For just-before/just-after questions, find the target task and return adjacent task candidates
def vqa(question: str, *images: PIL.Image.Image)
"""

**HumanMessage**:
"""Usage examples:
>>> history.expand()  # Shows the history tree with all child nodes expanded
>>> history.expand(date(2021, 12, 20))  # Expand the children that overlap with the given day
>>> history.expand(now() - timedelta(hours=6), now() - timedelta(hours=4))  # Expand all children that overlap with the given range (in this example "about 5 hours ago")
>>> history.expand((now() - timedelta(days=2)).date())  # Expand all children that overlap with the day before yesterday
>>> history.expand(0)  # Shows child node 0
>>> history[0].expand()  # Expands all child nodes of node 0 (node 0 must be expanded already to see them)
>>> history[5][2].expand()  # Shows child node 2 of child node 5 with all its child nodes expanded
>>> history.search("green cup") # Semantic index search. Expands the most relevant children according to similarity of the natural language query and the node's (recursively defined) index content.
>>> history[1][42].search("bicycle") # Semantic index search on some node further down the tree. Expands the children of node 1.42 most relevant to the search term
>>> history[3].collapse_all_but(1); history[3][1].expand()  # Zooms into details of child node 3.1 while collapsing all other childs of node 3
>>> vqa("What color is the ... in this image?",
...     history[2][4][-1][0].image)  # Invoke a model to answer a visual question about image(s) of some leaf (!) node(s)

# After gathering the relevant information, answer the question:
# Optionally, provide a reasoning on why you choose the respective answer
>>> answer(reasoning="...", answer="...")"""

**HumanMessage**:
"""User question: Today is Oct 12, 2024 at 07:53 PM. How many days ago did you put all remote control on one armchair?"""

**AIMessage**:
"""event_date_lookup('Today is Oct 12, 2024 at 07:53 PM. How many days ago did you put all remote control on one armchair?')"""

**HumanMessage**:
""""Event date lookup for query='Today is Oct 12, 2024 at 07:53 PM. How many days ago did you put all remote control on one armchair?': event='put all remote control on one armchair', today=2024/10/12.\n1. score=0.83; days_ago=12; 2024/09/30 15:37:04 - 15:37:52: I then picked up a second remote control and placed it on the armchair, completing the task of placing both remotes on the armchair as instructed by the user.\nRecommended answer: 12 days ago""""

**HumanMessage**:
"""Current state:
2024/09/19 - 2024/10/11: "Over the past few weeks, I have consistently managed household tasks by preparing various meals, brewing coffee, and cleaning kitchenware. I also maintained the living space by organizing items like remotes and pillows, watering houseplants, and keeping the area tidy."  
  ..."""
{}
command: answer(reasoning="The event_date_lookup function found a record of me placing remote controls on an armchair 12 days ago.", answer="12 days ago")
expected output: 


 ============================== 


eval answer(reasoning="The event_date_lookup function found a record of me placing remote controls on an armchair 12 days ago.", answer="12 days ago")
Answering 12 days ago  with reason: The event_date_lookup function found a record of me placing remote controls on an armchair 12 days ago.
Tokens Used: 1827
	Prompt Tokens: 1664
	Completion Tokens: 163
Successful Requests: 1
Total Cost (USD): $0.0
Evaluating sample 464fb2558d308797_4110-5f3063384d77aa71_0ac8-bfa7505b440eadde_750f-249afd96389c8ae6_c966-dcc90b08c376f4dc_74ab-ebd80a433c115116_b3d7-555c981b1ecc6c8a_7c01-32e631d248583662_5835-c02445dd7a5b6f26_be05-93af984d7981fdaa_6fc9-a690a35743c855aa_4c00-b87bd55d7820c86e_8d92-345624f0e74dc947_8525-49c94e2372ffae4f_3917-2b5a33d4908ee77d_20f6-7c76f284a689ed0a_dee3-22fa2e73c63bc50f_c1a7-6ccc8b815fbc093a_5cca-32813f06255beef5_0bd5-18f6da623ba658a2_aa07-e32e722334301fa7_892d-aae955889a0ba5fa_d123-35025f516f41aba5_ba52-4b813e7c9bc088d0_8155-61e8f5910474b00b_53e6-aa310077d368fbbc_0a82-c2ffd6a81bfe2613_f91c-41b067f2ce6f3fef_8ee6-fef7c3fc3990d2e8_e2e9-fb7d765ba6874372_db67-59d897f4009147d8_1d27-a451af83aeece675_117b-e455dbf27ecaf413_8484-dd2efe33087ddc60_cb3a-48f25d2481974dee_e871-9d1c053084e66e7b_dc9f-c4c12513ffbf7d33_9e16-a76099fbab67c9da_4d48-15fa5e0caaf6a06f_46f8-fc0fe94a4c8e3a29_9052-d62a957ecbfa6792_8217-0ae40b26ad1ead81_6240-c02445dd7a5b6f26_86bd-f82346f1b273c70a_aaf6-53472cf3cabeb021_b7f8-6e26385c641764c7_fe5a-e035a44ebae9d3fd_c842-7d0db28e7d18c776_c97a-dbb41344c474217f_2e3e-8f7791c488b51c98_fa79-0-days_ago_to_episode
[配置] 启用 FAISS 加速，索引类型: flat
[GraphAug] 命中图缓存 (nodes=7003, edges=20226)
Got 0 examples


 ============================== 


eval date_lookup('Today is Oct 12, 2024 at 07:53 PM. What did you do 21 days ago?')
Updated/Defined variables after execution: {}

**SystemMessage**:
"""You are a smart humanoid robot answering user question about your past actions.
The history object contains information on what you did in the past, represented as a tree.
Use the method expand to look at details of a node.
Make sure to use collapse_all_but(idx) when you expanded irrelevant nodes, in order to keep the tree compact.
Enter Python expressions into the console to see the value and decide for the next command based on that result.
Answer concisely by calling answer(reasoning="...", answer="...") when you gathered enough information to answer the question.
Generate syntactically correct python console statements only, no explanations or other natural language statements.
IMPORTANT: If search() returns "No relevant records found", your next command MUST be answer(reasoning="No relevant record was found.", answer="I have no record of that."). Do not search synonyms, do not expand further, and do not call vqa.
IMPORTANT: If you get "Nothing changed" twice, answer honestly that you have no record. Do NOT keep searching repeatedly. For just-before/just-after questions, first try one broader target search or inspect another relevant top-level time block before giving up.
For object yes/no questions, first use object_lookup("object name"). If it reports no matching summary, answer "No, I have no record of that." Do not call vqa unless you already have a directly relevant leaf image.
For task-list questions such as "List the tasks you performed", first use task_list(). Prefer its Recommended answer and chronological candidates instead of manually expanding the whole tree. For long histories, do not copy every task candidate verbatim unless the user explicitly asks for an exhaustive transcript.
For task-description questions such as "describe what you did when you X", first use task_lookup("X"). Prefer its matching task candidates instead of manually expanding the whole tree.
For exact date/time questions or "N days ago" questions asking what happened, first use date_lookup(question). Prefer its Recommended answer when it is confident instead of manually expanding by date.
For "How many days ago did you X?" or "When did you X?" questions, first use event_date_lookup(question). If it lists multiple days, include all of them in the final answer instead of only the most recent match.
For just-before or just-after questions, first use temporal_neighbor(target_task, direction="before" or "after") if a candidate is not already shown. Prefer the returned Recommended answer when it is confident. Only then inspect adjacent sibling or temporal nodes. Avoid expanding to raw leaf observations unless the summary is insufficient.
Do not call vqa for time, date, task-list, before/after, or yes/no object-existence questions when textual summaries already answer the question. Use vqa only for explicit visual appearance questions such as color, visible state, or what something looks like.
Never output bare parameters such as reasoning="..." answer="...". Always call answer(reasoning="...", answer="...")."""

**HumanMessage**:
"""
def answer(reasoning: str = None, answer: str = Ellipsis)
def ask(question: str)
def date_lookup(query: str, max_matches: int = 8) -> str # For exact date/time or N-days-ago questions, list matching history summaries directly
def event_date_lookup(query: str, max_matches: int = 12) -> str # For "how many days ago did you X" questions, find all matching event dates directly
def now() -> datetime.datetime
def object_lookup(object_name: str, max_matches: int = 8) -> str # For object yes/no questions, check whether task summaries mention the object
def task_list(max_tasks: int = 30) -> str # For task-list questions, list task-sized history summaries in chronological order
def task_lookup(query: str, max_matches: int = 8) -> str # For task-description questions, list task-sized summaries matching a query
def temporal_neighbor(target_task: str, direction: str = 'before', max_candidates: int = 6) -> str # For just-before/just-after questions, find the target task and return adjacent task candidates
def vqa(question: str, *images: PIL.Image.Image)
"""

**HumanMessage**:
"""Usage examples:
>>> history.expand()  # Shows the history tree with all child nodes expanded
>>> history.expand(date(2021, 12, 20))  # Expand the children that overlap with the given day
>>> history.expand(now() - timedelta(hours=6), now() - timedelta(hours=4))  # Expand all children that overlap with the given range (in this example "about 5 hours ago")
>>> history.expand((now() - timedelta(days=2)).date())  # Expand all children that overlap with the day before yesterday
>>> history.expand(0)  # Shows child node 0
>>> history[0].expand()  # Expands all child nodes of node 0 (node 0 must be expanded already to see them)
>>> history[5][2].expand()  # Shows child node 2 of child node 5 with all its child nodes expanded
>>> history.search("green cup") # Semantic index search. Expands the most relevant children according to similarity of the natural language query and the node's (recursively defined) index content.
>>> history[1][42].search("bicycle") # Semantic index search on some node further down the tree. Expands the children of node 1.42 most relevant to the search term
>>> history[3].collapse_all_but(1); history[3][1].expand()  # Zooms into details of child node 3.1 while collapsing all other childs of node 3
>>> vqa("What color is the ... in this image?",
...     history[2][4][-1][0].image)  # Invoke a model to answer a visual question about image(s) of some leaf (!) node(s)

# After gathering the relevant information, answer the question:
# Optionally, provide a reasoning on why you choose the respective answer
>>> answer(reasoning="...", answer="...")"""

**HumanMessage**:
"""User question: Today is Oct 12, 2024 at 07:53 PM. What did you do 21 days ago?"""

**AIMessage**:
"""date_lookup('Today is Oct 12, 2024 at 07:53 PM. What did you do 21 days ago?')"""

**HumanMessage**:
"""'Date lookup for query=\'Today is Oct 12, 2024 at 07:53 PM. What did you do 21 days ago?\': resolved=2024/09/21.\n1. score=0.78; 2024/09/21 08:46:20 - 08:48:00: I was instructed to make a cup of coffee. I located and picked up a mug, placed it into the coffee machine, toggled the coffee machine off and then on, and then announced the task was done, implying the coffee was made.\n2. score=0.77; 2024/09/21 08:46:20 - 08:47:40: Goal: Pickup(Mug_1) Visual observation: Mug_1, Vase_0, Vase_1, Shelf_0, Shelf_1, Shelf_2, ShelvingUnit, Floor Shelf_0, ShelvingUnit, Vase_0 are in/on Floor Speech: 2024-09-21 08:46:20.579633: make a cup of coffee 2024-09...\n3. score=0.77; 2024/09/21 08:47:41 - 08:47:51: Goal: Place(CoffeeMachine) Visual observation: Mug_1, Cup_1 [filled], StoveBurner_0, StoveBurner_1, StoveBurner_2, Cabinet_1, StoveBurner_3, Drawer_1, Cabinet_2, CounterTop_2, Knife, StoveKnob_0, StoveKnob_1 [toggled], S...\n4. score=0.77; 2024/09/21 08:47:55 - 08:47:55: Goal: ToggleOff(CoffeeMachine) Visual observation: Mug_1 [filled], Cup_1 [filled], StoveBurner_0, StoveBurner_1, StoveBurner_2, Cabinet_1, StoveBurner_3, Drawer_1, Cabinet_2, CounterTop_2, Knife, StoveKnob_0, StoveKnob_1...\n5. score=0.77; 2024/09/21 08:47:57 - 08:47:57: Goal: ToggleOn(CoffeeMachine) Visual observation: Mug_1 [filled], Cup_1 [filled], StoveBurner_0, StoveBurner_1, StoveBurner_2, Cabinet_1, StoveBurner_3, Drawer_1, Cabinet_2, CounterTop_2, Knife, StoveKnob_0, StoveKnob_1...\n6. score=0.77; 2024/09/21 08:48:00 - 08:48:00: Goal: Say("done") Visual observation: Mug_1 [filled], Cup_1 [filled], StoveBurner_0, StoveBurner_1, StoveBurner_2, Cabinet_1, StoveBurner_3, Drawer_1, Cabinet_2, CounterTop_2, Knife, StoveKnob_0, StoveKnob_1 [toggled], S...\n7. score=0.70; 2024/09/21 08:46:20 - 08:48:00: On September 21, I prepared a cup of coffee using the coffee machine.\n8. score=0.16; 2024/09/19 - 2024/10/11: Over the past few weeks, I have consistently managed household tasks by preparing various meals, brewing coffee, and cleaning kitchenware. I also maintained the living space by organizing items like remotes and pillows,...\nRecommended answer: I was instructed to make a cup of coffee. I located and picked up a mug, placed it into the coffee machine, toggled the coffee machine off and then on, and then announced the task was done, implying the coffee was made. Goal: Pickup(Mug_1) Visual observation: Mug_1, Vase_0, Vase_1, Shelf_0, Shelf_1, Shelf_2, ShelvingUnit, Floor Shelf_0, ShelvingUnit, Vase_0 are in/on Floor Speech: 2024-09-21 08:46:20.579633: make a cup of coffee 2024-09... Goal: Place(CoffeeMachine) Visual observation: Mug_1, Cup_1 [filled], StoveBurner_0, StoveBurner_1, StoveBurner_2, Cabinet_1, StoveBurner_3, Drawer_1, Cabinet_2, CounterTop_2, Knife, StoveKnob_0, StoveKnob_1 [toggled], S... Goal: ToggleOff(CoffeeMachine) Visual observation: Mug_1 [filled], Cup_1 [filled], StoveBurner_0, StoveBurner_1, StoveBurner_2, Cabinet_1, StoveBurner_3, Drawer_1, Cabinet_2, CounterTop_2, Knife, StoveKnob_0, StoveKnob_1...'"""

**HumanMessage**:
"""Current state:
2024/09/19 - 2024/10/11: "Over the past few weeks, I have consistently managed household tasks by preparing various meals, brewing coffee, and cleaning kitchenware. I also maintained the living space by organizing items like remotes and pillows, watering houseplants, and keeping the area tidy."  
  ..."""
{}
command: answer(reasoning="The user asked what I did 21 days ago. I used the `date_lookup` tool to find records for September 21, 2024. The tool returned a clear summary of me making a cup of coffee on that day.", answer="On September 21, 2024, I was instructed to make a cup of coffee. I located and picked up a mug, placed it into the coffee machine, toggled the coffee
expected output: 


 ============================== 


eval answer(reasoning="The user asked what I did 21 days ago. I used the `date_lookup` tool to find records for September 21, 2024. The tool returned a clear summary of me making a cup of coffee on that day.", answer="On September 21, 2024, I was instructed to make a cup of coffee. I located and picked up a mug, placed it into the coffee machine, toggled the coffee


 ============================== 


eval answer(reasoning="The user asked what I did 21 days ago. I used the `date_lookup` tool to find records for September 21, 2024. The tool returned a clear summary of me making a cup of coffee on that day.", answer="On September 21, 2024, I was instructed to make a cup of coffee. I located and picked up a mug, placed it into the coffee machine, toggled the coffee


 ============================== 




answer(reasoning="The user asked what I did 21 days ago. I used the `date_lookup` tool to find records for September 21, 2024. The tool returned a clear summary of me making a cup of coffee on that day.", answer="On September 21, 2024, I was instructed to make a cup of coffee. I located and picked up a mug, placed it into the coffee machine, toggled the coffee

[结构化回退] answer(...) 语法错误，返回结构化推荐答案
Tokens Used: 3473
	Prompt Tokens: 2709
	Completion Tokens: 764
Successful Requests: 1
Total Cost (USD): $0.0
