Warning: You are sending unauthenticated requests to the HF Hub. Please set a HF_TOKEN to enable higher rate limits and faster downloads.
[Checkpoint] loaded 0 result(s) from experiments/results/teach/smoke/task_tools_h15_n15.jsonl / experiments/results/teach/smoke/task_tools_h15_n15.json
[Checkpoint] retrying 0 previous error/empty result(s)
Evaluating sample 4daa22a98372b4dc_b7f3-0d600126a7947365_cac4-4894b649dd8835b9_4114-c66573f82df8618c_aad3-9539c0004762d6a8_2eee-c7cc40993ef8468b_3e7b-a34587068555c05e_5f77-9d1c053084e66e7b_dc9f-d8a90d9ef359737a_f2e9-95fa7bceaa0f3fed_bcb2-4e8496b9f642bba0_36f1-ce0a11d25e229099_8adc-f2f6723ebab1e6a2_6bea-2b5a33d4908ee77d_20f6-024a0b4be011b085_ff45-0-sequence_of_task_descs
Loading weights:   0%|          | 0/199 [00:00<?, ?it/s]Loading weights: 100%|██████████| 199/199 [00:00<00:00, 5286.65it/s]
[1mMPNetModel LOAD REPORT[0m from: sentence-transformers/all-mpnet-base-v2
Key                     | Status     |  | 
------------------------+------------+--+-
embeddings.position_ids | UNEXPECTED |  | 

Notes:
- UNEXPECTED:	can be ignored when loading from different task/architecture; not ok if you expect identical arch.
/home/user22303471/Project/Active-H-EMV/llm_emv/setup.py:226: FutureWarning: The `get_sentence_embedding_dimension` method has been renamed to `get_embedding_dimension`.
  filter_kwargs['_embedding_dim'] = embedding_model.get_sentence_embedding_dimension()
/home/user22303471/Project/Active-H-EMV/llm_emv/setup.py:183: FutureWarning: The `get_sentence_embedding_dimension` method has been renamed to `get_embedding_dimension`.
  result = torch.empty(len(texts), embedding_model.get_sentence_embedding_dimension(),
[配置] 启用 FAISS 加速，索引类型: flat
[GraphAug] 开始构建记忆图...
[MemoryGraph] 收集到 1658 个事件节点
[MemoryGraph] 时间相邻边: 1328
[MemoryGraph] 共享物体边: 4394
[MemoryGraph] 唯一动作数: 157, 相似动作对: 129
[MemoryGraph] 相似动作边: 452
[MemoryGraph] 图构建完成: {'num_nodes': 1658, 'num_edges': 6174, 'edges_temporal_adjacent': 1328, 'edges_co_object': 4394, 'edges_similar_action': 452}
[GraphAug] 记忆图构建完成
Got 0 examples


 ============================== 


eval task_list()
Updated/Defined variables after execution: {}

**SystemMessage**:
"""You are a smart humanoid robot answering user question about your past actions.
The history object contains information on what you did in the past, represented as a tree.
Use the method expand to look at details of a node.
Make sure to use collapse_all_but(idx) when you expanded irrelevant nodes, in order to keep the tree compact.
Enter Python expressions into the console to see the value and decide for the next command based on that result.
Answer concisely by calling answer(reasoning="...", answer="...") when you gathered enough information to answer the question.
Generate syntactically correct python console statements only, no explanations or other natural language statements.
IMPORTANT: If search() returns "No relevant records found", your next command MUST be answer(reasoning="No relevant record was found.", answer="I have no record of that."). Do not search synonyms, do not expand further, and do not call vqa.
IMPORTANT: If you get "Nothing changed" twice, answer honestly that you have no record. Do NOT keep searching repeatedly. For just-before/just-after questions, first try one broader target search or inspect another relevant top-level time block before giving up.
For object yes/no questions, first use object_lookup("object name"). If it reports no matching summary, answer "No, I have no record of that." Do not call vqa unless you already have a directly relevant leaf image.
For task-list questions such as "List the tasks you performed", first use task_list(). Prefer its chronological candidates instead of manually expanding the whole tree.
For task-description questions such as "describe what you did when you X", first use task_lookup("X"). Prefer its matching task candidates instead of manually expanding the whole tree.
For exact date/time questions or "N days ago" questions asking what happened, first use date_lookup(question). Prefer its Recommended answer when it is confident instead of manually expanding by date.
For "How many days ago did you X?" questions, first use event_date_lookup(question). If it lists multiple days, include all of them in the final answer instead of only the most recent match.
For just-before or just-after questions, first use temporal_neighbor(target_task, direction="before" or "after") if a candidate is not already shown. Prefer the returned Recommended answer when it is confident. Only then inspect adjacent sibling or temporal nodes. Avoid expanding to raw leaf observations unless the summary is insufficient.
Do not call vqa for time, date, task-list, before/after, or yes/no object-existence questions when textual summaries already answer the question. Use vqa only for explicit visual appearance questions such as color, visible state, or what something looks like.
Never output bare parameters such as reasoning="..." answer="...". Always call answer(reasoning="...", answer="...")."""

**HumanMessage**:
"""
def answer(reasoning: str = None, answer: str = Ellipsis)
def ask(question: str)
def date_lookup(query: str, max_matches: int = 8) -> str # For exact date/time or N-days-ago questions, list matching history summaries directly
def event_date_lookup(query: str, max_matches: int = 12) -> str # For "how many days ago did you X" questions, find all matching event dates directly
def now() -> datetime.datetime
def object_lookup(object_name: str, max_matches: int = 8) -> str # For object yes/no questions, check whether task summaries mention the object
def task_list(max_tasks: int = 30) -> str # For task-list questions, list task-sized history summaries in chronological order
def task_lookup(query: str, max_matches: int = 8) -> str # For task-description questions, list task-sized summaries matching a query
def temporal_neighbor(target_task: str, direction: str = 'before', max_candidates: int = 6) -> str # For just-before/just-after questions, find the target task and return adjacent task candidates
def vqa(question: str, *images: PIL.Image.Image)
"""

**HumanMessage**:
"""Usage examples:
>>> history.expand()  # Shows the history tree with all child nodes expanded
>>> history.expand(date(2021, 12, 20))  # Expand the children that overlap with the given day
>>> history.expand(now() - timedelta(hours=6), now() - timedelta(hours=4))  # Expand all children that overlap with the given range (in this example "about 5 hours ago")
>>> history.expand((now() - timedelta(days=2)).date())  # Expand all children that overlap with the day before yesterday
>>> history.expand(0)  # Shows child node 0
>>> history[0].expand()  # Expands all child nodes of node 0 (node 0 must be expanded already to see them)
>>> history[5][2].expand()  # Shows child node 2 of child node 5 with all its child nodes expanded
>>> history.search("green cup") # Semantic index search. Expands the most relevant children according to similarity of the natural language query and the node's (recursively defined) index content.
>>> history[1][42].search("bicycle") # Semantic index search on some node further down the tree. Expands the children of node 1.42 most relevant to the search term
>>> history[3].collapse_all_but(1); history[3][1].expand()  # Zooms into details of child node 3.1 while collapsing all other childs of node 3
>>> vqa("What color is the ... in this image?",
...     history[2][4][-1][0].image)  # Invoke a model to answer a visual question about image(s) of some leaf (!) node(s)

# After gathering the relevant information, answer the question:
# Optionally, provide a reasoning on why you choose the respective answer
>>> answer(reasoning="...", answer="...")"""

**HumanMessage**:
"""User question: List the tasks you performed."""

**AIMessage**:
"""task_list()"""

**HumanMessage**:
"""'Task list candidates in chronological order:\n1. 2024/03/10 09:02:17 - 09:03:52: I moved two newspapers from the sofa and the floor to the side table as requested by the user, completing the task.\n2. 2024/03/10 14:47 - 14:57: I prepared a salad for the user by slicing lettuce, cooking potato slices in the microwave, and assembling all the ingredients on a plate retrieved from the cabinet.\n3. 2024/03/10 17:04 - 17:19: I cleaned the drinkware by first rinsing the sink, then clearing out a mug and a credit card from the sink to the countertop. Afterwards, I moved a dirty cup from the stove to the sink and rinsed it.\n4. 2024/03/11 11:08:00 - 11:10:48: I began preparing a salad by retrieving lettuce and tomatoes, slicing them, and placing the initial ingredients onto a plate.\n5. 2024/03/11 11:10:52 - 11:13:10: I then prepared the potato by slicing it and cooking two slices in the microwave. Finally, I added the cooked potato to the salad plate and completed the task for the user.\n6. 2024/03/11 17:10 - 17:13: I was instructed to clean the drinkware. I picked up a dirty cup from the counter, brought it to the sink, and placed it in the basin. I then retrieved a dirty mug from the counter and also placed it in the sink. Finally, I turned the fauce...\n7. 2024/03/12 09:56 - 10:01: I sliced and cooked two potato slices in the microwave, then washed a dirty bowl and placed the cooked slices into it to complete the task.\n8. 2024/03/12 18:18:53 - 18:21:43: I cleaned the plates as instructed. This involved moving a salt shaker to access the items, washing a dirty plate in the sink, and placing it back on the countertop.\n9. 2024/03/13 10:31 - 10:37: I cleaned a mug in the sink, used it to water a houseplant, and then acknowledged that the task was complete.\n10. 2024/03/13 13:33 - 13:38: I prepared a piece of toast by retrieving bread from the shelf, slicing it, and toasting it. While the bread toasted, I prepared a plate and then served the finished toast on it as requested.\n11. 2024/03/13 17:30 - 17:49: I prepared a meal by first making coffee and slicing bread and tomato. After receiving updated instructions to focus on lettuce, tomato, and potato, I sliced the lettuce and potato, cooked the potato slices on the stove, and finally assembl...\n12. 2024/03/14 10:30:25 - 10:32:08: As instructed, I placed two slices of the cooked potato into a clean bowl and confirmed completion of the task.\n13. 2024/03/15 10:59 - 11:21: I prepared breakfast by first making coffee, then gathering ingredients like an egg, lettuce, tomato, and potato. I sliced the vegetables, cooked potato slices in the microwave, and then assembled the breakfast by placing the cooked potato...\n14. 2024/03/15 14:36 - 14:39: I began the task of watering a plant by first moving a statue to the countertop. I then searched for a container, moving a bowl around the countertops, before eventually picking up another bowl, filling it from the sink, and using it to wat...\n15. 2024/03/16 10:59:01 - 11:00:36: I cleaned the first mug by rinsing it in the sink, washing it with the faucet, and placing it on the countertop.\n16. 2024/03/16 19:27:13 - 19:29:35: I received instructions to water a plant. I picked up a pot filled with water and poured it onto the houseplant.\nRecommended answer: I moved two newspapers from the sofa and the floor to the side table as requested by the user, completing the task.; I prepared a salad for the user by slicing lettuce, cooking potato slices in the microwave, and assembling all the ingre...; I cleaned the drinkware by first rinsing the sink, then clearing out a mug and a credit card from the sink to the counte...; I began preparing a salad by retrieving lettuce and tomatoes, slicing them, and placing the initial ingredients onto a p...; I then prepared the potato by slicing it and cooking two slices in the microwave. Finally, I added the cooked potato to...; I was instructed to clean the drinkware. I picked up a dirty cup from the counter, brought it to the sink, and placed it...; I sliced and cooked two potato slices in the microwave, then washed a dirty bowl and placed the cooked slices into it to...; I cleaned the plates as instructed. This involved moving a salt shaker to access the items, washing a dirty plate in the...; I cleaned a mug in the sink, used it to water a houseplant, and then acknowledged that the task was complete.; I prepared a piece of toast by retrieving bread from the shelf, slicing it, and toasting it. While the bread toasted, I...; I prepared a meal by first making coffee and slicing bread and tomato. After receiving updated instructions to focus on...; As instructed, I placed two slices of the cooked potato into a clean bowl and confirmed completion of the task.; I prepared breakfast by first making coffee, then gathering ingredients like an egg, lettuce, tomato, and potato. I slic...; I began the task of watering a plant by first moving a statue to the countertop. I then searched for a container, moving...; I cleaned the first mug by rinsing it in the sink, washing it with the faucet, and placing it on the countertop.; I received instructions to water a plant. I picked up a pot filled with water and poured it onto the houseplant.'"""

**HumanMessage**:
"""Current state:
2024/03/10 - 2024/03/16: "From March 10th to 16th, I performed a variety of kitchen and household tasks, including preparing salads and potatoes, cleaning and organizing dishes, and managing morning routines such as making breakfast and watering houseplants."  
  ..."""
{}
command: answer(reasoning="The task_list() method provided a chronological list of tasks performed between 2024/03/10 and 2024/03/16.", answer="I performed the following tasks: \n1. Moved newspapers from the sofa and floor to the side table (2024/03/10).\n2. Prepared a salad by slicing lettuce and cooking potato slices (2024/03/10).\n3. Cleaned drinkware by rinsing the sink and washing a cup and mug (2024/03/10).\n4. Prepared another salad with lettuce and tomatoes (2024/03/11).\n5. Sliced and cooked potato slices for the salad (2024/03/11).\n6. Cleaned drinkware by moving a cup and mug to the sink (2024/03/11).\n7. Sliced, cooked potato slices, and washed a bowl (2024/03/12).\n8. Cleaned plates by washing a dirty plate in the sink (2024/03/12).\n9. Cleaned a mug and used it to water a houseplant (2024/03/13).\n10. Prepared toast by slicing and toasting bread (2024/03/13).\n11. Prepared a meal with coffee, bread, tomato, lettuce, and potato (2024/03/13).\n12. Placed cooked potato slices into a clean bowl (2024/03/14).\n13. Prepared breakfast with coffee and various vegetables (2024/03/15).\n14. Watered a plant using a bowl (2024/03/15).\n15. Cleaned a mug by rinsing it in the sink (2024/03/16).\n16. Watered a plant using a pot (2024/03/16).")
expected output: 


 ============================== 


eval answer(reasoning="The task_list() method provided a chronological list of tasks performed between 2024/03/10 and 2024/03/16.", answer="I performed the following tasks: \n1. Moved newspapers from the sofa and floor to the side table (2024/03/10).\n2. Prepared a salad by slicing lettuce and cooking potato slices (2024/03/10).\n3. Cleaned drinkware by rinsing the sink and washing a cup and mug (2024/03/10).\n4. Prepared another salad with lettuce and tomatoes (2024/03/11).\n5. Sliced and cooked potato slices for the salad (2024/03/11).\n6. Cleaned drinkware by moving a cup and mug to the sink (2024/03/11).\n7. Sliced, cooked potato slices, and washed a bowl (2024/03/12).\n8. Cleaned plates by washing a dirty plate in the sink (2024/03/12).\n9. Cleaned a mug and used it to water a houseplant (2024/03/13).\n10. Prepared toast by slicing and toasting bread (2024/03/13).\n11. Prepared a meal with coffee, bread, tomato, lettuce, and potato (2024/03/13).\n12. Placed cooked potato slices into a clean bowl (2024/03/14).\n13. Prepared breakfast with coffee and various vegetables (2024/03/15).\n14. Watered a plant using a bowl (2024/03/15).\n15. Cleaned a mug by rinsing it in the sink (2024/03/16).\n16. Watered a plant using a pot (2024/03/16).")
Answering /home/user22303471/Project/Active-H-EMV/llm_emv/setup.py:226: FutureWarning: The `get_sentence_embedding_dimension` method has been renamed to `get_embedding_dimension`.
  filter_kwargs['_embedding_dim'] = embedding_model.get_sentence_embedding_dimension()
/home/user22303471/Project/Active-H-EMV/llm_emv/setup.py:183: FutureWarning: The `get_sentence_embedding_dimension` method has been renamed to `get_embedding_dimension`.
  result = torch.empty(len(texts), embedding_model.get_sentence_embedding_dimension(),
I performed the following tasks: 
1. Moved newspapers from the sofa and floor to the side table (2024/03/10).
2. Prepared a salad by slicing lettuce and cooking potato slices (2024/03/10).
3. Cleaned drinkware by rinsing the sink and washing a cup and mug (2024/03/10).
4. Prepared another salad with lettuce and tomatoes (2024/03/11).
5. Sliced and cooked potato slices for the salad (2024/03/11).
6. Cleaned drinkware by moving a cup and mug to the sink (2024/03/11).
7. Sliced, cooked potato slices, and washed a bowl (2024/03/12).
8. Cleaned plates by washing a dirty plate in the sink (2024/03/12).
9. Cleaned a mug and used it to water a houseplant (2024/03/13).
10. Prepared toast by slicing and toasting bread (2024/03/13).
11. Prepared a meal with coffee, bread, tomato, lettuce, and potato (2024/03/13).
12. Placed cooked potato slices into a clean bowl (2024/03/14).
13. Prepared breakfast with coffee and various vegetables (2024/03/15).
14. Watered a plant using a bowl (2024/03/15).
15. Cleaned a mug by rinsing it in the sink (2024/03/16).
16. Watered a plant using a pot (2024/03/16).  with reason: The task_list() method provided a chronological list of tasks performed between 2024/03/10 and 2024/03/16.
Tokens Used: 3349
	Prompt Tokens: 2889
	Completion Tokens: 460
Successful Requests: 1
Total Cost (USD): $0.0
Evaluating sample 4daa22a98372b4dc_b7f3-0d600126a7947365_cac4-4894b649dd8835b9_4114-c66573f82df8618c_aad3-9539c0004762d6a8_2eee-c7cc40993ef8468b_3e7b-a34587068555c05e_5f77-9d1c053084e66e7b_dc9f-d8a90d9ef359737a_f2e9-95fa7bceaa0f3fed_bcb2-4e8496b9f642bba0_36f1-ce0a11d25e229099_8adc-f2f6723ebab1e6a2_6bea-2b5a33d4908ee77d_20f6-024a0b4be011b085_ff45-0-seq_specific_shortened_low_actions
[配置] 启用 FAISS 加速，索引类型: flat
[GraphAug] 命中图缓存 (nodes=1658, edges=6174)
Got 0 examples


 ============================== 


eval task_lookup('make a salad')
Updated/Defined variables after execution: {}

**SystemMessage**:
"""You are a smart humanoid robot answering user question about your past actions.
The history object contains information on what you did in the past, represented as a tree.
Use the method expand to look at details of a node.
Make sure to use collapse_all_but(idx) when you expanded irrelevant nodes, in order to keep the tree compact.
Enter Python expressions into the console to see the value and decide for the next command based on that result.
Answer concisely by calling answer(reasoning="...", answer="...") when you gathered enough information to answer the question.
Generate syntactically correct python console statements only, no explanations or other natural language statements.
IMPORTANT: If search() returns "No relevant records found", your next command MUST be answer(reasoning="No relevant record was found.", answer="I have no record of that."). Do not search synonyms, do not expand further, and do not call vqa.
IMPORTANT: If you get "Nothing changed" twice, answer honestly that you have no record. Do NOT keep searching repeatedly. For just-before/just-after questions, first try one broader target search or inspect another relevant top-level time block before giving up.
For object yes/no questions, first use object_lookup("object name"). If it reports no matching summary, answer "No, I have no record of that." Do not call vqa unless you already have a directly relevant leaf image.
For task-list questions such as "List the tasks you performed", first use task_list(). Prefer its chronological candidates instead of manually expanding the whole tree.
For task-description questions such as "describe what you did when you X", first use task_lookup("X"). Prefer its matching task candidates instead of manually expanding the whole tree.
For exact date/time questions or "N days ago" questions asking what happened, first use date_lookup(question). Prefer its Recommended answer when it is confident instead of manually expanding by date.
For "How many days ago did you X?" questions, first use event_date_lookup(question). If it lists multiple days, include all of them in the final answer instead of only the most recent match.
For just-before or just-after questions, first use temporal_neighbor(target_task, direction="before" or "after") if a candidate is not already shown. Prefer the returned Recommended answer when it is confident. Only then inspect adjacent sibling or temporal nodes. Avoid expanding to raw leaf observations unless the summary is insufficient.
Do not call vqa for time, date, task-list, before/after, or yes/no object-existence questions when textual summaries already answer the question. Use vqa only for explicit visual appearance questions such as color, visible state, or what something looks like.
Never output bare parameters such as reasoning="..." answer="...". Always call answer(reasoning="...", answer="...")."""

**HumanMessage**:
"""
def answer(reasoning: str = None, answer: str = Ellipsis)
def ask(question: str)
def date_lookup(query: str, max_matches: int = 8) -> str # For exact date/time or N-days-ago questions, list matching history summaries directly
def event_date_lookup(query: str, max_matches: int = 12) -> str # For "how many days ago did you X" questions, find all matching event dates directly
def now() -> datetime.datetime
def object_lookup(object_name: str, max_matches: int = 8) -> str # For object yes/no questions, check whether task summaries mention the object
def task_list(max_tasks: int = 30) -> str # For task-list questions, list task-sized history summaries in chronological order
def task_lookup(query: str, max_matches: int = 8) -> str # For task-description questions, list task-sized summaries matching a query
def temporal_neighbor(target_task: str, direction: str = 'before', max_candidates: int = 6) -> str # For just-before/just-after questions, find the target task and return adjacent task candidates
def vqa(question: str, *images: PIL.Image.Image)
"""

**HumanMessage**:
"""Usage examples:
>>> history.expand()  # Shows the history tree with all child nodes expanded
>>> history.expand(date(2021, 12, 20))  # Expand the children that overlap with the given day
>>> history.expand(now() - timedelta(hours=6), now() - timedelta(hours=4))  # Expand all children that overlap with the given range (in this example "about 5 hours ago")
>>> history.expand((now() - timedelta(days=2)).date())  # Expand all children that overlap with the day before yesterday
>>> history.expand(0)  # Shows child node 0
>>> history[0].expand()  # Expands all child nodes of node 0 (node 0 must be expanded already to see them)
>>> history[5][2].expand()  # Shows child node 2 of child node 5 with all its child nodes expanded
>>> history.search("green cup") # Semantic index search. Expands the most relevant children according to similarity of the natural language query and the node's (recursively defined) index content.
>>> history[1][42].search("bicycle") # Semantic index search on some node further down the tree. Expands the children of node 1.42 most relevant to the search term
>>> history[3].collapse_all_but(1); history[3][1].expand()  # Zooms into details of child node 3.1 while collapsing all other childs of node 3
>>> vqa("What color is the ... in this image?",
...     history[2][4][-1][0].image)  # Invoke a model to answer a visual question about image(s) of some leaf (!) node(s)

# After gathering the relevant information, answer the question:
# Optionally, provide a reasoning on why you choose the respective answer
>>> answer(reasoning="...", answer="...")"""

**HumanMessage**:
"""User question: describe what you did when you make a salad."""

**AIMessage**:
"""task_lookup('make a salad')"""

**HumanMessage**:
/home/user22303471/Project/Active-H-EMV/llm_emv/setup.py:226: FutureWarning: The `get_sentence_embedding_dimension` method has been renamed to `get_embedding_dimension`.
  filter_kwargs['_embedding_dim'] = embedding_model.get_sentence_embedding_dimension()
/home/user22303471/Project/Active-H-EMV/llm_emv/setup.py:183: FutureWarning: The `get_sentence_embedding_dimension` method has been renamed to `get_embedding_dimension`.
  result = torch.empty(len(texts), embedding_model.get_sentence_embedding_dimension(),
""""Task lookup candidates for query='make a salad':\n1. score=0.59; 2024/03/10 14:47 - 14:57: I prepared a salad for the user by slicing lettuce, cooking potato slices in the microwave, and assembling all the ingredients on a plate retrieved from the cabinet.\n2. score=0.52; 2024/03/11 11:08:00 - 11:10:48: I began preparing a salad by retrieving lettuce and tomatoes, slicing them, and placing the initial ingredients onto a plate.\n3. score=0.38; 2024/03/11 11:10:52 - 11:13:10: I then prepared the potato by slicing it and cooking two slices in the microwave. Finally, I added the cooked potato to the salad plate and completed the task for the user.\n4. score=0.31; 2024/03/15 10:59 - 11:21: I prepared breakfast by first making coffee, then gathering ingredients like an egg, lettuce, tomato, and potato. I sliced the vegetables, cooked potato slices in the microwave, and then assembled the breakfast by placing the cooked potato...\nRecommended answer: I prepared a salad for the user by slicing lettuce, cooking potato slices in the microwave, and assembling all the ingre...; I began preparing a salad by retrieving lettuce and tomatoes, slicing them, and placing the initial ingredients onto a p...; I then prepared the potato by slicing it and cooking two slices in the microwave. Finally, I added the cooked potato to...""""

**HumanMessage**:
"""Current state:
2024/03/10 - 2024/03/16: "From March 10th to 16th, I performed a variety of kitchen and household tasks, including preparing salads and potatoes, cleaning and organizing dishes, and managing morning routines such as making breakfast and watering houseplants."  
  ..."""
{}
command: answer(reasoning="The task lookup provided a clear description of the salad preparation process across three related entries.", answer="I prepared a salad for the user by slicing lettuce, cooking potato slices in the microwave, and assembling all the ingredients on a plate retrieved from the cabinet. I began preparing a salad by retrieving lettuce and tomatoes, slicing them, and placing the initial ingredients onto a plate. I then prepared the potato by slicing it and cooking two slices in the microwave. Finally, I added the cooked potato to the salad plate and completed the task for the user.")
expected output: 


 ============================== 


eval answer(reasoning="The task lookup provided a clear description of the salad preparation process across three related entries.", answer="I prepared a salad for the user by slicing lettuce, cooking potato slices in the microwave, and assembling all the ingredients on a plate retrieved from the cabinet. I began preparing a salad by retrieving lettuce and tomatoes, slicing them, and placing the initial ingredients onto a plate. I then prepared the potato by slicing it and cooking two slices in the microwave. Finally, I added the cooked potato to the salad plate and completed the task for the user.")
Answering I prepared a salad for the user by slicing lettuce, cooking potato slices in the microwave, and assembling all the ingredients on a plate retrieved from the cabinet. I began preparing a salad by retrieving lettuce and tomatoes, slicing them, and placing the initial ingredients onto a plate. I then prepared the potato by slicing it and cooking two slices in the microwave. Finally, I added the cooked potato to the salad plate and completed the task for the user.  with reason: The task lookup provided a clear description of the salad preparation process across three related entries.
Tokens Used: 1968
	Prompt Tokens: 1792
	Completion Tokens: 176
Successful Requests: 1
Total Cost (USD): $0.0
Evaluating sample 4daa22a98372b4dc_b7f3-0d600126a7947365_cac4-4894b649dd8835b9_4114-c66573f82df8618c_aad3-9539c0004762d6a8_2eee-c7cc40993ef8468b_3e7b-a34587068555c05e_5f77-9d1c053084e66e7b_dc9f-d8a90d9ef359737a_f2e9-95fa7bceaa0f3fed_bcb2-4e8496b9f642bba0_36f1-ce0a11d25e229099_8adc-f2f6723ebab1e6a2_6bea-2b5a33d4908ee77d_20f6-024a0b4be011b085_ff45-0-seq_right_after_questions
[配置] 启用 FAISS 加速，索引类型: flat
[GraphAug] 命中图缓存 (nodes=1658, edges=6174)
Got 0 examples


 ============================== 


eval temporal_neighbor('clean all the mugs', direction='after')
Updated/Defined variables after execution: {}

**SystemMessage**:
"""You are a smart humanoid robot answering user question about your past actions.
The history object contains information on what you did in the past, represented as a tree.
Use the method expand to look at details of a node.
Make sure to use collapse_all_but(idx) when you expanded irrelevant nodes, in order to keep the tree compact.
Enter Python expressions into the console to see the value and decide for the next command based on that result.
Answer concisely by calling answer(reasoning="...", answer="...") when you gathered enough information to answer the question.
Generate syntactically correct python console statements only, no explanations or other natural language statements.
IMPORTANT: If search() returns "No relevant records found", your next command MUST be answer(reasoning="No relevant record was found.", answer="I have no record of that."). Do not search synonyms, do not expand further, and do not call vqa.
IMPORTANT: If you get "Nothing changed" twice, answer honestly that you have no record. Do NOT keep searching repeatedly. For just-before/just-after questions, first try one broader target search or inspect another relevant top-level time block before giving up.
For object yes/no questions, first use object_lookup("object name"). If it reports no matching summary, answer "No, I have no record of that." Do not call vqa unless you already have a directly relevant leaf image.
For task-list questions such as "List the tasks you performed", first use task_list(). Prefer its chronological candidates instead of manually expanding the whole tree.
For task-description questions such as "describe what you did when you X", first use task_lookup("X"). Prefer its matching task candidates instead of manually expanding the whole tree.
For exact date/time questions or "N days ago" questions asking what happened, first use date_lookup(question). Prefer its Recommended answer when it is confident instead of manually expanding by date.
For "How many days ago did you X?" questions, first use event_date_lookup(question). If it lists multiple days, include all of them in the final answer instead of only the most recent match.
For just-before or just-after questions, first use temporal_neighbor(target_task, direction="before" or "after") if a candidate is not already shown. Prefer the returned Recommended answer when it is confident. Only then inspect adjacent sibling or temporal nodes. Avoid expanding to raw leaf observations unless the summary is insufficient.
Do not call vqa for time, date, task-list, before/after, or yes/no object-existence questions when textual summaries already answer the question. Use vqa only for explicit visual appearance questions such as color, visible state, or what something looks like.
Never output bare parameters such as reasoning="..." answer="...". Always call answer(reasoning="...", answer="...")."""

**HumanMessage**:
/home/user22303471/Project/Active-H-EMV/llm_emv/setup.py:226: FutureWarning: The `get_sentence_embedding_dimension` method has been renamed to `get_embedding_dimension`.
  filter_kwargs['_embedding_dim'] = embedding_model.get_sentence_embedding_dimension()
/home/user22303471/Project/Active-H-EMV/llm_emv/setup.py:183: FutureWarning: The `get_sentence_embedding_dimension` method has been renamed to `get_embedding_dimension`.
  result = torch.empty(len(texts), embedding_model.get_sentence_embedding_dimension(),
"""
def answer(reasoning: str = None, answer: str = Ellipsis)
def ask(question: str)
def date_lookup(query: str, max_matches: int = 8) -> str # For exact date/time or N-days-ago questions, list matching history summaries directly
def event_date_lookup(query: str, max_matches: int = 12) -> str # For "how many days ago did you X" questions, find all matching event dates directly
def now() -> datetime.datetime
def object_lookup(object_name: str, max_matches: int = 8) -> str # For object yes/no questions, check whether task summaries mention the object
def task_list(max_tasks: int = 30) -> str # For task-list questions, list task-sized history summaries in chronological order
def task_lookup(query: str, max_matches: int = 8) -> str # For task-description questions, list task-sized summaries matching a query
def temporal_neighbor(target_task: str, direction: str = 'before', max_candidates: int = 6) -> str # For just-before/just-after questions, find the target task and return adjacent task candidates
def vqa(question: str, *images: PIL.Image.Image)
"""

**HumanMessage**:
"""Usage examples:
>>> history.expand()  # Shows the history tree with all child nodes expanded
>>> history.expand(date(2021, 12, 20))  # Expand the children that overlap with the given day
>>> history.expand(now() - timedelta(hours=6), now() - timedelta(hours=4))  # Expand all children that overlap with the given range (in this example "about 5 hours ago")
>>> history.expand((now() - timedelta(days=2)).date())  # Expand all children that overlap with the day before yesterday
>>> history.expand(0)  # Shows child node 0
>>> history[0].expand()  # Expands all child nodes of node 0 (node 0 must be expanded already to see them)
>>> history[5][2].expand()  # Shows child node 2 of child node 5 with all its child nodes expanded
>>> history.search("green cup") # Semantic index search. Expands the most relevant children according to similarity of the natural language query and the node's (recursively defined) index content.
>>> history[1][42].search("bicycle") # Semantic index search on some node further down the tree. Expands the children of node 1.42 most relevant to the search term
>>> history[3].collapse_all_but(1); history[3][1].expand()  # Zooms into details of child node 3.1 while collapsing all other childs of node 3
>>> vqa("What color is the ... in this image?",
...     history[2][4][-1][0].image)  # Invoke a model to answer a visual question about image(s) of some leaf (!) node(s)

# After gathering the relevant information, answer the question:
# Optionally, provide a reasoning on why you choose the respective answer
>>> answer(reasoning="...", answer="...")"""

**HumanMessage**:
"""User question: What task did you do just after clean all the mugs?"""

**AIMessage**:
"""temporal_neighbor('clean all the mugs', direction='after')"""

**HumanMessage**:
""""Temporal neighbor candidates for target='clean all the mugs', direction='after':\n1. score=0.93; target=2024/03/16 10:59:01 - 11:00:36: I cleaned the first mug by rinsing it in the sink, washing it with the faucet, and placing it on the countertop.; after=2024/03/16 11:00:49 - 11:01:32: I then started cleaning a second mug by placing it in the sink and washing it with the faucet.\n2. score=0.90; target=2024/03/16 11:00:49 - 11:01:32: I then started cleaning a second mug by placing it in the sink and washing it with the faucet.; no after sibling at this level\n3. score=0.85; target=2024/03/16 11:00:17 - 11:00:36: I then washed the mug by toggling the faucet on and off, then picked it up again, poured out any remaining water, and placed the clean mug on the countertop.; no after sibling at this level\n4. score=0.85; target=2024/03/16 10:59:01 - 11:01:32: I cleaned two mugs by rinsing them in the sink and washing them with the faucet, placing the first one on the countertop and leaving the second one in the sink.; after=2024/03/16 19:27:13 - 19:29:47: I watered a houseplant using a pot and then returned the pot to the countertop, finishing the task.\n5. score=0.83; target=2024/03/10 17:04 - 17:19: I cleaned the drinkware by first rinsing the sink, then clearing out a mug and a credit card from the sink to the countertop. Afterwards, I moved a dirty cup from the stove to the...; no after sibling at this level\n6. score=0.83; target=2024/03/16 10:59:01 - 11:00:14: I began cleaning the first mug by picking it up, pouring its contents into the sink, and placing it in the sink basin.; after=2024/03/16 11:00:17 - 11:00:36: I then washed the mug by toggling the faucet on and off, then picked it up again, poured out any remaining water, and placed the clean mug on the countertop.\nRecommended answer: I watered a houseplant using a pot and then returned the pot to the countertop, finishing the task.""""

**HumanMessage**:
"""Current state:
2024/03/10 - 2024/03/16: "From March 10th to 16th, I performed a variety of kitchen and household tasks, including preparing salads and potatoes, cleaning and organizing dishes, and managing morning routines such as making breakfast and watering houseplants."  
  ..."""
{}
command: answer(reasoning="The temporal neighbor search for 'clean all the mugs' identifies a task on 2024/03/16 where I cleaned two mugs (rinsing and washing them). The task immediately following this sequence was watering a houseplant.", answer="Just after cleaning the mugs, I watered a houseplant using a pot and then returned the pot to the countertop.")
expected output: 


 ============================== 


eval answer(reasoning="The temporal neighbor search for 'clean all the mugs' identifies a task on 2024/03/16 where I cleaned two mugs (rinsing and washing them). The task immediately following this sequence was watering a houseplant.", answer="Just after cleaning the mugs, I watered a houseplant using a pot and then returned the pot to the countertop.")
Answering Just after cleaning the mugs, I watered a houseplant using a pot and then returned the pot to the countertop.  with reason: The temporal neighbor search for 'clean all the mugs' identifies a task on 2024/03/16 where I cleaned two mugs (rinsing and washing them). The task immediately following this sequence was watering a houseplant.
Tokens Used: 2169
	Prompt Tokens: 2089
	Completion Tokens: 80
Successful Requests: 1
Total Cost (USD): $0.0
Evaluating sample 4daa22a98372b4dc_b7f3-0d600126a7947365_cac4-4894b649dd8835b9_4114-c66573f82df8618c_aad3-9539c0004762d6a8_2eee-c7cc40993ef8468b_3e7b-a34587068555c05e_5f77-9d1c053084e66e7b_dc9f-d8a90d9ef359737a_f2e9-95fa7bceaa0f3fed_bcb2-4e8496b9f642bba0_36f1-ce0a11d25e229099_8adc-f2f6723ebab1e6a2_6bea-2b5a33d4908ee77d_20f6-024a0b4be011b085_ff45-0-seq_right_before_questions
[配置] 启用 FAISS 加速，索引类型: flat
[GraphAug] 命中图缓存 (nodes=1658, edges=6174)
Got 0 examples


 ============================== 


eval temporal_neighbor('make a plate of toast', direction='before')
Updated/Defined variables after execution: {}

**SystemMessage**:
"""You are a smart humanoid robot answering user question about your past actions.
The history object contains information on what you did in the past, represented as a tree.
Use the method expand to look at details of a node.
Make sure to use collapse_all_but(idx) when you expanded irrelevant nodes, in order to keep the tree compact.
Enter Python expressions into the console to see the value and decide for the next command based on that result.
Answer concisely by calling answer(reasoning="...", answer="...") when you gathered enough information to answer the question.
Generate syntactically correct python console statements only, no explanations or other natural language statements.
IMPORTANT: If search() returns "No relevant records found", your next command MUST be answer(reasoning="No relevant record was found.", answer="I have no record of that."). Do not search synonyms, do not expand further, and do not call vqa.
IMPORTANT: If you get "Nothing changed" twice, answer honestly that you have no record. Do NOT keep searching repeatedly. For just-before/just-after questions, first try one broader target search or inspect another relevant top-level time block before giving up.
For object yes/no questions, first use object_lookup("object name"). If it reports no matching summary, answer "No, I have no record of that." Do not call vqa unless you already have a directly relevant leaf image.
For task-list questions such as "List the tasks you performed", first use task_list(). Prefer its chronological candidates instead of manually expanding the whole tree.
For task-description questions such as "describe what you did when you X", first use task_lookup("X"). Prefer its matching task candidates instead of manually expanding the whole tree.
For exact date/time questions or "N days ago" questions asking what happened, first use date_lookup(question). Prefer its Recommended answer when it is confident instead of manually expanding by date.
For "How many days ago did you X?" questions, first use event_date_lookup(question). If it lists multiple days, include all of them in the final answer instead of only the most recent match.
For just-before or just-after questions, first use temporal_neighbor(target_task, direction="before" or "after") if a candidate is not already shown. Prefer the returned Recommended answer when it is confident. Only then inspect adjacent sibling or temporal nodes. Avoid expanding to raw leaf observations unless the summary is insufficient.
Do not call vqa for time, date, task-list, before/after, or yes/no object-existence questions when textual summaries already answer the question. Use vqa only for explicit visual appearance questions such as color, visible state, or what something looks like.
Never output bare parameters such as reasoning="..." answer="...". Always call answer(reasoning="...", answer="...")."""

**HumanMessage**:
"""
def answer(reasoning: str = None, answer: str = Ellipsis)
def ask(question: str)
def date_lookup(query: str, max_matches: int = 8) -> str # For exact date/time or N-days-ago questions, list matching history summaries directly
def event_date_lookup(query: str, max_matches: int = 12) -> str # For "how many days ago did you X" questions, find all matching event dates directly
def now() -> datetime.datetime
def object_lookup(object_name: str, max_matches: int = 8) -> str # For object yes/no questions, check whether task summaries mention the object
def task_list(max_tasks: int = 30) -> str # For task-list questions, list task-sized history summaries in chronological order
def task_lookup(query: str, max_matches: int = 8) -> str # For task-description questions, list task-sized summaries matching a query
def temporal_neighbor(target_task: str, direction: str = 'before', max_candidates: int = 6) -> str # For just-before/just-after questions, find the target task and return adjacent task candidates
def vqa(question: str, *images: PIL.Image.Image)
"""

**HumanMessage**:
"""Usage examples:
>>> history.expand()  # Shows the history tree with all child nodes expanded
>>> history.expand(date(2021, 12, 20))  # Expand the children that overlap with the given day
>>> history.expand(now() - timedelta(hours=6), now() - timedelta(hours=4))  # Expand all children that overlap with the given range (in this example "about 5 hours ago")
>>> history.expand((now() - timedelta(days=2)).date())  # Expand all children that overlap with the day before yesterday
>>> history.expand(0)  # Shows child node 0
>>> history[0].expand()  # Expands all child nodes of node 0 (node 0 must be expanded already to see them)
>>> history[5][2].expand()  # Shows child node 2 of child node 5 with all its child nodes expanded
>>> history.search("green cup") # Semantic index search. Expands the most relevant children according to similarity of the natural language query and the node's (recursively defined) index content.
>>> history[1][42].search("bicycle") # Semantic index search on some node further down the tree. Expands the children of node 1.42 most relevant to the search term
>>> history[3].collapse_all_but(1); history[3][1].expand()  # Zooms into details of child node 3.1 while collapsing all other childs of node 3
>>> vqa("What color is the ... in this image?",
...     history[2][4][-1][0].image)  # Invoke a model to answer a visual question about image(s) of some leaf (!) node(s)

# After gathering the relevant information, answer the question:
# Optionally, provide a reasoning on why you choose the respective answer
>>> answer(reasoning="...", answer="...")"""

**HumanMessage**:
"""User question: What task did you do just before make a plate of toast?"""

**AIMessage**:
"""temporal_neighbor('make a plate of toast', direction='before')"""

**HumanMessage**:
""""Temporal neighbor candidates for target='make a plate of toast', direction='before':\n1. score=0.69; target=2024/03/13 13:36:04 - 13:38:14: While the bread was toasting, I was instructed to place it on a clean plate. I opened the fridge to find a plate, then moved both the plate and a paper towel roll to the countertop...; before=2024/03/13 13:35:18 - 13:36:03: Following the user's instruction to toast the bread, I picked up a slice and placed it into the toaster.\n2. score=0.66; target=2024/03/13 13:38:17 - 13:38:41: I picked up the cooked toast from the toaster and placed it onto the plate. The user then confirmed the task was successfully completed.; before=2024/03/13 13:36:04 - 13:38:14: While the bread was toasting, I was instructed to place it on a clean plate. I opened the fridge to find a plate, then moved both the plate and a paper towel roll to the countertop...\n3. score=0.66; target=2024/03/13 13:33 - 13:38: I prepared a piece of toast by retrieving bread from the shelf, slicing it, and toasting it. While the bread toasted, I prepared a plate and then served the finished toast on it as...; before=2024/03/13 10:31 - 10:37: I cleaned a mug in the sink, used it to water a houseplant, and then acknowledged that the task was complete.\n4. score=0.64; target=2024/03/15 10:59 - 11:21: I prepared breakfast by first making coffee, then gathering ingredients like an egg, lettuce, tomato, and potato. I sliced the vegetables, cooked potato slices in the microwave, an...; no before sibling at this level\n5. score=0.61; target=2024/03/13 17:39 - 17:43: I received updated instructions to focus on lettuce, tomato, and potato. I proceeded to slice the lettuce on the countertop, retrieved a potato from the sink, sliced it, and then c...; before=2024/03/13 17:38:13 - 17:38:54: I picked up a knife and used it to slice both the bread and the tomato, then placed a slice of bread into the toaster.\n6. score=0.59; target=2024/03/10 14:47 - 14:57: I prepared a salad for the user by slicing lettuce, cooking potato slices in the microwave, and assembling all the ingredients on a plate retrieved from the cabinet.; no before sibling at this level\nRecommended answer: I cleaned a mug in the sink, used it to water a houseplant, and then acknowledged that the task was complete.""""

**HumanMessage**:
/home/user22303471/Project/Active-H-EMV/llm_emv/setup.py:226: FutureWarning: The `get_sentence_embedding_dimension` method has been renamed to `get_embedding_dimension`.
  filter_kwargs['_embedding_dim'] = embedding_model.get_sentence_embedding_dimension()
"""Current state:
2024/03/10 - 2024/03/16: "From March 10th to 16th, I performed a variety of kitchen and household tasks, including preparing salads and potatoes, cleaning and organizing dishes, and managing morning routines such as making breakfast and watering houseplants."  
  ..."""
{}
command: answer(reasoning="According to the temporal neighbor search, the task 'make a plate of toast' (which occurred on 2024/03/13 between 13:33 and 13:38) was preceded by a task where I cleaned a mug and watered a houseplant.", answer="Just before making a plate of toast, I cleaned a mug in the sink, used it to water a houseplant, and then acknowledged that the task was complete.")
expected output: 


 ============================== 


eval answer(reasoning="According to the temporal neighbor search, the task 'make a plate of toast' (which occurred on 2024/03/13 between 13:33 and 13:38) was preceded by a task where I cleaned a mug and watered a houseplant.", answer="Just before making a plate of toast, I cleaned a mug in the sink, used it to water a houseplant, and then acknowledged that the task was complete.")
Answering Just before making a plate of toast, I cleaned a mug in the sink, used it to water a houseplant, and then acknowledged that the task was complete.  with reason: According to the temporal neighbor search, the task 'make a plate of toast' (which occurred on 2024/03/13 between 13:33 and 13:38) was preceded by a task where I cleaned a mug and watered a houseplant.
Tokens Used: 2275
	Prompt Tokens: 2173
	Completion Tokens: 102
Successful Requests: 1
Total Cost (USD): $0.0
Evaluating sample 4daa22a98372b4dc_b7f3-0d600126a7947365_cac4-4894b649dd8835b9_4114-c66573f82df8618c_aad3-9539c0004762d6a8_2eee-c7cc40993ef8468b_3e7b-a34587068555c05e_5f77-9d1c053084e66e7b_dc9f-d8a90d9ef359737a_f2e9-95fa7bceaa0f3fed_bcb2-4e8496b9f642bba0_36f1-ce0a11d25e229099_8adc-f2f6723ebab1e6a2_6bea-2b5a33d4908ee77d_20f6-024a0b4be011b085_ff45-0-seq_simple_object_yes_no
[配置] 启用 FAISS 加速，索引类型: flat
[GraphAug] 命中图缓存 (nodes=1658, edges=6174)
Got 0 examples


 ============================== 


eval object_lookup('armchair')
Updated/Defined variables after execution: {}

**SystemMessage**:
"""You are a smart humanoid robot answering user question about your past actions.
The history object contains information on what you did in the past, represented as a tree.
Use the method expand to look at details of a node.
Make sure to use collapse_all_but(idx) when you expanded irrelevant nodes, in order to keep the tree compact.
Enter Python expressions into the console to see the value and decide for the next command based on that result.
Answer concisely by calling answer(reasoning="...", answer="...") when you gathered enough information to answer the question.
Generate syntactically correct python console statements only, no explanations or other natural language statements.
IMPORTANT: If search() returns "No relevant records found", your next command MUST be answer(reasoning="No relevant record was found.", answer="I have no record of that."). Do not search synonyms, do not expand further, and do not call vqa.
IMPORTANT: If you get "Nothing changed" twice, answer honestly that you have no record. Do NOT keep searching repeatedly. For just-before/just-after questions, first try one broader target search or inspect another relevant top-level time block before giving up.
For object yes/no questions, first use object_lookup("object name"). If it reports no matching summary, answer "No, I have no record of that." Do not call vqa unless you already have a directly relevant leaf image.
For task-list questions such as "List the tasks you performed", first use task_list(). Prefer its chronological candidates instead of manually expanding the whole tree.
For task-description questions such as "describe what you did when you X", first use task_lookup("X"). Prefer its matching task candidates instead of manually expanding the whole tree.
For exact date/time questions or "N days ago" questions asking what happened, first use date_lookup(question). Prefer its Recommended answer when it is confident instead of manually expanding by date.
For "How many days ago did you X?" questions, first use event_date_lookup(question). If it lists multiple days, include all of them in the final answer instead of only the most recent match.
For just-before or just-after questions, first use temporal_neighbor(target_task, direction="before" or "after") if a candidate is not already shown. Prefer the returned Recommended answer when it is confident. Only then inspect adjacent sibling or temporal nodes. Avoid expanding to raw leaf observations unless the summary is insufficient.
Do not call vqa for time, date, task-list, before/after, or yes/no object-existence questions when textual summaries already answer the question. Use vqa only for explicit visual appearance questions such as color, visible state, or what something looks like.
Never output bare parameters such as reasoning="..." answer="...". Always call answer(reasoning="...", answer="...")."""

**HumanMessage**:
"""
def answer(reasoning: str = None, answer: str = Ellipsis)
def ask(question: str)
def date_lookup(query: str, max_matches: int = 8) -> str # For exact date/time or N-days-ago questions, list matching history summaries directly
def event_date_lookup(query: str, max_matches: int = 12) -> str # For "how many days ago did you X" questions, find all matching event dates directly
def now() -> datetime.datetime
def object_lookup(object_name: str, max_matches: int = 8) -> str # For object yes/no questions, check whether task summaries mention the object
def task_list(max_tasks: int = 30) -> str # For task-list questions, list task-sized history summaries in chronological order
def task_lookup(query: str, max_matches: int = 8) -> str # For task-description questions, list task-sized summaries matching a query
def temporal_neighbor(target_task: str, direction: str = 'before', max_candidates: int = 6) -> str # For just-before/just-after questions, find the target task and return adjacent task candidates
def vqa(question: str, *images: PIL.Image.Image)
"""

**HumanMessage**:
"""Usage examples:
>>> history.expand()  # Shows the history tree with all child nodes expanded
>>> history.expand(date(2021, 12, 20))  # Expand the children that overlap with the given day
>>> history.expand(now() - timedelta(hours=6), now() - timedelta(hours=4))  # Expand all children that overlap with the given range (in this example "about 5 hours ago")
>>> history.expand((now() - timedelta(days=2)).date())  # Expand all children that overlap with the day before yesterday
>>> history.expand(0)  # Shows child node 0
>>> history[0].expand()  # Expands all child nodes of node 0 (node 0 must be expanded already to see them)
>>> history[5][2].expand()  # Shows child node 2 of child node 5 with all its child nodes expanded
>>> history.search("green cup") # Semantic index search. Expands the most relevant children according to similarity of the natural language query and the node's (recursively defined) index content.
>>> history[1][42].search("bicycle") # Semantic index search on some node further down the tree. Expands the children of node 1.42 most relevant to the search term
>>> history[3].collapse_all_but(1); history[3][1].expand()  # Zooms into details of child node 3.1 while collapsing all other childs of node 3
>>> vqa("What color is the ... in this image?",
...     history[2][4][-1][0].image)  # Invoke a model to answer a visual question about image(s) of some leaf (!) node(s)

# After gathering the relevant information, answer the question:
# Optionally, provide a reasoning on why you choose the respective answer
>>> answer(reasoning="...", answer="...")"""

**HumanMessage**:
"""User question: Was there an armchair ?"""

**AIMessage**:
"""object_lookup('armchair')"""

**HumanMessage**:
""""Object lookup for object='armchair':\nNo task-sized summaries mention this object.\nRecommended answer: No, I have no record of that.""""

**HumanMessage**:
/home/user22303471/Project/Active-H-EMV/llm_emv/setup.py:226: FutureWarning: The `get_sentence_embedding_dimension` method has been renamed to `get_embedding_dimension`.
  filter_kwargs['_embedding_dim'] = embedding_model.get_sentence_embedding_dimension()
"""Current state:
2024/03/10 - 2024/03/16: "From March 10th to 16th, I performed a variety of kitchen and household tasks, including preparing salads and potatoes, cleaning and organizing dishes, and managing morning routines such as making breakfast and watering houseplants."  
  ..."""
{}
command: answer(reasoning="The object lookup for 'armchair' returned no matching task-sized summaries and recommended a negative answer.", answer="No, I have no record of that.")
expected output: 


 ============================== 


eval answer(reasoning="The object lookup for 'armchair' returned no matching task-sized summaries and recommended a negative answer.", answer="No, I have no record of that.")
Answering No, I have no record of that.  with reason: The object lookup for 'armchair' returned no matching task-sized summaries and recommended a negative answer.
Tokens Used: 1485
	Prompt Tokens: 1448
	Completion Tokens: 37
Successful Requests: 1
Total Cost (USD): $0.0
Evaluating sample 4daa22a98372b4dc_b7f3-0d600126a7947365_cac4-4894b649dd8835b9_4114-c66573f82df8618c_aad3-9539c0004762d6a8_2eee-c7cc40993ef8468b_3e7b-a34587068555c05e_5f77-9d1c053084e66e7b_dc9f-d8a90d9ef359737a_f2e9-95fa7bceaa0f3fed_bcb2-4e8496b9f642bba0_36f1-ce0a11d25e229099_8adc-f2f6723ebab1e6a2_6bea-2b5a33d4908ee77d_20f6-024a0b4be011b085_ff45-0-seq_low_actions_to_episode_task_descs
[配置] 启用 FAISS 加速，索引类型: flat
[GraphAug] 命中图缓存 (nodes=1658, edges=6174)
Got 0 examples

**SystemMessage**:
"""You are a smart humanoid robot answering user question about your past actions.
The history object contains information on what you did in the past, represented as a tree.
Use the method expand to look at details of a node.
Make sure to use collapse_all_but(idx) when you expanded irrelevant nodes, in order to keep the tree compact.
Enter Python expressions into the console to see the value and decide for the next command based on that result.
Answer concisely by calling answer(reasoning="...", answer="...") when you gathered enough information to answer the question.
Generate syntactically correct python console statements only, no explanations or other natural language statements.
IMPORTANT: If search() returns "No relevant records found", your next command MUST be answer(reasoning="No relevant record was found.", answer="I have no record of that."). Do not search synonyms, do not expand further, and do not call vqa.
IMPORTANT: If you get "Nothing changed" twice, answer honestly that you have no record. Do NOT keep searching repeatedly. For just-before/just-after questions, first try one broader target search or inspect another relevant top-level time block before giving up.
For object yes/no questions, first use object_lookup("object name"). If it reports no matching summary, answer "No, I have no record of that." Do not call vqa unless you already have a directly relevant leaf image.
For task-list questions such as "List the tasks you performed", first use task_list(). Prefer its chronological candidates instead of manually expanding the whole tree.
For task-description questions such as "describe what you did when you X", first use task_lookup("X"). Prefer its matching task candidates instead of manually expanding the whole tree.
For exact date/time questions or "N days ago" questions asking what happened, first use date_lookup(question). Prefer its Recommended answer when it is confident instead of manually expanding by date.
For "How many days ago did you X?" questions, first use event_date_lookup(question). If it lists multiple days, include all of them in the final answer instead of only the most recent match.
For just-before or just-after questions, first use temporal_neighbor(target_task, direction="before" or "after") if a candidate is not already shown. Prefer the returned Recommended answer when it is confident. Only then inspect adjacent sibling or temporal nodes. Avoid expanding to raw leaf observations unless the summary is insufficient.
Do not call vqa for time, date, task-list, before/after, or yes/no object-existence questions when textual summaries already answer the question. Use vqa only for explicit visual appearance questions such as color, visible state, or what something looks like.
Never output bare parameters such as reasoning="..." answer="...". Always call answer(reasoning="...", answer="...")."""

**HumanMessage**:
"""
def answer(reasoning: str = None, answer: str = Ellipsis)
def ask(question: str)
def date_lookup(query: str, max_matches: int = 8) -> str # For exact date/time or N-days-ago questions, list matching history summaries directly
def event_date_lookup(query: str, max_matches: int = 12) -> str # For "how many days ago did you X" questions, find all matching event dates directly
def now() -> datetime.datetime
def object_lookup(object_name: str, max_matches: int = 8) -> str # For object yes/no questions, check whether task summaries mention the object
def task_list(max_tasks: int = 30) -> str # For task-list questions, list task-sized history summaries in chronological order
def task_lookup(query: str, max_matches: int = 8) -> str # For task-description questions, list task-sized summaries matching a query
def temporal_neighbor(target_task: str, direction: str = 'before', max_candidates: int = 6) -> str # For just-before/just-after questions, find the target task and return adjacent task candidates
def vqa(question: str, *images: PIL.Image.Image)
"""

**HumanMessage**:
"""Usage examples:
>>> history.expand()  # Shows the history tree with all child nodes expanded
>>> history.expand(date(2021, 12, 20))  # Expand the children that overlap with the given day
>>> history.expand(now() - timedelta(hours=6), now() - timedelta(hours=4))  # Expand all children that overlap with the given range (in this example "about 5 hours ago")
>>> history.expand((now() - timedelta(days=2)).date())  # Expand all children that overlap with the day before yesterday
>>> history.expand(0)  # Shows child node 0
>>> history[0].expand()  # Expands all child nodes of node 0 (node 0 must be expanded already to see them)
>>> history[5][2].expand()  # Shows child node 2 of child node 5 with all its child nodes expanded
>>> history.search("green cup") # Semantic index search. Expands the most relevant children according to similarity of the natural language query and the node's (recursively defined) index content.
>>> history[1][42].search("bicycle") # Semantic index search on some node further down the tree. Expands the children of node 1.42 most relevant to the search term
>>> history[3].collapse_all_but(1); history[3][1].expand()  # Zooms into details of child node 3.1 while collapsing all other childs of node 3
>>> vqa("What color is the ... in this image?",
...     history[2][4][-1][0].image)  # Invoke a model to answer a visual question about image(s) of some leaf (!) node(s)

# After gathering the relevant information, answer the question:
# Optionally, provide a reasoning on why you choose the respective answer
>>> answer(reasoning="...", answer="...")"""

**HumanMessage**:
"""User question: what task or tasks did you perform when you pick up the tomato?"""

**HumanMessage**:
"""Current state:
2024/03/10 - 2024/03/16: "From March 10th to 16th, I performed a variety of kitchen and household tasks, including preparing salads and potatoes, cleaning and organizing dishes, and managing morning routines such as making breakfast and watering houseplants."  
  ..."""
{}
LLM generated empty reply, increasing temperature to 0.3
LLM generated empty reply, returning an empty command
command: 
expected output: 

**SystemMessage**:
/home/user22303471/Project/Active-H-EMV/llm_emv/setup.py:183: FutureWarning: The `get_sentence_embedding_dimension` method has been renamed to `get_embedding_dimension`.
  result = torch.empty(len(texts), embedding_model.get_sentence_embedding_dimension(),
"""You are a smart humanoid robot answering user question about your past actions.
The history object contains information on what you did in the past, represented as a tree.
Use the method expand to look at details of a node.
Make sure to use collapse_all_but(idx) when you expanded irrelevant nodes, in order to keep the tree compact.
Enter Python expressions into the console to see the value and decide for the next command based on that result.
Answer concisely by calling answer(reasoning="...", answer="...") when you gathered enough information to answer the question.
Generate syntactically correct python console statements only, no explanations or other natural language statements.
IMPORTANT: If search() returns "No relevant records found", your next command MUST be answer(reasoning="No relevant record was found.", answer="I have no record of that."). Do not search synonyms, do not expand further, and do not call vqa.
IMPORTANT: If you get "Nothing changed" twice, answer honestly that you have no record. Do NOT keep searching repeatedly. For just-before/just-after questions, first try one broader target search or inspect another relevant top-level time block before giving up.
For object yes/no questions, first use object_lookup("object name"). If it reports no matching summary, answer "No, I have no record of that." Do not call vqa unless you already have a directly relevant leaf image.
For task-list questions such as "List the tasks you performed", first use task_list(). Prefer its chronological candidates instead of manually expanding the whole tree.
For task-description questions such as "describe what you did when you X", first use task_lookup("X"). Prefer its matching task candidates instead of manually expanding the whole tree.
For exact date/time questions or "N days ago" questions asking what happened, first use date_lookup(question). Prefer its Recommended answer when it is confident instead of manually expanding by date.
For "How many days ago did you X?" questions, first use event_date_lookup(question). If it lists multiple days, include all of them in the final answer instead of only the most recent match.
For just-before or just-after questions, first use temporal_neighbor(target_task, direction="before" or "after") if a candidate is not already shown. Prefer the returned Recommended answer when it is confident. Only then inspect adjacent sibling or temporal nodes. Avoid expanding to raw leaf observations unless the summary is insufficient.
Do not call vqa for time, date, task-list, before/after, or yes/no object-existence questions when textual summaries already answer the question. Use vqa only for explicit visual appearance questions such as color, visible state, or what something looks like.
Never output bare parameters such as reasoning="..." answer="...". Always call answer(reasoning="...", answer="...")."""

**HumanMessage**:
"""
def answer(reasoning: str = None, answer: str = Ellipsis)
def ask(question: str)
def date_lookup(query: str, max_matches: int = 8) -> str # For exact date/time or N-days-ago questions, list matching history summaries directly
def event_date_lookup(query: str, max_matches: int = 12) -> str # For "how many days ago did you X" questions, find all matching event dates directly
def now() -> datetime.datetime
def object_lookup(object_name: str, max_matches: int = 8) -> str # For object yes/no questions, check whether task summaries mention the object
def task_list(max_tasks: int = 30) -> str # For task-list questions, list task-sized history summaries in chronological order
def task_lookup(query: str, max_matches: int = 8) -> str # For task-description questions, list task-sized summaries matching a query
def temporal_neighbor(target_task: str, direction: str = 'before', max_candidates: int = 6) -> str # For just-before/just-after questions, find the target task and return adjacent task candidates
def vqa(question: str, *images: PIL.Image.Image)
"""

**HumanMessage**:
"""Usage examples:
>>> history.expand()  # Shows the history tree with all child nodes expanded
>>> history.expand(date(2021, 12, 20))  # Expand the children that overlap with the given day
>>> history.expand(now() - timedelta(hours=6), now() - timedelta(hours=4))  # Expand all children that overlap with the given range (in this example "about 5 hours ago")
>>> history.expand((now() - timedelta(days=2)).date())  # Expand all children that overlap with the day before yesterday
>>> history.expand(0)  # Shows child node 0
>>> history[0].expand()  # Expands all child nodes of node 0 (node 0 must be expanded already to see them)
>>> history[5][2].expand()  # Shows child node 2 of child node 5 with all its child nodes expanded
>>> history.search("green cup") # Semantic index search. Expands the most relevant children according to similarity of the natural language query and the node's (recursively defined) index content.
>>> history[1][42].search("bicycle") # Semantic index search on some node further down the tree. Expands the children of node 1.42 most relevant to the search term
>>> history[3].collapse_all_but(1); history[3][1].expand()  # Zooms into details of child node 3.1 while collapsing all other childs of node 3
>>> vqa("What color is the ... in this image?",
...     history[2][4][-1][0].image)  # Invoke a model to answer a visual question about image(s) of some leaf (!) node(s)

# After gathering the relevant information, answer the question:
# Optionally, provide a reasoning on why you choose the respective answer
>>> answer(reasoning="...", answer="...")"""

**HumanMessage**:
"""User question: what task or tasks did you perform when you pick up the tomato?"""

**HumanMessage**:
"""'Empty model reply. You must now generate exactly one valid Python console statement. If the history does not contain the requested record, call answer(reasoning="No relevant record was found.", answer="I have no record of that.").'"""

**HumanMessage**:
"""Current state:
2024/03/10 - 2024/03/16: "From March 10th to 16th, I performed a variety of kitchen and household tasks, including preparing salads and potatoes, cleaning and organizing dishes, and managing morning routines such as making breakfast and watering houseplants."  
  ..."""
{}
command: task_lookup("pick up the tomato")
expected output: 


 ============================== 


eval task_lookup("pick up the tomato")
Updated/Defined variables after execution: {}

**SystemMessage**:
"""You are a smart humanoid robot answering user question about your past actions.
The history object contains information on what you did in the past, represented as a tree.
Use the method expand to look at details of a node.
Make sure to use collapse_all_but(idx) when you expanded irrelevant nodes, in order to keep the tree compact.
Enter Python expressions into the console to see the value and decide for the next command based on that result.
Answer concisely by calling answer(reasoning="...", answer="...") when you gathered enough information to answer the question.
Generate syntactically correct python console statements only, no explanations or other natural language statements.
IMPORTANT: If search() returns "No relevant records found", your next command MUST be answer(reasoning="No relevant record was found.", answer="I have no record of that."). Do not search synonyms, do not expand further, and do not call vqa.
IMPORTANT: If you get "Nothing changed" twice, answer honestly that you have no record. Do NOT keep searching repeatedly. For just-before/just-after questions, first try one broader target search or inspect another relevant top-level time block before giving up.
For object yes/no questions, first use object_lookup("object name"). If it reports no matching summary, answer "No, I have no record of that." Do not call vqa unless you already have a directly relevant leaf image.
For task-list questions such as "List the tasks you performed", first use task_list(). Prefer its chronological candidates instead of manually expanding the whole tree.
For task-description questions such as "describe what you did when you X", first use task_lookup("X"). Prefer its matching task candidates instead of manually expanding the whole tree.
For exact date/time questions or "N days ago" questions asking what happened, first use date_lookup(question). Prefer its Recommended answer when it is confident instead of manually expanding by date.
For "How many days ago did you X?" questions, first use event_date_lookup(question). If it lists multiple days, include all of them in the final answer instead of only the most recent match.
For just-before or just-after questions, first use temporal_neighbor(target_task, direction="before" or "after") if a candidate is not already shown. Prefer the returned Recommended answer when it is confident. Only then inspect adjacent sibling or temporal nodes. Avoid expanding to raw leaf observations unless the summary is insufficient.
Do not call vqa for time, date, task-list, before/after, or yes/no object-existence questions when textual summaries already answer the question. Use vqa only for explicit visual appearance questions such as color, visible state, or what something looks like.
Never output bare parameters such as reasoning="..." answer="...". Always call answer(reasoning="...", answer="...")."""

**HumanMessage**:
"""
def answer(reasoning: str = None, answer: str = Ellipsis)
def ask(question: str)
def date_lookup(query: str, max_matches: int = 8) -> str # For exact date/time or N-days-ago questions, list matching history summaries directly
def event_date_lookup(query: str, max_matches: int = 12) -> str # For "how many days ago did you X" questions, find all matching event dates directly
def now() -> datetime.datetime
def object_lookup(object_name: str, max_matches: int = 8) -> str # For object yes/no questions, check whether task summaries mention the object
def task_list(max_tasks: int = 30) -> str # For task-list questions, list task-sized history summaries in chronological order
def task_lookup(query: str, max_matches: int = 8) -> str # For task-description questions, list task-sized summaries matching a query
def temporal_neighbor(target_task: str, direction: str = 'before', max_candidates: int = 6) -> str # For just-before/just-after questions, find the target task and return adjacent task candidates
def vqa(question: str, *images: PIL.Image.Image)
"""

**HumanMessage**:
"""Usage examples:
>>> history.expand()  # Shows the history tree with all child nodes expanded
>>> history.expand(date(2021, 12, 20))  # Expand the children that overlap with the given day
>>> history.expand(now() - timedelta(hours=6), now() - timedelta(hours=4))  # Expand all children that overlap with the given range (in this example "about 5 hours ago")
>>> history.expand((now() - timedelta(days=2)).date())  # Expand all children that overlap with the day before yesterday
>>> history.expand(0)  # Shows child node 0
>>> history[0].expand()  # Expands all child nodes of node 0 (node 0 must be expanded already to see them)
>>> history[5][2].expand()  # Shows child node 2 of child node 5 with all its child nodes expanded
>>> history.search("green cup") # Semantic index search. Expands the most relevant children according to similarity of the natural language query and the node's (recursively defined) index content.
>>> history[1][42].search("bicycle") # Semantic index search on some node further down the tree. Expands the children of node 1.42 most relevant to the search term
>>> history[3].collapse_all_but(1); history[3][1].expand()  # Zooms into details of child node 3.1 while collapsing all other childs of node 3
>>> vqa("What color is the ... in this image?",
...     history[2][4][-1][0].image)  # Invoke a model to answer a visual question about image(s) of some leaf (!) node(s)

# After gathering the relevant information, answer the question:
# Optionally, provide a reasoning on why you choose the respective answer
>>> answer(reasoning="...", answer="...")"""

**HumanMessage**:
"""User question: what task or tasks did you perform when you pick up the tomato?"""

**HumanMessage**:
"""'Empty model reply. You must now generate exactly one valid Python console statement. If the history does not contain the requested record, call answer(reasoning="No relevant record was found.", answer="I have no record of that.").'"""

**AIMessage**:
"""task_lookup("pick up the tomato")"""

**HumanMessage**:
/home/user22303471/Project/Active-H-EMV/llm_emv/setup.py:226: FutureWarning: The `get_sentence_embedding_dimension` method has been renamed to `get_embedding_dimension`.
  filter_kwargs['_embedding_dim'] = embedding_model.get_sentence_embedding_dimension()
""""Task lookup candidates for query='pick up the tomato':\n1. score=0.50; 2024/03/13 17:30 - 17:49: I prepared a meal by first making coffee and slicing bread and tomato. After receiving updated instructions to focus on lettuce, tomato, and potato, I sliced the lettuce and potato, cooked the potato slices on the stove, and finally assembl...\n2. score=0.50; 2024/03/10 14:47 - 14:57: I prepared a salad for the user by slicing lettuce, cooking potato slices in the microwave, and assembling all the ingredients on a plate retrieved from the cabinet.\n3. score=0.47; 2024/03/11 11:08:00 - 11:10:48: I began preparing a salad by retrieving lettuce and tomatoes, slicing them, and placing the initial ingredients onto a plate.\n4. score=0.47; 2024/03/11 11:10:52 - 11:13:10: I then prepared the potato by slicing it and cooking two slices in the microwave. Finally, I added the cooked potato to the salad plate and completed the task for the user.\n5. score=0.45; 2024/03/15 14:36 - 14:39: I began the task of watering a plant by first moving a statue to the countertop. I then searched for a container, moving a bowl around the countertops, before eventually picking up another bowl, filling it from the sink, and using it to wat...\n6. score=0.38; 2024/03/16 19:27:13 - 19:29:35: I received instructions to water a plant. I picked up a pot filled with water and poured it onto the houseplant.\n7. score=0.38; 2024/03/12 09:56 - 10:01: I sliced and cooked two potato slices in the microwave, then washed a dirty bowl and placed the cooked slices into it to complete the task.\n8. score=0.38; 2024/03/15 10:59 - 11:21: I prepared breakfast by first making coffee, then gathering ingredients like an egg, lettuce, tomato, and potato. I sliced the vegetables, cooked potato slices in the microwave, and then assembled the breakfast by placing the cooked potato...\nRecommended answer: I prepared a meal by first making coffee and slicing bread and tomato. After receiving updated instructions to focus on...; I prepared a salad for the user by slicing lettuce, cooking potato slices in the microwave, and assembling all the ingre...; I began preparing a salad by retrieving lettuce and tomatoes, slicing them, and placing the initial ingredients onto a p...""""

**HumanMessage**:
"""Current state:
2024/03/10 - 2024/03/16: "From March 10th to 16th, I performed a variety of kitchen and household tasks, including preparing salads and potatoes, cleaning and organizing dishes, and managing morning routines such as making breakfast and watering houseplants."  
  ..."""
{}
command: answer(reasoning="The task lookup identified several instances where I handled tomatoes, which implicitly includes picking them up.", answer="I prepared a meal by first making coffee and slicing bread and tomato. I also prepared a salad by retrieving lettuce and tomatoes, slicing them, and placing the initial ingredients onto a plate. Additionally, I gathered ingredients like an egg, lettuce, tomato, and potato for breakfast.")
expected output: 


 ============================== 


eval answer(reasoning="The task lookup identified several instances where I handled tomatoes, which implicitly includes picking them up.", answer="I prepared a meal by first making coffee and slicing bread and tomato. I also prepared a salad by retrieving lettuce and tomatoes, slicing them, and placing the initial ingredients onto a plate. Additionally, I gathered ingredients like an egg, lettuce, tomato, and potato for breakfast.")
Answering I prepared a meal by first making coffee and slicing bread and tomato. I also prepared a salad by retrieving lettuce and tomatoes, slicing them, and placing the initial ingredients onto a plate. Additionally, I gathered ingredients like an egg, lettuce, tomato, and potato for breakfast.  with reason: The task lookup identified several instances where I handled tomatoes, which implicitly includes picking them up.
Tokens Used: 5219
	Prompt Tokens: 5012
	Completion Tokens: 207
Successful Requests: 3
Total Cost (USD): $0.0
Evaluating sample 4daa22a98372b4dc_b7f3-0d600126a7947365_cac4-4894b649dd8835b9_4114-c66573f82df8618c_aad3-9539c0004762d6a8_2eee-c7cc40993ef8468b_3e7b-a34587068555c05e_5f77-9d1c053084e66e7b_dc9f-d8a90d9ef359737a_f2e9-95fa7bceaa0f3fed_bcb2-4e8496b9f642bba0_36f1-ce0a11d25e229099_8adc-f2f6723ebab1e6a2_6bea-2b5a33d4908ee77d_20f6-024a0b4be011b085_ff45-0-exact_time_to_episode
[配置] 启用 FAISS 加速，索引类型: flat
[GraphAug] 命中图缓存 (nodes=1658, edges=6174)
Got 0 examples


 ============================== 


eval date_lookup('what did you do on Mar 10, 2024 at 09:02 AM?')
Updated/Defined variables after execution: {}

**SystemMessage**:
"""You are a smart humanoid robot answering user question about your past actions.
The history object contains information on what you did in the past, represented as a tree.
Use the method expand to look at details of a node.
Make sure to use collapse_all_but(idx) when you expanded irrelevant nodes, in order to keep the tree compact.
Enter Python expressions into the console to see the value and decide for the next command based on that result.
Answer concisely by calling answer(reasoning="...", answer="...") when you gathered enough information to answer the question.
Generate syntactically correct python console statements only, no explanations or other natural language statements.
IMPORTANT: If search() returns "No relevant records found", your next command MUST be answer(reasoning="No relevant record was found.", answer="I have no record of that."). Do not search synonyms, do not expand further, and do not call vqa.
IMPORTANT: If you get "Nothing changed" twice, answer honestly that you have no record. Do NOT keep searching repeatedly. For just-before/just-after questions, first try one broader target search or inspect another relevant top-level time block before giving up.
For object yes/no questions, first use object_lookup("object name"). If it reports no matching summary, answer "No, I have no record of that." Do not call vqa unless you already have a directly relevant leaf image.
For task-list questions such as "List the tasks you performed", first use task_list(). Prefer its chronological candidates instead of manually expanding the whole tree.
For task-description questions such as "describe what you did when you X", first use task_lookup("X"). Prefer its matching task candidates instead of manually expanding the whole tree.
For exact date/time questions or "N days ago" questions asking what happened, first use date_lookup(question). Prefer its Recommended answer when it is confident instead of manually expanding by date.
For "How many days ago did you X?" questions, first use event_date_lookup(question). If it lists multiple days, include all of them in the final answer instead of only the most recent match.
For just-before or just-after questions, first use temporal_neighbor(target_task, direction="before" or "after") if a candidate is not already shown. Prefer the returned Recommended answer when it is confident. Only then inspect adjacent sibling or temporal nodes. Avoid expanding to raw leaf observations unless the summary is insufficient.
Do not call vqa for time, date, task-list, before/after, or yes/no object-existence questions when textual summaries already answer the question. Use vqa only for explicit visual appearance questions such as color, visible state, or what something looks like.
Never output bare parameters such as reasoning="..." answer="...". Always call answer(reasoning="...", answer="...")."""

**HumanMessage**:
/home/user22303471/Project/Active-H-EMV/llm_emv/setup.py:226: FutureWarning: The `get_sentence_embedding_dimension` method has been renamed to `get_embedding_dimension`.
  filter_kwargs['_embedding_dim'] = embedding_model.get_sentence_embedding_dimension()
"""
def answer(reasoning: str = None, answer: str = Ellipsis)
def ask(question: str)
def date_lookup(query: str, max_matches: int = 8) -> str # For exact date/time or N-days-ago questions, list matching history summaries directly
def event_date_lookup(query: str, max_matches: int = 12) -> str # For "how many days ago did you X" questions, find all matching event dates directly
def now() -> datetime.datetime
def object_lookup(object_name: str, max_matches: int = 8) -> str # For object yes/no questions, check whether task summaries mention the object
def task_list(max_tasks: int = 30) -> str # For task-list questions, list task-sized history summaries in chronological order
def task_lookup(query: str, max_matches: int = 8) -> str # For task-description questions, list task-sized summaries matching a query
def temporal_neighbor(target_task: str, direction: str = 'before', max_candidates: int = 6) -> str # For just-before/just-after questions, find the target task and return adjacent task candidates
def vqa(question: str, *images: PIL.Image.Image)
"""

**HumanMessage**:
"""Usage examples:
>>> history.expand()  # Shows the history tree with all child nodes expanded
>>> history.expand(date(2021, 12, 20))  # Expand the children that overlap with the given day
>>> history.expand(now() - timedelta(hours=6), now() - timedelta(hours=4))  # Expand all children that overlap with the given range (in this example "about 5 hours ago")
>>> history.expand((now() - timedelta(days=2)).date())  # Expand all children that overlap with the day before yesterday
>>> history.expand(0)  # Shows child node 0
>>> history[0].expand()  # Expands all child nodes of node 0 (node 0 must be expanded already to see them)
>>> history[5][2].expand()  # Shows child node 2 of child node 5 with all its child nodes expanded
>>> history.search("green cup") # Semantic index search. Expands the most relevant children according to similarity of the natural language query and the node's (recursively defined) index content.
>>> history[1][42].search("bicycle") # Semantic index search on some node further down the tree. Expands the children of node 1.42 most relevant to the search term
>>> history[3].collapse_all_but(1); history[3][1].expand()  # Zooms into details of child node 3.1 while collapsing all other childs of node 3
>>> vqa("What color is the ... in this image?",
...     history[2][4][-1][0].image)  # Invoke a model to answer a visual question about image(s) of some leaf (!) node(s)

# After gathering the relevant information, answer the question:
# Optionally, provide a reasoning on why you choose the respective answer
>>> answer(reasoning="...", answer="...")"""

**HumanMessage**:
"""User question: what did you do on Mar 10, 2024 at 09:02 AM?"""

**AIMessage**:
"""date_lookup('what did you do on Mar 10, 2024 at 09:02 AM?')"""

**HumanMessage**:
""""Date lookup for query='what did you do on Mar 10, 2024 at 09:02 AM?': resolved=2024/03/10 09:02:00.\n1. score=0.99; 2024/03/10 09:02:17 - 09:03:19: The user asked for their newspapers to be moved to the side table. I picked up the first newspaper from the sofa and placed it on the side table.\n2. score=0.92; 2024/03/10 09:02:17 - 09:03:52: I moved two newspapers from the sofa and the floor to the side table as requested by the user, completing the task.\n3. score=0.84; 2024/03/10 09:02:17 - 09:03:07: Goal: Pickup(Newspaper_0) Visual observation: RemoteControl_1, Newspaper_0, CellPhone_0, Shelf_4, Shelf_5, Shelf_8, Shelf_11, Sofa, Floor Sofa, Shelf_5 are in/on Floor CellPhone_0, RemoteControl_1, Newspaper_0 are in/on...\n4. score=0.35; 2024/03/10 09:02 - 17:19: On March 10th, I performed household chores including tidying newspapers in the morning and preparing a salad with sliced lettuce and cooked potatoes in the afternoon, followed by cleaning various drinkware.\n5. score=0.19; 2024/03/10 - 2024/03/11: On March 10th and 11th, I focused on preparing salads with lettuce, tomatoes, and potatoes, while also cleaning various mugs and cups in the sink.\n6. score=0.09; 2024/03/10 - 2024/03/16: From March 10th to 16th, I performed a variety of kitchen and household tasks, including preparing salads and potatoes, cleaning and organizing dishes, and managing morning routines such as making breakfast and watering...\nRecommended answer: The user asked for their newspapers to be moved to the side table. I picked up the first newspaper from the sofa and placed it on the side table.""""

**HumanMessage**:
"""Current state:
2024/03/10 - 2024/03/16: "From March 10th to 16th, I performed a variety of kitchen and household tasks, including preparing salads and potatoes, cleaning and organizing dishes, and managing morning routines such as making breakfast and watering houseplants."  
  ..."""
{}
command: answer(reasoning="The date_lookup function provided a direct answer for the specified date and time.", answer="The user asked for their newspapers to be moved to the side table. I picked up the first newspaper from the sofa and placed it on the side table.")
expected output: 


 ============================== 


eval answer(reasoning="The date_lookup function provided a direct answer for the specified date and time.", answer="The user asked for their newspapers to be moved to the side table. I picked up the first newspaper from the sofa and placed it on the side table.")
Answering The user asked for their newspapers to be moved to the side table. I picked up the first newspaper from the sofa and placed it on the side table.  with reason: The date_lookup function provided a direct answer for the specified date and time.
Tokens Used: 2139
	Prompt Tokens: 2011
	Completion Tokens: 128
Successful Requests: 1
Total Cost (USD): $0.0
Evaluating sample 4daa22a98372b4dc_b7f3-0d600126a7947365_cac4-4894b649dd8835b9_4114-c66573f82df8618c_aad3-9539c0004762d6a8_2eee-c7cc40993ef8468b_3e7b-a34587068555c05e_5f77-9d1c053084e66e7b_dc9f-d8a90d9ef359737a_f2e9-95fa7bceaa0f3fed_bcb2-4e8496b9f642bba0_36f1-ce0a11d25e229099_8adc-f2f6723ebab1e6a2_6bea-2b5a33d4908ee77d_20f6-024a0b4be011b085_ff45-0-tasks_to_exact_times
[配置] 启用 FAISS 加速，索引类型: flat
[GraphAug] 命中图缓存 (nodes=1658, edges=6174)
Got 0 examples

**SystemMessage**:
"""You are a smart humanoid robot answering user question about your past actions.
The history object contains information on what you did in the past, represented as a tree.
Use the method expand to look at details of a node.
Make sure to use collapse_all_but(idx) when you expanded irrelevant nodes, in order to keep the tree compact.
Enter Python expressions into the console to see the value and decide for the next command based on that result.
Answer concisely by calling answer(reasoning="...", answer="...") when you gathered enough information to answer the question.
Generate syntactically correct python console statements only, no explanations or other natural language statements.
IMPORTANT: If search() returns "No relevant records found", your next command MUST be answer(reasoning="No relevant record was found.", answer="I have no record of that."). Do not search synonyms, do not expand further, and do not call vqa.
IMPORTANT: If you get "Nothing changed" twice, answer honestly that you have no record. Do NOT keep searching repeatedly. For just-before/just-after questions, first try one broader target search or inspect another relevant top-level time block before giving up.
For object yes/no questions, first use object_lookup("object name"). If it reports no matching summary, answer "No, I have no record of that." Do not call vqa unless you already have a directly relevant leaf image.
For task-list questions such as "List the tasks you performed", first use task_list(). Prefer its chronological candidates instead of manually expanding the whole tree.
For task-description questions such as "describe what you did when you X", first use task_lookup("X"). Prefer its matching task candidates instead of manually expanding the whole tree.
For exact date/time questions or "N days ago" questions asking what happened, first use date_lookup(question). Prefer its Recommended answer when it is confident instead of manually expanding by date.
For "How many days ago did you X?" questions, first use event_date_lookup(question). If it lists multiple days, include all of them in the final answer instead of only the most recent match.
For just-before or just-after questions, first use temporal_neighbor(target_task, direction="before" or "after") if a candidate is not already shown. Prefer the returned Recommended answer when it is confident. Only then inspect adjacent sibling or temporal nodes. Avoid expanding to raw leaf observations unless the summary is insufficient.
Do not call vqa for time, date, task-list, before/after, or yes/no object-existence questions when textual summaries already answer the question. Use vqa only for explicit visual appearance questions such as color, visible state, or what something looks like.
Never output bare parameters such as reasoning="..." answer="...". Always call answer(reasoning="...", answer="...")."""

**HumanMessage**:
"""
def answer(reasoning: str = None, answer: str = Ellipsis)
def ask(question: str)
def date_lookup(query: str, max_matches: int = 8) -> str # For exact date/time or N-days-ago questions, list matching history summaries directly
def event_date_lookup(query: str, max_matches: int = 12) -> str # For "how many days ago did you X" questions, find all matching event dates directly
def now() -> datetime.datetime
def object_lookup(object_name: str, max_matches: int = 8) -> str # For object yes/no questions, check whether task summaries mention the object
def task_list(max_tasks: int = 30) -> str # For task-list questions, list task-sized history summaries in chronological order
def task_lookup(query: str, max_matches: int = 8) -> str # For task-description questions, list task-sized summaries matching a query
def temporal_neighbor(target_task: str, direction: str = 'before', max_candidates: int = 6) -> str # For just-before/just-after questions, find the target task and return adjacent task candidates
def vqa(question: str, *images: PIL.Image.Image)
"""

**HumanMessage**:
"""Usage examples:
>>> history.expand()  # Shows the history tree with all child nodes expanded
>>> history.expand(date(2021, 12, 20))  # Expand the children that overlap with the given day
>>> history.expand(now() - timedelta(hours=6), now() - timedelta(hours=4))  # Expand all children that overlap with the given range (in this example "about 5 hours ago")
>>> history.expand((now() - timedelta(days=2)).date())  # Expand all children that overlap with the day before yesterday
>>> history.expand(0)  # Shows child node 0
>>> history[0].expand()  # Expands all child nodes of node 0 (node 0 must be expanded already to see them)
>>> history[5][2].expand()  # Shows child node 2 of child node 5 with all its child nodes expanded
>>> history.search("green cup") # Semantic index search. Expands the most relevant children according to similarity of the natural language query and the node's (recursively defined) index content.
>>> history[1][42].search("bicycle") # Semantic index search on some node further down the tree. Expands the children of node 1.42 most relevant to the search term
>>> history[3].collapse_all_but(1); history[3][1].expand()  # Zooms into details of child node 3.1 while collapsing all other childs of node 3
>>> vqa("What color is the ... in this image?",
...     history[2][4][-1][0].image)  # Invoke a model to answer a visual question about image(s) of some leaf (!) node(s)

# After gathering the relevant information, answer the question:
# Optionally, provide a reasoning on why you choose the respective answer
>>> answer(reasoning="...", answer="...")"""

**HumanMessage**:
"""User question: When did you water the plant?"""

**HumanMessage**:
"""Current state:
2024/03/10 - 2024/03/16: "From March 10th to 16th, I performed a variety of kitchen and household tasks, including preparing salads and potatoes, cleaning and organizing dishes, and managing morning routines such as making breakfast and watering houseplants."  
  ..."""
{}
LLM generated empty reply, increasing temperature to 0.3
LLM generated empty reply, returning an empty command
command: 
expected output: 

**SystemMessage**:
/home/user22303471/Project/Active-H-EMV/llm_emv/setup.py:226: FutureWarning: The `get_sentence_embedding_dimension` method has been renamed to `get_embedding_dimension`.
  filter_kwargs['_embedding_dim'] = embedding_model.get_sentence_embedding_dimension()
/home/user22303471/Project/Active-H-EMV/llm_emv/setup.py:183: FutureWarning: The `get_sentence_embedding_dimension` method has been renamed to `get_embedding_dimension`.
  result = torch.empty(len(texts), embedding_model.get_sentence_embedding_dimension(),
"""You are a smart humanoid robot answering user question about your past actions.
The history object contains information on what you did in the past, represented as a tree.
Use the method expand to look at details of a node.
Make sure to use collapse_all_but(idx) when you expanded irrelevant nodes, in order to keep the tree compact.
Enter Python expressions into the console to see the value and decide for the next command based on that result.
Answer concisely by calling answer(reasoning="...", answer="...") when you gathered enough information to answer the question.
Generate syntactically correct python console statements only, no explanations or other natural language statements.
IMPORTANT: If search() returns "No relevant records found", your next command MUST be answer(reasoning="No relevant record was found.", answer="I have no record of that."). Do not search synonyms, do not expand further, and do not call vqa.
IMPORTANT: If you get "Nothing changed" twice, answer honestly that you have no record. Do NOT keep searching repeatedly. For just-before/just-after questions, first try one broader target search or inspect another relevant top-level time block before giving up.
For object yes/no questions, first use object_lookup("object name"). If it reports no matching summary, answer "No, I have no record of that." Do not call vqa unless you already have a directly relevant leaf image.
For task-list questions such as "List the tasks you performed", first use task_list(). Prefer its chronological candidates instead of manually expanding the whole tree.
For task-description questions such as "describe what you did when you X", first use task_lookup("X"). Prefer its matching task candidates instead of manually expanding the whole tree.
For exact date/time questions or "N days ago" questions asking what happened, first use date_lookup(question). Prefer its Recommended answer when it is confident instead of manually expanding by date.
For "How many days ago did you X?" questions, first use event_date_lookup(question). If it lists multiple days, include all of them in the final answer instead of only the most recent match.
For just-before or just-after questions, first use temporal_neighbor(target_task, direction="before" or "after") if a candidate is not already shown. Prefer the returned Recommended answer when it is confident. Only then inspect adjacent sibling or temporal nodes. Avoid expanding to raw leaf observations unless the summary is insufficient.
Do not call vqa for time, date, task-list, before/after, or yes/no object-existence questions when textual summaries already answer the question. Use vqa only for explicit visual appearance questions such as color, visible state, or what something looks like.
Never output bare parameters such as reasoning="..." answer="...". Always call answer(reasoning="...", answer="...")."""

**HumanMessage**:
"""
def answer(reasoning: str = None, answer: str = Ellipsis)
def ask(question: str)
def date_lookup(query: str, max_matches: int = 8) -> str # For exact date/time or N-days-ago questions, list matching history summaries directly
def event_date_lookup(query: str, max_matches: int = 12) -> str # For "how many days ago did you X" questions, find all matching event dates directly
def now() -> datetime.datetime
def object_lookup(object_name: str, max_matches: int = 8) -> str # For object yes/no questions, check whether task summaries mention the object
def task_list(max_tasks: int = 30) -> str # For task-list questions, list task-sized history summaries in chronological order
def task_lookup(query: str, max_matches: int = 8) -> str # For task-description questions, list task-sized summaries matching a query
def temporal_neighbor(target_task: str, direction: str = 'before', max_candidates: int = 6) -> str # For just-before/just-after questions, find the target task and return adjacent task candidates
def vqa(question: str, *images: PIL.Image.Image)
"""

**HumanMessage**:
"""Usage examples:
>>> history.expand()  # Shows the history tree with all child nodes expanded
>>> history.expand(date(2021, 12, 20))  # Expand the children that overlap with the given day
>>> history.expand(now() - timedelta(hours=6), now() - timedelta(hours=4))  # Expand all children that overlap with the given range (in this example "about 5 hours ago")
>>> history.expand((now() - timedelta(days=2)).date())  # Expand all children that overlap with the day before yesterday
>>> history.expand(0)  # Shows child node 0
>>> history[0].expand()  # Expands all child nodes of node 0 (node 0 must be expanded already to see them)
>>> history[5][2].expand()  # Shows child node 2 of child node 5 with all its child nodes expanded
>>> history.search("green cup") # Semantic index search. Expands the most relevant children according to similarity of the natural language query and the node's (recursively defined) index content.
>>> history[1][42].search("bicycle") # Semantic index search on some node further down the tree. Expands the children of node 1.42 most relevant to the search term
>>> history[3].collapse_all_but(1); history[3][1].expand()  # Zooms into details of child node 3.1 while collapsing all other childs of node 3
>>> vqa("What color is the ... in this image?",
...     history[2][4][-1][0].image)  # Invoke a model to answer a visual question about image(s) of some leaf (!) node(s)

# After gathering the relevant information, answer the question:
# Optionally, provide a reasoning on why you choose the respective answer
>>> answer(reasoning="...", answer="...")"""

**HumanMessage**:
"""User question: When did you water the plant?"""

**HumanMessage**:
"""'Empty model reply. You must now generate exactly one valid Python console statement. If the history does not contain the requested record, call answer(reasoning="No relevant record was found.", answer="I have no record of that.").'"""

**HumanMessage**:
"""Current state:
2024/03/10 - 2024/03/16: "From March 10th to 16th, I performed a variety of kitchen and household tasks, including preparing salads and potatoes, cleaning and organizing dishes, and managing morning routines such as making breakfast and watering houseplants."  
  ..."""
{}
LLM generated empty reply, increasing temperature to 0.3
LLM generated empty reply, returning an empty command
command: 
expected output: 
Tokens Used: 2865
	Prompt Tokens: 2865
	Completion Tokens: 0
Successful Requests: 2
Total Cost (USD): $0.0
Evaluating sample 4daa22a98372b4dc_b7f3-0d600126a7947365_cac4-4894b649dd8835b9_4114-c66573f82df8618c_aad3-9539c0004762d6a8_2eee-c7cc40993ef8468b_3e7b-a34587068555c05e_5f77-9d1c053084e66e7b_dc9f-d8a90d9ef359737a_f2e9-95fa7bceaa0f3fed_bcb2-4e8496b9f642bba0_36f1-ce0a11d25e229099_8adc-f2f6723ebab1e6a2_6bea-2b5a33d4908ee77d_20f6-024a0b4be011b085_ff45-0-tasks_to_days_ago
[配置] 启用 FAISS 加速，索引类型: flat
[GraphAug] 命中图缓存 (nodes=1658, edges=6174)
Got 0 examples


 ============================== 


eval event_date_lookup('Today is Mar 17, 2024 at 08:33 AM. How many days ago did you water the plant?')
Updated/Defined variables after execution: {}

**SystemMessage**:
"""You are a smart humanoid robot answering user question about your past actions.
The history object contains information on what you did in the past, represented as a tree.
Use the method expand to look at details of a node.
Make sure to use collapse_all_but(idx) when you expanded irrelevant nodes, in order to keep the tree compact.
Enter Python expressions into the console to see the value and decide for the next command based on that result.
Answer concisely by calling answer(reasoning="...", answer="...") when you gathered enough information to answer the question.
Generate syntactically correct python console statements only, no explanations or other natural language statements.
IMPORTANT: If search() returns "No relevant records found", your next command MUST be answer(reasoning="No relevant record was found.", answer="I have no record of that."). Do not search synonyms, do not expand further, and do not call vqa.
IMPORTANT: If you get "Nothing changed" twice, answer honestly that you have no record. Do NOT keep searching repeatedly. For just-before/just-after questions, first try one broader target search or inspect another relevant top-level time block before giving up.
For object yes/no questions, first use object_lookup("object name"). If it reports no matching summary, answer "No, I have no record of that." Do not call vqa unless you already have a directly relevant leaf image.
For task-list questions such as "List the tasks you performed", first use task_list(). Prefer its chronological candidates instead of manually expanding the whole tree.
For task-description questions such as "describe what you did when you X", first use task_lookup("X"). Prefer its matching task candidates instead of manually expanding the whole tree.
For exact date/time questions or "N days ago" questions asking what happened, first use date_lookup(question). Prefer its Recommended answer when it is confident instead of manually expanding by date.
For "How many days ago did you X?" questions, first use event_date_lookup(question). If it lists multiple days, include all of them in the final answer instead of only the most recent match.
For just-before or just-after questions, first use temporal_neighbor(target_task, direction="before" or "after") if a candidate is not already shown. Prefer the returned Recommended answer when it is confident. Only then inspect adjacent sibling or temporal nodes. Avoid expanding to raw leaf observations unless the summary is insufficient.
Do not call vqa for time, date, task-list, before/after, or yes/no object-existence questions when textual summaries already answer the question. Use vqa only for explicit visual appearance questions such as color, visible state, or what something looks like.
Never output bare parameters such as reasoning="..." answer="...". Always call answer(reasoning="...", answer="...")."""

**HumanMessage**:
"""
def answer(reasoning: str = None, answer: str = Ellipsis)
def ask(question: str)
def date_lookup(query: str, max_matches: int = 8) -> str # For exact date/time or N-days-ago questions, list matching history summaries directly
def event_date_lookup(query: str, max_matches: int = 12) -> str # For "how many days ago did you X" questions, find all matching event dates directly
def now() -> datetime.datetime
def object_lookup(object_name: str, max_matches: int = 8) -> str # For object yes/no questions, check whether task summaries mention the object
def task_list(max_tasks: int = 30) -> str # For task-list questions, list task-sized history summaries in chronological order
def task_lookup(query: str, max_matches: int = 8) -> str # For task-description questions, list task-sized summaries matching a query
def temporal_neighbor(target_task: str, direction: str = 'before', max_candidates: int = 6) -> str # For just-before/just-after questions, find the target task and return adjacent task candidates
def vqa(question: str, *images: PIL.Image.Image)
"""

**HumanMessage**:
"""Usage examples:
>>> history.expand()  # Shows the history tree with all child nodes expanded
>>> history.expand(date(2021, 12, 20))  # Expand the children that overlap with the given day
>>> history.expand(now() - timedelta(hours=6), now() - timedelta(hours=4))  # Expand all children that overlap with the given range (in this example "about 5 hours ago")
>>> history.expand((now() - timedelta(days=2)).date())  # Expand all children that overlap with the day before yesterday
>>> history.expand(0)  # Shows child node 0
>>> history[0].expand()  # Expands all child nodes of node 0 (node 0 must be expanded already to see them)
>>> history[5][2].expand()  # Shows child node 2 of child node 5 with all its child nodes expanded
>>> history.search("green cup") # Semantic index search. Expands the most relevant children according to similarity of the natural language query and the node's (recursively defined) index content.
>>> history[1][42].search("bicycle") # Semantic index search on some node further down the tree. Expands the children of node 1.42 most relevant to the search term
>>> history[3].collapse_all_but(1); history[3][1].expand()  # Zooms into details of child node 3.1 while collapsing all other childs of node 3
>>> vqa("What color is the ... in this image?",
...     history[2][4][-1][0].image)  # Invoke a model to answer a visual question about image(s) of some leaf (!) node(s)

# After gathering the relevant information, answer the question:
# Optionally, provide a reasoning on why you choose the respective answer
>>> answer(reasoning="...", answer="...")"""

**HumanMessage**:
"""User question: Today is Mar 17, 2024 at 08:33 AM. How many days ago did you water the plant?"""

**AIMessage**:
"""event_date_lookup('Today is Mar 17, 2024 at 08:33 AM. How many days ago did you water the plant?')"""

**HumanMessage**:
""""Event date lookup for query='Today is Mar 17, 2024 at 08:33 AM. How many days ago did you water the plant?': event='water the plant', today=2024/03/17.\n1. score=0.50; days_ago=7; 2024/03/10 17:04 - 17:12: I attempted to clean drinkware by turning the faucet on and off in the sink as instructed.\n2. score=0.42; days_ago=6; 2024/03/11 17:10 - 17:13: I was instructed to clean the drinkware. I picked up a dirty cup from the counter, brought it to the sink, and placed it in the basin. I then retrieved a dirty mug from the counter and also placed it in the sink. Finally...\n3. score=0.74; days_ago=4; 2024/03/13 10:31 - 10:36: I cleaned a mug in the sink and then used it to water a houseplant.\n4. score=0.76; days_ago=2; 2024/03/15 14:36 - 14:39: I began the task of watering a plant by first moving a statue to the countertop. I then searched for a container, moving a bowl around the countertops, before eventually picking up another bowl, filling it from the sink,...\n5. score=0.78; days_ago=1; 2024/03/16 19:27:13 - 19:29:35: I received instructions to water a plant. I picked up a pot filled with water and poured it onto the houseplant.\nRecommended answer: 7 days ago and 6 days ago and 4 days ago and 2 days ago and 1 day ago""""

**HumanMessage**:
"""Current state:
2024/03/10 - 2024/03/16: "From March 10th to 16th, I performed a variety of kitchen and household tasks, including preparing salads and potatoes, cleaning and organizing dishes, and managing morning routines such as making breakfast and watering houseplants."  
  ..."""
{}
command: answer(reasoning="The event_date_lookup function provided a list of all instances where I watered a plant and calculated how many days ago each event occurred.", answer="I watered the plant 7 days ago, 6 days ago, 4 days ago, 2 days ago, and 1 day ago.")
expected output: 


 ============================== 


eval answer(reasoning="The event_date_lookup function provided a list of all instances where I watered a plant and calculated how many days ago each event occurred.", answer="I watered the plant 7 days ago, 6 days ago, 4 days ago, 2 days ago, and 1 day ago.")
Answering I watered the plant 7 days ago, 6 days ago, 4 days ago, 2 days ago, and 1 day ago.  with reason: /home/user22303471/Project/Active-H-EMV/llm_emv/setup.py:226: FutureWarning: The `get_sentence_embedding_dimension` method has been renamed to `get_embedding_dimension`.
  filter_kwargs['_embedding_dim'] = embedding_model.get_sentence_embedding_dimension()
The event_date_lookup function provided a list of all instances where I watered a plant and calculated how many days ago each event occurred.
Tokens Used: 2043
	Prompt Tokens: 1919
	Completion Tokens: 124
Successful Requests: 1
Total Cost (USD): $0.0
Evaluating sample 4daa22a98372b4dc_b7f3-0d600126a7947365_cac4-4894b649dd8835b9_4114-c66573f82df8618c_aad3-9539c0004762d6a8_2eee-c7cc40993ef8468b_3e7b-a34587068555c05e_5f77-9d1c053084e66e7b_dc9f-d8a90d9ef359737a_f2e9-95fa7bceaa0f3fed_bcb2-4e8496b9f642bba0_36f1-ce0a11d25e229099_8adc-f2f6723ebab1e6a2_6bea-2b5a33d4908ee77d_20f6-024a0b4be011b085_ff45-0-days_ago_to_episode
[配置] 启用 FAISS 加速，索引类型: flat
[GraphAug] 命中图缓存 (nodes=1658, edges=6174)
Got 0 examples


 ============================== 


eval date_lookup('Today is Mar 17, 2024 at 08:33 AM. What did you do 4 days ago?')
Updated/Defined variables after execution: {}

**SystemMessage**:
"""You are a smart humanoid robot answering user question about your past actions.
The history object contains information on what you did in the past, represented as a tree.
Use the method expand to look at details of a node.
Make sure to use collapse_all_but(idx) when you expanded irrelevant nodes, in order to keep the tree compact.
Enter Python expressions into the console to see the value and decide for the next command based on that result.
Answer concisely by calling answer(reasoning="...", answer="...") when you gathered enough information to answer the question.
Generate syntactically correct python console statements only, no explanations or other natural language statements.
IMPORTANT: If search() returns "No relevant records found", your next command MUST be answer(reasoning="No relevant record was found.", answer="I have no record of that."). Do not search synonyms, do not expand further, and do not call vqa.
IMPORTANT: If you get "Nothing changed" twice, answer honestly that you have no record. Do NOT keep searching repeatedly. For just-before/just-after questions, first try one broader target search or inspect another relevant top-level time block before giving up.
For object yes/no questions, first use object_lookup("object name"). If it reports no matching summary, answer "No, I have no record of that." Do not call vqa unless you already have a directly relevant leaf image.
For task-list questions such as "List the tasks you performed", first use task_list(). Prefer its chronological candidates instead of manually expanding the whole tree.
For task-description questions such as "describe what you did when you X", first use task_lookup("X"). Prefer its matching task candidates instead of manually expanding the whole tree.
For exact date/time questions or "N days ago" questions asking what happened, first use date_lookup(question). Prefer its Recommended answer when it is confident instead of manually expanding by date.
For "How many days ago did you X?" questions, first use event_date_lookup(question). If it lists multiple days, include all of them in the final answer instead of only the most recent match.
For just-before or just-after questions, first use temporal_neighbor(target_task, direction="before" or "after") if a candidate is not already shown. Prefer the returned Recommended answer when it is confident. Only then inspect adjacent sibling or temporal nodes. Avoid expanding to raw leaf observations unless the summary is insufficient.
Do not call vqa for time, date, task-list, before/after, or yes/no object-existence questions when textual summaries already answer the question. Use vqa only for explicit visual appearance questions such as color, visible state, or what something looks like.
Never output bare parameters such as reasoning="..." answer="...". Always call answer(reasoning="...", answer="...")."""

**HumanMessage**:
"""
def answer(reasoning: str = None, answer: str = Ellipsis)
def ask(question: str)
def date_lookup(query: str, max_matches: int = 8) -> str # For exact date/time or N-days-ago questions, list matching history summaries directly
def event_date_lookup(query: str, max_matches: int = 12) -> str # For "how many days ago did you X" questions, find all matching event dates directly
def now() -> datetime.datetime
def object_lookup(object_name: str, max_matches: int = 8) -> str # For object yes/no questions, check whether task summaries mention the object
def task_list(max_tasks: int = 30) -> str # For task-list questions, list task-sized history summaries in chronological order
def task_lookup(query: str, max_matches: int = 8) -> str # For task-description questions, list task-sized summaries matching a query
def temporal_neighbor(target_task: str, direction: str = 'before', max_candidates: int = 6) -> str # For just-before/just-after questions, find the target task and return adjacent task candidates
def vqa(question: str, *images: PIL.Image.Image)
"""

**HumanMessage**:
"""Usage examples:
>>> history.expand()  # Shows the history tree with all child nodes expanded
>>> history.expand(date(2021, 12, 20))  # Expand the children that overlap with the given day
>>> history.expand(now() - timedelta(hours=6), now() - timedelta(hours=4))  # Expand all children that overlap with the given range (in this example "about 5 hours ago")
>>> history.expand((now() - timedelta(days=2)).date())  # Expand all children that overlap with the day before yesterday
>>> history.expand(0)  # Shows child node 0
>>> history[0].expand()  # Expands all child nodes of node 0 (node 0 must be expanded already to see them)
>>> history[5][2].expand()  # Shows child node 2 of child node 5 with all its child nodes expanded
>>> history.search("green cup") # Semantic index search. Expands the most relevant children according to similarity of the natural language query and the node's (recursively defined) index content.
>>> history[1][42].search("bicycle") # Semantic index search on some node further down the tree. Expands the children of node 1.42 most relevant to the search term
>>> history[3].collapse_all_but(1); history[3][1].expand()  # Zooms into details of child node 3.1 while collapsing all other childs of node 3
>>> vqa("What color is the ... in this image?",
...     history[2][4][-1][0].image)  # Invoke a model to answer a visual question about image(s) of some leaf (!) node(s)

# After gathering the relevant information, answer the question:
# Optionally, provide a reasoning on why you choose the respective answer
>>> answer(reasoning="...", answer="...")"""

**HumanMessage**:
"""User question: Today is Mar 17, 2024 at 08:33 AM. What did you do 4 days ago?"""

**AIMessage**:
"""date_lookup('Today is Mar 17, 2024 at 08:33 AM. What did you do 4 days ago?')"""

**HumanMessage**:
/home/user22303471/Project/Active-H-EMV/llm_emv/setup.py:226: FutureWarning: The `get_sentence_embedding_dimension` method has been renamed to `get_embedding_dimension`.
  filter_kwargs['_embedding_dim'] = embedding_model.get_sentence_embedding_dimension()
/home/user22303471/Project/Active-H-EMV/llm_emv/setup.py:183: FutureWarning: The `get_sentence_embedding_dimension` method has been renamed to `get_embedding_dimension`.
  result = torch.empty(len(texts), embedding_model.get_sentence_embedding_dimension(),
""""Date lookup for query='Today is Mar 17, 2024 at 08:33 AM. What did you do 4 days ago?': resolved=2024/03/13.\n1. score=0.98; 2024/03/13 10:31 - 17:49: On March 13th, I cleaned a mug and used it to water a houseplant. I then prepared toast, and later in the day, assembled a meal by slicing lettuce, tomato, and potato, cooking the potato, and arranging the ingredients on...\n2. score=0.91; 2024/03/13 10:31 - 17:49: On March 13th, I used a cleaned mug to water a houseplant, prepared toast, and later assembled a full meal with lettuce, tomato, and cooked potato.\n3. score=0.78; 2024/03/13 17:30 - 17:49: I prepared a meal by first making coffee and slicing bread and tomato. After receiving updated instructions to focus on lettuce, tomato, and potato, I sliced the lettuce and potato, cooked the potato slices on the stove,...\n4. score=0.78; 2024/03/13 13:33 - 13:38: I prepared a piece of toast by retrieving bread from the shelf, slicing it, and toasting it. While the bread toasted, I prepared a plate and then served the finished toast on it as requested.\n5. score=0.78; 2024/03/13 10:31 - 10:37: I cleaned a mug in the sink, used it to water a houseplant, and then acknowledged that the task was complete.\n6. score=0.70; 2024/03/13 17:30 - 17:38: I began preparing breakfast by picking up lettuce from the garbage and placing it on the countertop. I then retrieved a dirty mug from the fridge, rinsed it at the sink by turning the faucet on and off, and prepared coff...\n7. score=0.70; 2024/03/13 17:44 - 17:49: I found a plate in a cabinet and placed it on the countertop. I then transferred the cooked potato slices, a slice of tomato, and a slice of lettuce onto the plate, completing the meal preparation.\n8. score=0.70; 2024/03/13 10:31 - 10:36: I cleaned a mug in the sink and then used it to water a houseplant.\nRecommended answer: On March 13th, I cleaned a mug and used it to water a houseplant. I then prepared toast, and later in the day, assembled a meal by slicing lettuce, tomato, and potato, cooking the potato, and arranging the ingredients on... On March 13th, I used a cleaned mug to water a houseplant, prepared toast, and later assembled a full meal with lettuce, tomato, and cooked potato. I prepared a meal by first making coffee and slicing bread and tomato. After receiving updated instructions to focus on lettuce, tomato, and potato, I sliced the lettuce and potato, cooked the potato slices on the stove,... I prepared a piece of toast by retrieving bread from the shelf, slicing it, and toasting it. While the bread toasted, I prepared a plate and then served the finished toast on it as requested.""""

**HumanMessage**:
"""Current state:
2024/03/10 - 2024/03/16: "From March 10th to 16th, I performed a variety of kitchen and household tasks, including preparing salads and potatoes, cleaning and organizing dishes, and managing morning routines such as making breakfast and watering houseplants."  
  ..."""
{}
command: answer(reasoning="The date lookup for 4 days ago (March 13, 2024) shows that I performed several tasks including cleaning a mug to water a houseplant, preparing toast, and assembling a meal with lettuce, tomato, and cooked potato.", answer="On March 13, 2024, I cleaned a mug and used it to water a houseplant, prepared toast, and later assembled a meal by slicing lettuce, tomato, and potato, cooking the potato, and arranging the ingredients on a plate.")
expected output: 


 ============================== 


eval answer(reasoning="The date lookup for 4 days ago (March 13, 2024) shows that I performed several tasks including cleaning a mug to water a houseplant, preparing toast, and assembling a meal with lettuce, tomato, and cooked potato.", answer="On March 13, 2024, I cleaned a mug and used it to water a houseplant, prepared toast, and later assembled a meal by slicing lettuce, tomato, and potato, cooking the potato, and arranging the ingredients on a plate.")
Answering On March 13, 2024, I cleaned a mug and used it to water a houseplant, prepared toast, and later assembled a meal by slicing lettuce, tomato, and potato, cooking the potato, and arranging the ingredients on a plate.  with reason: The date lookup for 4 days ago (March 13, 2024) shows that I performed several tasks including cleaning a mug to water a houseplant, preparing toast, and assembling a meal with lettuce, tomato, and cooked potato.
Tokens Used: 2389
	Prompt Tokens: 2276
	Completion Tokens: 113
Successful Requests: 1
Total Cost (USD): $0.0
Evaluating sample f2fab283e8dd367a_6c4c-e035a44ebae9d3fd_c842-977b52faf01e6c05_d71f-fb7d765ba6874372_0a26-a01d8c5e515fa9c4_0404-38d01f55a8e1ff9b_d9cc-9d1c053084e66e7b_dc9f-a0ccd363ffb0ee94_c237-6f28bbc4c8ed232a_bfc2-52e190f2e5f3b790_edbb-ce6428e9c062e409_9fae-4fc54b735d3f45a6_b7b4-18f6da623ba658a2_81b3-a44d13c7da084070_fe04-18f6da623ba658a2_aa07-0-sequence_of_task_descs
[配置] 启用 FAISS 加速，索引类型: flat
[GraphAug] 开始构建记忆图...
[MemoryGraph] 收集到 1784 个事件节点
[MemoryGraph] 时间相邻边: 1435
[MemoryGraph] 共享物体边: 3942
[MemoryGraph] 唯一动作数: 192, 相似动作对: 220
[MemoryGraph] 相似动作边: 572
[MemoryGraph] 图构建完成: {'num_nodes': 1784, 'num_edges': 5949, 'edges_temporal_adjacent': 1435, 'edges_co_object': 3942, 'edges_similar_action': 572}
[GraphAug] 记忆图构建完成
Got 0 examples


 ============================== 


eval task_list()
Updated/Defined variables after execution: {}

**SystemMessage**:
"""You are a smart humanoid robot answering user question about your past actions.
The history object contains information on what you did in the past, represented as a tree.
Use the method expand to look at details of a node.
Make sure to use collapse_all_but(idx) when you expanded irrelevant nodes, in order to keep the tree compact.
Enter Python expressions into the console to see the value and decide for the next command based on that result.
Answer concisely by calling answer(reasoning="...", answer="...") when you gathered enough information to answer the question.
Generate syntactically correct python console statements only, no explanations or other natural language statements.
IMPORTANT: If search() returns "No relevant records found", your next command MUST be answer(reasoning="No relevant record was found.", answer="I have no record of that."). Do not search synonyms, do not expand further, and do not call vqa.
IMPORTANT: If you get "Nothing changed" twice, answer honestly that you have no record. Do NOT keep searching repeatedly. For just-before/just-after questions, first try one broader target search or inspect another relevant top-level time block before giving up.
For object yes/no questions, first use object_lookup("object name"). If it reports no matching summary, answer "No, I have no record of that." Do not call vqa unless you already have a directly relevant leaf image.
For task-list questions such as "List the tasks you performed", first use task_list(). Prefer its chronological candidates instead of manually expanding the whole tree.
For task-description questions such as "describe what you did when you X", first use task_lookup("X"). Prefer its matching task candidates instead of manually expanding the whole tree.
For exact date/time questions or "N days ago" questions asking what happened, first use date_lookup(question). Prefer its Recommended answer when it is confident instead of manually expanding by date.
For "How many days ago did you X?" questions, first use event_date_lookup(question). If it lists multiple days, include all of them in the final answer instead of only the most recent match.
For just-before or just-after questions, first use temporal_neighbor(target_task, direction="before" or "after") if a candidate is not already shown. Prefer the returned Recommended answer when it is confident. Only then inspect adjacent sibling or temporal nodes. Avoid expanding to raw leaf observations unless the summary is insufficient.
Do not call vqa for time, date, task-list, before/after, or yes/no object-existence questions when textual summaries already answer the question. Use vqa only for explicit visual appearance questions such as color, visible state, or what something looks like.
Never output bare parameters such as reasoning="..." answer="...". Always call answer(reasoning="...", answer="...")."""

**HumanMessage**:
"""
def answer(reasoning: str = None, answer: str = Ellipsis)
def ask(question: str)
def date_lookup(query: str, max_matches: int = 8) -> str # For exact date/time or N-days-ago questions, list matching history summaries directly
def event_date_lookup(query: str, max_matches: int = 12) -> str # For "how many days ago did you X" questions, find all matching event dates directly
def now() -> datetime.datetime
def object_lookup(object_name: str, max_matches: int = 8) -> str # For object yes/no questions, check whether task summaries mention the object
def task_list(max_tasks: int = 30) -> str # For task-list questions, list task-sized history summaries in chronological order
def task_lookup(query: str, max_matches: int = 8) -> str # For task-description questions, list task-sized summaries matching a query
def temporal_neighbor(target_task: str, direction: str = 'before', max_candidates: int = 6) -> str # For just-before/just-after questions, find the target task and return adjacent task candidates
def vqa(question: str, *images: PIL.Image.Image)
"""

**HumanMessage**:
"""Usage examples:
>>> history.expand()  # Shows the history tree with all child nodes expanded
>>> history.expand(date(2021, 12, 20))  # Expand the children that overlap with the given day
>>> history.expand(now() - timedelta(hours=6), now() - timedelta(hours=4))  # Expand all children that overlap with the given range (in this example "about 5 hours ago")
>>> history.expand((now() - timedelta(days=2)).date())  # Expand all children that overlap with the day before yesterday
>>> history.expand(0)  # Shows child node 0
>>> history[0].expand()  # Expands all child nodes of node 0 (node 0 must be expanded already to see them)
>>> history[5][2].expand()  # Shows child node 2 of child node 5 with all its child nodes expanded
>>> history.search("green cup") # Semantic index search. Expands the most relevant children according to similarity of the natural language query and the node's (recursively defined) index content.
>>> history[1][42].search("bicycle") # Semantic index search on some node further down the tree. Expands the children of node 1.42 most relevant to the search term
>>> history[3].collapse_all_but(1); history[3][1].expand()  # Zooms into details of child node 3.1 while collapsing all other childs of node 3
>>> vqa("What color is the ... in this image?",
...     history[2][4][-1][0].image)  # Invoke a model to answer a visual question about image(s) of some leaf (!) node(s)

# After gathering the relevant information, answer the question:
# Optionally, provide a reasoning on why you choose the respective answer
>>> answer(reasoning="...", answer="...")"""

**HumanMessage**:
"""User question: List the tasks you performed."""

**AIMessage**:
"""task_list()"""

**HumanMessage**:
""""Task list candidates in chronological order:\n1. 2023/07/01 11:02 - 11:09: I started by opening a cabinet to find bread, then picked up the bread and placed it on the countertop. I also picked up a knife and sliced the bread into multiple pieces.\n2. 2023/07/01 11:09:11 - 11:10:44: Following instructions to toast two slices, I picked up two slices of bread, placed them one by one into the toaster, toggled the toaster on and off for each slice, and then removed the toasted bread, placing it on the countertop.\n3. 2023/07/01 11:11:34 - 11:13:26: Finally, I picked up a plate and placed it on the countertop. I then assembled the sandwich by picking up a toasted bread slice, a tomato slice, and another toasted bread slice, placing each onto the plate.\n4. 2023/07/01 12:10 - 12:14: I picked up a butter knife and used it to slice the lettuce and bread, following the user's instructions.\n5. 2023/07/01 12:15:33 - 12:17:24: I located and gathered plates and a sponge, moving them to the main countertop to prepare for serving.\n6. 2023/07/01 12:18 - 12:21: I picked up two slices of lettuce and added them to the plate with the first piece of toast.\n7. 2023/07/02 11:56 - 12:00: In response to an instruction to microwave a potato, I first moved an egg out of the way, then retrieved a potato from the sink, cooked it in the microwave, and placed it on the countertop.\n8. 2023/07/02 12:00 - 12:04: Following a new instruction to prepare potato slices, I retrieved a knife from a garbage can to slice the cooked potato. I then emptied a bowl and placed two potato slices into it, completing the task.\n9. 2023/07/02 18:23 - 18:26: I searched for a potato in various cabinets and drawers before eventually finding one in the garbage can.\n10. 2023/07/02 18:26:51 - 18:29:34: I cooked the potato in the microwave, sliced it, and placed the slices onto a plate I retrieved from the fridge.\n11. 2023/07/02 18:29:41 - 18:32:40: I cleared the sink area to organize the workspace, then moved the plated potato slices and cooked one of them further in a pan on the stove.\n12. 2023/07/03 10:31:29 - 10:33:30: I picked up a butter knife from the sink and used it to slice a tomato on the countertop.\n13. 2023/07/03 10:33:32 - 10:35:07: After receiving the instruction to put a tomato slice in a bowl, I picked up one slice and placed it into a bowl on the countertop, then turned off the faucet.\n14. 2023/07/04 11:26:30 - 11:28:56: I retrieved a potato from the fridge and placed it in a pot, preparing it to be boiled with water as requested by the user.\n15. 2023/07/04 11:28 - 11:33: After clearing some space on the kitchen surfaces, I placed the pot on the stove and boiled the potato until the task was successfully completed.\n16. 2023/07/04 12:49 - 12:54: I cleaned a mug in the sink and then used it to water a houseplant.\n17. 2023/07/04 15:09:44 - 15:12:15: I prepared a piece of toast by slicing bread and toasting it. While it was toasting, I retrieved a plate from the fridge and placed it on the countertop. Finally, I placed the toasted bread on the plate and confirmed the task's completion.\n18. 2023/07/05 10:55:23 - 10:57:41: I cleaned a dirty plate as requested by the user. I retrieved the plate from the fridge, placed it in the sink, and turned on the faucet to wash it, after which the user acknowledged completion.\n19. 2023/07/05 19:23:03 - 19:25:24: I cleared the sink by turning off the faucet, moving a filled mug and pepper shaker to the countertop, and then washing a dirty plate in the sink before placing it on the countertop.\n20. 2023/07/06 13:38:12 - 13:39:53: While the toast was cooking, I opened a cabinet to retrieve a plate. I then placed the dirty plate in the sink basin and turned on the faucet to clean it.\n21. 2023/07/06 13:43:07 - 13:44:51: I prepared to boil a potato by moving it to the countertop, filling a pot on the stove with water using a mug, and then placing the potato in the pot.\n22. 2023/07/06 18:55 - 19:01: I prepared the workspace by gathering a plate, bread, a knife, and an egg, then retrieved and sliced a potato.\n23. 2023/07/06 19:01 - 19:05: I cooked a potato slice in the microwave, prepared a clean bowl, and served the cooked potato in the bowl to complete the task.\n24. 2023/07/07 08:41 - 08:45: I started making toast by retrieving bread from the fridge, slicing it, and toasting the first slice.\n25. 2023/07/07 08:45 - 08:49: I then cleaned a dirty plate as requested, placed the first toasted slice on it, cleared some counter space, and proceeded to toast a second slice of bread, placing it on the plate.\n26. 2023/07/07 08:49:20 - 08:50:50: I completed the task and the user thanked me.\n27. 2023/07/07 18:08 - 18:12: I received instructions to process a potato, so I picked up a knife, placed it on the countertop, then picked up and put down the potato. I then used the knife to slice the potato and returned the knife to the countertop.\n28. 2023/07/07 18:12 - 18:17: I placed three potato slices into the microwave, cooked them, and then retrieved all three cooked slices, placing them onto a plate on the countertop.\nRecommended answer: I started by opening a cabinet to find bread, then picked up the bread and placed it on the countertop. I also picked up...; Following instructions to toast two slices, I picked up two slices of bread, placed them one by one into the toaster, to...; Finally, I picked up a plate and placed it on the countertop. I then assembled the sandwich by picking up a toasted brea...; I picked up a butter knife and used it to slice the lettuce and bread, following the user's instructions.; I located and gathered plates and a sponge, moving them to the main countertop to prepare for serving.; I picked up two slices of lettuce and added them to the plate with the first piece of toast.; In response to an instruction to microwave a potato, I first moved an egg out of the way, then retrieved a potato from t...; Following a new instruction to prepare potato slices, I retrieved a knife from a garbage can to slice the cooked potato....; I searched for a potato in various cabinets and drawers before eventually finding one in the garbage can.; I cooked the potato in the microwave, sliced it, and placed the slices onto a plate I retrieved from the fridge.; I cleared the sink area to organize the workspace, then moved the plated potato slices and cooked one of them further in...; I picked up a butter knife from the sink and used it to slice a tomato on the countertop.; After receiving the instruction to put a tomato slice in a bowl, I picked up one slice and placed it into a bowl on the...; I retrieved a potato from the fridge and placed it in a pot, preparing it to be boiled with water as requested by the us...; After clearing some space on the kitchen surfaces, I placed the pot on the stove and boiled the potato until the task wa...; I cleaned a mug in the sink and then used it to water a houseplant.; I prepared a piece of toast by slicing bread and toasting it. While it was toasting, I retrieved a plate from the fridge...; I cleaned a dirty plate as requested by the user. I retrieved the plate from the fridge, placed it in the sink, and turn...; I cleared the sink by turning off the faucet, moving a filled mug and pepper shaker to the countertop, and then washing...; While the toast was cooking, I opened a cabinet to retrieve a plate. I then placed the dirty plate in the sink basin and...; I prepared to boil a potato by moving it to the countertop, filling a pot on the stove with water using a mug, and then...; I prepared the workspace by gathering a plate, bread, a knife, and an egg, then retrieved and sliced a potato.; I cooked a potato slice in the microwave, prepared a clean bowl, and served the cooked potato in the bowl to complete th...; I started making toast by retrieving bread from the fridge, slicing it, and toasting the first slice.; I then cleaned a dirty plate as requested, placed the first toasted slice on it, cleared some counter space, and proceed...; I completed the task and the user thanked me.; I received instructions to process a potato, so I picked up a knife, placed it on the countertop, then picked up and put...; I placed three potato slices into the microwave, cooked them, and then retrieved all three cooked slices, placing them o...""""/home/user22303471/Project/Active-H-EMV/llm_emv/setup.py:226: FutureWarning: The `get_sentence_embedding_dimension` method has been renamed to `get_embedding_dimension`.
  filter_kwargs['_embedding_dim'] = embedding_model.get_sentence_embedding_dimension()
/home/user22303471/Project/Active-H-EMV/llm_emv/setup.py:183: FutureWarning: The `get_sentence_embedding_dimension` method has been renamed to `get_embedding_dimension`.
  result = torch.empty(len(texts), embedding_model.get_sentence_embedding_dimension(),


**HumanMessage**:
"""Current state:
2023/07/01 - 2023/07/07: "From July 1st to July 7th, I performed a variety of kitchen and household tasks, including preparing meals like sandwiches and toast, processing vegetables, washing dishes, and caring for a houseplant."  
  ..."""
{}
command: answer(reasoning="The task_list() method provided a chronological list of 28 tasks performed between 2023/07/01 and 2023/07/07. These tasks include food preparation (slicing bread, toasting, making sandwiches, processing potatoes and tomatoes), cleaning (washing plates, mugs, and clearing the sink), and other household chores like watering a plant.", answer="I performed the following tasks:
1. Sliced bread and prepared a sandwich (2023/07/01).
2. Toasted bread slices (2023/07/01).
3. Assembled a sandwich with toast and tomato (2023/07/01).
4. Sliced lettuce and bread (2023/07/01).
5. Gathered plates and a sponge (2023/07/01).
6. Added lettuce to a toast plate (2023/07/01).
7. Microwaved a potato (2023/07/02).
8. Sliced a cooked potato and placed it in a bowl (2023/07/02).
9. Searched for a potato (2023/07/02).
10. Cooked, sliced, and plated a potato (2023/07/02).
11. Organized the workspace and pan-cooked a potato slice (2023/07/02).
12. Sliced a tomato (2023/07/03).
13. Placed a tomato slice in a bowl (2023/07/03).
14. Prepared a potato for boiling (2023/07/04).
15. Boiled a potato in a pot (2023/07/04).
16. Cleaned a mug and watered a houseplant (2023/07/04).
17. Prepared toast and placed it on a plate (2023/07/04).
18. Washed a dirty plate (2023/07/05).
19. Cleared the sink and washed another plate (2023/07/05).
20. Retrieved a plate and cleaned a dirty one (2023/07/06).
21. Prepared to boil a potato (2023/07/06).
22. Gathered items and sliced a potato (2023/07/06).
23. Microwaved a potato slice and served it in a bowl (2023/07/06).
24. Started making toast (2023/07/07).
25. Cleaned a plate and toasted more bread (2023/07/07).
26. Completed the toast task (2023/07/07).
27. Sliced a potato (2023/07/07).
28. Microwaved and plated three potato slices (2023/07/07).")
expected output: 
[代码清理] 修复 answer(...) 中的多行字符串


 ============================== 


eval answer(reasoning='The task_list() method provided a chronological list of 28 tasks performed between 2023/07/01 and 2023/07/07. These tasks include food preparation (slicing bread, toasting, making sandwiches, processing potatoes and tomatoes), cleaning (washing plates, mugs, and clearing the sink), and other household chores like watering a plant.', answer='I performed the following tasks:\n1. Sliced bread and prepared a sandwich (2023/07/01).\n2. Toasted bread slices (2023/07/01).\n3. Assembled a sandwich with toast and tomato (2023/07/01).\n4. Sliced lettuce and bread (2023/07/01).\n5. Gathered plates and a sponge (2023/07/01).\n6. Added lettuce to a toast plate (2023/07/01).\n7. Microwaved a potato (2023/07/02).\n8. Sliced a cooked potato and placed it in a bowl (2023/07/02).\n9. Searched for a potato (2023/07/02).\n10. Cooked, sliced, and plated a potato (2023/07/02).\n11. Organized the workspace and pan-cooked a potato slice (2023/07/02).\n12. Sliced a tomato (2023/07/03).\n13. Placed a tomato slice in a bowl (2023/07/03).\n14. Prepared a potato for boiling (2023/07/04).\n15. Boiled a potato in a pot (2023/07/04).\n16. Cleaned a mug and watered a houseplant (2023/07/04).\n17. Prepared toast and placed it on a plate (2023/07/04).\n18. Washed a dirty plate (2023/07/05).\n19. Cleared the sink and washed another plate (2023/07/05).\n20. Retrieved a plate and cleaned a dirty one (2023/07/06).\n21. Prepared to boil a potato (2023/07/06).\n22. Gathered items and sliced a potato (2023/07/06).\n23. Microwaved a potato slice and served it in a bowl (2023/07/06).\n24. Started making toast (2023/07/07).\n25. Cleaned a plate and toasted more bread (2023/07/07).\n26. Completed the toast task (2023/07/07).\n27. Sliced a potato (2023/07/07).\n28. Microwaved and plated three potato slices (2023/07/07).')
Answering I performed the following tasks:
1. Sliced bread and prepared a sandwich (2023/07/01).
2. Toasted bread slices (2023/07/01).
3. Assembled a sandwich with toast and tomato (2023/07/01).
4. Sliced lettuce and bread (2023/07/01).
5. Gathered plates and a sponge (2023/07/01).
6. Added lettuce to a toast plate (2023/07/01).
7. Microwaved a potato (2023/07/02).
8. Sliced a cooked potato and placed it in a bowl (2023/07/02).
9. Searched for a potato (2023/07/02).
10. Cooked, sliced, and plated a potato (2023/07/02).
11. Organized the workspace and pan-cooked a potato slice (2023/07/02).
12. Sliced a tomato (2023/07/03).
13. Placed a tomato slice in a bowl (2023/07/03).
14. Prepared a potato for boiling (2023/07/04).
15. Boiled a potato in a pot (2023/07/04).
16. Cleaned a mug and watered a houseplant (2023/07/04).
17. Prepared toast and placed it on a plate (2023/07/04).
18. Washed a dirty plate (2023/07/05).
19. Cleared the sink and washed another plate (2023/07/05).
20. Retrieved a plate and cleaned a dirty one (2023/07/06).
21. Prepared to boil a potato (2023/07/06).
22. Gathered items and sliced a potato (2023/07/06).
23. Microwaved a potato slice and served it in a bowl (2023/07/06).
24. Started making toast (2023/07/07).
25. Cleaned a plate and toasted more bread (2023/07/07).
26. Completed the toast task (2023/07/07).
27. Sliced a potato (2023/07/07).
28. Microwaved and plated three potato slices (2023/07/07).  with reason: The task_list() method provided a chronological list of 28 tasks performed between 2023/07/01 and 2023/07/07. These tasks include food preparation (slicing bread, toasting, making sandwiches, processing potatoes and tomatoes), cleaning (washing plates, mugs, and clearing the sink), and other household chores like watering a plant.
Tokens Used: 4585
	Prompt Tokens: 3859
	Completion Tokens: 726
Successful Requests: 1
Total Cost (USD): $0.0
Evaluating sample f2fab283e8dd367a_6c4c-e035a44ebae9d3fd_c842-977b52faf01e6c05_d71f-fb7d765ba6874372_0a26-a01d8c5e515fa9c4_0404-38d01f55a8e1ff9b_d9cc-9d1c053084e66e7b_dc9f-a0ccd363ffb0ee94_c237-6f28bbc4c8ed232a_bfc2-52e190f2e5f3b790_edbb-ce6428e9c062e409_9fae-4fc54b735d3f45a6_b7b4-18f6da623ba658a2_81b3-a44d13c7da084070_fe04-18f6da623ba658a2_aa07-0-seq_specific_shortened_low_actions
[配置] 启用 FAISS 加速，索引类型: flat
[GraphAug] 命中图缓存 (nodes=1784, edges=5949)
Got 0 examples


 ============================== 


eval task_lookup('water the plant')
Updated/Defined variables after execution: {}

**SystemMessage**:
/home/user22303471/Project/Active-H-EMV/llm_emv/setup.py:226: FutureWarning: The `get_sentence_embedding_dimension` method has been renamed to `get_embedding_dimension`.
  filter_kwargs['_embedding_dim'] = embedding_model.get_sentence_embedding_dimension()
"""You are a smart humanoid robot answering user question about your past actions.
The history object contains information on what you did in the past, represented as a tree.
Use the method expand to look at details of a node.
Make sure to use collapse_all_but(idx) when you expanded irrelevant nodes, in order to keep the tree compact.
Enter Python expressions into the console to see the value and decide for the next command based on that result.
Answer concisely by calling answer(reasoning="...", answer="...") when you gathered enough information to answer the question.
Generate syntactically correct python console statements only, no explanations or other natural language statements.
IMPORTANT: If search() returns "No relevant records found", your next command MUST be answer(reasoning="No relevant record was found.", answer="I have no record of that."). Do not search synonyms, do not expand further, and do not call vqa.
IMPORTANT: If you get "Nothing changed" twice, answer honestly that you have no record. Do NOT keep searching repeatedly. For just-before/just-after questions, first try one broader target search or inspect another relevant top-level time block before giving up.
For object yes/no questions, first use object_lookup("object name"). If it reports no matching summary, answer "No, I have no record of that." Do not call vqa unless you already have a directly relevant leaf image.
For task-list questions such as "List the tasks you performed", first use task_list(). Prefer its chronological candidates instead of manually expanding the whole tree.
For task-description questions such as "describe what you did when you X", first use task_lookup("X"). Prefer its matching task candidates instead of manually expanding the whole tree.
For exact date/time questions or "N days ago" questions asking what happened, first use date_lookup(question). Prefer its Recommended answer when it is confident instead of manually expanding by date.
For "How many days ago did you X?" questions, first use event_date_lookup(question). If it lists multiple days, include all of them in the final answer instead of only the most recent match.
For just-before or just-after questions, first use temporal_neighbor(target_task, direction="before" or "after") if a candidate is not already shown. Prefer the returned Recommended answer when it is confident. Only then inspect adjacent sibling or temporal nodes. Avoid expanding to raw leaf observations unless the summary is insufficient.
Do not call vqa for time, date, task-list, before/after, or yes/no object-existence questions when textual summaries already answer the question. Use vqa only for explicit visual appearance questions such as color, visible state, or what something looks like.
Never output bare parameters such as reasoning="..." answer="...". Always call answer(reasoning="...", answer="...")."""

**HumanMessage**:
"""
def answer(reasoning: str = None, answer: str = Ellipsis)
def ask(question: str)
def date_lookup(query: str, max_matches: int = 8) -> str # For exact date/time or N-days-ago questions, list matching history summaries directly
def event_date_lookup(query: str, max_matches: int = 12) -> str # For "how many days ago did you X" questions, find all matching event dates directly
def now() -> datetime.datetime
def object_lookup(object_name: str, max_matches: int = 8) -> str # For object yes/no questions, check whether task summaries mention the object
def task_list(max_tasks: int = 30) -> str # For task-list questions, list task-sized history summaries in chronological order
def task_lookup(query: str, max_matches: int = 8) -> str # For task-description questions, list task-sized summaries matching a query
def temporal_neighbor(target_task: str, direction: str = 'before', max_candidates: int = 6) -> str # For just-before/just-after questions, find the target task and return adjacent task candidates
def vqa(question: str, *images: PIL.Image.Image)
"""

**HumanMessage**:
"""Usage examples:
>>> history.expand()  # Shows the history tree with all child nodes expanded
>>> history.expand(date(2021, 12, 20))  # Expand the children that overlap with the given day
>>> history.expand(now() - timedelta(hours=6), now() - timedelta(hours=4))  # Expand all children that overlap with the given range (in this example "about 5 hours ago")
>>> history.expand((now() - timedelta(days=2)).date())  # Expand all children that overlap with the day before yesterday
>>> history.expand(0)  # Shows child node 0
>>> history[0].expand()  # Expands all child nodes of node 0 (node 0 must be expanded already to see them)
>>> history[5][2].expand()  # Shows child node 2 of child node 5 with all its child nodes expanded
>>> history.search("green cup") # Semantic index search. Expands the most relevant children according to similarity of the natural language query and the node's (recursively defined) index content.
>>> history[1][42].search("bicycle") # Semantic index search on some node further down the tree. Expands the children of node 1.42 most relevant to the search term
>>> history[3].collapse_all_but(1); history[3][1].expand()  # Zooms into details of child node 3.1 while collapsing all other childs of node 3
>>> vqa("What color is the ... in this image?",
...     history[2][4][-1][0].image)  # Invoke a model to answer a visual question about image(s) of some leaf (!) node(s)

# After gathering the relevant information, answer the question:
# Optionally, provide a reasoning on why you choose the respective answer
>>> answer(reasoning="...", answer="...")"""

**HumanMessage**:
"""User question: describe what you did when you water the plant."""

**AIMessage**:
"""task_lookup('water the plant')"""

**HumanMessage**:
""""Task lookup candidates for query='water the plant':\n1. score=0.44; 2023/07/04 12:49 - 12:54: I cleaned a mug in the sink and then used it to water a houseplant.\n2. score=0.26; 2023/07/04 11:26:30 - 11:28:56: I retrieved a potato from the fridge and placed it in a pot, preparing it to be boiled with water as requested by the user.\n3. score=0.25; 2023/07/06 13:43:07 - 13:44:51: I prepared to boil a potato by moving it to the countertop, filling a pot on the stove with water using a mug, and then placing the potato in the pot.\n4. score=0.24; 2023/07/04 11:28 - 11:33: After clearing some space on the kitchen surfaces, I placed the pot on the stove and boiled the potato until the task was successfully completed.\nRecommended answer: I cleaned a mug in the sink and then used it to water a houseplant.; I retrieved a potato from the fridge and placed it in a pot, preparing it to be boiled with water as requested by the us...; I prepared to boil a potato by moving it to the countertop, filling a pot on the stove with water using a mug, and then...""""

**HumanMessage**:
"""Current state:
2023/07/01 - 2023/07/07: "From July 1st to July 7th, I performed a variety of kitchen and household tasks, including preparing meals like sandwiches and toast, processing vegetables, washing dishes, and caring for a houseplant."  
  ..."""
{}
command: answer(reasoning="The task lookup directly provided the relevant action.", answer="I cleaned a mug in the sink and then used it to water a houseplant.")
expected output: 


 ============================== 


eval answer(reasoning="The task lookup directly provided the relevant action.", answer="I cleaned a mug in the sink and then used it to water a houseplant.")
Answering I cleaned a mug in the sink and then used it to water a houseplant.  with reason: The task lookup directly provided the relevant action.
Tokens Used: 1868
	Prompt Tokens: 1758
	Completion Tokens: 110
Successful Requests: 1
Total Cost (USD): $0.0
Evaluating sample f2fab283e8dd367a_6c4c-e035a44ebae9d3fd_c842-977b52faf01e6c05_d71f-fb7d765ba6874372_0a26-a01d8c5e515fa9c4_0404-38d01f55a8e1ff9b_d9cc-9d1c053084e66e7b_dc9f-a0ccd363ffb0ee94_c237-6f28bbc4c8ed232a_bfc2-52e190f2e5f3b790_edbb-ce6428e9c062e409_9fae-4fc54b735d3f45a6_b7b4-18f6da623ba658a2_81b3-a44d13c7da084070_fe04-18f6da623ba658a2_aa07-0-seq_right_after_questions
[配置] 启用 FAISS 加速，索引类型: flat
[GraphAug] 命中图缓存 (nodes=1784, edges=5949)
/home/user22303471/Project/Active-H-EMV/llm_emv/setup.py:183: FutureWarning: The `get_sentence_embedding_dimension` method has been renamed to `get_embedding_dimension`.
  result = torch.empty(len(texts), embedding_model.get_sentence_embedding_dimension(),
Got 0 examples


 ============================== 


eval temporal_neighbor('cook 1 slice(s) of potato and serve on a plate', direction='after')
Updated/Defined variables after execution: {}

**SystemMessage**:
"""You are a smart humanoid robot answering user question about your past actions.
The history object contains information on what you did in the past, represented as a tree.
Use the method expand to look at details of a node.
Make sure to use collapse_all_but(idx) when you expanded irrelevant nodes, in order to keep the tree compact.
Enter Python expressions into the console to see the value and decide for the next command based on that result.
Answer concisely by calling answer(reasoning="...", answer="...") when you gathered enough information to answer the question.
Generate syntactically correct python console statements only, no explanations or other natural language statements.
IMPORTANT: If search() returns "No relevant records found", your next command MUST be answer(reasoning="No relevant record was found.", answer="I have no record of that."). Do not search synonyms, do not expand further, and do not call vqa.
IMPORTANT: If you get "Nothing changed" twice, answer honestly that you have no record. Do NOT keep searching repeatedly. For just-before/just-after questions, first try one broader target search or inspect another relevant top-level time block before giving up.
For object yes/no questions, first use object_lookup("object name"). If it reports no matching summary, answer "No, I have no record of that." Do not call vqa unless you already have a directly relevant leaf image.
For task-list questions such as "List the tasks you performed", first use task_list(). Prefer its chronological candidates instead of manually expanding the whole tree.
For task-description questions such as "describe what you did when you X", first use task_lookup("X"). Prefer its matching task candidates instead of manually expanding the whole tree.
For exact date/time questions or "N days ago" questions asking what happened, first use date_lookup(question). Prefer its Recommended answer when it is confident instead of manually expanding by date.
For "How many days ago did you X?" questions, first use event_date_lookup(question). If it lists multiple days, include all of them in the final answer instead of only the most recent match.
For just-before or just-after questions, first use temporal_neighbor(target_task, direction="before" or "after") if a candidate is not already shown. Prefer the returned Recommended answer when it is confident. Only then inspect adjacent sibling or temporal nodes. Avoid expanding to raw leaf observations unless the summary is insufficient.
Do not call vqa for time, date, task-list, before/after, or yes/no object-existence questions when textual summaries already answer the question. Use vqa only for explicit visual appearance questions such as color, visible state, or what something looks like.
Never output bare parameters such as reasoning="..." answer="...". Always call answer(reasoning="...", answer="...")."""

**HumanMessage**:
"""
def answer(reasoning: str = None, answer: str = Ellipsis)
def ask(question: str)
def date_lookup(query: str, max_matches: int = 8) -> str # For exact date/time or N-days-ago questions, list matching history summaries directly
def event_date_lookup(query: str, max_matches: int = 12) -> str # For "how many days ago did you X" questions, find all matching event dates directly
def now() -> datetime.datetime
def object_lookup(object_name: str, max_matches: int = 8) -> str # For object yes/no questions, check whether task summaries mention the object
def task_list(max_tasks: int = 30) -> str # For task-list questions, list task-sized history summaries in chronological order
def task_lookup(query: str, max_matches: int = 8) -> str # For task-description questions, list task-sized summaries matching a query
def temporal_neighbor(target_task: str, direction: str = 'before', max_candidates: int = 6) -> str # For just-before/just-after questions, find the target task and return adjacent task candidates
def vqa(question: str, *images: PIL.Image.Image)
"""

**HumanMessage**:
"""Usage examples:
>>> history.expand()  # Shows the history tree with all child nodes expanded
>>> history.expand(date(2021, 12, 20))  # Expand the children that overlap with the given day
>>> history.expand(now() - timedelta(hours=6), now() - timedelta(hours=4))  # Expand all children that overlap with the given range (in this example "about 5 hours ago")
>>> history.expand((now() - timedelta(days=2)).date())  # Expand all children that overlap with the day before yesterday
>>> history.expand(0)  # Shows child node 0
>>> history[0].expand()  # Expands all child nodes of node 0 (node 0 must be expanded already to see them)
>>> history[5][2].expand()  # Shows child node 2 of child node 5 with all its child nodes expanded
>>> history.search("green cup") # Semantic index search. Expands the most relevant children according to similarity of the natural language query and the node's (recursively defined) index content.
>>> history[1][42].search("bicycle") # Semantic index search on some node further down the tree. Expands the children of node 1.42 most relevant to the search term
>>> history[3].collapse_all_but(1); history[3][1].expand()  # Zooms into details of child node 3.1 while collapsing all other childs of node 3
>>> vqa("What color is the ... in this image?",
...     history[2][4][-1][0].image)  # Invoke a model to answer a visual question about image(s) of some leaf (!) node(s)

# After gathering the relevant information, answer the question:
# Optionally, provide a reasoning on why you choose the respective answer
>>> answer(reasoning="...", answer="...")"""

**HumanMessage**:
"""User question: What task did you do just after cook 1 slice(s) of potato and serve on a plate?"""

**AIMessage**:
"""temporal_neighbor('cook 1 slice(s) of potato and serve on a plate', direction='after')"""

**HumanMessage**:
""""Temporal neighbor candidates for target='cook 1 slice(s) of potato and serve on a plate', direction='after':\n1. score=0.79; target=2023/07/06 19:01 - 19:05: I cooked a potato slice in the microwave, prepared a clean bowl, and served the cooked potato in the bowl to complete the task.; no after sibling at this level\n2. score=0.76; target=2023/07/07 18:08 - 18:12: I received instructions to process a potato, so I picked up a knife, placed it on the countertop, then picked up and put down the potato. I then used the knife to slice the potato...; after=2023/07/07 18:12 - 18:17: I placed three potato slices into the microwave, cooked them, and then retrieved all three cooked slices, placing them onto a plate on the countertop.\n3. score=0.74; target=2023/07/02 12:00 - 12:04: Following a new instruction to prepare potato slices, I retrieved a knife from a garbage can to slice the cooked potato. I then emptied a bowl and placed two potato slices into it,...; no after sibling at this level\n4. score=0.73; target=2023/07/02 18:31:37 - 18:32:40: I placed one potato slice into a pan on the stove, toggled the stove knobs to further cook it, then picked the slice back up and placed it back onto the plate.; no after sibling at this level\n5. score=0.73; target=2023/07/06 19:01:15 - 19:02:42: I placed a potato slice in the microwave, cooked it, and then returned it to the countertop.; after=2023/07/06 19:02:43 - 19:03:17: I retrieved a bowl from the fridge, emptied its contents into the sink, and placed it on the counter.\n6. score=0.72; target=2023/07/07 18:12 - 18:17: I placed three potato slices into the microwave, cooked them, and then retrieved all three cooked slices, placing them onto a plate on the countertop.; after=2023/07/07 18:18:05 - 18:19:33: I located a bowl in a cabinet and placed it on the countertop. I then transferred all the cooked potato slices into the bowl, completing the task as instructed, despite a final fai...\nRecommended answer: I retrieved a bowl from the fridge, emptied its contents into the sink, and placed it on the counter.""""

**HumanMessage**:
/home/user22303471/Project/Active-H-EMV/llm_emv/setup.py:183: FutureWarning: The `get_sentence_embedding_dimension` method has been renamed to `get_embedding_dimension`.
  result = torch.empty(len(texts), embedding_model.get_sentence_embedding_dimension(),
"""Current state:
2023/07/01 - 2023/07/07: "From July 1st to July 7th, I performed a variety of kitchen and household tasks, including preparing meals like sandwiches and toast, processing vegetables, washing dishes, and caring for a houseplant."  
  ..."""
{}
command: task_lookup("cook 1 slice(s) of potato and serve on a plate")
expected output: 


 ============================== 


eval task_lookup("cook 1 slice(s) of potato and serve on a plate")
Updated/Defined variables after execution: {}

**SystemMessage**:
"""You are a smart humanoid robot answering user question about your past actions.
The history object contains information on what you did in the past, represented as a tree.
Use the method expand to look at details of a node.
Make sure to use collapse_all_but(idx) when you expanded irrelevant nodes, in order to keep the tree compact.
Enter Python expressions into the console to see the value and decide for the next command based on that result.
Answer concisely by calling answer(reasoning="...", answer="...") when you gathered enough information to answer the question.
Generate syntactically correct python console statements only, no explanations or other natural language statements.
IMPORTANT: If search() returns "No relevant records found", your next command MUST be answer(reasoning="No relevant record was found.", answer="I have no record of that."). Do not search synonyms, do not expand further, and do not call vqa.
IMPORTANT: If you get "Nothing changed" twice, answer honestly that you have no record. Do NOT keep searching repeatedly. For just-before/just-after questions, first try one broader target search or inspect another relevant top-level time block before giving up.
For object yes/no questions, first use object_lookup("object name"). If it reports no matching summary, answer "No, I have no record of that." Do not call vqa unless you already have a directly relevant leaf image.
For task-list questions such as "List the tasks you performed", first use task_list(). Prefer its chronological candidates instead of manually expanding the whole tree.
For task-description questions such as "describe what you did when you X", first use task_lookup("X"). Prefer its matching task candidates instead of manually expanding the whole tree.
For exact date/time questions or "N days ago" questions asking what happened, first use date_lookup(question). Prefer its Recommended answer when it is confident instead of manually expanding by date.
For "How many days ago did you X?" questions, first use event_date_lookup(question). If it lists multiple days, include all of them in the final answer instead of only the most recent match.
For just-before or just-after questions, first use temporal_neighbor(target_task, direction="before" or "after") if a candidate is not already shown. Prefer the returned Recommended answer when it is confident. Only then inspect adjacent sibling or temporal nodes. Avoid expanding to raw leaf observations unless the summary is insufficient.
Do not call vqa for time, date, task-list, before/after, or yes/no object-existence questions when textual summaries already answer the question. Use vqa only for explicit visual appearance questions such as color, visible state, or what something looks like.
Never output bare parameters such as reasoning="..." answer="...". Always call answer(reasoning="...", answer="...")."""

**HumanMessage**:
"""
def answer(reasoning: str = None, answer: str = Ellipsis)
def ask(question: str)
def date_lookup(query: str, max_matches: int = 8) -> str # For exact date/time or N-days-ago questions, list matching history summaries directly
def event_date_lookup(query: str, max_matches: int = 12) -> str # For "how many days ago did you X" questions, find all matching event dates directly
def now() -> datetime.datetime
def object_lookup(object_name: str, max_matches: int = 8) -> str # For object yes/no questions, check whether task summaries mention the object
def task_list(max_tasks: int = 30) -> str # For task-list questions, list task-sized history summaries in chronological order
def task_lookup(query: str, max_matches: int = 8) -> str # For task-description questions, list task-sized summaries matching a query
def temporal_neighbor(target_task: str, direction: str = 'before', max_candidates: int = 6) -> str # For just-before/just-after questions, find the target task and return adjacent task candidates
def vqa(question: str, *images: PIL.Image.Image)
"""

**HumanMessage**:
"""Usage examples:
>>> history.expand()  # Shows the history tree with all child nodes expanded
>>> history.expand(date(2021, 12, 20))  # Expand the children that overlap with the given day
>>> history.expand(now() - timedelta(hours=6), now() - timedelta(hours=4))  # Expand all children that overlap with the given range (in this example "about 5 hours ago")
>>> history.expand((now() - timedelta(days=2)).date())  # Expand all children that overlap with the day before yesterday
>>> history.expand(0)  # Shows child node 0
>>> history[0].expand()  # Expands all child nodes of node 0 (node 0 must be expanded already to see them)
>>> history[5][2].expand()  # Shows child node 2 of child node 5 with all its child nodes expanded
>>> history.search("green cup") # Semantic index search. Expands the most relevant children according to similarity of the natural language query and the node's (recursively defined) index content.
>>> history[1][42].search("bicycle") # Semantic index search on some node further down the tree. Expands the children of node 1.42 most relevant to the search term
>>> history[3].collapse_all_but(1); history[3][1].expand()  # Zooms into details of child node 3.1 while collapsing all other childs of node 3
>>> vqa("What color is the ... in this image?",
...     history[2][4][-1][0].image)  # Invoke a model to answer a visual question about image(s) of some leaf (!) node(s)

# After gathering the relevant information, answer the question:
# Optionally, provide a reasoning on why you choose the respective answer
>>> answer(reasoning="...", answer="...")"""

**HumanMessage**:
"""User question: What task did you do just after cook 1 slice(s) of potato and serve on a plate?"""

**AIMessage**:
"""temporal_neighbor('cook 1 slice(s) of potato and serve on a plate', direction='after')"""

**HumanMessage**:
/home/user22303471/Project/Active-H-EMV/llm_emv/setup.py:226: FutureWarning: The `get_sentence_embedding_dimension` method has been renamed to `get_embedding_dimension`.
  filter_kwargs['_embedding_dim'] = embedding_model.get_sentence_embedding_dimension()
/home/user22303471/Project/Active-H-EMV/llm_emv/setup.py:183: FutureWarning: The `get_sentence_embedding_dimension` method has been renamed to `get_embedding_dimension`.
  result = torch.empty(len(texts), embedding_model.get_sentence_embedding_dimension(),
""""Temporal neighbor candidates for target='cook 1 slice(s) of potato and serve on a plate', direction='after':\n1. score=0.79; target=2023/07/06 19:01 - 19:05: I cooked a potato slice in the microwave, prepared a clean bowl, and served the cooked potato in the bowl to complete the task.; no after sibling at this level\n2. score=0.76; target=2023/07/07 18:08 - 18:12: I received instructions to process a potato, so I picked up a knife, placed it on the countertop, then picked up and put down the potato. I then used the knife to slice the potato...; after=2023/07/07 18:12 - 18:17: I placed three potato slices into the microwave, cooked them, and then retrieved all three cooked slices, placing them onto a plate on the countertop.\n3. score=0.74; target=2023/07/02 12:00 - 12:04: Following a new instruction to prepare potato slices, I retrieved a knife from a garbage can to slice the cooked potato. I then emptied a bowl and placed two potato slices into it,...; no after sibling at this level\n4. score=0.73; target=2023/07/02 18:31:37 - 18:32:40: I placed one potato slice into a pan on the stove, toggled the stove knobs to further cook it, then picked the slice back up and placed it back onto the plate.; no after sibling at this level\n5. score=0.73; target=2023/07/06 19:01:15 - 19:02:42: I placed a potato slice in the microwave, cooked it, and then returned it to the countertop.; after=2023/07/06 19:02:43 - 19:03:17: I retrieved a bowl from the fridge, emptied its contents into the sink, and placed it on the counter.\n6. score=0.72; target=2023/07/07 18:12 - 18:17: I placed three potato slices into the microwave, cooked them, and then retrieved all three cooked slices, placing them onto a plate on the countertop.; after=2023/07/07 18:18:05 - 18:19:33: I located a bowl in a cabinet and placed it on the countertop. I then transferred all the cooked potato slices into the bowl, completing the task as instructed, despite a final fai...\nRecommended answer: I retrieved a bowl from the fridge, emptied its contents into the sink, and placed it on the counter.""""

**AIMessage**:
"""task_lookup("cook 1 slice(s) of potato and serve on a plate")"""

**HumanMessage**:
""""Task lookup candidates for query='cook 1 slice(s) of potato and serve on a plate':\n1. score=0.56; 2023/07/06 19:01 - 19:05: I cooked a potato slice in the microwave, prepared a clean bowl, and served the cooked potato in the bowl to complete the task.\n2. score=0.53; 2023/07/07 18:08 - 18:12: I received instructions to process a potato, so I picked up a knife, placed it on the countertop, then picked up and put down the potato. I then used the knife to slice the potato and returned the knife to the countertop.\n3. score=0.51; 2023/07/02 12:00 - 12:04: Following a new instruction to prepare potato slices, I retrieved a knife from a garbage can to slice the cooked potato. I then emptied a bowl and placed two potato slices into it, completing the task.\n4. score=0.49; 2023/07/07 18:12 - 18:17: I placed three potato slices into the microwave, cooked them, and then retrieved all three cooked slices, placing them onto a plate on the countertop.\n5. score=0.49; 2023/07/02 18:26:51 - 18:29:34: I cooked the potato in the microwave, sliced it, and placed the slices onto a plate I retrieved from the fridge.\n6. score=0.47; 2023/07/02 18:29:41 - 18:32:40: I cleared the sink area to organize the workspace, then moved the plated potato slices and cooked one of them further in a pan on the stove.\n7. score=0.41; 2023/07/02 18:23 - 18:26: I searched for a potato in various cabinets and drawers before eventually finding one in the garbage can.\n8. score=0.40; 2023/07/02 11:56 - 12:00: In response to an instruction to microwave a potato, I first moved an egg out of the way, then retrieved a potato from the sink, cooked it in the microwave, and placed it on the countertop.\nRecommended answer: I cooked a potato slice in the microwave, prepared a clean bowl, and served the cooked potato in the bowl to complete th...; I received instructions to process a potato, so I picked up a knife, placed it on the countertop, then picked up and put...; Following a new instruction to prepare potato slices, I retrieved a knife from a garbage can to slice the cooked potato....""""

**HumanMessage**:
"""Current state:
2023/07/01 - 2023/07/07: "From July 1st to July 7th, I performed a variety of kitchen and household tasks, including preparing meals like sandwiches and toast, processing vegetables, washing dishes, and caring for a houseplant."  
  ..."""
{}
command: answer(reasoning="The `temporal_neighbor` function identified the task immediately following 'cook 1 slice(s) of potato and serve on a plate'.", answer="I retrieved a bowl from the fridge, emptied its contents into the sink, and placed it on the counter.")
expected output: 


 ============================== 


eval answer(reasoning="The `temporal_neighbor` function identified the task immediately following 'cook 1 slice(s) of potato and serve on a plate'.", answer="I retrieved a bowl from the fridge, emptied its contents into the sink, and placed it on the counter.")
Answering I retrieved a bowl from the fridge, emptied its contents into the sink, and placed it on the counter.  with reason: The `temporal_neighbor` function identified the task immediately following 'cook 1 slice(s) of potato and serve on a plate'.
Tokens Used: 5043
	Prompt Tokens: 4896
	Completion Tokens: 147
Successful Requests: 2
Total Cost (USD): $0.0
Evaluating sample f2fab283e8dd367a_6c4c-e035a44ebae9d3fd_c842-977b52faf01e6c05_d71f-fb7d765ba6874372_0a26-a01d8c5e515fa9c4_0404-38d01f55a8e1ff9b_d9cc-9d1c053084e66e7b_dc9f-a0ccd363ffb0ee94_c237-6f28bbc4c8ed232a_bfc2-52e190f2e5f3b790_edbb-ce6428e9c062e409_9fae-4fc54b735d3f45a6_b7b4-18f6da623ba658a2_81b3-a44d13c7da084070_fe04-18f6da623ba658a2_aa07-0-seq_right_before_questions
[配置] 启用 FAISS 加速，索引类型: flat
[GraphAug] 命中图缓存 (nodes=1784, edges=5949)
Got 0 examples


 ============================== 


eval temporal_neighbor('cook 1 slice(s) of potato and serve on a plate', direction='before')
Updated/Defined variables after execution: {}

**SystemMessage**:
"""You are a smart humanoid robot answering user question about your past actions.
The history object contains information on what you did in the past, represented as a tree.
Use the method expand to look at details of a node.
Make sure to use collapse_all_but(idx) when you expanded irrelevant nodes, in order to keep the tree compact.
Enter Python expressions into the console to see the value and decide for the next command based on that result.
Answer concisely by calling answer(reasoning="...", answer="...") when you gathered enough information to answer the question.
Generate syntactically correct python console statements only, no explanations or other natural language statements.
IMPORTANT: If search() returns "No relevant records found", your next command MUST be answer(reasoning="No relevant record was found.", answer="I have no record of that."). Do not search synonyms, do not expand further, and do not call vqa.
IMPORTANT: If you get "Nothing changed" twice, answer honestly that you have no record. Do NOT keep searching repeatedly. For just-before/just-after questions, first try one broader target search or inspect another relevant top-level time block before giving up.
For object yes/no questions, first use object_lookup("object name"). If it reports no matching summary, answer "No, I have no record of that." Do not call vqa unless you already have a directly relevant leaf image.
For task-list questions such as "List the tasks you performed", first use task_list(). Prefer its chronological candidates instead of manually expanding the whole tree.
For task-description questions such as "describe what you did when you X", first use task_lookup("X"). Prefer its matching task candidates instead of manually expanding the whole tree.
For exact date/time questions or "N days ago" questions asking what happened, first use date_lookup(question). Prefer its Recommended answer when it is confident instead of manually expanding by date.
For "How many days ago did you X?" questions, first use event_date_lookup(question). If it lists multiple days, include all of them in the final answer instead of only the most recent match.
For just-before or just-after questions, first use temporal_neighbor(target_task, direction="before" or "after") if a candidate is not already shown. Prefer the returned Recommended answer when it is confident. Only then inspect adjacent sibling or temporal nodes. Avoid expanding to raw leaf observations unless the summary is insufficient.
Do not call vqa for time, date, task-list, before/after, or yes/no object-existence questions when textual summaries already answer the question. Use vqa only for explicit visual appearance questions such as color, visible state, or what something looks like.
Never output bare parameters such as reasoning="..." answer="...". Always call answer(reasoning="...", answer="...")."""

**HumanMessage**:
"""
def answer(reasoning: str = None, answer: str = Ellipsis)
def ask(question: str)
def date_lookup(query: str, max_matches: int = 8) -> str # For exact date/time or N-days-ago questions, list matching history summaries directly
def event_date_lookup(query: str, max_matches: int = 12) -> str # For "how many days ago did you X" questions, find all matching event dates directly
def now() -> datetime.datetime
def object_lookup(object_name: str, max_matches: int = 8) -> str # For object yes/no questions, check whether task summaries mention the object
def task_list(max_tasks: int = 30) -> str # For task-list questions, list task-sized history summaries in chronological order
def task_lookup(query: str, max_matches: int = 8) -> str # For task-description questions, list task-sized summaries matching a query
def temporal_neighbor(target_task: str, direction: str = 'before', max_candidates: int = 6) -> str # For just-before/just-after questions, find the target task and return adjacent task candidates
def vqa(question: str, *images: PIL.Image.Image)
"""

**HumanMessage**:
"""Usage examples:
>>> history.expand()  # Shows the history tree with all child nodes expanded
>>> history.expand(date(2021, 12, 20))  # Expand the children that overlap with the given day
>>> history.expand(now() - timedelta(hours=6), now() - timedelta(hours=4))  # Expand all children that overlap with the given range (in this example "about 5 hours ago")
>>> history.expand((now() - timedelta(days=2)).date())  # Expand all children that overlap with the day before yesterday
>>> history.expand(0)  # Shows child node 0
>>> history[0].expand()  # Expands all child nodes of node 0 (node 0 must be expanded already to see them)
>>> history[5][2].expand()  # Shows child node 2 of child node 5 with all its child nodes expanded
>>> history.search("green cup") # Semantic index search. Expands the most relevant children according to similarity of the natural language query and the node's (recursively defined) index content.
>>> history[1][42].search("bicycle") # Semantic index search on some node further down the tree. Expands the children of node 1.42 most relevant to the search term
>>> history[3].collapse_all_but(1); history[3][1].expand()  # Zooms into details of child node 3.1 while collapsing all other childs of node 3
>>> vqa("What color is the ... in this image?",
...     history[2][4][-1][0].image)  # Invoke a model to answer a visual question about image(s) of some leaf (!) node(s)

# After gathering the relevant information, answer the question:
# Optionally, provide a reasoning on why you choose the respective answer
>>> answer(reasoning="...", answer="...")"""

**HumanMessage**:
"""User question: What task did you do just before cook 1 slice(s) of potato and serve on a plate?"""

**AIMessage**:
"""temporal_neighbor('cook 1 slice(s) of potato and serve on a plate', direction='before')"""

**HumanMessage**:
""""Temporal neighbor candidates for target='cook 1 slice(s) of potato and serve on a plate', direction='before':\n1. score=0.79; target=2023/07/06 19:01 - 19:05: I cooked a potato slice in the microwave, prepared a clean bowl, and served the cooked potato in the bowl to complete the task.; before=2023/07/06 18:55 - 19:01: I prepared the workspace by gathering a plate, bread, a knife, and an egg, then retrieved and sliced a potato.\n2. score=0.76; target=2023/07/07 18:08 - 18:12: I received instructions to process a potato, so I picked up a knife, placed it on the countertop, then picked up and put down the potato. I then used the knife to slice the potato...; no before sibling at this level\n3. score=0.74; target=2023/07/02 12:00 - 12:04: Following a new instruction to prepare potato slices, I retrieved a knife from a garbage can to slice the cooked potato. I then emptied a bowl and placed two potato slices into it,...; before=2023/07/02 11:56 - 12:00: In response to an instruction to microwave a potato, I first moved an egg out of the way, then retrieved a potato from the sink, cooked it in the microwave, and placed it on the co...\n4. score=0.73; target=2023/07/02 18:31:37 - 18:32:40: I placed one potato slice into a pan on the stove, toggled the stove knobs to further cook it, then picked the slice back up and placed it back onto the plate.; before=2023/07/02 18:30:25 - 18:31:32: I picked up the plate with the potato slices, closed the microwave, turned off the stove knobs, and moved the plate to a different countertop section.\n5. score=0.73; target=2023/07/06 19:01:15 - 19:02:42: I placed a potato slice in the microwave, cooked it, and then returned it to the countertop.; no before sibling at this level\n6. score=0.72; target=2023/07/07 18:12 - 18:17: I placed three potato slices into the microwave, cooked them, and then retrieved all three cooked slices, placing them onto a plate on the countertop.; before=2023/07/07 18:08 - 18:12: I received instructions to process a potato, so I picked up a knife, placed it on the countertop, then picked up and put down the potato. I then used the knife to slice the potato...\nRecommended answer: I prepared the workspace by gathering a plate, bread, a knife, and an egg, then retrieved and sliced a potato.""""

**HumanMessage**:
/home/user22303471/Project/Active-H-EMV/llm_emv/setup.py:226: FutureWarning: The `get_sentence_embedding_dimension` method has been renamed to `get_embedding_dimension`.
  filter_kwargs['_embedding_dim'] = embedding_model.get_sentence_embedding_dimension()
"""Current state:
2023/07/01 - 2023/07/07: "From July 1st to July 7th, I performed a variety of kitchen and household tasks, including preparing meals like sandwiches and toast, processing vegetables, washing dishes, and caring for a houseplant."  
  ..."""
{}
command: answer(reasoning="The temporal_neighbor search for 'cook 1 slice(s) of potato and serve on a plate' returned a high-scoring match (score=0.79) for a task on 2023/07/06 where I cooked a potato slice and served it. The task immediately preceding this was preparing the workspace and slicing the potato.", answer="Just before that, I prepared the workspace by gathering a plate, bread, a knife, and an egg, and then I retrieved and sliced a potato.")
expected output: 


 ============================== 


eval answer(reasoning="The temporal_neighbor search for 'cook 1 slice(s) of potato and serve on a plate' returned a high-scoring match (score=0.79) for a task on 2023/07/06 where I cooked a potato slice and served it. The task immediately preceding this was preparing the workspace and slicing the potato.", answer="Just before that, I prepared the workspace by gathering a plate, bread, a knife, and an egg, and then I retrieved and sliced a potato.")
Answering Just before that, I prepared the workspace by gathering a plate, bread, a knife, and an egg, and then I retrieved and sliced a potato.  with reason: The temporal_neighbor search for 'cook 1 slice(s) of potato and serve on a plate' returned a high-scoring match (score=0.79) for a task on 2023/07/06 where I cooked a potato slice and served it. The task immediately preceding this was preparing the workspace and slicing the potato.
Tokens Used: 2292
	Prompt Tokens: 2179
	Completion Tokens: 113
Successful Requests: 1
Total Cost (USD): $0.0
Evaluating sample f2fab283e8dd367a_6c4c-e035a44ebae9d3fd_c842-977b52faf01e6c05_d71f-fb7d765ba6874372_0a26-a01d8c5e515fa9c4_0404-38d01f55a8e1ff9b_d9cc-9d1c053084e66e7b_dc9f-a0ccd363ffb0ee94_c237-6f28bbc4c8ed232a_bfc2-52e190f2e5f3b790_edbb-ce6428e9c062e409_9fae-4fc54b735d3f45a6_b7b4-18f6da623ba658a2_81b3-a44d13c7da084070_fe04-18f6da623ba658a2_aa07-0-seq_simple_object_yes_no
[配置] 启用 FAISS 加速，索引类型: flat
[GraphAug] 命中图缓存 (nodes=1784, edges=5949)
Got 0 examples


 ============================== 


eval object_lookup('pillow')
Updated/Defined variables after execution: {}

**SystemMessage**:
"""You are a smart humanoid robot answering user question about your past actions.
The history object contains information on what you did in the past, represented as a tree.
Use the method expand to look at details of a node.
Make sure to use collapse_all_but(idx) when you expanded irrelevant nodes, in order to keep the tree compact.
Enter Python expressions into the console to see the value and decide for the next command based on that result.
Answer concisely by calling answer(reasoning="...", answer="...") when you gathered enough information to answer the question.
Generate syntactically correct python console statements only, no explanations or other natural language statements.
IMPORTANT: If search() returns "No relevant records found", your next command MUST be answer(reasoning="No relevant record was found.", answer="I have no record of that."). Do not search synonyms, do not expand further, and do not call vqa.
IMPORTANT: If you get "Nothing changed" twice, answer honestly that you have no record. Do NOT keep searching repeatedly. For just-before/just-after questions, first try one broader target search or inspect another relevant top-level time block before giving up.
For object yes/no questions, first use object_lookup("object name"). If it reports no matching summary, answer "No, I have no record of that." Do not call vqa unless you already have a directly relevant leaf image.
For task-list questions such as "List the tasks you performed", first use task_list(). Prefer its chronological candidates instead of manually expanding the whole tree.
For task-description questions such as "describe what you did when you X", first use task_lookup("X"). Prefer its matching task candidates instead of manually expanding the whole tree.
For exact date/time questions or "N days ago" questions asking what happened, first use date_lookup(question). Prefer its Recommended answer when it is confident instead of manually expanding by date.
For "How many days ago did you X?" questions, first use event_date_lookup(question). If it lists multiple days, include all of them in the final answer instead of only the most recent match.
For just-before or just-after questions, first use temporal_neighbor(target_task, direction="before" or "after") if a candidate is not already shown. Prefer the returned Recommended answer when it is confident. Only then inspect adjacent sibling or temporal nodes. Avoid expanding to raw leaf observations unless the summary is insufficient.
Do not call vqa for time, date, task-list, before/after, or yes/no object-existence questions when textual summaries already answer the question. Use vqa only for explicit visual appearance questions such as color, visible state, or what something looks like.
Never output bare parameters such as reasoning="..." answer="...". Always call answer(reasoning="...", answer="...")."""

**HumanMessage**:
"""
def answer(reasoning: str = None, answer: str = Ellipsis)
def ask(question: str)
def date_lookup(query: str, max_matches: int = 8) -> str # For exact date/time or N-days-ago questions, list matching history summaries directly
def event_date_lookup(query: str, max_matches: int = 12) -> str # For "how many days ago did you X" questions, find all matching event dates directly
def now() -> datetime.datetime
def object_lookup(object_name: str, max_matches: int = 8) -> str # For object yes/no questions, check whether task summaries mention the object
def task_list(max_tasks: int = 30) -> str # For task-list questions, list task-sized history summaries in chronological order
def task_lookup(query: str, max_matches: int = 8) -> str # For task-description questions, list task-sized summaries matching a query
def temporal_neighbor(target_task: str, direction: str = 'before', max_candidates: int = 6) -> str # For just-before/just-after questions, find the target task and return adjacent task candidates
def vqa(question: str, *images: PIL.Image.Image)
"""

**HumanMessage**:
"""Usage examples:
>>> history.expand()  # Shows the history tree with all child nodes expanded
>>> history.expand(date(2021, 12, 20))  # Expand the children that overlap with the given day
>>> history.expand(now() - timedelta(hours=6), now() - timedelta(hours=4))  # Expand all children that overlap with the given range (in this example "about 5 hours ago")
>>> history.expand((now() - timedelta(days=2)).date())  # Expand all children that overlap with the day before yesterday
>>> history.expand(0)  # Shows child node 0
>>> history[0].expand()  # Expands all child nodes of node 0 (node 0 must be expanded already to see them)
>>> history[5][2].expand()  # Shows child node 2 of child node 5 with all its child nodes expanded
>>> history.search("green cup") # Semantic index search. Expands the most relevant children according to similarity of the natural language query and the node's (recursively defined) index content.
>>> history[1][42].search("bicycle") # Semantic index search on some node further down the tree. Expands the children of node 1.42 most relevant to the search term
>>> history[3].collapse_all_but(1); history[3][1].expand()  # Zooms into details of child node 3.1 while collapsing all other childs of node 3
>>> vqa("What color is the ... in this image?",
...     history[2][4][-1][0].image)  # Invoke a model to answer a visual question about image(s) of some leaf (!) node(s)

# After gathering the relevant information, answer the question:
# Optionally, provide a reasoning on why you choose the respective answer
>>> answer(reasoning="...", answer="...")"""

**HumanMessage**:
"""User question: Was there a pillow ?"""

**AIMessage**:
"""object_lookup('pillow')"""

**HumanMessage**:
""""Object lookup for object='pillow':\nNo task-sized summaries mention this object.\nRecommended answer: No, I have no record of that.""""

**HumanMessage**:
"""Current state:
2023/07/01 - 2023/07/07: "From July 1st to July 7th, I performed a variety of kitchen and household tasks, including preparing meals like sandwiches and toast, processing vegetables, washing dishes, and caring for a houseplant."  
  ..."""
{}
command: answer(reasoning="The object lookup for 'pillow' returned no matching task-sized summaries and recommended that I have no record of it.", answer="No, I have no record of that.")
expected output: 


 ============================== 


eval answer(reasoning="The object lookup for 'pillow' returned no matching task-sized summaries and recommended that I have no record of it.", answer="No, I have no record of that.")
Answering No, I have no record of that.  with reason: The object lookup for 'pillow' returned no matching task-sized summaries and recommended that I have no record of it.
Tokens Used: 1483
	Prompt Tokens: 1443
	Completion Tokens: 40
Successful Requests: 1
Total Cost (USD): $0.0
